kind,sleeves,cagr,sharpe,maxdd
w2,mom_only:0.1+mom_fast,0.32867557409586956,1.1062428943219635,-0.4754261129613797
w2,mom_only:0.2+mom_fast,0.3270412375875862,1.1220467243995593,-0.4716466004363812
w2,champ_mid:0.1+mom_fast,0.325952103697849,1.1357008637845636,-0.4468838010432318
w2,champ:0.1+mom_fast,0.3253340209622264,1.1347275383042639,-0.45145871887324807
w2,mom_only:0.3+mom_fast,0.3249068528168657,1.1340230655787362,-0.4682721332088575
w2,champ_n5:0.1+mom_fast,0.32269700594438433,1.1281795890932196,-0.4494747443554349
w2,champ_qtr:0.1+mom_fast,0.32266475052271004,1.1283164478010628,-0.45798400544064466
w2,champ_n20:0.1+mom_fast,0.32228756541505454,1.1247220158220064,-0.4559399890033903
w2,mom_only:0.4+mom_fast,0.3222749974882493,1.1414698004641057,-0.46531038133329883
w2,champ_tail:0.1+mom_fast,0.32202687732069646,1.1250923706444027,-0.4570798477418757
w2,champ_mid:0.2+mom_fast,0.3212738270407747,1.1887508097121318,-0.41271482441148055
w2,champ:0.2+mom_fast,0.3200153134944037,1.186581844893511,-0.42245114390869964
w2,mom_fast:0.9+momcons,0.3199405307494192,1.1056400503934767,-0.4711487876324413
w2,mom_only:0.5+mom_fast,0.3191487885863977,1.1437847351561712,-0.4631721536098765
eq2,mom_only+mom_fast,0.3191487885863977,1.1437847351561712,-0.4631721536098765
w2,mom_fast:0.9+prox52,0.31894769546648316,1.09885688451785,-0.4909202555216813
w3,champ_mid:0.20+mom_only:0.20+mom_fast:0.60,0.3171874662244276,1.2283092905334354,-0.40476813070674944
w2,champ_large:0.1+mom_fast,0.3161427000266266,1.1081075928582196,-0.4564378487180927
w3,champ:0.20+mom_only:0.20+mom_fast:0.60,0.31591424144637004,1.2259482892556202,-0.4146306683127142
w2,champ_mid:0.3+mom_fast,0.3157828401017002,1.2463749971111366,-0.3770774023269102
w2,mom_only:0.6+mom_fast,0.31553187654327797,1.1405308212760867,-0.4618379475616571
w2,champ_qtr:0.2+mom_fast,0.31468296412922037,1.172710767372822,-0.43613989805900466
w2,champ_n5:0.2+mom_fast,0.31467292092110877,1.1713966629161496,-0.418369693001003
w2,champ_n20:0.2+mom_fast,0.3140342718553033,1.1653662230826312,-0.4317681568600239
w2,champ:0.3+mom_fast,0.3138632123504843,1.2426746763863077,-0.39260059100098854
w2,champ_tail:0.2+mom_fast,0.3134719577515792,1.1659409220041106,-0.4341876145493796
w3,champ_mid:0.20+mom_only:0.33+mom_fast:0.47,0.31347052475670956,1.241429598593287,-0.4005902194431896
w3,champ:0.20+mom_only:0.33+mom_fast:0.47,0.3121888726852897,1.2389049191229202,-0.41051822060237264
w2,mom_only:0.7+mom_fast,0.31142843847861434,1.1314917284464032,-0.4609382367664282
w2,mom_fast:0.9+lowvol,0.3107392929308941,1.1050665432199285,-0.4491239149534123
w2,mom_fast:0.9+amihud,0.31070501717582255,1.0618485656421777,-0.5109206360397988
w3,champ_n5:0.20+mom_only:0.20+mom_fast:0.60,0.31060884024024893,1.2102292904706147,-0.4105117641649033
w3,champ_qtr:0.20+mom_only:0.20+mom_fast:0.60,0.31059058360878455,1.2113648743111054,-0.42851691903663314
w3,champ_n20:0.20+mom_only:0.20+mom_fast:0.60,0.30996147431307297,1.2031825309602526,-0.4240701646617133
w2,champ_mid:0.4+mom_fast,0.3094903936780511,1.3078441250974486,-0.34873706548473304
w2,mom_fast:0.8+momcons,0.309487515384159,1.1225186932383944,-0.46304423070322287
w3,champ_tail:0.20+mom_only:0.20+mom_fast:0.60,0.30947305731573693,1.205123025032957,-0.42652908314949156
w3,champ:0.20+champ_mid:0.20+mom_fast:0.60,0.30840319984117137,1.3091822568553226,-0.3508191101676216
w3,champ_mid:0.34+mom_only:0.20+mom_fast:0.46,0.3083709831838808,1.3115235798088962,-0.35456186501003684
w2,mom_fast:0.8+prox52,0.3075196499326056,1.107465516773413,-0.5024170382370021
w3,champ_mid:0.20+mom_only:0.50+mom_fast:0.30,0.3073629082224567,1.2395198578837716,-0.3969336436426323
w3,champ_n5:0.20+mom_only:0.33+mom_fast:0.47,0.3069116498804805,1.2230111421467051,-0.4063818281639944
w2,champ:0.4+mom_fast,0.3068906944634735,1.302096796279498,-0.3649378664141667
w3,champ_qtr:0.20+mom_only:0.33+mom_fast:0.47,0.3068751297794543,1.2239480812366206,-0.42451010014915314
w2,mom_only:0.8+mom_fast,0.3068431705304624,1.1167059724514987,-0.464675405709324
w3,champ_n20:0.20+mom_only:0.33+mom_fast:0.47,0.30625918711389954,1.215441013185729,-0.420021807437267
w3,champ:0.34+mom_only:0.20+mom_fast:0.46,0.306158715513436,1.306568616522675,-0.372794860742522
w3,mom_only:0.34+mom_fast:0.50+momcons:0.16,0.30608670128906,1.1599845344990491,-0.4548178210285543
w3,champ:0.20+mom_only:0.50+mom_fast:0.30,0.3060716130894483,1.236742459369813,-0.4063253468476832
w2,champ_qtr:0.3+mom_fast,0.3058792441868179,1.2200567310599446,-0.4141129893288472
w3,champ_tail:0.20+mom_only:0.33+mom_fast:0.47,0.3058188578707113,1.2183257050539664,-0.4225027028558417
w2,champ_n5:0.3+mom_fast,0.30575372624864894,1.2158822418060165,-0.38631471628614433
w2,champ_n20:0.3+mom_fast,0.30506319734107534,1.2090887476521166,-0.4071124966154168
w3,mom_only:0.34+mom_fast:0.50+prox52:0.16,0.30497804518234073,1.1522282383736484,-0.48814253021709153
eq3,champ_mid+mom_only+mom_fast,0.30443962688670156,1.3165170195784646,-0.35289559520868197
w2,champ_tail:0.3+mom_fast,0.30415957006075156,1.2095257279584122,-0.41095902327922307
w3,champ_mid:0.34+mom_only:0.33+mom_fast:0.33,0.30407760225435343,1.3202605416508166,-0.351518694986655
w3,champ_qtr:0.20+champ_mid:0.20+mom_fast:0.60,0.3031139521739348,1.2934637002595148,-0.36621501670042933
w3,champ_n5:0.20+champ_mid:0.20+mom_fast:0.60,0.30309976557050344,1.2912829755515813,-0.34627024519878546
w3,champ_n20:0.20+champ_mid:0.20+mom_fast:0.60,0.30257332186720043,1.2844050162872918,-0.3611833992643708
eq2,champ_mid+mom_fast,0.30240911281991556,1.3713774944461459,-0.3415582719525053
w2,champ_mid:0.5+mom_fast,0.30240911281991556,1.3713774944461459,-0.3415582719525053
eq3,champ+mom_only+mom_fast,0.30225992199819496,1.3113092265484991,-0.3708075960917261
w3,champ_tail:0.20+champ_mid:0.20+mom_fast:0.60,0.30204169366407707,1.286534482818724,-0.36392638796301036
w3,champ:0.34+mom_only:0.33+mom_fast:0.33,0.3018524974844474,1.3148974992557498,-0.36888109350571485
w2,mom_only:0.9+mom_fast,0.30178127929487286,1.0964712175218851,-0.47452108166909224
w2,champ_large:0.2+mom_fast,0.30173659275828,1.1281495482449178,-0.43293180831912503
w3,champ:0.20+champ_qtr:0.20+mom_fast:0.60,0.30167204110088086,1.2876451823115673,-0.37701738475270485
w3,champ:0.20+champ_n5:0.20+mom_fast:0.60,0.3015971432825424,1.2843223375134276,-0.3574689392957888
w3,champ:0.20+champ_n20:0.20+mom_fast:0.60,0.30122559406363747,1.2804432712379377,-0.37244510673621734
w3,champ:0.20+champ_tail:0.20+mom_fast:0.60,0.30088670749888324,1.2863422737995078,-0.374468835515094
w3,champ_n5:0.20+mom_only:0.50+mom_fast:0.30,0.3008360489563946,1.2208528170533324,-0.40217436581107335
w3,champ_qtr:0.20+mom_only:0.50+mom_fast:0.30,0.3007758697797973,1.221446672139068,-0.4204275279635352
w2,mom_fast:0.9+lowmax,0.3007014273383508,1.0725904528169465,-0.46838962512056515
w3,champ_n20:0.20+mom_only:0.50+mom_fast:0.30,0.30017761789085196,1.2128923401832845,-0.4158938146602631
w3,champ_tail:0.20+mom_only:0.50+mom_fast:0.30,0.2998000668686964,1.2169111100766432,-0.41839893402826056
w3,mom_only:0.50+mom_fast:0.33+momcons:0.17,0.2993193794634881,1.1584864394754781,-0.45044815588117426
w3,champ:0.20+champ_mid:0.33+mom_fast:0.47,0.2991569733863382,1.3958448902552918,-0.3394031504377346
eq2,champ+mom_fast,0.29911216618763037,1.362792992719652,-0.3457767937192786
w2,champ:0.5+mom_fast,0.29911216618763037,1.362792992719652,-0.3457767937192786
w2,mom_fast:0.7+momcons,0.29846409867546364,1.1368920110625729,-0.4554187897692281
w3,mom_only:0.50+mom_fast:0.33+prox52:0.17,0.2983772197737897,1.153090470035608,-0.4870849705228347
w3,champ_large:0.20+mom_only:0.20+mom_fast:0.60,0.2976666214432113,1.163218024189253,-0.42523433147329603
w3,champ:0.34+champ_mid:0.20+mom_fast:0.46,0.29746288924052067,1.3999285072342325,-0.3390998212762595
w3,champ_mid:0.34+mom_only:0.50+mom_fast:0.16,0.29723147934816585,1.3058052925237893,-0.35248252988440565
w3,champ_qtr:0.34+mom_only:0.20+mom_fast:0.46,0.2971397702294005,1.2786013837781742,-0.3979540969268561
w3,champ_n5:0.34+mom_only:0.20+mom_fast:0.46,0.29699598650329806,1.2725726372509605,-0.36554281675345757
w3,champ_mid:0.50+mom_only:0.20+mom_fast:0.30,0.2964100013917801,1.4081876311820425,-0.3417592842272781
w3,champ_n5:0.20+champ_qtr:0.20+mom_fast:0.60,0.29633808572276643,1.2686114441639402,-0.37274176323513963
w3,champ_n20:0.34+mom_only:0.20+mom_fast:0.46,0.2963181244212809,1.265097899218951,-0.38968548218771926
w2,champ_qtr:0.4+mom_fast,0.29627178843846247,1.2691546909671791,-0.39194884900671745
w3,champ_n20:0.20+champ_qtr:0.20+mom_fast:0.60,0.2959695094449022,1.2647997382190819,-0.3868750012772616
w2,champ_n5:0.4+mom_fast,0.29595927340447403,1.2595296755810101,-0.35334286997328257
w3,champ_n5:0.20+champ_n20:0.20+mom_fast:0.60,0.29595472093472996,1.2626890488573077,-0.36757687522052007
w3,champ_n5:0.20+champ_tail:0.20+mom_fast:0.60,0.2956332032433744,1.2687801775736844,-0.37001483544162006
w3,champ_qtr:0.20+champ_tail:0.20+mom_fast:0.60,0.29560592144651365,1.2701172517955321,-0.38931267510695244
w2,mom_fast:0.7+prox52,0.29554020503961675,1.1119588140963996,-0.5151023249474082
w3,champ_tail:0.34+mom_only:0.20+mom_fast:0.46,0.295392233173696,1.2681203265704641,-0.3942135364697057
w2,champ_n20:0.4+mom_fast,0.29539066727053553,1.2552251839933908,-0.38200148304339543
w2,champ_mid:0.1+mom_only,0.2950467273422679,1.1233860733295846,-0.45055618333951497
w3,champ_n20:0.20+champ_tail:0.20+mom_fast:0.60,0.2950362246470537,1.260553196733181,-0.3844951741345346
w3,champ:0.34+mom_only:0.50+mom_fast:0.16,0.29499197725531046,1.2998682088947744,-0.3650393361634736
w2,champ_mid:0.6+mom_fast,0.29455295781666724,1.4335250623056954,-0.3354988000816782
w2,champ:0.1+mom_only,0.29440187974554144,1.121918996904241,-0.45427370942961687
w3,champ_mid:0.34+mom_fast:0.50+momcons:0.16,0.2942941573010165,1.310437592864997,-0.35587018335540677
w2,champ_tail:0.4+mom_fast,0.2941074273155597,1.2548905892206985,-0.38743016558612786
w3,champ_large:0.20+mom_only:0.33+mom_fast:0.47,0.2939761719031062,1.1740384291372876,-0.4211841708431404
w3,champ_qtr:0.20+champ_mid:0.33+mom_fast:0.47,0.2939024617260584,1.378850958832868,-0.34346715697720764
w3,champ_n5:0.20+champ_mid:0.33+mom_fast:0.47,0.29388550773192224,1.3758339797580232,-0.333335558362558
w3,mom_only:0.20+mom_fast:0.50+momcons:0.30,0.2937652274498517,1.1651799020243954,-0.4486127084242175
eq3,champ_qtr+mom_only+mom_fast,0.29343713792485415,1.2833696636801037,-0.3955725716577976
w3,champ_n20:0.20+champ_mid:0.33+mom_fast:0.47,0.2934316304842286,1.3686812686173782,-0.34307826648219286
eq3,champ_n5+mom_only+mom_fast,0.2933355314328079,1.2779968209194925,-0.3636843787303705
eq4,champ+champ_mid+mom_only+mom_fast,0.29326973615612295,1.4141902020788633,-0.3413875531149765
w2,champ_mid:0.2+mom_only,0.2931987140163408,1.1797981386173064,-0.414767550286284
w3,champ:0.50+mom_only:0.20+mom_fast:0.30,0.2930833969705222,1.3983642163003447,-0.3427227410626287
w3,champ_mid:0.34+mom_fast:0.50+prox52:0.16,0.29305360317875295,1.295359705511242,-0.38697704052881365
w3,champ_tail:0.20+champ_mid:0.33+mom_fast:0.47,0.29292032633551734,1.372449594744069,-0.34317394172902826
w3,champ_qtr:0.34+mom_only:0.33+mom_fast:0.33,0.2928545982762176,1.2862469417509625,-0.39421188204869073
w3,champ_n5:0.34+mom_only:0.33+mom_fast:0.33,0.29274192761190365,1.2805155709232283,-0.36160467833214394
eq3,champ_n20+mom_only+mom_fast,0.29264200134331464,1.2697886018041256,-0.3874297796129087
w3,mom_only:0.34+mom_fast:0.50+amihud:0.16,0.29209703692156386,1.0829172457928504,-0.5206989042488752
w3,champ_n20:0.34+mom_only:0.33+mom_fast:0.33,0.29205466411838565,1.2724610327268526,-0.38587333219810394
w3,champ:0.34+mom_fast:0.50+momcons:0.16,0.29198923505426966,1.3028556265797293,-0.36745668350721117
w2,champ:0.2+mom_only,0.2918942836956959,1.1765649042169315,-0.4227130134545074
w2,champ_n5:0.1+mom_only,0.2918714624501817,1.115377748263981,-0.4468464521542126
eq3,champ_tail+mom_only+mom_fast,0.2918205098278863,1.2746735101400717,-0.39188974746828564
w2,champ_qtr:0.1+mom_only,0.2917770952170007,1.1147766720494394,-0.45620337047933357
w3,champ_mid:0.50+mom_only:0.33+mom_fast:0.17,0.29147589780189054,1.405614148804103,-0.3419204026844047
w2,champ_n20:0.1+mom_only,0.2914478857644214,1.1110315377661784,-0.4586461376863954
w3,mom_only:0.34+mom_fast:0.50+lowvol:0.16,0.2914134555209593,1.1684960412960315,-0.41791921934030196
w3,mom_only:0.20+mom_fast:0.50+prox52:0.30,0.29135643482174434,1.1444571660555112,-0.5100798457189584
w2,champ_tail:0.1+mom_only,0.2913532105296035,1.1135989842702847,-0.4546634393085357
w3,champ_tail:0.34+mom_only:0.33+mom_fast:0.33,0.2912101552141406,1.2773865154512767,-0.3904385400369319
w2,mom_fast:0.8+amihud,0.29118622178493014,1.0291011677162707,-0.5413075622339525
w2,mom_fast:0.8+lowvol,0.2910115431328675,1.1243773894424944,-0.4176170607611599
w3,champ:0.34+mom_fast:0.50+prox52:0.16,0.2908176138521872,1.2892564871029706,-0.404517513681107
w2,champ_mid:0.3+mom_only,0.2907074563844383,1.2401367811647301,-0.3771530384367533
w3,champ:0.34+champ_qtr:0.20+mom_fast:0.46,0.29064625177880665,1.372426722262972,-0.34458371320166437
w2,champ:0.6+mom_fast,0.2905434178058457,1.4209275913684607,-0.33711700887741836
w3,champ_large:0.20+champ_mid:0.20+mom_fast:0.60,0.29052850871604696,1.2427972674641867,-0.36245721057369706
w3,champ:0.34+champ_n5:0.20+mom_fast:0.46,0.2905267479243403,1.3667711747899656,-0.3342675236013508
w3,champ:0.34+champ_n20:0.20+mom_fast:0.46,0.29033928300957146,1.3664224814614976,-0.34577612551323456
w3,champ:0.34+champ_tail:0.20+mom_fast:0.46,0.2901546837627995,1.3789770071950533,-0.3420554929467544
w2,mom_only:0.9+momcons,0.28913527644675874,1.0884654823453475,-0.467997869652063
w3,champ:0.20+champ_large:0.20+mom_fast:0.60,0.28897687846774023,1.2347278179445254,-0.37343052993811965
w2,mom_only:0.9+prox52,0.28891957625171516,1.0896315214894325,-0.49251475299649605
w2,champ:0.3+mom_only,0.28872978379360426,1.2347252395922226,-0.39064804703099776
w3,champ_qtr:0.34+champ_mid:0.20+mom_fast:0.46,0.28851042288152806,1.3696107100429586,-0.3460860400527289
w3,champ_n5:0.34+champ_mid:0.20+mom_fast:0.46,0.2883133558521904,1.3600549096052417,-0.328475424250662
w3,champ:0.50+mom_only:0.33+mom_fast:0.17,0.2881329868821094,1.3949244187583316,-0.34273964789728284
w3,champ:0.20+champ_qtr:0.33+mom_fast:0.47,0.28804804180572496,1.3543602797847656,-0.34780003231165224
w3,champ_large:0.20+mom_only:0.50+mom_fast:0.30,0.28792192086591095,1.1702682592591676,-0.41705128995568774
w3,champ_n20:0.34+champ_mid:0.20+mom_fast:0.46,0.28783689073739693,1.3554233944118246,-0.3449623365123069
w3,champ:0.20+champ_n5:0.33+mom_fast:0.47,0.28776959838332017,1.3432692510009272,-0.33077460116052815
w2,champ_mid:0.4+mom_only,0.2875769030677371,1.3033204254288622,-0.3500462008563513
w3,champ:0.20+champ_n20:0.33+mom_fast:0.47,0.28753091580528367,1.3444605909475051,-0.3526927009848868
eq3,champ+champ_mid+mom_fast,0.28722699713660194,1.4834042278626172,-0.3310315197780921
w3,champ:0.34+champ_mid:0.33+mom_fast:0.33,0.2868948836653191,1.4852744300817995,-0.3308657239241807
w2,mom_fast:0.6+momcons,0.28688628301743924,1.1473159073656607,-0.44870243690111355
w3,champ:0.20+champ_tail:0.33+mom_fast:0.47,0.2868844642237145,1.3555053961524381,-0.3454199575220953
w3,champ_tail:0.34+champ_mid:0.20+mom_fast:0.46,0.2868398536556147,1.3583931936306803,-0.34513870097349886
w2,champ_n5:0.2+mom_only,0.2867451321161969,1.1612832305490441,-0.40697276742987054
eq4,champ_qtr+champ_mid+mom_only+mom_fast,0.28671181476262086,1.391766118562219,-0.346479230302318
eq4,champ_n5+champ_mid+mom_only+mom_fast,0.28669041727515854,1.3876443198198154,-0.3338111673188012
w2,champ_qtr:0.2+mom_only,0.2866440394847318,1.1611926036359799,-0.4269013249780014
w3,champ_mid:0.20+mom_fast:0.50+momcons:0.30,0.28662555059650563,1.2483700442174732,-0.38815128846623914
w2,champ_large:0.3+mom_fast,0.2866180302331376,1.1460497931501972,-0.409283283374709
w3,champ:0.20+champ_mid:0.20+mom_only:0.60,0.28645416069908425,1.3040325565077908,-0.3479428865002423
eq4,champ_n20+champ_mid+mom_only+mom_fast,0.286164356652592,1.3791110028326328,-0.3432163099234389
w2,champ_n20:0.2+mom_only,0.28607815252909585,1.1536582221665617,-0.43186210436798367
w3,champ_qtr:0.34+mom_only:0.50+mom_fast:0.16,0.2860300907529183,1.2707231059638153,-0.3905437380270659
w3,champ_n5:0.34+mom_only:0.50+mom_fast:0.16,0.2859578481005989,1.2657745440406225,-0.35774566021043064
w2,champ_mid:0.7+mom_fast,0.2859371816110765,1.4885057229457472,-0.3294303428430694
w2,champ_qtr:0.5+mom_fast,0.2858801599119938,1.3176162552886297,-0.3696952596937374
eq2,champ_qtr+mom_fast,0.2858801599119938,1.3176162552886297,-0.3696952596937374
w2,champ_tail:0.2+mom_only,0.2858105361815362,1.1588489809303728,-0.4235082123781748
eq4,champ_tail+champ_mid+mom_only+mom_fast,0.2855992728273693,1.3863662362860154,-0.34351638331494705
w3,mom_only:0.34+mom_fast:0.33+momcons:0.33,0.28559436758640233,1.1706433633925681,-0.44294021571521014
eq3,mom_only+mom_fast+momcons,0.2854165992265927,1.170844813848597,-0.44286883179285674
w2,champ_large:0.1+mom_only,0.28536734152227816,1.0919383963414944,-0.4577713125316365
w2,champ_n5:0.5+mom_fast,0.28531104452054756,1.298804849370909,-0.32717077104248515
eq2,champ_n5+mom_fast,0.28531104452054756,1.298804849370909,-0.32717077104248515
w3,champ_n20:0.34+mom_only:0.50+mom_fast:0.16,0.2852591001082063,1.257358855091832,-0.3821304169807932
w3,champ:0.20+mom_fast:0.50+momcons:0.30,0.28523828229315606,1.2432303397622162,-0.3991143180716211
w3,champ:0.20+champ_mid:0.50+mom_fast:0.30,0.2851057836911419,1.5023809782725837,-0.32905401217442687
w2,champ_n20:0.5+mom_fast,0.28503403773371794,1.3023069577082573,-0.36493067289004155
eq2,champ_n20+mom_fast,0.28503403773371794,1.3023069577082573,-0.36493067289004155
w2,champ:0.4+mom_only,0.2849134413723775,1.2951590081231552,-0.35872422279389293
w3,mom_only:0.50+mom_fast:0.33+amihud:0.17,0.28484167192252796,1.0778676030666088,-0.5216863511244352
eq4,champ+champ_qtr+mom_only+mom_fast,0.2848266351655653,1.3801661966083467,-0.34785481289770204
eq4,champ+champ_n5+mom_only+mom_fast,0.28471153188117926,1.3735719541133258,-0.33495427513810894
w3,champ_tail:0.34+mom_only:0.50+mom_fast:0.16,0.28452083185105415,1.2644448368580015,-0.38673581490289877
eq4,champ+champ_n20+mom_only+mom_fast,0.28442413997030247,1.3716606234166495,-0.3443817949938772
eq4,champ+champ_tail+mom_only+mom_fast,0.2841565003021058,1.3873188332698585,-0.34397576927560825
w3,champ_mid:0.20+mom_fast:0.50+prox52:0.30,0.284074477785657,1.218650682925343,-0.45514298696106004
eq2,champ_mid+mom_only,0.2838119173840481,1.3672331568967375,-0.3430642883043731
w2,champ_mid:0.5+mom_only,0.2838119173840481,1.3672331568967375,-0.3430642883043731
w3,mom_only:0.50+mom_fast:0.33+lowvol:0.17,0.2837914039315459,1.169273488439182,-0.4107514566837862
w3,champ_n5:0.20+champ_large:0.20+mom_fast:0.60,0.2837498242974943,1.2169300107740775,-0.3690549072324345
w3,champ_qtr:0.20+champ_large:0.20+mom_fast:0.60,0.28373908779965484,1.2184531041726092,-0.3883443979027702
w3,mom_only:0.34+mom_fast:0.33+prox52:0.33,0.28334786073646656,1.1522552325022464,-0.5116471491091577
w2,champ_tail:0.5+mom_fast,0.2833344033556653,1.300109350847707,-0.36363952739262495
eq2,champ_tail+mom_fast,0.2833344033556653,1.300109350847707,-0.36363952739262495
w3,champ_n20:0.20+champ_large:0.20+mom_fast:0.60,0.28325495798595934,1.2109368016015893,-0.38337008612830703
eq3,mom_only+mom_fast+prox52,0.28312925839643666,1.1519597980206067,-0.5122104381560442
w3,mom_only:0.50+mom_fast:0.20+momcons:0.30,0.28309877618241086,1.158047411130154,-0.44181990021775863
w3,champ:0.50+champ_mid:0.20+mom_fast:0.30,0.2830754015260566,1.4944931148699705,-0.33006687789056144
w3,champ_qtr:0.34+mom_fast:0.50+momcons:0.16,0.28305439561996315,1.273513175557053,-0.3927537172978224
w2,mom_fast:0.6+prox52,0.2830265105457843,1.110899319902203,-0.5282235473585868
w3,champ_large:0.20+champ_tail:0.20+mom_fast:0.60,0.28302205828000315,1.2181738588492195,-0.3857812822335558
w3,champ_n5:0.34+mom_fast:0.50+momcons:0.16,0.2828517482181945,1.2656766330728055,-0.3600952880263547
w3,champ:0.20+mom_fast:0.50+prox52:0.30,0.2827630639598697,1.2149824491000158,-0.4631564963465037
w3,champ_n5:0.20+champ_qtr:0.33+mom_fast:0.47,0.2827273041077687,1.331963646552914,-0.3428571051151156
w3,champ_n20:0.20+champ_qtr:0.33+mom_fast:0.47,0.28253055252106885,1.3313744957391236,-0.3574490086244546
w3,champ_n20:0.34+mom_fast:0.50+momcons:0.16,0.2823374765980702,1.2609277500132727,-0.38425805602131846
w3,champ_n5:0.20+champ_n20:0.33+mom_fast:0.47,0.2823123869310715,1.32473294798026,-0.3391708191834676
w3,champ_qtr:0.34+mom_fast:0.50+prox52:0.16,0.28187482660832996,1.2597630670748254,-0.4284746196376398
w3,champ_n5:0.34+mom_fast:0.50+prox52:0.16,0.2817090103002544,1.252950867559885,-0.3976521062114555
w3,champ_n5:0.20+champ_tail:0.33+mom_fast:0.47,0.28169465799503546,1.3362136245975722,-0.3392755323924824
eq4,champ_mid+mom_only+mom_fast+momcons,0.2816722653218069,1.2978234115545224,-0.36624717108192384
w3,champ_qtr:0.20+champ_tail:0.33+mom_fast:0.47,0.28164378322566974,1.33741468127748,-0.35827701433223547
w2,mom_only:0.8+momcons,0.2815909912489407,1.1037408269083082,-0.4512144686551729
w3,champ_large:0.20+champ_mid:0.33+mom_fast:0.47,0.28156508906146893,1.3246849775293141,-0.3436364086824574
w3,champ:0.20+champ_mid:0.33+mom_only:0.47,0.28155507222486276,1.3912757815138754,-0.3399543059310436
w3,mom_only:0.50+mom_fast:0.20+prox52:0.30,0.2814594664658221,1.1476795493481373,-0.5054808842904135
w3,champ_n5:0.34+champ_qtr:0.20+mom_fast:0.46,0.28144756208712507,1.3302591246428646,-0.33404811233778253
w3,champ_tail:0.34+mom_fast:0.50+momcons:0.16,0.28142414796351134,1.2644149989100952,-0.3887009246469092
w3,champ_n5:0.20+champ_mid:0.20+mom_only:0.60,0.28129849952111274,1.286204249254417,-0.3422635780066069
w3,champ_n5:0.34+champ_n20:0.20+mom_fast:0.46,0.2812458025373845,1.327085606091413,-0.3315306838649502
w3,champ_n20:0.34+champ_qtr:0.20+mom_fast:0.46,0.2812343671525004,1.3323359132727477,-0.35138486691095194
w3,champ_qtr:0.20+champ_mid:0.20+mom_only:0.60,0.2812301809095621,1.2868833667855208,-0.3530481090869505
w3,champ_qtr:0.34+champ_tail:0.20+mom_fast:0.46,0.28121577035875256,1.3474569788954733,-0.35761740010156073
w2,champ:0.7+mom_fast,0.2812015743016578,1.4702617148830885,-0.3314784725141037
w3,champ_mid:0.34+mom_fast:0.50+amihud:0.16,0.28114807899402683,1.211375754944008,-0.42414891769539764
w3,champ_n20:0.34+mom_fast:0.50+prox52:0.16,0.28114476589997595,1.247243485588476,-0.4204425041757224
w2,mom_only:0.9+amihud,0.28113089169661687,1.0500221963275043,-0.507556606371516
w3,champ_n20:0.20+champ_tail:0.33+mom_fast:0.47,0.28112476965136235,1.3260992486651133,-0.353158293617984
w3,champ_n5:0.34+champ_tail:0.20+mom_fast:0.46,0.28108955960515236,1.3397827702099032,-0.33155987769501916
w2,mom_only:0.8+prox52,0.2809969475660852,1.1042500865508065,-0.5007458928133337
w2,champ_n5:0.3+mom_only,0.2808787463839064,1.207568910248414,-0.36826124153437856
w2,champ_qtr:0.3+mom_only,0.2808574616828792,1.2098245114288069,-0.3989423396744721
w3,champ_n20:0.20+champ_mid:0.20+mom_only:0.60,0.2807496993093832,1.2777105543965537,-0.3568501035210613
w3,champ_mid:0.50+mom_fast:0.33+momcons:0.17,0.2806969389717118,1.4095770082396577,-0.34464466630688695
eq5,champ+champ_qtr+champ_mid+mom_only+mom_fast,0.2805155673522637,1.4500409147659656,-0.33987230931461976
w3,champ_n20:0.34+champ_tail:0.20+mom_fast:0.46,0.2804918025930263,1.3319305416723355,-0.3487644935764388
eq5,champ+champ_n5+champ_mid+mom_only+mom_fast,0.280464754543732,1.444954021774342,-0.3294537990193792
w2,champ:0.5+mom_only,0.2804512666833079,1.355538323021812,-0.34279795795368795
eq2,champ+mom_only,0.2804512666833079,1.355538323021812,-0.34279795795368795
w3,champ_tail:0.20+champ_mid:0.20+mom_only:0.60,0.28043788501609046,1.2851469843312495,-0.3496489434168598
eq5,champ+champ_n20+champ_mid+mom_only+mom_fast,0.2801935544243279,1.4417903007523858,-0.33706772830939846
w3,champ:0.34+champ_mid:0.20+mom_only:0.46,0.2801895577385696,1.3944114343119016,-0.3391884284537112
w3,champ_tail:0.34+mom_fast:0.50+prox52:0.16,0.2801714532503705,1.2492823338410572,-0.4246366096022508
w2,mom_only:0.9+lowvol,0.2801475203437134,1.0907004680761114,-0.4553943937570195
w2,champ_n20:0.3+mom_only,0.2801466809535871,1.1988107990077064,-0.4042233960745236
eq4,champ_mid+mom_only+mom_fast+prox52,0.2801456845595338,1.282178195125839,-0.42558436324748217
w3,champ_qtr:0.20+mom_fast:0.50+momcons:0.30,0.2800169568865849,1.2267072820931013,-0.41329398541962503
w3,champ_n5:0.20+mom_fast:0.50+momcons:0.30,0.27999237502602314,1.2243741768785756,-0.39491005612687
eq5,champ+champ_tail+champ_mid+mom_only+mom_fast,0.2799559026777867,1.4565361911503663,-0.3367492883150124
eq4,champ+mom_only+mom_fast+momcons,0.2799344051175343,1.2907417848664002,-0.3797743378544245
w3,champ_qtr:0.20+champ_mid:0.50+mom_fast:0.30,0.27990447124397755,1.483763468031556,-0.3331728869655297
w3,champ_qtr:0.50+mom_only:0.20+mom_fast:0.30,0.27989349597870916,1.3507440808299467,-0.3628366620554645
w3,champ_n5:0.20+champ_mid:0.50+mom_fast:0.30,0.2798838227764242,1.4793133965448617,-0.322894623771517
w3,champ:0.20+champ_n5:0.20+mom_only:0.60,0.2797676412289498,1.2774751313777042,-0.34223282135276667
w3,champ:0.20+champ_qtr:0.20+mom_only:0.60,0.27975917092359737,1.2794610554156893,-0.36431697841329025
w2,champ_tail:0.3+mom_only,0.2796291410545182,1.2064106543050421,-0.39311715757449295
w3,champ_mid:0.50+mom_fast:0.33+prox52:0.17,0.27954862043551865,1.3925438289905148,-0.3441606430129147
w3,champ_n20:0.20+champ_mid:0.50+mom_fast:0.30,0.2795240017161482,1.4727325305910355,-0.33077686542667295
w3,champ_n20:0.20+mom_fast:0.50+momcons:0.30,0.2795228547673758,1.218576227526819,-0.4082345075834256
w2,champ_mid:0.6+mom_only,0.279418265286274,1.4283033961887261,-0.33604179876033513
w3,champ_n5:0.50+mom_only:0.20+mom_fast:0.30,0.2793952513738889,1.3311475609779335,-0.32713427289901753
w3,champ:0.20+champ_n20:0.20+mom_only:0.60,0.27937113717716455,1.2724153408580106,-0.3676063901364026
w3,champ:0.20+champ_tail:0.20+mom_only:0.60,0.2792488660123835,1.2841503872740003,-0.35966316836224665
w3,champ_tail:0.20+mom_fast:0.50+momcons:0.30,0.27911016694283663,1.2226549297614675,-0.41041473695812325
w3,champ_n20:0.50+mom_only:0.20+mom_fast:0.30,0.27909348697379444,1.3345712700379466,-0.353499239922045
w3,champ_tail:0.20+champ_mid:0.50+mom_fast:0.30,0.2790396165225535,1.4795502053678735,-0.3308837142965877
w3,champ:0.34+mom_fast:0.50+amihud:0.16,0.27903881618384485,1.2072781246947384,-0.4403677247946449
w3,champ_mid:0.34+mom_fast:0.50+lowvol:0.16,0.27873481655761667,1.3280803291823724,-0.32980557549389533
eq3,champ_qtr+champ_mid+mom_fast,0.2785162941740007,1.4513364231981052,-0.33795406483613755
eq4,champ+mom_only+mom_fast+prox52,0.27848634499503677,1.2768976510927137,-0.4352369564724471
eq3,champ_n5+champ_mid+mom_fast,0.2783276785839077,1.4392040461269444,-0.3206021437048292
eq4,champ_n5+champ_qtr+mom_only+mom_fast,0.27820118700019547,1.3512199354328451,-0.34014577765459764
w3,champ:0.34+champ_large:0.20+mom_fast:0.46,0.2781436363463603,1.3129816895854842,-0.3427039052299753
w3,champ_qtr:0.34+champ_mid:0.33+mom_fast:0.33,0.2780106754315299,1.4524248306358087,-0.33792747742994
eq3,champ_n20+champ_mid+mom_fast,0.27796149435160755,1.4368285201824962,-0.33569357781698694
eq4,champ_n20+champ_qtr+mom_only+mom_fast,0.27791752760732424,1.3494103668149913,-0.35454232802249397
eq4,champ_n5+champ_n20+mom_only+mom_fast,0.27789521487998736,1.3454718587881271,-0.3366272828560922
w3,champ_n5:0.34+champ_mid:0.33+mom_fast:0.33,0.27781030254127015,1.4397057800600404,-0.3201783400287238
eq4,champ_n5+champ_tail+mom_only+mom_fast,0.27765374278660837,1.3614379193380868,-0.3361883634477266
eq4,champ_qtr+champ_tail+mom_only+mom_fast,0.27761086754130493,1.3637191059319629,-0.35773369475768024
w3,champ_tail:0.50+mom_only:0.20+mom_fast:0.30,0.2775768431298762,1.3373546347893255,-0.35669224000252386
w3,champ_n5:0.20+mom_fast:0.50+prox52:0.30,0.2775496921355307,1.196957646234343,-0.4594696989342708
w3,champ_qtr:0.20+mom_fast:0.50+prox52:0.30,0.27753415381797897,1.1983667601875192,-0.4759317792915593
w3,champ_n20:0.34+champ_mid:0.33+mom_fast:0.33,0.2774532649758299,1.4378276019566536,-0.33557725954554773
w3,champ:0.50+mom_fast:0.33+momcons:0.17,0.27722786306898506,1.3938128080709686,-0.34657364215460806
eq5,champ+champ_mid+mom_only+mom_fast+momcons,0.2770444049747822,1.375804767357254,-0.35145033774520906
w3,champ_n20:0.20+mom_fast:0.50+prox52:0.30,0.2770258183404999,1.1904485581002,-0.4717965719459285
eq3,champ_tail+champ_mid+mom_fast,0.2770241700259417,1.4426723226246427,-0.33587995501349766
eq4,champ_n20+champ_tail+mom_only+mom_fast,0.2770175631814398,1.3497474886698007,-0.3512604001998989
w2,champ_mid:0.8+mom_fast,0.27657828381396055,1.5279357689061512,-0.3233535696210449
w3,champ_tail:0.20+mom_fast:0.50+prox52:0.30,0.27654706127925044,1.1929534106309188,-0.4738124322106675
w3,champ:0.34+mom_fast:0.50+lowvol:0.16,0.2765220587071997,1.3218095731578785,-0.33522500580469505
w3,champ_tail:0.34+champ_mid:0.33+mom_fast:0.33,0.276491964903977,1.4436463766850935,-0.3357683524906653
w3,champ_n5:0.20+champ_mid:0.33+mom_only:0.47,0.2764006555976817,1.3714589867906009,-0.3338776095682897
w3,champ_qtr:0.20+champ_mid:0.33+mom_only:0.47,0.2763534771989351,1.37299275306356,-0.3440584418078092
w3,champ:0.50+mom_fast:0.33+prox52:0.17,0.2761858067247276,1.3800581162967736,-0.36898276255340545
w3,champ:0.50+champ_qtr:0.20+mom_fast:0.30,0.2761742867841559,1.4573234120233751,-0.3356056143076722
w3,champ:0.50+champ_n20:0.20+mom_fast:0.30,0.2760239171248746,1.4547727965759045,-0.33278647149325336
w3,champ:0.50+champ_tail:0.20+mom_fast:0.30,0.27601273076486454,1.4789729273652594,-0.33243792614049905
w3,champ:0.50+champ_n5:0.20+mom_fast:0.30,0.27600482911427404,1.4478818893081902,-0.3251686458646226
eq5,champ+champ_mid+mom_only+mom_fast+prox52,0.27596409749138817,1.3644590668936147,-0.37634844593303607
w3,champ_n20:0.20+champ_mid:0.33+mom_only:0.47,0.27592866636169533,1.36284090190105,-0.3414390518405762
eq3,champ+champ_qtr+mom_fast,0.2758844786492731,1.4292981819045252,-0.34022455582372824
w3,champ_mid:0.34+mom_only:0.50+momcons:0.16,0.2757757255480866,1.2996754611707346,-0.3540781647597113
w3,champ:0.34+champ_qtr:0.33+mom_fast:0.33,0.27565971427114677,1.4312613728333583,-0.3399691867417727
w3,mom_only:0.34+mom_fast:0.50+lowmax:0.16,0.2756497671962652,1.1068124862420206,-0.44995592066620205
w3,champ_tail:0.20+champ_mid:0.33+mom_only:0.47,0.2755887450372785,1.3720651619415698,-0.3416781378443349
eq3,champ+champ_n20+mom_fast,0.27558520864348557,1.423665926558612,-0.3355472440364292
eq3,champ+champ_n5+mom_fast,0.27553072479066065,1.4122750926472267,-0.32285448928822247
w3,champ_large:0.34+mom_only:0.20+mom_fast:0.46,0.27543916480751873,1.1839856141569465,-0.3922746836384612
w3,champ:0.34+champ_n20:0.33+mom_fast:0.33,0.275368640892389,1.4258263253390673,-0.3353372623547354
w2,champ:0.6+mom_only,0.2753502038145117,1.4120415397922645,-0.33717292808305466
w3,champ:0.34+champ_n5:0.33+mom_fast:0.33,0.2753100041483574,1.4143176416048975,-0.3227690823885311
eq5,champ_n5+champ_qtr+champ_mid+mom_only+mom_fast,0.2752793713922963,1.4264594002969322,-0.33363711104982585
w3,champ_mid:0.34+mom_only:0.50+prox52:0.16,0.2752158046474291,1.2993100590729767,-0.3794830777649636
eq3,champ+champ_tail+mom_fast,0.27517346996454894,1.4476150198591562,-0.33544358388851636
eq5,champ_n5+champ_n20+champ_mid+mom_only+mom_fast,0.27501895604337867,1.420347387837226,-0.33080315445719133
eq5,champ_n20+champ_qtr+champ_mid+mom_only+mom_fast,0.2750107205943273,1.4233832977494043,-0.34121902055119535
w3,champ_qtr:0.50+mom_only:0.33+mom_fast:0.17,0.2749809556567522,1.3463619410414593,-0.3594538743839588
w3,champ:0.34+champ_tail:0.33+mom_fast:0.33,0.2749752239236505,1.4502134103718065,-0.3351290861549461
eq5,champ_n5+champ_tail+champ_mid+mom_only+mom_fast,0.27479807328335815,1.435378848087666,-0.3305928511618621
eq2,mom_fast+momcons,0.2747707206525174,1.1519835053954925,-0.4424069473083926
w2,mom_fast:0.5+momcons,0.2747707206525174,1.1519835053954925,-0.4424069473083926
eq5,champ_qtr+champ_tail+champ_mid+mom_only+mom_fast,0.2747482174194309,1.4371118712886584,-0.3409031531903923
w2,champ_qtr:0.6+mom_fast,0.27472522541898536,1.3612782068045826,-0.3494258692597729
w3,champ_n5:0.20+champ_qtr:0.20+mom_only:0.60,0.2745734905476376,1.260342137080173,-0.3566568617243583
w3,champ_n5:0.50+mom_only:0.33+mom_fast:0.17,0.274528767118597,1.3274589053209582,-0.32714175477709273
eq3,champ+champ_mid+mom_only,0.2744454511773078,1.4763432259360572,-0.3312683874165675
w2,champ_qtr:0.4+mom_only,0.274426470398891,1.2591942203576267,-0.3763424631118043
w2,champ_mid:0.7+mom_only,0.2744026012375447,1.4812004298603731,-0.3298428122920257
eq5,champ_n20+champ_tail+champ_mid+mom_only+mom_fast,0.274304336524243,1.4245830935133936,-0.3381960355639686
w2,champ_n5:0.4+mom_only,0.27428279479072626,1.2517712114670212,-0.33677578568952826
w3,champ_n5:0.20+champ_n20:0.20+mom_only:0.60,0.2742472983104194,1.254720728232785,-0.3513070630040198
w3,champ:0.34+champ_mid:0.33+mom_only:0.33,0.2742339455172642,1.4781112082428236,-0.33104975916510404
w3,champ_n20:0.50+mom_only:0.33+mom_fast:0.17,0.274211347909185,1.3305355805178203,-0.34684985890046716
w3,champ_n20:0.20+champ_qtr:0.20+mom_only:0.60,0.27418002830912314,1.255370529663234,-0.3733554961659664
w3,champ_n5:0.20+champ_tail:0.20+mom_only:0.60,0.2741414153783437,1.2666404472696078,-0.3538339302629193
w3,mom_fast:0.50+prox52:0.20+momcons:0.30,0.2741371870860969,1.1521209412217934,-0.4818386702792856
w3,champ_qtr:0.20+champ_tail:0.20+mom_only:0.60,0.27403238694617227,1.2663813048608017,-0.37361291644838623
w2,champ_n20:0.6+mom_fast,0.2740116476814767,1.3475871493482021,-0.34993750091313913
w2,champ_large:0.2+mom_only,0.27390308248315565,1.111190853832847,-0.4318383633156996
w2,champ_n5:0.6+mom_fast,0.27383207931335507,1.328393510050031,-0.31825069025979735
w2,champ_n20:0.4+mom_only,0.27366158188316936,1.2456197041324477,-0.3766838298114825
w2,mom_only:0.7+momcons,0.2736235516178869,1.1161682264536132,-0.4395177058842622
eq5,champ+champ_n5+champ_qtr+mom_only+mom_fast,0.27359550608254013,1.409956701963444,-0.33501487872642144
w3,champ:0.20+champ_mid:0.50+mom_only:0.30,0.273552430010952,1.4951747844560348,-0.3294455073531113
w3,champ_n20:0.20+champ_tail:0.20+mom_only:0.60,0.2735228902420386,1.2565279811576444,-0.3688046729521347
eq5,champ+champ_n20+champ_qtr+mom_only+mom_fast,0.27347811249497855,1.411862949227116,-0.34256843589663866
w3,champ:0.34+mom_only:0.50+momcons:0.16,0.27342838082170884,1.2899977607504278,-0.3552858440224551
eq5,champ+champ_n5+champ_n20+mom_only+mom_fast,0.2734268858845681,1.406979513162838,-0.332184794403691
eq4,champ_qtr+mom_only+mom_fast+momcons,0.27341946188946453,1.2685937382905277,-0.3980607046829483
w3,champ:0.34+champ_qtr:0.20+mom_only:0.46,0.27340549846837736,1.3637010845316486,-0.3446815010729728
eq5,champ+champ_qtr+champ_tail+mom_only+mom_fast,0.27340426818374564,1.431825643928522,-0.34223007069440015
eq5,champ+champ_n5+champ_tail+mom_only+mom_fast,0.2733947326509105,1.4281017087021908,-0.33182244531581073
eq4,champ_n5+mom_only+mom_fast+momcons,0.2733895541653668,1.265128294061803,-0.3744208883196789
w3,champ:0.34+champ_n5:0.20+mom_only:0.46,0.2733498793641127,1.359239266321612,-0.3343099308901164
w3,champ:0.34+champ_n20:0.20+mom_only:0.46,0.27314117182988484,1.3581972818698012,-0.3418902355880775
w3,champ:0.34+champ_tail:0.20+mom_only:0.46,0.27311995609530193,1.3771295444963756,-0.34155337785448847
eq5,champ+champ_n20+champ_tail+mom_only+mom_fast,0.2730522608320902,1.4224280719214852,-0.33944583775390647
w3,champ:0.34+mom_only:0.50+prox52:0.16,0.2729362427339834,1.2912370342696393,-0.39415167849582144
eq4,champ_n20+mom_only+mom_fast+momcons,0.2728640363478325,1.2580440682871756,-0.3919118957433415
w2,champ_tail:0.4+mom_only,0.27281863061808975,1.2549337011211412,-0.3716566350635212
w3,champ_tail:0.50+mom_only:0.33+mom_fast:0.17,0.27281376971434845,1.3366268375908472,-0.3532629674901221
w3,mom_fast:0.50+prox52:0.33+momcons:0.17,0.2728115338387449,1.1374007326675974,-0.5068629368811741
w3,mom_only:0.20+mom_fast:0.33+momcons:0.47,0.27272190832248233,1.1691785618078518,-0.4381116596228497
eq3,champ_mid+mom_fast+momcons,0.2726311667149761,1.3282933644498522,-0.35945917550450524
w3,champ_mid:0.34+mom_fast:0.33+momcons:0.33,0.272544946636712,1.331887222412906,-0.35892942448380316
w2,mom_only:0.7+prox52,0.2724919321864365,1.1135362572390952,-0.5092506004751383
eq4,champ_tail+mom_only+mom_fast+momcons,0.2724051518920574,1.265656476031967,-0.39505830494160665
eq4,champ+champ_qtr+champ_mid+mom_fast,0.2722165129159053,1.501690161242672,-0.33209523881653513
eq3,champ_large+mom_only+mom_fast,0.2722010279850535,1.1882328663042372,-0.3897701334376431
eq4,champ+champ_n5+champ_mid+mom_fast,0.2720532714679631,1.4901525400701785,-0.3189455232698658
eq4,champ_n5+mom_only+mom_fast+prox52,0.2719724240478685,1.2520700502731772,-0.43133812151403916
eq4,champ_qtr+mom_only+mom_fast+prox52,0.2719605117411177,1.2544619414966098,-0.4519372464941348
eq4,champ+champ_n20+champ_mid+mom_fast,0.2719473973906088,1.4948033030256151,-0.328554960976573
w2,champ_tail:0.6+mom_fast,0.2718604776328277,1.341776969496824,-0.34586714006206987
eq5,champ_n5+champ_mid+mom_only+mom_fast+momcons,0.2718577891671843,1.354475616503155,-0.34532063432828897
eq5,champ_qtr+champ_mid+mom_only+mom_fast+momcons,0.2718545368276122,1.3572667480771392,-0.35552251776733834
eq4,champ+champ_tail+champ_mid+mom_fast,0.2716126065640796,1.5157131037818252,-0.32816113621272447
w3,champ:0.50+champ_mid:0.20+mom_only:0.30,0.27150109173326764,1.4855739804629715,-0.3301401429899018
eq5,champ_n20+champ_mid+mom_only+mom_fast+momcons,0.2714346913889645,1.347292280561601,-0.352780061222177
eq4,champ_n20+mom_only+mom_fast+prox52,0.2713896795902293,1.2438499331512678,-0.4473973453389196
w2,mom_fast:0.8+lowmax,0.27135981837902956,1.0527899124352038,-0.4574891646338082
w3,champ_qtr:0.34+champ_mid:0.20+mom_only:0.46,0.27132601109043697,1.3618087735265396,-0.3462458074473349
w2,mom_fast:0.7+amihud,0.271278683286984,0.9886842553954701,-0.5713464325859269
w3,champ_n5:0.34+champ_mid:0.20+mom_only:0.46,0.2712373960458383,1.3542669402253658,-0.32873647939690875
eq4,champ_large+champ_mid+mom_only+mom_fast,0.2712370300211855,1.3171639839789693,-0.3438338365670903
w3,champ_large:0.34+mom_only:0.33+mom_fast:0.33,0.27120614157570766,1.1886208769940354,-0.38828614071296697
w3,champ:0.34+champ_mid:0.50+mom_fast:0.16,0.27117134535460674,1.5650845198245549,-0.3202461102999399
w2,champ:0.8+mom_fast,0.2711050425998802,1.5020530182247596,-0.3258284145258441
eq5,champ_tail+champ_mid+mom_only+mom_fast+momcons,0.27107467332555557,1.3557547652970257,-0.35248081858430846
w3,champ:0.50+champ_mid:0.33+mom_fast:0.17,0.27104754039091095,1.556155869301221,-0.32179784000360245
eq4,champ_tail+mom_only+mom_fast+prox52,0.2708619239916019,1.2496366814204138,-0.44917765634478746
w2,champ_large:0.4+mom_fast,0.2708165254486514,1.1596171157574722,-0.3859452399514607
eq5,champ_n5+champ_mid+mom_only+mom_fast+prox52,0.27079700997326395,1.3437174743277922,-0.37232028674150475
eq5,champ_qtr+champ_mid+mom_only+mom_fast+prox52,0.2707669689363157,1.3456501091531632,-0.3912235395042606
w3,champ_n20:0.34+champ_mid:0.20+mom_only:0.46,0.2707270246829898,1.3480289159809782,-0.3416161101454086
w2,mom_fast:0.7+lowvol,0.27066432796037576,1.1450489313367693,-0.3851051493181391
w3,champ:0.20+champ_qtr:0.33+mom_only:0.47,0.2704986900615822,1.3448291873301275,-0.34792613566187947
w2,mom_only:0.9+lowmax,0.2703456438694094,1.0545842739519136,-0.4773587246955877
eq5,champ_n20+champ_mid+mom_only+mom_fast+prox52,0.27033724563167905,1.3355968265665443,-0.38653749674587723
w3,champ:0.20+champ_n5:0.33+mom_only:0.47,0.27032886793802047,1.3354745491000748,-0.3308075405309484
eq5,champ+champ_qtr+mom_only+mom_fast+momcons,0.2703232975934835,1.3466287465020619,-0.35684818772424
eq5,champ+champ_n5+mom_only+mom_fast+momcons,0.270267283230887,1.3422224693817344,-0.3466779365507514
eq3,champ+mom_fast+momcons,0.2702583359118449,1.3162753747878984,-0.35955809614212253
w3,champ_qtr:0.34+mom_fast:0.50+amihud:0.16,0.2702088451162752,1.1791992806189076,-0.4628740550804018
w3,champ:0.34+mom_fast:0.33+momcons:0.33,0.2701249788351201,1.3195746357347244,-0.35904283583078933
eq3,champ_mid+mom_fast+prox52,0.27008125440927766,1.291214601047753,-0.41818416510858625
w3,champ:0.20+champ_n20:0.33+mom_only:0.47,0.2700534798279992,1.3357234859695495,-0.3433332766560758
w3,champ_n5:0.34+mom_fast:0.50+amihud:0.16,0.27004781416286083,1.1734137352694036,-0.4338702575823409
w3,champ_mid:0.34+mom_fast:0.33+prox52:0.33,0.27003313555621666,1.2951655869868883,-0.4154461465800635
w3,champ_tail:0.34+champ_mid:0.20+mom_only:0.46,0.2700154176386613,1.3597363293996607,-0.342037936020682
w3,champ_qtr:0.50+champ_mid:0.20+mom_fast:0.30,0.2699963683442095,1.4426144646095147,-0.34043567261349983
w2,mom_fast:0.5+prox52,0.2699963143112618,1.1027058257392102,-0.5417060883930164
eq2,mom_fast+prox52,0.2699963143112618,1.1027058257392102,-0.5417060883930164
eq5,champ+champ_n20+mom_only+mom_fast+momcons,0.2699951573132964,1.3393951146810095,-0.3541094072707861
eq5,champ_tail+champ_mid+mom_only+mom_fast+prox52,0.2699332386144393,1.3425670368770093,-0.3887808869949313
eq5,champ+champ_tail+mom_only+mom_fast+momcons,0.26982336914051674,1.3532849046199844,-0.35378797523153394
w3,champ:0.20+champ_tail:0.33+mom_only:0.47,0.2696859615738463,1.3562405021505641,-0.34281591640210307
w2,champ:0.7+mom_only,0.2696181134465345,1.4591118396118925,-0.3315298786120987
w3,champ_n5:0.50+champ_mid:0.20+mom_fast:0.30,0.26942353748248915,1.4137996286729262,-0.3142036812624126
w3,champ_n20:0.50+champ_mid:0.20+mom_fast:0.30,0.2694093139176468,1.4286183827467207,-0.3364120562755045
w3,champ_n20:0.34+mom_fast:0.50+amihud:0.16,0.269384510198452,1.1665109214367215,-0.4554477886107984
w3,champ_large:0.20+champ_tail:0.33+mom_fast:0.47,0.2693076158726875,1.2803548077106623,-0.35452707744503853
eq5,champ+champ_qtr+mom_only+mom_fast+prox52,0.2692855774848375,1.3365236713477076,-0.40175047752327997
w3,champ_qtr:0.34+champ_large:0.20+mom_fast:0.46,0.26927908757555574,1.2815128350435308,-0.3570747902998995
eq5,champ+champ_n5+mom_only+mom_fast+prox52,0.269256398535892,1.33298220519374,-0.3829492670228961
eq4,champ+champ_large+mom_only+mom_fast,0.26918411155681876,1.3009576482103011,-0.34553833188095795
w3,champ_n5:0.34+champ_large:0.20+mom_fast:0.46,0.26912625750306907,1.2738734166186014,-0.3321224768391231
w3,mom_only:0.20+mom_fast:0.33+prox52:0.47,0.26901613484234765,1.1322435984675703,-0.5331792553748775
eq5,champ+champ_n20+mom_only+mom_fast+prox52,0.2689474848324662,1.3291347044145558,-0.3967168460477525
w3,mom_only:0.34+mom_fast:0.20+momcons:0.46,0.2688967298100544,1.1639719836116846,-0.43540495818058533
w3,champ_large:0.20+champ_mid:0.20+mom_only:0.60,0.26880311073031593,1.231029912377928,-0.35849679207256324
w2,champ_mid:0.8+mom_only,0.2687724520696677,1.519000402518635,-0.32364467635494
eq5,champ+champ_tail+mom_only+mom_fast+prox52,0.2687313322159004,1.3414570300699582,-0.39906274646138484
w3,champ_n20:0.34+champ_large:0.20+mom_fast:0.46,0.2686969839289133,1.270495530673333,-0.355818873271623
eq4,champ+champ_mid+mom_fast+momcons,0.26851633125426067,1.415997569080053,-0.3466847887063301
w3,champ_n5:0.20+champ_mid:0.50+mom_only:0.30,0.26840614041579425,1.472424699557564,-0.32328052246081973
w3,champ_qtr:0.20+champ_mid:0.50+mom_only:0.30,0.2683863159675075,1.4756046190360006,-0.33359026330258823
w3,champ:0.20+champ_qtr:0.50+mom_fast:0.30,0.26829889533552453,1.4243382006527983,-0.3417956375802709
w3,champ_tail:0.34+mom_fast:0.50+amihud:0.16,0.2682982030643555,1.1655921172065866,-0.4595308940722129
eq5,champ_n5+champ_n20+champ_qtr+mom_only+mom_fast,0.268274136876854,1.3886027122618951,-0.3363562395893298
eq5,champ+champ_large+champ_mid+mom_only+mom_fast,0.2682510660168804,1.386810200137875,-0.3379598244218507
eq5,champ_n5+champ_qtr+champ_tail+mom_only+mom_fast,0.26821642249020927,1.4086768875057691,-0.33599671230386696
w3,champ_mid:0.20+mom_only:0.50+momcons:0.30,0.2681843069593992,1.2316475260625466,-0.37561256341163973
w3,champ_mid:0.50+mom_only:0.33+momcons:0.17,0.26811948447695544,1.3984384308931834,-0.34447905451335625
w3,champ_n20:0.20+champ_mid:0.50+mom_only:0.30,0.26803423467830134,1.464834453110033,-0.33093793743818223
w3,champ:0.20+champ_n20:0.50+mom_fast:0.30,0.2679401552369731,1.418650839114136,-0.33619022790320774
eq5,champ_n5+champ_n20+champ_tail+mom_only+mom_fast,0.2679257872727554,1.4014405905107326,-0.333183218713756
w3,champ_large:0.20+champ_mid:0.50+mom_fast:0.30,0.2679060375196345,1.4273288648439872,-0.33130151272067077
eq5,champ_n20+champ_qtr+champ_tail+mom_only+mom_fast,0.26787680000462855,1.4031171373429236,-0.3435879065491205
eq3,champ+mom_fast+prox52,0.26784706747861553,1.2829799890507454,-0.43328924790483736
w3,champ_tail:0.50+champ_mid:0.20+mom_fast:0.30,0.2677923424914861,1.4299075536038761,-0.3367195269853116
w3,champ:0.34+mom_fast:0.33+prox52:0.33,0.2677531393854764,1.2867100981907824,-0.43100625682812
w3,champ_qtr:0.34+mom_fast:0.50+lowvol:0.16,0.26767209366591915,1.2900366901129112,-0.35290549798562476
w3,champ_tail:0.20+champ_mid:0.50+mom_only:0.30,0.26765843025879366,1.4763919608466674,-0.3311925136409045
w3,champ:0.20+champ_n5:0.50+mom_fast:0.30,0.2675785750083721,1.391583479081493,-0.3156456023031058
w3,champ_mid:0.50+mom_fast:0.33+amihud:0.17,0.2675325576426999,1.291289303736279,-0.3743431916998249
w3,champ_n5:0.34+mom_fast:0.50+lowvol:0.16,0.2674719944746513,1.2809323443769145,-0.3188078444221798
w3,champ_large:0.20+mom_fast:0.50+momcons:0.30,0.2674470652733216,1.1719328035976204,-0.41089745851068815
w3,champ_mid:0.50+mom_only:0.33+prox52:0.17,0.2674444653451693,1.3956331700499174,-0.3470794914096146
w3,champ_large:0.34+champ_mid:0.20+mom_fast:0.46,0.267395941521277,1.2696769645628827,-0.3459634579351194
eq2,champ_qtr+mom_only,0.26736110344367336,1.3067348477796839,-0.35633368313137515
w2,champ_qtr:0.5+mom_only,0.26736110344367336,1.3067348477796839,-0.35633368313137515
w3,champ:0.20+champ_large:0.33+mom_fast:0.47,0.26735847657063316,1.2541583642966114,-0.3476636992511938
w3,mom_only:0.20+mom_fast:0.50+amihud:0.30,0.2673496934743014,1.0109917164560227,-0.5669144301794276
w3,champ:0.20+champ_large:0.20+mom_only:0.60,0.2672245627344534,1.2211643830605599,-0.3697361532198208
w3,mom_only:0.50+mom_fast:0.33+lowmax:0.17,0.26715192617617944,1.1015960478732685,-0.446402928657853
w3,champ_n20:0.34+mom_fast:0.50+lowvol:0.16,0.26701474922623314,1.276704957989398,-0.34857054699772516
eq2,champ_n5+mom_only,0.26696896144642324,1.2901495730909402,-0.32718863048908364
w2,champ_n5:0.5+mom_only,0.26696896144642324,1.2901495730909402,-0.32718863048908364
eq3,champ_n20+champ_qtr+mom_fast,0.26696475644100315,1.3919427382277543,-0.3424372331173192
eq5,champ_mid+mom_only+mom_fast+prox52+momcons,0.26695382543401913,1.2735289216097165,-0.4193820893845315
eq4,champ+champ_mid+mom_fast+prox52,0.2669200097883515,1.3912921533531633,-0.36213140704156244
eq3,champ_n5+champ_qtr+mom_fast,0.2669065618204405,1.380536618342087,-0.32983230331500646
w3,champ_mid:0.20+mom_only:0.50+prox52:0.30,0.2669046028644231,1.2255380771476099,-0.4467254740444858
w3,champ:0.20+champ_tail:0.50+mom_fast:0.30,0.2667934774184877,1.436859633381399,-0.3364379343980741
eq3,champ_n5+champ_n20+mom_fast,0.26677594963859463,1.3804932136589552,-0.32507334285790956
w3,champ:0.20+mom_only:0.50+momcons:0.30,0.2667725535130987,1.2253445304501487,-0.3861932288742028
eq2,champ_n20+mom_only,0.2666316510530202,1.2924697417052287,-0.34893894334321396
w2,champ_n20:0.5+mom_only,0.2666316510530202,1.2924697417052287,-0.34893894334321396
w3,champ_n20:0.34+champ_qtr:0.33+mom_fast:0.33,0.2665671639220035,1.3931824633061638,-0.3422265213670992
eq4,mom_only+mom_fast+prox52+momcons,0.26654088504303464,1.1712049759659942,-0.4846358606907559
w3,champ_n5:0.34+champ_qtr:0.33+mom_fast:0.33,0.2664959344820299,1.3810957167970301,-0.32936415034628586
w2,champ_mid:0.9+mom_fast,0.26649396150414795,1.5417671269100288,-0.31726915696584457
eq3,champ_qtr+champ_tail+mom_fast,0.26648473732565714,1.413000366748681,-0.3419068871008498
eq3,champ_n5+champ_tail+mom_fast,0.2664107277128256,1.4047853657665845,-0.32503072049192716
w3,champ_n5:0.34+champ_n20:0.33+mom_fast:0.33,0.2663750859989851,1.3813264665908154,-0.3246497438172763
w3,champ_qtr:0.34+champ_tail:0.33+mom_fast:0.33,0.2661131411626201,1.4147692510236987,-0.3418398687296267
w3,mom_only:0.20+mom_fast:0.50+lowvol:0.30,0.26606691588466047,1.1852028985858907,-0.37727515716875204
w3,champ_n5:0.34+champ_tail:0.33+mom_fast:0.33,0.2660285445256858,1.406018662274734,-0.3245026678842007
w3,champ_tail:0.34+mom_fast:0.50+lowvol:0.16,0.2660166179154517,1.2787647627977305,-0.3486340572970341
eq3,champ_n20+champ_tail+mom_fast,0.265847345058962,1.395553693271273,-0.34210307287632424
w3,mom_only:0.34+mom_fast:0.20+prox52:0.46,0.2658103011221671,1.1362070316048847,-0.5298499324804542
eq3,champ_qtr+champ_mid+mom_only,0.2657998731817144,1.4424480933243997,-0.3381517845542138
eq3,champ_n5+champ_mid+mom_only,0.26568764584458715,1.4321357875390655,-0.3210021313037671
eq4,champ_n5+champ_qtr+champ_mid+mom_fast,0.265612500346752,1.4658050306016208,-0.3242156113562281
w3,champ:0.20+mom_only:0.50+prox52:0.30,0.26556743750729606,1.2208099039429008,-0.4541646599505833
eq5,champ+mom_only+mom_fast+prox52+momcons,0.2655654782637775,1.2673504770888355,-0.4298638086723875
eq4,champ_n20+champ_qtr+champ_mid+mom_fast,0.2655094404988343,1.4705406814657627,-0.3337751818826379
w3,champ_n20:0.34+champ_tail:0.33+mom_fast:0.33,0.2654722649048469,1.397172063626189,-0.34192342725110747
w2,mom_only:0.8+amihud,0.2654621187641406,1.0198950962211657,-0.5300548637774275
eq4,champ_n5+champ_n20+champ_mid+mom_fast,0.2654382974516154,1.4627942567243517,-0.3206289886739443
w3,champ_qtr:0.34+champ_mid:0.33+mom_only:0.33,0.26541557403644256,1.4434066437499853,-0.3380719805418797
eq2,champ_tail+mom_only,0.26538950016811746,1.3020249864910576,-0.3500956548172378
w2,champ_tail:0.5+mom_only,0.26538950016811746,1.3020249864910576,-0.3500956548172378
eq3,champ_n20+champ_mid+mom_only,0.2652967287140795,1.428582833051267,-0.3337479728775319
w3,champ_n5:0.20+champ_qtr:0.33+mom_only:0.47,0.265295653231046,1.322371574759973,-0.3417579358493855
w3,champ_n5:0.34+champ_mid:0.33+mom_only:0.33,0.26529238458686577,1.4325167311686362,-0.3205741977333425
w2,mom_only:0.6+momcons,0.2652412931365795,1.1245695077275213,-0.43457870939824683
eq4,champ_qtr+champ_tail+champ_mid+mom_fast,0.2651363413951502,1.489566845989472,-0.3333854112243215
eq4,champ_n5+champ_tail+champ_mid+mom_fast,0.2651297024418424,1.484090294173174,-0.32020166855412435
eq5,champ_n5+champ_qtr+mom_only+mom_fast+momcons,0.2651075778830765,1.3237406244856733,-0.35092823848287846
w3,champ_n20:0.20+champ_qtr:0.33+mom_only:0.47,0.26507745177630326,1.3210724519112944,-0.3492806718932423
w3,champ_large:0.20+mom_fast:0.50+prox52:0.30,0.2650051403137743,1.1454491510808833,-0.4736589754961843
w3,champ_n5:0.20+champ_n20:0.33+mom_only:0.47,0.2649510393839325,1.3161705476180097,-0.33711692220371536
w3,champ_n20:0.34+champ_mid:0.33+mom_only:0.33,0.2649102228033826,1.4294852132877434,-0.3335789168292832
w3,champ:0.34+champ_mid:0.50+mom_only:0.16,0.2648746975052074,1.555955963321181,-0.3204648919773184
w3,champ_mid:0.20+mom_fast:0.33+momcons:0.47,0.26485540972371213,1.2552954833127314,-0.3771976953575231
eq5,champ_n5+champ_n20+mom_only+mom_fast+momcons,0.26484062855161294,1.3183173577985101,-0.3480024698107773
eq5,champ_n20+champ_qtr+mom_only+mom_fast+momcons,0.26483802794065525,1.3209920337777816,-0.36527026869787693
eq5,champ_n5+champ_tail+mom_only+mom_fast+momcons,0.26468519566077986,1.3323909287418196,-0.3477577593033814
eq4,champ_n20+champ_tail+champ_mid+mom_fast,0.26467744743067945,1.4746329388504027,-0.3329104647335698
eq5,champ_qtr+champ_tail+mom_only+mom_fast+momcons,0.2646413512111325,1.3339787001931909,-0.3677163416475058
w3,champ:0.50+champ_qtr:0.20+mom_only:0.30,0.2646248237918376,1.4455747317225303,-0.335684778991552
w3,champ:0.50+mom_only:0.33+momcons:0.17,0.26461238511530794,1.3798399706243172,-0.34662147980624824
w3,champ_n5:0.20+champ_tail:0.33+mom_only:0.47,0.26461096746085566,1.337116938441962,-0.33656485928454993
w3,champ:0.50+champ_tail:0.20+mom_only:0.30,0.2645937342092566,1.4738198508774396,-0.33251313335922594
w3,champ_qtr:0.34+mom_only:0.50+momcons:0.16,0.26458903645086096,1.2584584583513343,-0.38016299427799904
eq3,champ_tail+champ_mid+mom_only,0.264561109997544,1.4423815643462123,-0.3341803205259388
w3,champ_n5:0.34+mom_only:0.50+momcons:0.16,0.26450410574489025,1.2525128520020565,-0.3468281143438192
w3,champ:0.50+champ_n20:0.20+mom_only:0.30,0.2645005714364419,1.4438126174271186,-0.33286206800269835
w3,champ:0.50+champ_n5:0.20+mom_only:0.30,0.26449698042459135,1.4370839948522705,-0.3252113681909373
w3,champ_qtr:0.20+champ_tail:0.33+mom_only:0.47,0.26449695730156053,1.3366632991078595,-0.34696388348359275
w3,champ_large:0.34+mom_only:0.50+mom_fast:0.16,0.2644704044221011,1.171946632354588,-0.38452993579275374
w3,champ_n5:0.34+champ_qtr:0.20+mom_only:0.46,0.2644048193909536,1.3210442008661003,-0.3341240991904313
w3,champ:0.50+mom_fast:0.33+amihud:0.17,0.26436535208016143,1.2834364409942884,-0.40024217517927985
w3,champ:0.50+champ_mid:0.33+mom_only:0.17,0.2643608994658142,1.5463149802753586,-0.3218548624265176
w3,champ_qtr:0.34+champ_tail:0.20+mom_only:0.46,0.2642687119060765,1.3431043576390718,-0.3485949855123194
w3,champ_n5:0.34+champ_tail:0.20+mom_only:0.46,0.26424992030427497,1.3375726546055084,-0.33090990384963725
w3,champ_n5:0.34+champ_n20:0.20+mom_only:0.46,0.264244071593855,1.3186123506605747,-0.33128298241477794
eq5,champ_n20+champ_tail+mom_only+mom_fast+momcons,0.2641923471489862,1.3231486058855935,-0.3625708124591267
w3,champ_qtr:0.50+mom_fast:0.33+momcons:0.17,0.2641771560414945,1.3433166341815588,-0.3574137403347397
w3,champ_n20:0.34+champ_qtr:0.20+mom_only:0.46,0.26415436245159585,1.32224493277554,-0.34698405585310965
w3,champ_tail:0.34+champ_mid:0.33+mom_only:0.33,0.2641525894661376,1.4433620072356141,-0.3340211040597446
w3,champ_large:0.20+champ_mid:0.33+mom_only:0.47,0.26414199681000183,1.3142929676062869,-0.3418278073902593
eq5,champ_n5+champ_qtr+mom_only+mom_fast+prox52,0.2640892051215151,1.3142223391035048,-0.3977000694259746
w3,champ_qtr:0.34+mom_only:0.50+prox52:0.16,0.2640845476728719,1.2592361453747623,-0.4158569119614911
w3,champ:0.50+mom_only:0.33+prox52:0.17,0.26404238832372884,1.3804094801571536,-0.35200579549126043
w3,champ_n5:0.34+mom_only:0.50+prox52:0.16,0.26403605377828665,1.254154718074856,-0.3856330328008294
w3,champ_n20:0.20+champ_tail:0.33+mom_only:0.47,0.2640240641334908,1.3250447485218473,-0.3442021009927889
w3,champ_n20:0.34+mom_only:0.50+momcons:0.16,0.2639536475014401,1.2463154602038369,-0.37141824656441114
w3,champ:0.50+champ_large:0.20+mom_fast:0.30,0.26390752538563467,1.3909047064245585,-0.333674799899739
w3,champ_mid:0.50+mom_fast:0.33+lowvol:0.17,0.26382115576114407,1.4399200284725733,-0.3164656303927226
eq5,champ_n5+champ_n20+mom_only+mom_fast+prox52,0.26381220968779506,1.308610940795584,-0.3925630460742717
eq5,champ_n20+champ_qtr+mom_only+mom_fast+prox52,0.2637829803554379,1.3104645792343772,-0.4111261813820135
w3,champ_mid:0.34+mom_only:0.50+amihud:0.16,0.2637049731034784,1.2111095383400365,-0.4156939862236123
w3,champ_n20:0.34+champ_tail:0.20+mom_only:0.46,0.26361942723347864,1.3276859403567474,-0.34388861424454875
eq5,champ_n5+champ_tail+mom_only+mom_fast+prox52,0.2636126529619429,1.321146628311604,-0.39483973566251485
w3,champ_n5:0.50+mom_fast:0.33+momcons:0.17,0.26359617995762097,1.3192932610167745,-0.33109242183020293
eq5,champ_qtr+champ_tail+mom_only+mom_fast+prox52,0.2635421704734242,1.3219019801298892,-0.41340452811403405
w3,champ_n20:0.50+mom_fast:0.33+momcons:0.17,0.26353721018682585,1.3300169057495181,-0.35462827579501166
eq4,champ+champ_n20+champ_qtr+mom_fast,0.26352134179157827,1.4509201606814894,-0.3354821210707706
w2,mom_only:0.8+lowvol,0.26350873960623367,1.111585873131597,-0.425138248251394
eq4,champ+champ_qtr+champ_tail+mom_fast,0.26344088764975204,1.4813995297512847,-0.33505686652185973
w3,champ_n20:0.34+mom_only:0.50+prox52:0.16,0.2634352824777677,1.2467086423963847,-0.41002290309879397
w3,champ_mid:0.34+mom_fast:0.50+lowmax:0.16,0.2634219737505026,1.2529937420629602,-0.34668683325689464
w2,mom_only:0.6+prox52,0.2634166379345402,1.1156687713256124,-0.519384509533985
w3,champ:0.20+mom_fast:0.33+momcons:0.47,0.2634015257485305,1.2475801360859007,-0.3884753761992734
eq4,champ+champ_n5+champ_qtr+mom_fast,0.2633903186642177,1.4374583834374846,-0.3259673837244432
eq4,champ+champ_n5+champ_n20+mom_fast,0.26335812644495427,1.4399606822783626,-0.3223869366517744
w3,champ_tail:0.34+mom_only:0.50+momcons:0.16,0.2633476805524131,1.2575205464880101,-0.37599029660494976
eq4,champ+champ_n5+champ_tail+mom_fast,0.26334229148984023,1.4722481902718898,-0.321923715910594
w2,champ:0.8+mom_only,0.2632637535025144,1.4897584466734686,-0.3258690957446849
eq3,champ+champ_qtr+mom_only,0.2631462161757099,1.4175219651388042,-0.3403292468009188
eq4,champ+champ_n20+champ_tail+mom_fast,0.26312424700851533,1.4723482104258818,-0.3325883289607363
w3,champ_qtr:0.50+mom_fast:0.33+prox52:0.17,0.26312083943213693,1.3291548600614906,-0.39711894685069193
eq5,champ_n5+champ_large+champ_mid+mom_only+mom_fast,0.26311911778167496,1.3652323534167239,-0.33169736818702866
w3,champ_mid:0.50+mom_fast:0.20+momcons:0.30,0.26310141996160086,1.4124774913244478,-0.3470627500746608
eq5,champ_qtr+champ_large+champ_mid+mom_only+mom_fast,0.26308595445923144,1.3672894692223834,-0.34211960407140385
eq5,champ_n20+champ_tail+mom_only+mom_fast+prox52,0.2630835221738186,1.3110274534049347,-0.4086039201668835
w3,champ:0.34+champ_qtr:0.33+mom_only:0.33,0.2630413664516815,1.4194421491168823,-0.34007268949070746
w3,champ_n20:0.20+champ_qtr:0.50+mom_fast:0.30,0.26302707890267274,1.4033908553116705,-0.34312594611114
w3,champ_n5:0.20+champ_qtr:0.50+mom_fast:0.30,0.2630045237952445,1.3965166125817663,-0.3355870828856712
w3,champ_qtr:0.50+champ_tail:0.20+mom_fast:0.30,0.2629522076338242,1.4245197222960388,-0.34278426163243514
eq3,champ+champ_n20+mom_only,0.2628958127277412,1.4131525811388375,-0.3356454624827211
eq3,champ+champ_n5+mom_only,0.26287024050334673,1.4019603706796862,-0.3228919290556448
eq5,champ+champ_n5+champ_qtr+champ_mid+mom_fast,0.26285451995812026,1.4937182135555396,-0.32224478364667564
eq5,champ+champ_n20+champ_qtr+champ_mid+mom_fast,0.26285164989231924,1.5012988020411884,-0.3299146734617209
w2,champ_qtr:0.7+mom_fast,0.2628290907088897,1.393710783865611,-0.3459214466463649
w3,champ_n20:0.50+champ_qtr:0.20+mom_fast:0.30,0.2628186289009298,1.4002253001824647,-0.3399035223727176
w3,champ:0.34+champ_n20:0.33+mom_only:0.33,0.2627981263597494,1.4152641116485511,-0.3354344178557712
w3,champ_n5:0.20+champ_n20:0.50+mom_fast:0.30,0.2627967414720682,1.3960859881300791,-0.3299847547727812
eq5,champ+champ_n5+champ_n20+champ_mid+mom_fast,0.2627695652439812,1.4934560053747012,-0.3193711238503124
w3,champ_tail:0.34+mom_only:0.50+prox52:0.16,0.26276947554617913,1.2565291492190052,-0.4119009834720313
w3,champ:0.34+champ_n5:0.33+mom_only:0.33,0.26276786816752185,1.4039433058829247,-0.32280665728666735
eq5,champ+champ_qtr+champ_tail+champ_mid+mom_fast,0.2627342241721289,1.526347635307118,-0.32958386792136596
eq5,champ_n20+champ_large+champ_mid+mom_only+mom_fast,0.2627253205882838,1.3582449618714796,-0.33932512388442193
eq4,champ_n5+champ_large+mom_only+mom_fast,0.2627237239510958,1.2748128987142355,-0.3377876656685771
eq4,champ_qtr+champ_large+mom_only+mom_fast,0.2627068180889509,1.2774168464320899,-0.35661485028076945
eq5,champ+champ_n5+champ_tail+champ_mid+mom_fast,0.2626934532454761,1.5199088503732268,-0.3190160065951614
eq3,champ+champ_tail+mom_only,0.26268063027581556,1.4464696930679795,-0.3351071378262128
w3,champ_n5:0.50+mom_fast:0.33+prox52:0.17,0.26259725189733785,1.3074278356713946,-0.3491593503010213
w3,champ:0.34+champ_tail:0.33+mom_only:0.33,0.26259721231816613,1.4489198941288652,-0.3349001035669773
eq5,champ_large+champ_tail+champ_mid+mom_only+mom_fast,0.26259064575430324,1.3750444974971947,-0.33900713975585683
w2,champ_mid:0.9+mom_only,0.26253619887771573,1.534264840133742,-0.3174229207624192
eq4,champ+champ_qtr+champ_mid+mom_only,0.262533907544382,1.491232669029921,-0.33219391537614207
w3,champ_n5:0.50+champ_tail:0.20+mom_fast:0.30,0.26248391470405497,1.3989911665260824,-0.31657861365016304
eq5,champ+champ_n20+champ_tail+champ_mid+mom_fast,0.2624673553424597,1.5177114987482272,-0.32709083691677443
w3,champ_n20:0.50+mom_fast:0.33+prox52:0.17,0.26246031876657616,1.3155993592130242,-0.3873053401827029
w3,champ_n5:0.50+champ_n20:0.20+mom_fast:0.30,0.2624554940337134,1.375731314305657,-0.3169813361158327
w3,champ_n5:0.50+champ_qtr:0.20+mom_fast:0.30,0.2624548344229314,1.3731715615024267,-0.3198744814994463
eq4,champ+champ_n5+champ_mid+mom_only,0.2624135513490162,1.4808829485225106,-0.3190064951259086
w3,champ_qtr:0.34+champ_mid:0.50+mom_fast:0.16,0.2623893094710845,1.5292120935452829,-0.3273131448348272
w2,champ_n20:0.7+mom_fast,0.2623427689333433,1.3864864050868904,-0.3401805949655473
eq4,champ+champ_n20+champ_mid+mom_only,0.2622925896721524,1.4851050908040828,-0.32865000850308923
w3,champ_n20:0.50+champ_tail:0.20+mom_fast:0.30,0.2622895041272426,1.4075589011291618,-0.340252393102737
eq4,champ_n20+champ_large+mom_only+mom_fast,0.26224397902134755,1.2680376172934686,-0.3498756509969736
w3,champ_n5:0.20+champ_large:0.33+mom_fast:0.47,0.26221222381460585,1.2344442214296358,-0.3401647337956424
w3,champ_qtr:0.20+champ_large:0.33+mom_fast:0.47,0.2621887436243975,1.2360414684404544,-0.35764511486508377
w3,champ_n5:0.34+champ_mid:0.50+mom_fast:0.16,0.2621847400980035,1.5120574758039462,-0.3096245398675028
w3,champ_n5:0.20+champ_large:0.20+mom_only:0.60,0.26214373557679505,1.203391935377605,-0.352770598094728
eq4,champ_large+champ_tail+mom_only+mom_fast,0.2621368080651585,1.2859314965275521,-0.35302330134160254
w2,mom_fast:0.4+momcons,0.2621346759297656,1.1487909618853798,-0.43654849346096514
eq4,champ+champ_tail+champ_mid+mom_only,0.2620685128974729,1.5120708453408178,-0.3282557953646703
eq4,champ_qtr+champ_mid+mom_fast+momcons,0.2620652404540982,1.3913165672636305,-0.3517812076739405
w3,champ_tail:0.50+mom_fast:0.33+momcons:0.17,0.2620538182926806,1.3338287424543913,-0.354144467322283
w3,champ_qtr:0.20+champ_large:0.20+mom_only:0.60,0.262052099822941,1.203449944844692,-0.37552000819273434
eq4,champ_n5+champ_mid+mom_fast+momcons,0.2619864271490402,1.3844280410467305,-0.3389711792371797
w3,champ_n20:0.34+champ_mid:0.50+mom_fast:0.16,0.2619815277302202,1.5165958091609808,-0.3232250666773958
w2,champ_large:0.3+mom_only,0.2618731175257891,1.1275591120774577,-0.4067247336116737
w3,champ_n20:0.20+champ_large:0.33+mom_fast:0.47,0.2618079578631378,1.2290424665516317,-0.35542065328768424
w3,champ_n5:0.20+champ_tail:0.50+mom_fast:0.30,0.2616936310657543,1.4152784563535292,-0.3301935389526538
eq5,champ+champ_mid+mom_only+mom_fast+amihud,0.2616911808757991,1.2454349443399484,-0.42345650267394785
w3,champ_large:0.34+mom_fast:0.50+momcons:0.16,0.26165078748752957,1.1751564900163298,-0.388454345681843
w3,champ_n5:0.20+mom_only:0.50+momcons:0.30,0.26165016900092075,1.2065384163972184,-0.3819774971000567
eq4,champ_n20+champ_mid+mom_fast+momcons,0.26164321635167664,1.3802217366200566,-0.35072990874214194
w3,champ_n20:0.20+champ_large:0.20+mom_only:0.60,0.261626446656843,1.1960499518305336,-0.37875571473248926
eq3,champ_qtr+mom_fast+momcons,0.26161948957060566,1.2845787123017633,-0.38303250568558045
w3,champ_qtr:0.20+champ_tail:0.50+mom_fast:0.30,0.2616128320230162,1.41592375310996,-0.3401518027047373
w3,champ_qtr:0.20+mom_only:0.50+momcons:0.30,0.26160688760447703,1.207670235296869,-0.4008249407734812
w3,champ_large:0.20+champ_tail:0.20+mom_only:0.60,0.2616057793648334,1.208826233535576,-0.3708469617372534
w3,champ:0.34+mom_only:0.50+amihud:0.16,0.26155011570816833,1.2055287177482303,-0.4287357435980277
w2,champ_n5:0.7+mom_fast,0.2615468975885862,1.3413274499639418,-0.30925824965448434
eq4,champ_mid+mom_only+mom_fast+amihud,0.26149615008535143,1.1443059654099632,-0.4806792209759637
w3,mom_fast:0.50+momcons:0.33+amihud:0.17,0.26149274346496054,1.0745286891366945,-0.5102411523655654
eq3,champ_n5+mom_fast+momcons,0.26141761129278573,1.2751174897006436,-0.35066069326608673
eq5,champ+champ_qtr+champ_large+mom_only+mom_fast,0.2613560320145314,1.3493354476625667,-0.343481822858796
eq5,champ+champ_n5+champ_large+mom_only+mom_fast,0.26133016423293287,1.3455617076992183,-0.333091922530226
w3,champ_qtr:0.34+mom_fast:0.33+momcons:0.33,0.2613131702622913,1.2871045767766545,-0.38182336764022573
w3,champ:0.34+mom_fast:0.50+lowmax:0.16,0.2612610683860843,1.247226411410948,-0.37083003618090626
w3,champ_n20:0.20+mom_only:0.50+momcons:0.30,0.2611618501163402,1.1997225334501482,-0.3959384589611006
w3,champ_n20:0.20+champ_tail:0.50+mom_fast:0.30,0.2611590551432046,1.4023241364805177,-0.34045261363469226
eq5,champ+champ_large+champ_tail+mom_only+mom_fast,0.26113835181605216,1.3657535726464123,-0.34035059031922954
w3,champ_mid:0.20+mom_fast:0.50+amihud:0.30,0.2611348969712075,1.069924919605941,-0.5180750800029517
eq4,champ_tail+champ_mid+mom_fast+momcons,0.26111876370077236,1.3902205601658892,-0.35084193598962976
w3,champ_mid:0.50+mom_fast:0.20+prox52:0.30,0.26110496672817507,1.3790909904696256,-0.3561572981964981
w3,champ_n5:0.34+mom_fast:0.33+momcons:0.33,0.2610994927336383,1.277166045233812,-0.34873105923801206
eq5,champ+champ_n20+champ_large+mom_only+mom_fast,0.2610863814622042,1.3433531898658793,-0.3406911124994839
w3,champ_tail:0.34+champ_mid:0.50+mom_fast:0.16,0.26106758948599285,1.5271572252348398,-0.32343577279378855
eq3,champ_n20+mom_fast+momcons,0.26104791178892284,1.2729044955243884,-0.37383011113041575
w3,champ:0.34+champ_large:0.20+mom_only:0.46,0.2610291104885616,1.299469914904557,-0.34280857450294266
w3,champ_mid:0.20+mom_fast:0.33+prox52:0.47,0.26093267281212773,1.2019196843251903,-0.48164248954332445
w3,champ_tail:0.20+mom_only:0.50+momcons:0.30,0.26092795826955517,1.208003327713138,-0.3984088839222901
w3,champ_tail:0.50+mom_fast:0.33+prox52:0.17,0.2608848983380594,1.3164551279473287,-0.39082708803352517
w3,champ_n20:0.34+mom_fast:0.33+momcons:0.33,0.2607387041370397,1.2753171050627778,-0.3724071617361421
w3,champ_large:0.34+mom_fast:0.50+prox52:0.16,0.2605058798193234,1.163006604940611,-0.42405484295209916
w3,champ:0.50+mom_fast:0.33+lowvol:0.17,0.2604977852654773,1.4265756581915947,-0.31750600163612175
w3,champ_n5:0.20+mom_only:0.50+prox52:0.30,0.26047241012281397,1.2025169651558856,-0.45113664298265954
eq4,champ_qtr+champ_mid+mom_fast+prox52,0.2604588575333091,1.3662403156326908,-0.37816456070599025
w3,champ_mid:0.34+mom_only:0.50+lowvol:0.16,0.260441832972923,1.3238533829488661,-0.3278921441701471
eq4,champ_n5+champ_mid+mom_fast+prox52,0.26042176594570643,1.361088942141055,-0.35361049402350175
eq5,champ_n5+mom_only+mom_fast+prox52+momcons,0.2604192375927217,1.2470649848012025,-0.425894048840351
eq5,champ_qtr+mom_only+mom_fast+prox52+momcons,0.2603950784533806,1.2487910603236207,-0.44336948609689264
w3,champ_qtr:0.20+mom_only:0.50+prox52:0.30,0.26038934715611495,1.2027581326748173,-0.46616234777496457
eq5,champ+champ_qtr+champ_mid+mom_fast+momcons,0.2603682284362039,1.4420401875947915,-0.3444141356814182
eq3,champ_tail+mom_fast+momcons,0.2602996672671687,1.281010530798796,-0.3775939969359341
eq5,champ+champ_n5+champ_mid+mom_fast+momcons,0.26028129835431435,1.4348367681777503,-0.3340864118128003
w2,champ:0.9+mom_fast,0.2602734554920574,1.506344441761766,-0.32016727437897474
eq5,champ+champ_n20+champ_mid+mom_fast+momcons,0.2601247632635859,1.4355715658312278,-0.3416328809006447
w3,champ_large:0.34+champ_tail:0.20+mom_fast:0.46,0.26010239340637087,1.244398025524408,-0.35151677393772296
eq4,champ+champ_qtr+mom_fast+momcons,0.2600788245265373,1.3736293308342067,-0.35345070720069294
w3,champ_mid:0.34+mom_only:0.33+momcons:0.33,0.2600226634192244,1.3159952769244498,-0.3568276455717819
eq4,champ_n20+champ_mid+mom_fast+prox52,0.26002180445684475,1.3551559703801839,-0.3716135152989992
eq3,champ_mid+mom_only+momcons,0.259990539584825,1.3122653893304397,-0.3573123666592136
eq4,champ+mom_only+mom_fast+amihud,0.25998074997952925,1.1413751830885153,-0.48916495012251504
w3,champ_tail:0.34+mom_fast:0.33+momcons:0.33,0.2599683382966562,1.2834912268109984,-0.37629333513304586
w3,champ:0.20+mom_fast:0.50+amihud:0.30,0.2599621881956151,1.0679910311312917,-0.5241498969035832
eq5,champ_n20+mom_only+mom_fast+prox52+momcons,0.25996021251583246,1.24009389478148,-0.43846645186076716
w3,champ_n20:0.20+mom_only:0.50+prox52:0.30,0.25992918602808524,1.1945374791283891,-0.463625250636425
eq5,champ+champ_tail+champ_mid+mom_fast+momcons,0.2599099942792902,1.4533066678411408,-0.3415755842508156
eq4,champ+champ_n5+mom_fast+momcons,0.2599082841893219,1.3639796764393581,-0.340690518731548
eq4,champ+champ_n20+mom_fast+momcons,0.25979875477209013,1.3674925053664173,-0.35046536619259616
w2,champ_tail:0.7+mom_fast,0.2597066774409633,1.374503065220668,-0.3406479959702544
w3,champ:0.50+champ_qtr:0.33+mom_fast:0.17,0.2596900989270037,1.4835679768449435,-0.3309914309556604
w2,champ_qtr:0.6+mom_only,0.25967230283381837,1.3484455244230775,-0.34959083842844796
w3,champ:0.50+champ_n20:0.33+mom_fast:0.17,0.2596519234223198,1.4876071184386388,-0.32630447239451266
w3,champ_tail:0.20+mom_only:0.50+prox52:0.30,0.25962944931570386,1.2013493766130952,-0.4646234879180199
eq5,champ_tail+mom_only+mom_fast+prox52+momcons,0.2596230186246098,1.24713903473984,-0.44051964176560954
w3,champ:0.20+mom_fast:0.33+prox52:0.47,0.2595957906978408,1.1970554130556161,-0.48926501521860866
eq5,champ_large+champ_mid+mom_only+mom_fast+momcons,0.25957651525356695,1.295477546560188,-0.3536784944266457
eq4,champ+champ_tail+mom_fast+momcons,0.25956624324150224,1.3873266400658792,-0.3505407573717563
w3,champ:0.50+champ_tail:0.33+mom_fast:0.17,0.2595424474339847,1.5334477564675228,-0.3257505939772829
w3,champ:0.50+mom_fast:0.20+momcons:0.30,0.259508737546841,1.3896227014224731,-0.3495216035920612
eq4,champ_tail+champ_mid+mom_fast+prox52,0.25942963563678845,1.3622961846355288,-0.374902223302888
w3,champ:0.50+champ_n5:0.33+mom_fast:0.17,0.25926102112309724,1.458829612736178,-0.31359165219580065
eq5,champ+champ_qtr+champ_mid+mom_fast+prox52,0.25923565755851175,1.4251476723136236,-0.3434908400062361
eq3,champ_qtr+mom_fast+prox52,0.2591921700677604,1.251007310309192,-0.45551773814675844
eq5,champ+champ_n5+champ_mid+mom_fast+prox52,0.25917549231915826,1.4192032969409296,-0.33313392107855533
w2,champ_n20:0.6+mom_only,0.2590663500479493,1.3366826121656594,-0.34123492264529487
eq3,champ_n5+mom_fast+prox52,0.2590643828351502,1.2440768981830346,-0.4268208928915782
eq5,champ+champ_n20+champ_mid+mom_fast+prox52,0.25898244285963457,1.4184927050630411,-0.347967396282436
w2,champ_n5:0.6+mom_only,0.258950091929115,1.3176337591594904,-0.3182714076943466
w3,champ_qtr:0.34+mom_fast:0.33+prox52:0.33,0.25892502004646945,1.2539531948040374,-0.45376307269012495
eq4,champ+champ_mid+mom_only+momcons,0.2588709505732627,1.4021651588937503,-0.34674742663498836
w3,champ_n5:0.34+mom_fast:0.33+prox52:0.33,0.25878617836428863,1.2466030413115896,-0.42439175891315406
eq5,champ+champ_tail+champ_mid+mom_fast+prox52,0.2587239122728131,1.433900417178207,-0.3403867354304978
eq3,champ_n20+mom_fast+prox52,0.25859414319615914,1.2394443955545411,-0.44750491312669305
eq4,champ+champ_qtr+mom_fast+prox52,0.2585497766086915,1.3515479485586979,-0.3922530063606333
w3,champ_qtr:0.50+champ_mid:0.20+mom_only:0.30,0.2585113937846122,1.4310333152629142,-0.34057766756565355
eq5,champ_large+champ_mid+mom_only+mom_fast+prox52,0.25851044888210395,1.2846967326752807,-0.3876357691669843
w3,champ_mid:0.34+mom_only:0.33+prox52:0.33,0.2584261148635376,1.3022964366174554,-0.409522506197349
eq4,champ+champ_n5+mom_fast+prox52,0.2584210562740803,1.343669107754972,-0.3684500571511502
eq3,champ_mid+mom_only+prox52,0.25837454413644334,1.2984311864263993,-0.4122202385463547
w3,mom_fast:0.50+prox52:0.33+amihud:0.17,0.25834888803611156,1.045162722356977,-0.5715214407426199
w3,champ_n20:0.34+mom_fast:0.33+prox52:0.33,0.25832383335500597,1.2422595858388523,-0.44556213171914094
eq4,champ+champ_n20+mom_fast+prox52,0.2582545147993798,1.3451626442034412,-0.3888775862120576
w3,champ_qtr:0.20+mom_fast:0.33+momcons:0.47,0.258252407586145,1.2294552298917085,-0.40295372966943677
eq3,champ_large+champ_mid+mom_fast,0.25824122919471604,1.347831286260772,-0.3366318631988099
w3,champ_n5:0.20+mom_fast:0.33+momcons:0.47,0.2582198095722621,1.2264597838550935,-0.3842583131375894
w3,champ:0.34+mom_only:0.50+lowvol:0.16,0.25818699273519674,1.3153057879111345,-0.32826041764739833
w3,champ_qtr:0.50+champ_mid:0.33+mom_fast:0.17,0.258083994644283,1.5001763354356898,-0.3322778435151654
w3,champ_n5:0.50+champ_mid:0.20+mom_only:0.30,0.2580435683813984,1.4041812528250508,-0.314255553186117
w3,champ_n20:0.50+champ_mid:0.20+mom_only:0.30,0.25799139446456776,1.4185394388011519,-0.3335446951719655
w3,champ_mid:0.20+mom_fast:0.50+lowvol:0.30,0.2579752626967673,1.2783842864715154,-0.3194432331891315
eq4,champ+champ_tail+mom_fast+prox52,0.25795350118212057,1.3617598362788288,-0.38811718028532205
eq5,champ+champ_large+mom_only+mom_fast+momcons,0.25793920644402646,1.2818917621126753,-0.3550204118731408
w3,mom_only:0.50+mom_fast:0.20+amihud:0.30,0.25789779193320683,1.0092269965552825,-0.5628705783052637
w3,champ_n20:0.20+mom_fast:0.33+momcons:0.47,0.2578432352784834,1.2216377516306423,-0.39769278603317293
eq4,champ+champ_mid+mom_only+prox52,0.2577981603536297,1.394683103851791,-0.3523080243338571
eq4,champ_mid+mom_only+mom_fast+lowvol,0.2577878300362477,1.3388567441289503,-0.31945526619774633
eq4,champ_large+mom_only+mom_fast+momcons,0.25776478346976095,1.1932963998634463,-0.39492395739495967
eq3,champ_tail+mom_fast+prox52,0.2577257671184028,1.2437657636326596,-0.4513252060415044
w3,champ:0.50+mom_fast:0.20+prox52:0.30,0.2576973960844602,1.3629646250994807,-0.3867940366648296
eq5,champ_n5+champ_n20+champ_qtr+champ_mid+mom_fast,0.25766330032547624,1.4739739438890924,-0.32359295423686474
w3,champ_n20:0.50+champ_mid:0.33+mom_fast:0.17,0.25766243341453654,1.4901047752493348,-0.32698245784400204
eq5,champ+champ_mid+mom_only+mom_fast+lowvol,0.25760358590266175,1.419306270301119,-0.31734275592282657
eq3,champ+mom_only+momcons,0.25759267651983486,1.2985071079407833,-0.3594878748749296
w3,champ:0.34+mom_only:0.33+momcons:0.33,0.2575774469590246,1.3019109341545874,-0.359047795085624
eq5,champ_n5+champ_qtr+champ_tail+champ_mid+mom_fast,0.2575620099342193,1.4991030039893567,-0.323240677543951
w3,champ_tail:0.20+mom_fast:0.33+momcons:0.47,0.2575124824505284,1.2284746212024003,-0.39970357106033694
w3,champ_n5:0.50+champ_mid:0.33+mom_fast:0.17,0.2575092362852902,1.4642663912071623,-0.3057453957057892
w3,champ_tail:0.34+mom_fast:0.33+prox52:0.33,0.2574321995215312,1.2465906484253646,-0.44947865880319227
eq5,champ_n5+champ_n20+champ_tail+champ_mid+mom_fast,0.2573556681951652,1.493303302070433,-0.3207868622519028
w2,champ_tail:0.6+mom_only,0.2573531088740395,1.3438807199769316,-0.34042009246893756
eq5,champ_n20+champ_qtr+champ_tail+champ_mid+mom_fast,0.257338288097706,1.4970107213803692,-0.33094911572780705
w3,champ_large:0.34+champ_mid:0.33+mom_fast:0.33,0.25733332980546675,1.3462843016962516,-0.33653588245273836
w3,mom_only:0.34+mom_fast:0.33+amihud:0.33,0.25724262893868977,0.999506211976231,-0.5736126163733393
eq4,champ+champ_large+champ_mid+mom_fast,0.2571294048444668,1.4203877907916476,-0.3296485765972226
w3,mom_fast:0.50+lowvol:0.20+momcons:0.30,0.25699448807254055,1.1780193912615877,-0.39448626970481093
eq4,champ_n5+champ_n20+champ_qtr+mom_fast,0.25696783388668765,1.4158101665742604,-0.32763853288186784
eq5,champ+champ_large+mom_only+mom_fast+prox52,0.25692270209606916,1.272578497726194,-0.3989090905294512
eq4,champ_n5+champ_qtr+champ_tail+mom_fast,0.2569123173367156,1.4461681154141277,-0.32717985638111113
w3,champ:0.20+champ_qtr:0.50+mom_only:0.30,0.25680355339471395,1.4109363017342804,-0.3419158761511113
eq3,mom_only+mom_fast+amihud,0.25675883682776157,0.9976630508944032,-0.5746884903716996
eq4,champ_n20+champ_qtr+champ_tail+mom_fast,0.2566976718631939,1.446389346401335,-0.33725018146855223
eq4,champ_n5+champ_n20+champ_tail+mom_fast,0.25669016734936756,1.4411027204351368,-0.3247592345100878
w3,champ:0.20+mom_fast:0.50+lowvol:0.30,0.25668894236771567,1.2744543092038976,-0.3261070954360368
w3,champ_tail:0.50+champ_mid:0.20+mom_only:0.30,0.2566467868337956,1.4303216962941634,-0.3333048781073843
w3,mom_only:0.50+prox52:0.20+momcons:0.30,0.2566460059959408,1.1426964262553545,-0.4713515453231256
eq5,champ_n5+champ_mid+mom_only+mom_fast+amihud,0.25660694944529916,1.2263614100523097,-0.42020999451765106
eq5,champ_qtr+champ_mid+mom_only+mom_fast+amihud,0.2565750074837019,1.227832276188647,-0.43661438316050805
w3,champ:0.20+champ_n20:0.50+mom_only:0.30,0.25650960153451297,1.4072089479544347,-0.33489227333165217
w3,champ_large:0.20+champ_mid:0.50+mom_only:0.30,0.2564694927572855,1.4161696479245298,-0.3312839370723193
w2,mom_fast:0.4+prox52,0.2564679224886386,1.0858090973975187,-0.5552252074397213
w2,mom_only:0.5+momcons,0.2564529381388425,1.1275997967337053,-0.4307722275714304
eq2,mom_only+momcons,0.2564529381388425,1.1275997967337053,-0.4307722275714304
eq4,champ_large+mom_only+mom_fast+prox52,0.2563410670234898,1.1804631924646107,-0.44853994559381827
w2,champ:0.9+mom_only,0.2562967577570434,1.4968220354625699,-0.3201908699907762
eq5,champ+champ_mid+mom_fast+prox52+momcons,0.25627053869794714,1.3591762108851237,-0.3694987423904468
eq4,champ_mid+mom_fast+prox52+momcons,0.2562230525368394,1.280501462687603,-0.41408559971292136
eq5,champ_n5+champ_qtr+champ_large+mom_only+mom_fast,0.2561958946786469,1.3261724618487718,-0.33727195746044825
w3,champ:0.20+champ_n5:0.50+mom_only:0.30,0.2561893590134934,1.379913713970191,-0.3156750674796239
eq4,champ+mom_only+mom_fast+lowvol,0.25615571304629126,1.3331525587134734,-0.3199283801629035
w3,champ_qtr:0.34+champ_mid:0.50+mom_only:0.16,0.2561258103252093,1.5190953464482,-0.32755556818952536
w3,champ:0.34+mom_only:0.33+prox52:0.33,0.25611923544039494,1.292155970867961,-0.42340705341204554
eq3,champ+mom_only+prox52,0.25611369128750594,1.2885439413387245,-0.4257868916484935
w3,champ_tail:0.50+champ_mid:0.33+mom_fast:0.17,0.25610026562163135,1.4948260247380403,-0.32731238465330126
eq5,champ_n20+champ_mid+mom_only+mom_fast+amihud,0.2560768616888154,1.2178889046236054,-0.4334624319816399
eq5,champ_n5+champ_large+champ_tail+mom_only+mom_fast,0.2560542665711474,1.3446181447585281,-0.3340903190608888
eq4,champ_n5+champ_qtr+champ_mid+mom_only,0.2560097031233399,1.4554924248964451,-0.32430597364352776
eq5,champ+champ_n5+champ_qtr+champ_tail+mom_fast,0.2560023459059013,1.4828819698557572,-0.32461401161374637
eq5,champ_n5+champ_n20+champ_large+mom_only+mom_fast,0.2559867586319613,1.3221042453219198,-0.3344520155164944
eq5,champ_qtr+champ_large+champ_tail+mom_only+mom_fast,0.25598087468287933,1.3453705676783114,-0.34450098355019154
w3,champ_n5:0.34+champ_mid:0.50+mom_only:0.16,0.2559582270548537,1.5031827161227131,-0.3098382339058109
eq5,champ_n20+champ_qtr+champ_large+mom_only+mom_fast,0.2559545208613192,1.3240427646987085,-0.34483887119040924
eq5,champ+champ_n20+champ_qtr+champ_tail+mom_fast,0.2559275500859668,1.4874299725254227,-0.33229382792054063
eq5,champ+champ_n5+champ_n20+champ_qtr+mom_fast,0.25591752461440986,1.4505894064083846,-0.32498915987054344
eq4,champ_n20+champ_qtr+champ_mid+mom_only,0.255891606252576,1.4598036967688048,-0.33389891599145516
eq5,champ+champ_n5+champ_n20+champ_tail+mom_fast,0.2558863848134414,1.4812109257006973,-0.3217609879981498
w3,mom_only:0.50+prox52:0.33+momcons:0.17,0.25586925545185846,1.1360951551708134,-0.49934778783351974
eq4,champ_n5+champ_n20+champ_mid+mom_only,0.255862468969869,1.453393113284813,-0.3207155928587605
w3,champ_n20:0.34+champ_mid:0.50+mom_only:0.16,0.2557423097402858,1.5072059061595684,-0.3230067070951993
w3,champ_mid:0.50+mom_only:0.33+amihud:0.17,0.25570176792061017,1.2914259401642265,-0.36806978700756454
eq4,champ_n5+champ_tail+champ_mid+mom_only,0.25566394035792195,1.4807029839423647,-0.32028780166914483
w3,champ:0.20+champ_tail:0.50+mom_only:0.30,0.25563113783512437,1.4371579662693192,-0.3341518232810412
w3,mom_only:0.50+mom_fast:0.20+lowvol:0.30,0.25563017859132464,1.1834476005214347,-0.37308175977221136
w3,mom_only:0.20+mom_fast:0.20+momcons:0.60,0.25563002183203,1.1543486339283235,-0.43105127886055594
eq4,champ_qtr+champ_tail+champ_mid+mom_only,0.2556288151142614,1.48470523447704,-0.3335087113693619
eq5,champ_n20+champ_large+champ_tail+mom_only+mom_fast,0.2555908996638032,1.3353304768748055,-0.3417269103997028
eq5,champ_tail+champ_mid+mom_only+mom_fast+amihud,0.25558858895650705,1.2210398397163345,-0.43469495063004504
w2,champ:0.1+champ_mid,0.25546381206443924,1.5393146879891169,-0.3109506843046258
w3,champ_mid:0.50+mom_only:0.20+momcons:0.30,0.2553495799688168,1.3992813066540475,-0.3462648348496017
eq3,champ+champ_large+mom_fast,0.2553165211167965,1.3166843469975928,-0.3371338062307473
w3,champ:0.34+champ_large:0.33+mom_fast:0.33,0.2553066165281759,1.3196108950866263,-0.3368441923722244
w3,mom_only:0.34+mom_fast:0.33+lowvol:0.33,0.25521703985310995,1.2002944884239641,-0.3630773334326657
eq4,champ_n20+champ_tail+champ_mid+mom_only,0.2551990005501723,1.469987927483046,-0.3299912102995717
eq5,champ+champ_qtr+mom_only+mom_fast+amihud,0.2551865860332623,1.2214771699259561,-0.44619405758313513
eq5,champ_n5+champ_qtr+champ_mid+mom_fast+momcons,0.2551656609460218,1.4149271224790956,-0.3382281488834886
eq5,champ+champ_n5+mom_only+mom_fast+amihud,0.2551599687309798,1.2186761952270901,-0.4288407229650718
w2,champ:0.2+champ_mid,0.25512237563528983,1.5529549671728493,-0.31073195600947723
eq5,champ+champ_n5+champ_qtr+champ_mid+mom_only,0.2550924898075504,1.482872794577986,-0.3223134104482831
eq5,champ+champ_n20+champ_qtr+champ_mid+mom_only,0.2550795304480591,1.4902583962225058,-0.3300048456549435
eq5,champ+champ_qtr+champ_tail+champ_mid+mom_only,0.2550316553838121,1.5195988884881126,-0.32967378786308554
eq5,champ+champ_n5+champ_n20+champ_mid+mom_only,0.2550244038761933,1.4833271986053682,-0.3194373341959136
eq5,champ+champ_n5+champ_tail+champ_mid+mom_only,0.255017716756909,1.5141360220149476,-0.31908194559145586
eq5,champ_n20+champ_qtr+champ_mid+mom_fast+momcons,0.25501123219703303,1.4157303038666493,-0.34574305623408474
eq5,champ_n5+champ_n20+champ_mid+mom_fast+momcons,0.2549825714759495,1.410857461815314,-0.33541778373369235
w3,champ_mid:0.34+mom_fast:0.20+momcons:0.46,0.2549309095076151,1.3222635476497662,-0.3613071363861504
w3,champ_tail:0.34+champ_mid:0.50+mom_only:0.16,0.2549262965393886,1.5227224100908705,-0.32347578303083047
w3,champ_n5:0.20+mom_fast:0.50+amihud:0.30,0.2548789514008232,1.0518537048811343,-0.5217236432158837
w3,champ_qtr:0.20+mom_fast:0.50+amihud:0.30,0.2548601083804303,1.0528055978834894,-0.5345813994346615
eq5,champ_n5+champ_tail+champ_mid+mom_fast+momcons,0.25478417201834946,1.428809326040252,-0.3354027391737966
eq5,champ+champ_n20+champ_tail+champ_mid+mom_only,0.25478275547998774,1.511370386247958,-0.32684436679776074
eq5,champ+champ_n20+mom_only+mom_fast+amihud,0.2547790867642119,1.213684419425023,-0.4416245433028779
eq5,champ_qtr+champ_tail+champ_mid+mom_fast+momcons,0.2547719372924655,1.4322812162583964,-0.3454318468483596
eq3,mom_only+mom_fast+lowvol,0.2547251914973858,1.200893267637128,-0.3621571330169596
w2,champ:0.3+champ_mid,0.254678836208283,1.561614890704799,-0.31052160832799025
eq5,champ+champ_tail+mom_only+mom_fast+amihud,0.2544768287600321,1.2212126845148246,-0.44390379345638764
w3,champ_n5:0.20+mom_fast:0.33+prox52:0.47,0.2544641503447749,1.1775409612393435,-0.4863629830662992
eq4,champ+mom_fast+prox52+momcons,0.2544576218130239,1.2711536993555737,-0.4274104436489694
w3,mom_fast:0.50+lowvol:0.20+prox52:0.30,0.2544450477753404,1.1466757709829534,-0.45923469656239535
w3,champ_qtr:0.20+mom_fast:0.33+prox52:0.47,0.2544348333168076,1.1788378461608953,-0.5003940334012584
eq5,champ_n20+champ_tail+champ_mid+mom_fast+momcons,0.25440813276646734,1.4208827849197354,-0.3455424803380104
eq2,champ_large+mom_fast,0.2543624931175352,1.1656829758118692,-0.36245655219805806
w2,champ_large:0.5+mom_fast,0.2543624931175352,1.1656829758118692,-0.36245655219805806
w3,mom_fast:0.34+prox52:0.20+momcons:0.46,0.2543603950927047,1.1554747611694245,-0.47274098420285326
eq3,champ_n20+champ_qtr+mom_only,0.2543399868634788,1.379677892654406,-0.34258598860193457
eq3,champ_n5+champ_qtr+mom_only,0.2543105716115037,1.3684782624513059,-0.3299219360627996
w3,champ_n20:0.20+mom_fast:0.50+amihud:0.30,0.2542507405429173,1.0452927148441724,-0.5326964899681335
eq3,champ_n5+champ_n20+mom_only,0.2542268889814796,1.3699996338683034,-0.3251561977028946
w3,champ:0.34+champ_qtr:0.50+mom_fast:0.16,0.2542025835605948,1.4636338465491865,-0.3339651689933536
w3,champ:0.34+champ_n20:0.50+mom_fast:0.16,0.2541768654481298,1.4711720043300585,-0.32687717184130627
w2,champ:0.4+champ_mid,0.2541333061564828,1.5649629323602805,-0.31031964570924264
w3,champ_n20:0.34+champ_qtr:0.33+mom_only:0.33,0.25406342364975965,1.3808806453144256,-0.34237453523548533
eq3,champ_n5+champ_tail+mom_only,0.2540566852047752,1.403480330198361,-0.3245584584808059
eq3,champ_qtr+champ_tail+mom_only,0.25405554575114175,1.4096898630390897,-0.3420547962135916
eq5,champ_n5+champ_qtr+champ_mid+mom_fast+prox52,0.25405279740233944,1.398947369766842,-0.33728043985669276
w3,champ_n5:0.34+champ_qtr:0.33+mom_only:0.33,0.25402136460660096,1.3689804496433706,-0.32945243251016076
w3,champ_n20:0.20+mom_fast:0.33+prox52:0.47,0.2540036552582037,1.1713618945751652,-0.4976503508794713
w3,champ_n5:0.34+champ_n20:0.33+mom_only:0.33,0.25394641264766227,1.3707686939010129,-0.32473137325757884
eq4,champ+champ_qtr+champ_tail+mom_only,0.2539195084307655,1.4751381033648936,-0.33515730788312126
eq4,champ+champ_n20+champ_qtr+mom_only,0.25389188312862343,1.4383737952033229,-0.3355829795730646
eq4,champ+champ_n5+champ_tail+mom_only,0.2538632667492646,1.4672390707526985,-0.321986646822895
eq5,champ_n20+champ_qtr+champ_mid+mom_fast+prox52,0.2538619658863004,1.3983141579189977,-0.34922727301978185
eq5,champ_n5+champ_n20+champ_mid+mom_fast+prox52,0.25385986274888817,1.3946215977666976,-0.33446230916740727
w3,champ_mid:0.50+mom_only:0.20+prox52:0.30,0.2538542943524271,1.3824629874512537,-0.3521422748706521
w3,champ_qtr:0.34+champ_tail:0.33+mom_only:0.33,0.2537994900100218,1.4112795220983194,-0.3419872365345983
w3,champ_n5:0.34+champ_tail:0.33+mom_only:0.33,0.2537908360798402,1.4045386560280122,-0.32413701908448944
w2,mom_only:0.5+prox52,0.2537839068601311,1.1088349169182923,-0.5345252187801985
eq2,mom_only+prox52,0.2537839068601311,1.1088349169182923,-0.5345252187801985
eq4,champ+champ_n5+champ_qtr+mom_only,0.2537776779121137,1.424953379594802,-0.3260345923362482
eq4,champ+champ_n5+champ_n20+mom_only,0.2537712648809958,1.4285774570668124,-0.32245032399458495
w3,champ_tail:0.20+mom_fast:0.50+amihud:0.30,0.2536479757311303,1.0448496794190316,-0.5331110305284711
eq4,champ+champ_n20+champ_tail+mom_only,0.25363078082744406,1.466677691979355,-0.3316454931560695
eq5,champ_n5+champ_tail+champ_mid+mom_fast+prox52,0.2536179393080491,1.4102919195436743,-0.33412596724662313
eq4,champ_n5+mom_only+mom_fast+amihud,0.25360017700448556,1.1189818018633004,-0.48559251362317957
eq4,champ_qtr+mom_only+mom_fast+amihud,0.25358484821535,1.1207105144556901,-0.5031384211361274
eq5,champ_qtr+champ_tail+champ_mid+mom_fast+prox52,0.2535791404031449,1.412571324182215,-0.3517595273822124
w3,champ_tail:0.20+mom_fast:0.33+prox52:0.47,0.253571445589603,1.1750996322998022,-0.49823274806225404
eq4,champ_n5+champ_qtr+mom_fast+momcons,0.25350502853156853,1.3394873660403899,-0.34581764220170674
w3,mom_fast:0.34+prox52:0.33+momcons:0.33,0.2534925172045046,1.1467189854825173,-0.4976208143259947
w2,champ:0.5+champ_mid,0.2534859216961083,1.5628216683777023,-0.3109526238193817
eq2,champ+champ_mid,0.2534859216961083,1.5628216683777023,-0.3109526238193817
eq3,champ_n20+champ_tail+mom_only,0.2534700080667609,1.3924205949729087,-0.3374175523665357
eq5,champ+champ_n5+champ_qtr+mom_fast+momcons,0.25342097611304015,1.393489793965106,-0.3395998572679332
eq5,champ+champ_n20+champ_qtr+mom_fast+momcons,0.25341519584494065,1.3997680847339729,-0.3470865470282184
w3,champ:0.34+champ_tail:0.50+mom_fast:0.16,0.25341041066577663,1.5128373932298316,-0.32611156328539115
eq4,champ_n20+champ_qtr+mom_fast+momcons,0.25339837152881284,1.3430542325942445,-0.35509200845624833
w3,champ:0.34+champ_n5:0.50+mom_fast:0.16,0.25337976951084906,1.4197931070491712,-0.30754979928940485
eq5,champ+champ_qtr+champ_tail+mom_fast+momcons,0.25336167658656383,1.4231967792668019,-0.3467529883331396
eq5,champ+champ_n5+champ_n20+mom_fast+momcons,0.2533280971087235,1.3928946386936234,-0.33679333795342725
eq4,champ_n5+champ_n20+mom_fast+momcons,0.25331912313324745,1.3365260071961138,-0.34286411380852433
eq5,champ+champ_n5+champ_tail+mom_fast+momcons,0.2533155342208082,1.4175084825936144,-0.33643597698535865
w3,champ_n20:0.34+champ_tail:0.33+mom_only:0.33,0.2532108750451665,1.3938941100617472,-0.33725616017373705
eq5,champ_n20+champ_tail+champ_mid+mom_fast+prox52,0.2532058955451295,1.4011963964770087,-0.34635171989065516
eq4,champ_qtr+champ_tail+mom_fast+momcons,0.25312746153099774,1.361243358667016,-0.35509362715963955
eq4,champ_n5+champ_tail+mom_fast+momcons,0.2531120087715635,1.356536122982175,-0.34291525677564727
eq5,champ+champ_n20+champ_tail+mom_fast+momcons,0.2530881990478211,1.415432352082977,-0.34530070377895095
w3,champ:0.50+champ_qtr:0.33+mom_only:0.17,0.2530287277223595,1.4708544239605554,-0.33105376404557874
w3,champ:0.50+champ_n20:0.33+mom_only:0.17,0.2530135437074912,1.4759946270272188,-0.326363528789533
w3,champ:0.50+champ_tail:0.33+mom_only:0.17,0.25300108396978227,1.5279497046897021,-0.32580936183255405
w2,champ_n5:0.1+champ_mid,0.25294657024535705,1.527965225925031,-0.30779461780551476
w2,champ_qtr:0.1+champ_mid,0.25292605296179205,1.529437064183158,-0.31306119890526807
eq4,champ_n20+mom_only+mom_fast+amihud,0.25290803734220635,1.1104090546757392,-0.5002856093403736
eq5,champ_n5+champ_large+mom_only+mom_fast+momcons,0.2528279669214748,1.2608220099432896,-0.3489159480740215
w3,champ_qtr:0.34+mom_only:0.50+amihud:0.16,0.25280867334644763,1.1751780077933882,-0.4510378090945859
eq5,champ_qtr+champ_large+mom_only+mom_fast+momcons,0.2528006446513469,1.2626396340248967,-0.3679470662266685
w2,champ_n20:0.1+champ_mid,0.2527899494987951,1.5245557444265048,-0.31170456921111855
w3,champ_n5:0.34+mom_only:0.50+amihud:0.16,0.2527636045858104,1.170929647451224,-0.423485962304312
w2,champ:0.6+champ_mid,0.25273684283390585,1.5551840033627469,-0.31164358416710947
eq4,champ_n20+champ_tail+mom_fast+momcons,0.2526594978153005,1.3485503326201924,-0.3554359812788518
w3,champ:0.50+champ_n5:0.33+mom_only:0.17,0.25263885236000383,1.4471472187138659,-0.3136197191731225
eq3,mom_fast+prox52+momcons,0.2526278948729852,1.146264543676798,-0.4978959220486112
eq5,champ+champ_qtr+champ_mid+mom_only+momcons,0.25260057937508473,1.4286677426410617,-0.3444831878596476
w2,champ_tail:0.1+champ_mid,0.2525987161261676,1.531831361185238,-0.3118426334633979
eq5,champ+champ_n5+champ_mid+mom_only+momcons,0.25254065257000824,1.4223090334447699,-0.334131757496438
w3,champ_qtr:0.34+mom_fast:0.50+lowmax:0.16,0.2525083000599837,1.2154616437235264,-0.38796326516152446
w3,champ:0.50+mom_only:0.33+amihud:0.17,0.2524931364224634,1.281573946483521,-0.3911318290935313
eq5,champ_n5+champ_mid+mom_only+mom_fast+lowvol,0.25247976016047446,1.3949937570168958,-0.3110791639938405
eq5,champ_qtr+champ_mid+mom_only+mom_fast+lowvol,0.25247662765997214,1.3985344086030276,-0.32159150681766246
eq5,champ_mid+mom_only+mom_fast+momcons+amihud,0.2524586123759438,1.160946992073162,-0.4640527163510335
eq4,champ_qtr+champ_mid+mom_only+momcons,0.25245695986548355,1.3765224510559007,-0.3518719005125823
w3,champ:0.50+champ_large:0.20+mom_only:0.30,0.25244248638193856,1.3758188897117807,-0.3337585379993938
eq5,champ_n20+champ_large+mom_only+mom_fast+momcons,0.25243431336343036,1.2548640399695725,-0.3623097320414356
w3,champ:0.34+mom_fast:0.20+momcons:0.46,0.25242846978183,1.3056296902216937,-0.36289302684070857
eq4,champ_n5+champ_mid+mom_only+momcons,0.2524202283450898,1.3708226529978522,-0.339025233285267
w3,champ_mid:0.20+mom_only:0.33+momcons:0.47,0.25238697406316546,1.235499837478372,-0.36870401031987377
eq5,champ+champ_n20+champ_mid+mom_only+momcons,0.25237500687843784,1.4226657493666743,-0.3416996244345416
eq5,champ_large+champ_tail+mom_only+mom_fast+momcons,0.25236396208956835,1.2701051522083906,-0.3643404189384096
eq5,champ+champ_n5+champ_qtr+mom_fast+prox52,0.25235734939583887,1.3797219581152556,-0.34694526171233897
w3,champ_n5:0.34+mom_fast:0.50+lowmax:0.16,0.2523277907212287,1.2075443796677343,-0.3549839780185208
eq5,champ+champ_n20+champ_qtr+mom_fast+prox52,0.2523150553779092,1.3844646891351753,-0.36078295315746256
w3,champ_large:0.20+champ_tail:0.33+mom_only:0.47,0.2522852907532376,1.274328040744473,-0.34512099184472966
eq5,champ+champ_n5+champ_n20+mom_fast+prox52,0.2522545594064314,1.37877959552352,-0.3419217696193798
w3,champ_qtr:0.34+champ_large:0.20+mom_only:0.46,0.25225350744638275,1.265732005819059,-0.3498595520744404
eq4,champ_tail+mom_only+mom_fast+amihud,0.25225003639995913,1.1118921043437793,-0.501654787300065
eq5,champ+champ_tail+champ_mid+mom_only+momcons,0.25223020900727144,1.4438772758846532,-0.34138556785240504
eq5,champ+champ_qtr+champ_tail+mom_fast+prox52,0.252217637089307,1.4054933240005587,-0.36297278976147873
w3,champ_n5:0.34+champ_large:0.20+mom_only:0.46,0.25220701875020235,1.2601324589143232,-0.33220533832720633
eq5,champ+champ_n5+champ_tail+mom_fast+prox52,0.2521981100359023,1.40104164962586,-0.34289144899517277
eq5,champ_n20+champ_mid+mom_only+mom_fast+lowvol,0.25210006048375,1.387281587434863,-0.3188416847206009
w3,champ_n20:0.34+mom_only:0.50+amihud:0.16,0.2520660978718756,1.1623061549180749,-0.44545239388635105
eq4,champ_n20+champ_mid+mom_only+momcons,0.2520638760998879,1.3659051931517756,-0.3484255719571936
eq4,champ_n5+champ_qtr+mom_fast+prox52,0.2520072917205207,1.318794502229143,-0.38711691479077626
w2,champ_mid:0.9+momcons,0.25198832244460645,1.5109733256257476,-0.31886532781731947
eq5,champ+champ_n20+champ_tail+mom_fast+prox52,0.25193463859501053,1.3975943169669371,-0.3575441184141108
w2,champ:0.7+champ_mid,0.25188625330558745,1.5422150604570672,-0.3123433802130844
eq4,champ_n20+champ_qtr+mom_fast+prox52,0.2518438395156064,1.320358107203547,-0.40352215767211763
w3,champ_n20:0.34+mom_fast:0.50+lowmax:0.16,0.25183527070463674,1.2026639992764148,-0.38350792982061044
eq5,champ_n5+champ_large+mom_only+mom_fast+prox52,0.2518304947289085,1.252029286466339,-0.39473222040518474
eq4,champ_n5+champ_n20+mom_fast+prox52,0.2518059997997457,1.315460780216027,-0.3799641342099789
eq5,champ+champ_qtr+champ_mid+mom_only+prox52,0.2518009480774366,1.424399277414787,-0.34357842456414056
eq5,champ_qtr+champ_large+mom_only+mom_fast+prox52,0.25177667293591566,1.253087952888296,-0.41318377096000947
eq5,champ+champ_n5+champ_mid+mom_only+prox52,0.2517676664332644,1.4191607298620714,-0.33319798319272365
w3,champ_n20:0.34+champ_large:0.20+mom_only:0.46,0.25174378718569224,1.2554263627055218,-0.3451424205900835
w3,champ:0.50+mom_only:0.20+momcons:0.30,0.2517357468952661,1.374479210055547,-0.3495560560529396
eq5,champ_tail+champ_mid+mom_only+mom_fast+lowvol,0.25167602358052243,1.3958958695876185,-0.3190847869401743
w3,champ_qtr:0.50+mom_only:0.33+momcons:0.17,0.2516591001239201,1.326746638152409,-0.35684648998970425
eq4,champ_tail+champ_mid+mom_only+momcons,0.2516504910143369,1.3802960993489841,-0.3480613027292051
w3,champ_qtr:0.50+champ_tail:0.20+mom_only:0.30,0.25162135131285224,1.4163869587565918,-0.3429277645222629
w3,champ_n20:0.20+champ_qtr:0.50+mom_only:0.30,0.2515926496850367,1.3898592896683164,-0.34326992058025896
w3,champ_n5:0.20+champ_qtr:0.50+mom_only:0.30,0.25158548566592853,1.3831553484299324,-0.33569952081584187
eq5,champ+champ_n20+champ_mid+mom_only+prox52,0.25156545713186396,1.4180271694635618,-0.3407873252616488
w3,champ_qtr:0.20+mom_fast:0.50+lowvol:0.30,0.25155950885845546,1.2552812310974917,-0.3381975611904684
w2,champ_mid:0.9+prox52,0.2515510032350503,1.5067570523551683,-0.3189430255580584
w3,champ_n5:0.20+mom_fast:0.50+lowvol:0.30,0.2515354216863359,1.2521801145790303,-0.31737087671992736
eq4,champ_n5+champ_tail+mom_fast+prox52,0.25153084845182905,1.332320512098237,-0.38278355133488906
eq4,champ_qtr+champ_tail+mom_fast+prox52,0.25150488438596885,1.3353845733901335,-0.40634720098203936
w3,champ_mid:0.34+mom_fast:0.20+prox52:0.46,0.25148204550356246,1.2668565676060777,-0.43846208423656174
w3,champ_qtr:0.50+mom_fast:0.33+amihud:0.17,0.2514697897269187,1.2354898585177108,-0.43515567648412
w3,champ_qtr:0.50+champ_mid:0.33+mom_only:0.17,0.2514494431714285,1.4887257910261409,-0.3323741350587307
w3,champ_n5:0.20+champ_n20:0.50+mom_only:0.30,0.2514409247600602,1.3849357562579239,-0.3286023365514962
w3,champ_n20:0.50+champ_qtr:0.20+mom_only:0.30,0.2514228753446679,1.387872167947924,-0.33906909519867234
w3,champ_mid:0.50+mom_only:0.33+lowvol:0.17,0.2514124728610567,1.4343880895320331,-0.31625658180675487
eq5,champ_n20+champ_large+mom_only+mom_fast+prox52,0.2514006157467257,1.245189238782003,-0.40792270730092794
eq5,champ+champ_tail+champ_mid+mom_only+prox52,0.25137701939339685,1.4373079614401068,-0.340471877202319
eq4,champ_n5+champ_mid+mom_only+prox52,0.2513763944743628,1.3643011749252563,-0.34789624857928647
w2,champ_qtr:0.7+mom_only,0.2513718877199309,1.378771411536209,-0.3460686920222972
eq4,champ_qtr+champ_mid+mom_only+prox52,0.25137162179398964,1.3684265330988947,-0.37128349332109656
w3,mom_fast:0.34+prox52:0.50+momcons:0.16,0.25129067088708856,1.1159202181584698,-0.5317475627309436
eq5,champ_large+champ_tail+mom_only+mom_fast+prox52,0.251286213180832,1.258940717143861,-0.40993676090753084
w3,champ_tail:0.34+mom_only:0.50+amihud:0.16,0.2512862088860275,1.167665325239037,-0.44758817660586003
w3,champ_n5:0.50+champ_tail:0.20+mom_only:0.30,0.2512570270961041,1.3928438946268946,-0.31663236062586664
w3,champ_n5:0.50+mom_only:0.33+momcons:0.17,0.25119343275703243,1.3047245940362955,-0.33111650146072236
eq5,champ+mom_only+mom_fast+momcons+amihud,0.2511622706983525,1.1567782047111959,-0.4728782447021902
eq5,champ_qtr+champ_mid+mom_fast+prox52+momcons,0.25114172714650485,1.3388586347269058,-0.3844304862643517
eq5,champ_n5+champ_mid+mom_fast+prox52+momcons,0.2511345422588547,1.335431233324577,-0.3651262189225938
w3,champ_n20:0.20+mom_fast:0.50+lowvol:0.30,0.2511318685728088,1.2459451125402292,-0.33412370207141195
w3,champ_n5:0.50+champ_n20:0.20+mom_only:0.30,0.25112550780994636,1.3641680244529544,-0.31703563549117164
eq5,champ_mid+mom_only+mom_fast+prox52+amihud,0.251112516644284,1.1469395982401858,-0.5068691344075709
w3,champ_n5:0.50+champ_qtr:0.20+mom_only:0.30,0.2511003046327065,1.3606089818532314,-0.31993260053488026
w3,champ_n20:0.50+mom_only:0.33+momcons:0.17,0.2510933327925742,1.3148151735858762,-0.3499697507833006
w3,champ_qtr:0.50+mom_only:0.33+prox52:0.17,0.2510703358636386,1.3264066710054132,-0.38844025946795235
w3,champ_n20:0.50+champ_mid:0.33+mom_only:0.17,0.25106471737182723,1.4799785260385565,-0.32527090033625217
w3,champ_n20:0.50+champ_tail:0.20+mom_only:0.30,0.25102591057587276,1.4006337333902936,-0.33594592615972707
eq4,champ_n20+champ_tail+mom_fast+prox52,0.251022347132843,1.3228146102632359,-0.4001399826711367
eq5,champ+champ_qtr+mom_only+mom_fast+lowvol,0.251015510139468,1.3877517034580946,-0.3229881702826304
w2,mom_fast:0.6+amihud,0.2510097998269001,0.9405488267981561,-0.600618260062826
eq5,champ+champ_qtr+champ_large+champ_mid+mom_fast,0.2510050427560391,1.4365502344105476,-0.33078761227204045
w2,champ_n20:0.7+mom_only,0.2509757859688113,1.374233675431605,-0.3362668465757277
w3,mom_only:0.20+mom_fast:0.20+prox52:0.60,0.25096907408477853,1.1041019502853244,-0.5515719043649384
eq4,champ_n20+champ_mid+mom_only+prox52,0.2509631294686825,1.3573909651637346,-0.3660874140301501
eq5,champ+champ_n5+mom_only+mom_fast+lowvol,0.25096034959499214,1.3821521508211585,-0.312334077647199
w3,champ_qtr:0.50+champ_large:0.20+mom_fast:0.30,0.25095829468264985,1.3370721460298094,-0.3440358240435326
w3,champ_n5:0.50+mom_fast:0.33+amihud:0.17,0.2509557677852525,1.2171058038509515,-0.3904186884088865
eq5,champ+champ_n5+champ_large+champ_mid+mom_fast,0.2509483927052605,1.4301988222132067,-0.32023678230742847
w2,champ:0.8+champ_mid,0.2509343605053802,1.5242393335821827,-0.3130519834487906
w3,champ_n5:0.50+champ_mid:0.33+mom_only:0.17,0.2509336941124878,1.4543746611661876,-0.30579049558064275
w3,champ:0.20+mom_only:0.33+momcons:0.47,0.2509185549424606,1.226863449315183,-0.3801247693990606
eq5,champ+champ_large+champ_tail+champ_mid+mom_fast,0.25082675931333354,1.4608666661758798,-0.3276238220117279
eq5,champ+champ_n20+champ_large+champ_mid+mom_fast,0.2508191265551918,1.4320740147212219,-0.3279536394039575
w3,champ_tail:0.34+mom_fast:0.50+lowmax:0.16,0.2507953249867816,1.2029573232897472,-0.3839876854168346
eq5,champ_n20+champ_mid+mom_fast+prox52+momcons,0.2507917540718356,1.3298324259651804,-0.3789107187872951
eq5,champ_n5+champ_n20+champ_qtr+champ_tail+mom_fast,0.25078673770311144,1.4605327266796693,-0.32597382284549514
eq5,champ+champ_n20+mom_only+mom_fast+lowvol,0.2507292035315145,1.3799540633644622,-0.32011779110327887
eq4,champ_qtr+champ_large+champ_mid+mom_fast,0.25071909923870406,1.394083684536784,-0.3348825395461117
eq4,champ_n5+champ_large+champ_mid+mom_fast,0.2506873633518454,1.3883409434411078,-0.32172550574719083
w3,champ_n5:0.50+mom_only:0.33+prox52:0.17,0.250661525975745,1.3060876869822855,-0.3396737943505883
w3,champ_n20:0.50+mom_fast:0.33+amihud:0.17,0.2506601374523352,1.2200293285376034,-0.42328230368567077
w3,champ_tail:0.20+mom_fast:0.50+lowvol:0.30,0.2506240567547722,1.2491147638784095,-0.3356049179137336
w3,champ_n5:0.20+champ_tail:0.50+mom_only:0.30,0.2506047845968997,1.415858941386978,-0.32780899456615464
w3,champ_n20:0.50+champ_large:0.20+mom_fast:0.30,0.250497884252296,1.32834393955398,-0.3407660277273826
eq5,champ+champ_tail+mom_only+mom_fast+lowvol,0.2504906206294135,1.395540249730322,-0.31978082375714023
w3,champ_qtr:0.20+champ_tail:0.50+mom_only:0.30,0.2504844957881913,1.415009153751891,-0.3383347224250206
w3,champ_n20:0.50+mom_only:0.33+prox52:0.17,0.2504833887808544,1.3137819595363496,-0.3751820812531873
eq4,champ_tail+champ_mid+mom_only+prox52,0.2504821479669015,1.3691237892729435,-0.36797253909250416
eq4,champ+champ_qtr+mom_only+momcons,0.2504587452087883,1.357393709189162,-0.35351926550959245
w3,champ_n5:0.50+champ_large:0.20+mom_fast:0.30,0.250453499884592,1.3132887653986913,-0.31787446325307
w3,champ_large:0.34+champ_mid:0.20+mom_only:0.46,0.25042477854780243,1.25384104335206,-0.34308294979468246
w3,champ:0.50+mom_only:0.20+prox52:0.30,0.2504242064038835,1.3643588921175578,-0.3768980189472989
eq5,champ_tail+champ_mid+mom_fast+prox52+momcons,0.2504130041744481,1.3385921238391099,-0.3810444008719839
eq4,champ_n20+champ_large+champ_mid+mom_fast,0.2503879933182762,1.3852777370406313,-0.3334880438366352
eq4,champ+champ_n5+mom_only+momcons,0.25033087735629556,1.3488128481615544,-0.34072210889335175
w2,champ_n5:0.7+mom_only,0.25024015717845804,1.328315406147993,-0.3092787220299431
w2,champ_qtr:0.8+mom_fast,0.25021503254633726,1.406377134988043,-0.34242897997375465
eq4,champ_large+champ_tail+champ_mid+mom_fast,0.2502129675212519,1.4101660214328031,-0.3335887357132946
eq4,champ+champ_n20+mom_only+momcons,0.250206432282128,1.3519168130864214,-0.3500786646578308
eq4,champ+champ_tail+mom_only+momcons,0.2500827823595595,1.3764842917557947,-0.3496795329198691
eq5,champ_n5+champ_qtr+mom_only+mom_fast+amihud,0.2500728404423225,1.2010769548015368,-0.44240992398106704
w3,mom_fast:0.50+momcons:0.20+amihud:0.30,0.25006454265068356,1.0028393607490234,-0.5582875171159735
w3,champ_n20:0.20+champ_tail:0.50+mom_only:0.30,0.2500592458373172,1.4012258438695986,-0.33555415169002845
w2,champ_n20:0.8+mom_fast,0.25004755420546965,1.412225057832119,-0.33484905172883195
w2,champ_qtr:0.2+champ_mid,0.2500355914247365,1.5321401311613618,-0.31494796241737355
w3,champ:0.20+champ_large:0.33+mom_only:0.47,0.2500229619614498,1.2365728160979614,-0.34488557931288644
w2,champ_n5:0.2+champ_mid,0.2500082610803458,1.5256101663772839,-0.3044102618018466
eq5,champ_n5+champ_n20+champ_qtr+champ_mid+mom_only,0.24994189884761142,1.4631758566889557,-0.32367789026521043
eq5,champ_n5+champ_qtr+champ_tail+champ_mid+mom_only,0.249909831974648,1.4925640652754373,-0.32332531929805153
w3,champ_tail:0.50+mom_only:0.33+momcons:0.17,0.24990657477172906,1.328270947665013,-0.3492742946648363
w2,champ:0.9+champ_mid,0.24988139540670806,1.5017151146030376,-0.31376936510840525
eq5,champ+mom_only+mom_fast+prox52+amihud,0.24986537358235394,1.1437290194270895,-0.5138497535029192
w2,champ_n20:0.2+champ_mid,0.24981081779806402,1.5245699225430513,-0.3122373079837666
w3,champ_mid:0.20+mom_only:0.33+prox52:0.47,0.2497626329094016,1.2092833601906112,-0.47628879542679425
w2,mom_fast:0.6+lowvol,0.2497379348408686,1.1663729078744975,-0.3516169603271353
eq4,champ_qtr+mom_only+mom_fast+lowvol,0.24973682023206578,1.307728895690491,-0.33477976184770153
eq5,champ_n5+champ_n20+mom_only+mom_fast+amihud,0.2497260793459417,1.1947623339021178,-0.43789624249324655
eq5,champ_n5+champ_n20+champ_tail+champ_mid+mom_only,0.24972103558313807,1.4872745762467867,-0.32046612733313806
eq4,champ_n5+mom_only+mom_fast+lowvol,0.249707285619299,1.3031625055195717,-0.3119061279915242
eq5,champ_n20+champ_qtr+mom_only+mom_fast+amihud,0.24969499781366244,1.196175331616143,-0.4549549054355939
eq5,champ_n20+champ_qtr+champ_tail+champ_mid+mom_only,0.24967727016844665,1.4899131199035036,-0.33105510163665386
w3,champ_tail:0.50+champ_mid:0.33+mom_only:0.17,0.24965593881770065,1.4919305544412356,-0.32523598141699317
w3,champ_large:0.20+champ_tail:0.50+mom_fast:0.30,0.24961351467211346,1.3530174711600447,-0.3410087542695497
eq5,champ+champ_qtr+mom_fast+prox52+momcons,0.24959588267304,1.326035460828185,-0.39583540149464136
eq4,champ+champ_mid+mom_fast+amihud,0.24953945579888903,1.2389321908401763,-0.41868490570792505
eq5,champ+champ_n5+mom_fast+prox52+momcons,0.24953048011234125,1.3208429592599777,-0.3769432645134788
eq4,champ+champ_qtr+mom_only+prox52,0.24944995238166956,1.3520268475814141,-0.38517941152115787
eq5,champ_n5+champ_tail+mom_only+mom_fast+amihud,0.24944048249161233,1.2024998196654204,-0.4399626662981193
w3,champ_qtr:0.34+mom_only:0.50+lowvol:0.16,0.24943177968402885,1.2808178271132864,-0.3391033822802808
w2,champ_tail:0.2+champ_mid,0.24937452225944323,1.5367334033143232,-0.31251963614430045
eq5,champ_qtr+champ_tail+mom_only+mom_fast+amihud,0.24936865052117052,1.203004996074873,-0.45716898275868567
eq4,champ+champ_n5+mom_only+prox52,0.24936365240856406,1.344954021287265,-0.36110808579394216
w3,champ_n5:0.34+mom_only:0.50+lowvol:0.16,0.2493476426121053,1.273753774631053,-0.31744963065916254
eq5,champ+champ_n20+mom_fast+prox52+momcons,0.24933600923897203,1.3200627004212524,-0.3903094749640357
w2,champ_large:0.4+mom_only,0.24929555815642757,1.1389015589395062,-0.38109511024648113
w2,mom_only:0.7+amihud,0.24926698901437838,0.9805961780235661,-0.5621913873135984
eq4,champ_n20+mom_only+mom_fast+lowvol,0.24924926178955542,1.2956357986681224,-0.32789179127382617
w3,champ_tail:0.50+mom_only:0.33+prox52:0.17,0.24920469002209078,1.3242656561807964,-0.38202529727422285
eq4,champ+champ_n20+mom_only+prox52,0.2491821244150323,1.346052207227843,-0.37835846101715775
w3,champ_large:0.20+mom_only:0.50+momcons:0.30,0.24917411115951116,1.148962269037344,-0.3981817816162533
w3,champ:0.34+mom_fast:0.20+prox52:0.46,0.24917221633349462,1.2563709214855614,-0.45216041898952364
eq5,champ+champ_tail+mom_fast+prox52+momcons,0.24914230873620546,1.3348303080315806,-0.3922217403777568
w3,champ:0.20+champ_qtr:0.20+champ_mid:0.60,0.2491125060614734,1.5473475580921254,-0.31453160414395875
w3,champ:0.20+champ_n5:0.20+champ_mid:0.60,0.24902714435542062,1.5375125122053293,-0.3039934185428085
eq3,champ_qtr+mom_only+momcons,0.24901871629155004,1.2652940333183484,-0.3743798747983974
w3,champ_large:0.34+mom_fast:0.50+amihud:0.16,0.24899818599784318,1.0878508747210316,-0.45898252222342806
w2,mom_fast:0.3+momcons,0.2489959865195268,1.135528941718539,-0.4311422534789493
eq4,champ+champ_tail+mom_only+prox52,0.2489902166010216,1.367971698662297,-0.381322670111482
eq5,champ_mid+mom_only+mom_fast+lowvol+momcons,0.2489793604083841,1.3154333093843702,-0.3335127401539546
w3,champ:0.20+champ_n20:0.20+champ_mid:0.60,0.24897749933182656,1.5443088736206367,-0.31181161563325466
w3,champ_tail:0.50+mom_fast:0.33+amihud:0.17,0.24891143992585096,1.2152405309721326,-0.42955682990339683
eq3,champ_n5+mom_only+momcons,0.24889267606042265,1.2573740063166272,-0.34937228966520006
eq5,champ+champ_mid+mom_only+prox52+momcons,0.24885892326990278,1.3552539830519044,-0.3638637385601159
w3,champ_n20:0.34+mom_only:0.50+lowvol:0.16,0.24885394304820374,1.2678539254776187,-0.34276339004227474
eq5,champ_n20+champ_tail+mom_only+mom_fast+amihud,0.24884230358384585,1.1924686043264863,-0.45281651480457474
w3,champ_qtr:0.34+mom_only:0.33+momcons:0.33,0.24883123696362763,1.267899695394008,-0.37323905705939164
w3,champ:0.20+champ_tail:0.20+champ_mid:0.60,0.24872656606721066,1.5675931090172506,-0.31207159041910915
w2,champ_tail:0.7+mom_only,0.24872165190014006,1.375097046563067,-0.3353530558461032
w3,champ_n5:0.34+mom_only:0.33+momcons:0.33,0.2486941942254146,1.2595200687483958,-0.3487222614848743
eq4,champ_tail+mom_only+mom_fast+lowvol,0.24869049705807855,1.3029766300865955,-0.33151747055533165
eq3,champ_n20+mom_only+momcons,0.2484986472713473,1.2543019123649801,-0.3649997725254618
w2,champ_n5:0.8+mom_fast,0.2484814176681578,1.3301571672861197,-0.30019357498483534
w3,champ_large:0.50+mom_only:0.20+mom_fast:0.30,0.2484790167451325,1.1872459487416356,-0.35514921951888145
eq4,champ+champ_qtr+champ_large+mom_fast,0.24842706859715702,1.3632037350040338,-0.33660963443581704
w3,champ:0.20+mom_only:0.33+prox52:0.47,0.24840984852368697,1.2035423542621548,-0.4838761191657379
eq4,champ+champ_large+champ_tail+mom_fast,0.24835016607804472,1.3946431256577736,-0.33329075871080704
eq5,champ+champ_n5+champ_qtr+champ_tail+mom_only,0.24834273926030592,1.4750078674239564,-0.32468379512268675
eq5,champ+champ_large+champ_mid+mom_fast+momcons,0.24833679147303478,1.375368944425731,-0.34256451131156074
w3,champ_n20:0.34+mom_only:0.33+momcons:0.33,0.2483086855110086,1.256817396742599,-0.36364287284589614
eq4,champ+champ_n5+champ_large+mom_fast,0.24830411652825357,1.3546342489434513,-0.32350382738648187
eq5,champ+champ_n20+champ_qtr+champ_tail+mom_only,0.24825819603926358,1.4792826067208935,-0.3323850997889317
eq5,champ_n5+champ_n20+champ_qtr+mom_fast+momcons,0.24824477330230965,1.3731377768698945,-0.3409233578541109
eq5,champ+champ_n5+champ_n20+champ_tail+mom_only,0.2482437198494436,1.4740178627082965,-0.32182839757281057
eq4,champ+champ_n20+champ_large+mom_fast,0.248236433300018,1.3598565957642548,-0.3332672655944571
w3,champ:0.34+champ_qtr:0.20+champ_mid:0.46,0.24822479835395295,1.5451129285337015,-0.31547427227297575
eq5,champ_n5+champ_qtr+champ_tail+mom_fast+momcons,0.24820698697632393,1.3965391269983958,-0.3405688095287802
eq5,champ+champ_n5+champ_n20+champ_qtr+mom_only,0.24818985226607593,1.4383852152429046,-0.3250592296826226
w3,mom_fast:0.50+prox52:0.20+amihud:0.30,0.24816445026368172,0.9870501296330485,-0.5942262504966276
w3,champ_tail:0.34+mom_only:0.50+lowvol:0.16,0.24816096600516557,1.2789752260268576,-0.3347026629140126
w3,champ:0.34+champ_n20:0.20+champ_mid:0.46,0.24815253068261356,1.545475539932027,-0.31258348551507475
w3,champ:0.34+champ_n5:0.20+champ_mid:0.46,0.24809879133357193,1.5331386118730643,-0.30473406489005883
w3,champ:0.34+champ_mid:0.50+momcons:0.16,0.24805511194094199,1.5218647854197198,-0.3238947487966263
w3,champ:0.50+mom_only:0.33+lowvol:0.17,0.2480513538710729,1.4177950652896285,-0.3175336243193221
eq4,champ_qtr+mom_fast+prox52+momcons,0.24803602517200418,1.2464786190996975,-0.44435513516560765
w3,champ:0.34+champ_tail:0.20+champ_mid:0.46,0.24803121667092176,1.5764595493682103,-0.31226451301948355
eq5,champ_large+mom_only+mom_fast+prox52+momcons,0.24802292365954526,1.1872697033844002,-0.4410287331840306
w2,champ_mid:0.8+momcons,0.24800359468440547,1.4870248488773703,-0.3264954206071434
eq5,champ_n5+champ_n20+champ_tail+mom_fast+momcons,0.24799366684985236,1.391212236187167,-0.3391588345083051
eq4,champ_n5+mom_fast+prox52+momcons,0.24799038039471144,1.2421238978830673,-0.42249722408899903
w3,champ_large:0.20+mom_only:0.50+prox52:0.30,0.24798522601459982,1.1444360635437856,-0.46165987609206105
eq5,champ_n20+champ_qtr+champ_tail+mom_fast+momcons,0.24798205489716363,1.394556569620282,-0.3489716980385319
w3,champ:0.34+champ_n20:0.50+mom_only:0.16,0.24794777163549675,1.4597503286074422,-0.32694431730122064
eq3,champ_tail+mom_only+momcons,0.24794760728031773,1.2683290809671541,-0.36930256127355177
w3,champ:0.34+champ_qtr:0.50+mom_only:0.16,0.2479409999532447,1.4506233865827942,-0.3340368656603394
w3,champ_mid:0.50+mom_fast:0.33+lowmax:0.17,0.24789641164082732,1.3474618909722236,-0.3340692751539357
eq5,champ_mid+mom_only+mom_fast+lowvol+prox52,0.24783746972293108,1.300762496952444,-0.3716151638679538
w3,champ_tail:0.34+mom_only:0.33+momcons:0.33,0.24773749059523253,1.2710140172982693,-0.36806574167371797
eq4,mom_only+mom_fast+momcons+amihud,0.24770403889191894,1.0464174226297687,-0.5346861038731998
eq5,champ+mom_only+mom_fast+lowvol+momcons,0.24760959074659028,1.3084723583204354,-0.33488855098694503
eq4,champ_n20+mom_fast+prox52+momcons,0.2475898393637006,1.237071781013183,-0.43809578628832513
w3,champ_qtr:0.50+mom_fast:0.33+lowvol:0.17,0.2475836399374125,1.3706830424980834,-0.3280323298121336
eq4,champ+champ_large+champ_mid+mom_only,0.2475341501880386,1.4064694507334456,-0.3297519727863084
eq3,champ_qtr+mom_only+prox52,0.2475177477994821,1.2545345908120065,-0.4469785032506086
eq4,champ_n5+champ_qtr+champ_tail+mom_only,0.24746960402964024,1.4399575768677644,-0.32727194757775235
eq3,champ_n5+mom_only+prox52,0.24746523778904206,1.2488104834699303,-0.420669501142812
eq5,champ_n5+champ_qtr+champ_mid+mom_only+momcons,0.2474488448001042,1.4017616167400293,-0.33829188924976794
eq4,champ_n5+champ_n20+champ_qtr+mom_only,0.2474176789017486,1.4034185080023975,-0.3277311236899746
w3,champ:0.34+champ_mid:0.50+prox52:0.16,0.2473690253009777,1.515459132886812,-0.323151864653761
w3,champ_qtr:0.34+mom_only:0.33+prox52:0.33,0.24735078464909188,1.257330493681492,-0.44527367461173084
w3,champ:0.34+champ_tail:0.50+mom_only:0.16,0.2473217568928996,1.509447434937083,-0.326178314801595
w3,champ_n5:0.34+mom_only:0.33+prox52:0.33,0.24728801092748642,1.251187241464526,-0.4181750740712342
eq5,champ_n20+champ_qtr+champ_mid+mom_only+momcons,0.24728532952564253,1.402190987942317,-0.3458278410167791
eq5,champ_n5+champ_n20+champ_mid+mom_only+momcons,0.24728322145628856,1.3982096232455739,-0.3354791503557848
w2,champ_large:0.1+champ_mid,0.2472830850258778,1.5091555207001541,-0.31182587492057545
eq4,champ_n5+champ_n20+champ_tail+mom_only,0.2472745486955925,1.4356805302157478,-0.32371388553502933
w2,mom_only:0.4+momcons,0.24726758111961455,1.1238378533123605,-0.427358517919167
eq4,champ_n20+champ_qtr+champ_tail+mom_only,0.2472405656234069,1.4395318659952572,-0.33687986951500604
w3,champ_mid:0.20+mom_fast:0.20+momcons:0.60,0.24723434175810688,1.2358145911074427,-0.37432859626640635
eq5,champ+champ_large+champ_mid+mom_fast+prox52,0.24722589761114833,1.3596890009362477,-0.34479321780922556
w3,champ_mid:0.34+mom_only:0.20+momcons:0.46,0.24721396479477642,1.3065449596810181,-0.3597213815019066
eq4,champ_mid+mom_only+prox52+momcons,0.2471754913899793,1.2770781390559085,-0.40800266200749624
w3,champ:0.34+champ_n5:0.50+mom_only:0.16,0.24717472598785095,1.4081253485454168,-0.30757270560831906
eq5,champ_n5+champ_n20+champ_qtr+mom_fast+prox52,0.24716406527004908,1.3586845038438193,-0.35642115585625467
eq5,champ_n5+champ_tail+champ_mid+mom_only+momcons,0.24715446636242722,1.4196185329684845,-0.3351440252466188
eq5,champ_qtr+champ_tail+champ_mid+mom_only+momcons,0.24711580230462848,1.4221367865695977,-0.3455163277849357
eq4,champ_tail+mom_fast+prox52+momcons,0.24710172110206918,1.2449397070126424,-0.44046344972499085
eq5,champ_n5+champ_qtr+champ_tail+mom_fast+prox52,0.24708262081694432,1.3797552978986218,-0.3586048848675012
w2,champ_qtr:0.3+champ_mid,0.24703249156900076,1.5287816004378232,-0.316838043114983
w3,champ_n20:0.50+mom_fast:0.33+lowvol:0.17,0.24703039377953884,1.3575025300014958,-0.3260514693576261
w2,champ_mid:0.8+prox52,0.2470212655823094,1.4734927381529843,-0.3268073286335845
w3,champ_n5:0.50+mom_fast:0.33+lowvol:0.17,0.24701093048129508,1.341751324957796,-0.3013678492000438
w3,champ:0.50+champ_tail:0.20+champ_mid:0.30,0.24699321026016685,1.5725583152739502,-0.31334746831131255
eq3,champ_n20+mom_only+prox52,0.24697031294075522,1.2429912503358365,-0.44211328257694205
w3,champ:0.50+champ_qtr:0.20+champ_mid:0.30,0.24696731505270453,1.5294046432817516,-0.3165727901685914
w3,champ:0.50+champ_n20:0.20+champ_mid:0.30,0.24696660953041993,1.5335835763078642,-0.3136850846696092
eq4,champ_large+champ_mid+mom_fast+momcons,0.24694956989324934,1.3107502207803714,-0.3514332775981813
w2,champ_tail:0.8+mom_fast,0.24689501775922262,1.3907974688149416,-0.3354325233071588
w2,champ_n5:0.3+champ_mid,0.24688936237613013,1.513607797448651,-0.3010248303321593
eq5,champ_n5+champ_n20+champ_tail+mom_fast+prox52,0.2468596833132517,1.3742161063893115,-0.3530654328014936
eq5,champ_n20+champ_qtr+champ_tail+mom_fast+prox52,0.2468216640381713,1.376415531438262,-0.3728941429350199
w3,champ_n20:0.50+champ_qtr:0.33+mom_fast:0.17,0.24681041111686097,1.4349114286878577,-0.33434016998897387
w3,champ_n20:0.34+mom_only:0.33+prox52:0.33,0.2468006025501024,1.245680318712122,-0.440117297136572
w3,champ:0.50+champ_n5:0.20+champ_mid:0.30,0.24679486023481467,1.5153560584346217,-0.3058590287985904
eq5,champ_n20+champ_tail+champ_mid+mom_only+momcons,0.24677054890971117,1.4109936058795212,-0.3427493818776386
w2,champ_n20:0.3+champ_mid,0.24676616087030734,1.5209589452452437,-0.31277599446966065
eq3,champ_qtr+champ_large+mom_fast,0.2467490532483565,1.2824069565365634,-0.3439843139181539
eq5,champ_n5+champ_qtr+champ_mid+mom_only+prox52,0.24666754102532673,1.3981421740834308,-0.3373628579610064
w2,champ:0.9+champ_tail,0.24663361996032807,1.5042038579543515,-0.31495592629762337
eq3,champ_n5+champ_large+mom_fast,0.24663130268232236,1.2743597624014584,-0.32660323480744735
w3,champ_qtr:0.50+champ_tail:0.33+mom_fast:0.17,0.24660907646902386,1.472090016386469,-0.3361931361738192
w3,champ_qtr:0.50+mom_fast:0.20+momcons:0.30,0.24660759740907445,1.3351982204350834,-0.35963614032590474
w3,champ_large:0.34+mom_fast:0.50+lowvol:0.16,0.246581150778862,1.1838437202352148,-0.3479044432913837
w3,champ_qtr:0.34+champ_large:0.33+mom_fast:0.33,0.24656708054701282,1.2845255117080434,-0.34389672236730984
eq5,champ+mom_only+mom_fast+lowvol+prox52,0.2465165803270999,1.2953494877039846,-0.3821918681988449
eq5,champ_n5+champ_n20+champ_mid+mom_only+prox52,0.2464919195813582,1.394212913749563,-0.33454244475909645
w3,champ:0.50+champ_mid:0.33+momcons:0.17,0.24647468649054427,1.508042306068737,-0.3258477847491458
eq5,champ_n20+champ_qtr+champ_mid+mom_only+prox52,0.24646757453566526,1.3970942271633382,-0.34492021366030134
w3,champ_n5:0.34+champ_large:0.33+mom_fast:0.33,0.24643843924021347,1.276008431464733,-0.3261629119932895
w2,champ:0.9+champ_n20,0.24640831621561188,1.4767974850694143,-0.31515115477243405
w2,mom_only:0.7+lowvol,0.24635872444005225,1.1335939152527261,-0.39380813176091667
w2,champ:0.9+champ_qtr,0.2463427166789156,1.47181684255472,-0.31659422574952933
eq3,champ_n20+champ_large+mom_fast,0.246338471932821,1.2740490008176086,-0.34296080139778706
eq5,champ_n5+champ_tail+champ_mid+mom_only+prox52,0.2463197646259152,1.4137486352863202,-0.33420583689162964
eq3,champ_tail+mom_only+prox52,0.24629935240682643,1.2533397013859944,-0.44362514494146044
eq5,champ_qtr+champ_tail+champ_mid+mom_only+prox52,0.24625462996275327,1.4151125518978231,-0.3461088481057667
w3,champ_n5:0.50+champ_n20:0.33+mom_fast:0.17,0.24624894831864363,1.3988539054894016,-0.310348080452891
w2,champ:0.9+champ_n5,0.2462323308545331,1.464481484461542,-0.3112665206902602
eq3,champ_large+champ_tail+mom_fast,0.2462092590179248,1.302597035835397,-0.34307567529610783
w3,champ_n5:0.50+champ_tail:0.33+mom_fast:0.17,0.2462049249423932,1.4425645129806177,-0.30970427688085334
w3,champ_n20:0.34+champ_large:0.33+mom_fast:0.33,0.24615507643915802,1.276143870881452,-0.3427722680770584
w3,champ_n20:0.50+mom_fast:0.20+momcons:0.30,0.24612123278151077,1.325174354299373,-0.35626617855556253
w3,champ_tail:0.34+mom_only:0.33+prox52:0.33,0.2461083469894394,1.2561367970313453,-0.4416883405438442
eq5,champ_n5+mom_only+mom_fast+momcons+amihud,0.24609964777519133,1.1380997007065699,-0.4691762705279513
eq5,champ_qtr+mom_only+mom_fast+momcons+amihud,0.24607332175711139,1.139415714418574,-0.48535900868437487
w3,champ_n20:0.50+champ_tail:0.33+mom_fast:0.17,0.24606255385078724,1.455838221972598,-0.3333917053348733
w3,champ_n5:0.50+champ_qtr:0.33+mom_fast:0.17,0.24604315984088565,1.3857266253365954,-0.31515810955783596
w2,champ_tail:0.3+champ_mid,0.2460314573238518,1.5352214178618218,-0.31320875290924965
w3,champ_n5:0.50+mom_fast:0.20+momcons:0.30,0.24601825545247302,1.3078030436738755,-0.33411082440771367
w3,champ_mid:0.34+mom_fast:0.33+amihud:0.33,0.24591629294835604,1.1090620890627219,-0.48927905604889965
w3,champ_large:0.20+mom_fast:0.33+momcons:0.47,0.24591563068985778,1.1692981394220503,-0.4005044180312729
eq5,champ_n20+champ_tail+champ_mid+mom_only+prox52,0.24589973722874547,1.4036764311161396,-0.34183284133833314
eq5,champ_n5+champ_qtr+mom_only+mom_fast+lowvol,0.24586301475302408,1.3614564416584467,-0.31660467511834933
eq5,champ_n5+champ_qtr+champ_large+champ_mid+mom_fast,0.24585975040126584,1.4092975095551792,-0.32446773961495345
eq5,champ+champ_qtr+champ_mid+mom_fast+amihud,0.24585875661012113,1.3027483860248512,-0.3876798076104716
eq4,mom_only+mom_fast+prox52+amihud,0.24584568615343527,1.030634913636238,-0.5808811819208992
w3,champ_n5:0.20+mom_only:0.33+momcons:0.47,0.245819223918883,1.2058833999465106,-0.3758808299582369
w3,champ_qtr:0.20+mom_only:0.33+momcons:0.47,0.24580767611346088,1.2079461941742373,-0.3948226543607698
eq5,champ+champ_n5+champ_mid+mom_fast+amihud,0.24580135551545523,1.2979777122694884,-0.3689724341924925
w3,champ:0.50+champ_mid:0.33+prox52:0.17,0.24576954206174073,1.502469019268049,-0.325066306229404
eq5,champ_n5+champ_large+champ_tail+champ_mid+mom_fast,0.24575669933214184,1.4362018823964304,-0.3213178120250033
eq5,champ_n5+champ_n20+champ_large+champ_mid+mom_fast,0.2457335207294662,1.4073164577777764,-0.32160408850553635
w3,champ:0.20+mom_fast:0.20+momcons:0.60,0.2457327775603686,1.2258965346974826,-0.38130199164877754
eq5,champ_n20+champ_qtr+champ_large+champ_mid+mom_fast,0.2457324281937312,1.4112343329613577,-0.33215223578435216
eq5,champ_qtr+champ_large+champ_tail+champ_mid+mom_fast,0.24571482233155306,1.4386389022930568,-0.3318220222122813
eq5,champ+champ_n5+champ_qtr+mom_only+momcons,0.2456977986162674,1.37915939011408,-0.3396491176746925
eq5,champ+champ_qtr+champ_tail+mom_only+momcons,0.24569711702526376,1.4121469987260602,-0.34682313659503217
eq5,champ+champ_n20+champ_qtr+mom_only+momcons,0.24568201726283845,1.3852142456410972,-0.3471569910811729
eq3,champ_mid+mom_fast+amihud,0.24567964602722903,1.104048436332466,-0.4923994446214238
eq3,champ_large+champ_mid+mom_only,0.24567799524836542,1.3328950891173628,-0.3349074148430199
eq5,champ+champ_n5+champ_tail+mom_only+momcons,0.24567770753363938,1.4073271981813302,-0.33648251577675115
eq5,champ_n5+champ_n20+mom_only+mom_fast+lowvol,0.24563678476181194,1.3559563361494444,-0.31370427831656056
eq5,champ_n20+champ_qtr+mom_only+mom_fast+lowvol,0.24563428573551782,1.3593485797861578,-0.32435578251975195
eq5,champ+champ_n5+champ_n20+mom_only+momcons,0.24562177516976447,1.37916189598543,-0.3368401929987831
w2,champ:0.9+momcons,0.24560522885030656,1.463522583368322,-0.32255305331733386
eq5,champ_n20+mom_only+mom_fast+momcons+amihud,0.245570680918201,1.1308376182386455,-0.4809114442602235
eq5,champ+champ_n20+champ_mid+mom_fast+amihud,0.24553558983087265,1.2949622328589696,-0.3829539427967955
w3,champ_n20:0.34+champ_qtr:0.50+mom_fast:0.16,0.24553252948729232,1.4331950767663741,-0.33624411103036067
eq5,champ+champ_n20+champ_tail+mom_only+momcons,0.2454415895422335,1.4047758954327385,-0.34405979032170075
w3,champ_large:0.34+champ_tail:0.33+mom_fast:0.33,0.24543531766692062,1.30160062177526,-0.3429167011618969
w3,champ_n20:0.20+mom_only:0.33+momcons:0.47,0.2454297847406195,1.200471966423326,-0.3894621426272904
w3,champ_tail:0.50+mom_fast:0.33+lowvol:0.17,0.245419116180279,1.3576638594714587,-0.3263373024750489
eq5,champ_n5+champ_tail+mom_only+mom_fast+lowvol,0.24541458138229633,1.3717717361908517,-0.3133455262804955
eq5,champ_n20+champ_large+champ_tail+champ_mid+mom_fast,0.24540916524842538,1.428718544754772,-0.3316833658005457
eq4,champ+mom_only+prox52+momcons,0.24539617165146121,1.2666199689118365,-0.42095438062023405
eq4,champ_large+champ_mid+mom_fast+prox52,0.24537928696518363,1.2878340292576336,-0.37441816959966956
eq5,champ_qtr+champ_tail+mom_only+mom_fast+lowvol,0.24537147885108723,1.3737876548562702,-0.32402143267871064
w2,champ_mid:0.9+amihud,0.24535955680272425,1.4522707302449678,-0.3247026555113426
w3,champ_mid:0.34+mom_only:0.50+lowmax:0.16,0.24534785511160462,1.2428590417332266,-0.3498784263031506
w3,champ_n5:0.34+champ_n20:0.50+mom_fast:0.16,0.2453251253759947,1.4199847087614992,-0.3160556446549486
w2,champ:0.9+prox52,0.24527691828150644,1.46442388687151,-0.3220990736589262
w3,champ_tail:0.20+mom_only:0.33+momcons:0.47,0.24521482807814232,1.2104386980284791,-0.39151417414907097
eq5,champ+champ_tail+champ_mid+mom_fast+amihud,0.24519157498287836,1.3042649402386073,-0.38470956090788455
eq5,champ_tail+mom_only+mom_fast+momcons+amihud,0.24514954287742197,1.13441236658213,-0.4827831141502271
w3,champ_n5:0.34+champ_qtr:0.50+mom_fast:0.16,0.2450998940620026,1.4025512682052486,-0.3232699102341957
w3,champ_n5:0.20+champ_large:0.33+mom_only:0.47,0.24499171824745747,1.2169756293904797,-0.33867355860878856
w3,champ:0.20+champ_qtr:0.33+champ_mid:0.47,0.24496606227969497,1.5298111076162213,-0.3181670709276706
eq5,champ_n20+champ_tail+mom_only+mom_fast+lowvol,0.2449659908551738,1.3614162133688192,-0.32251125006774883
eq5,champ+champ_n5+champ_qtr+mom_only+prox52,0.24496528301004283,1.3774005842357877,-0.34096944372136206
eq5,champ+champ_n20+champ_qtr+mom_only+prox52,0.24491297657533062,1.3820245359265262,-0.35508669660981984
w3,champ_qtr:0.20+champ_large:0.33+mom_only:0.47,0.2449061775803525,1.2171699383887211,-0.3490425808539642
w3,champ_large:0.34+champ_mid:0.33+mom_only:0.33,0.24489308324152814,1.3311410370522054,-0.33481747166098574
eq5,champ+champ_n5+champ_tail+mom_only+prox52,0.24489143936116542,1.4034447392421925,-0.33716120486835377
eq5,champ+champ_qtr+champ_tail+mom_only+prox52,0.2448843412133046,1.4071238825372105,-0.3574120958076564
eq5,champ+champ_n5+champ_n20+mom_only+prox52,0.24487921867572449,1.3770287318274301,-0.3359134558092415
w3,champ:0.20+champ_n20:0.33+champ_mid:0.47,0.24484395982538087,1.5302432071648278,-0.3134064980022113
w3,mom_fast:0.50+lowvol:0.33+momcons:0.17,0.24484271796298307,1.1878738215321354,-0.3618924186449547
eq5,champ_n5+mom_only+mom_fast+prox52+amihud,0.24482249740110085,1.1255148829968524,-0.5110645007625878
eq4,mom_only+mom_fast+lowvol+momcons,0.24481928968776323,1.208583442647642,-0.37380423764366844
eq4,champ+champ_large+mom_fast+momcons,0.2448001389176373,1.2880976678751226,-0.35307768872367995
w3,champ_tail:0.50+mom_fast:0.20+momcons:0.30,0.2447997396717816,1.334839895434374,-0.35651950967981183
w3,champ_qtr:0.50+mom_fast:0.20+prox52:0.30,0.2447712341904058,1.30785050078141,-0.41876714272531546
eq5,champ_qtr+mom_only+mom_fast+prox52+amihud,0.24477021860318993,1.1262545988214663,-0.5244251588046219
w3,champ_mid:0.20+mom_only:0.50+amihud:0.30,0.24469907242570366,1.0674163636566392,-0.5100560309685543
w3,champ:0.34+mom_only:0.20+momcons:0.46,0.2446975170521326,1.2887662911296125,-0.3619351095532324
w3,champ:0.20+champ_n5:0.33+champ_mid:0.47,0.24467954243806855,1.5062359413244362,-0.3004259627434114
w3,champ_qtr:0.34+champ_tail:0.50+mom_fast:0.16,0.24466138368834778,1.4717023326579333,-0.33323311615504914
w3,champ:0.50+mom_fast:0.33+lowmax:0.17,0.2446539783997821,1.3355285121223244,-0.3406312012066308
w3,champ_n5:0.34+champ_tail:0.50+mom_fast:0.16,0.24462973742757943,1.462311890914002,-0.31528007913113
eq5,champ+champ_n20+champ_tail+mom_only+prox52,0.24461911680472648,1.3993948774466587,-0.35191890566155015
w3,champ_n20:0.20+champ_large:0.33+mom_only:0.47,0.24456925643183114,1.2105256201399208,-0.3462703354537692
w3,champ_mid:0.34+mom_only:0.20+prox52:0.46,0.24453051095371547,1.2717270421056335,-0.4344533487743121
eq5,champ_n5+champ_qtr+mom_fast+prox52+momcons,0.24443173797758044,1.300640145778607,-0.3917322557976348
eq5,champ_large+champ_mid+mom_only+mom_fast+amihud,0.2444293577673886,1.1712780845553337,-0.43359998630864616
w2,champ:0.8+champ_tail,0.2443497445873355,1.5259463317139947,-0.3154388338705555
w3,champ:0.20+champ_tail:0.33+champ_mid:0.47,0.24431431219894706,1.5625765850100415,-0.31296833458417905
w3,mom_only:0.50+momcons:0.33+amihud:0.17,0.2442963266441922,1.060423711960804,-0.500614601727849
w3,champ_n5:0.50+mom_fast:0.20+prox52:0.30,0.2442819275396697,1.285038945761224,-0.37255456243746776
w2,mom_only:0.8+lowmax,0.24427746866909605,1.0323149576778525,-0.47050678627981013
eq5,champ_n20+mom_only+mom_fast+prox52+amihud,0.24425814864466155,1.117733820981101,-0.5222507529135721
w3,champ_n20:0.50+mom_fast:0.20+prox52:0.30,0.24424902496718492,1.2971592659105637,-0.4055650174031492
eq5,champ_n20+champ_qtr+mom_fast+prox52+momcons,0.24423951256469834,1.2999263757810684,-0.40476870267539033
eq5,champ_n5+champ_n20+mom_fast+prox52+momcons,0.2442317634988458,1.296655020593681,-0.386098795826609
w3,champ_n20:0.34+champ_tail:0.50+mom_fast:0.16,0.24412688460709542,1.4528113869177488,-0.3329847872947066
eq5,champ+champ_qtr+champ_large+champ_tail+mom_fast,0.24410840473545603,1.4200993525682202,-0.3331797396313556
eq5,champ+champ_n5+champ_large+champ_tail+mom_fast,0.24409215494132375,1.415333792504353,-0.3226400210762871
eq5,champ_n5+champ_tail+mom_fast+prox52+momcons,0.24405426583554957,1.3115773479737287,-0.3879378317379688
w2,champ:0.8+champ_n20,0.24404673637735996,1.4763125520212455,-0.3158112517467404
eq5,champ_qtr+champ_tail+mom_fast+prox52+momcons,0.2440214714910396,1.3136613135476851,-0.4066238838333922
w3,champ_n5:0.20+champ_qtr:0.20+champ_mid:0.60,0.24396778818039122,1.5165678379726089,-0.3082393668465433
eq4,champ_n5+champ_qtr+mom_only+momcons,0.24396445396348132,1.3233915980381967,-0.3458777912561455
eq5,champ+champ_n20+champ_qtr+champ_large+mom_fast,0.24394194107649247,1.3861817837230712,-0.33353265348995376
w3,champ:0.34+champ_qtr:0.33+champ_mid:0.33,0.24392502367048485,1.5191056510404604,-0.31911624450634146
eq5,champ+champ_n5+champ_qtr+champ_large+mom_fast,0.24392167978284762,1.3786282210647618,-0.3258769890336004
w3,champ_n20:0.20+champ_qtr:0.20+champ_mid:0.60,0.2439197804140638,1.523434394014078,-0.31602597376889974
w2,champ_qtr:0.4+champ_mid,0.2439176013672817,1.5190704580207255,-0.31879238472346527
w2,champ:0.8+champ_qtr,0.24391380515832806,1.46613049930498,-0.3186930226679441
w3,champ:0.34+champ_n20:0.33+champ_mid:0.33,0.24390600739978807,1.5250778769110944,-0.31436007136372435
w3,champ:0.34+mom_fast:0.33+amihud:0.33,0.24389249518744238,1.105182134750546,-0.5002968148795695
eq5,champ+champ_n20+champ_large+champ_tail+mom_fast,0.24389233193960003,1.4142290465842824,-0.33144361070472494
w3,champ_n5:0.20+champ_n20:0.20+champ_mid:0.60,0.24389215629700467,1.5167002815347652,-0.3054976513309885
eq5,champ+champ_n5+champ_n20+champ_large+mom_fast,0.24388486062791914,1.3802249789705148,-0.32301728059432877
eq3,champ+champ_qtr+champ_mid,0.24386656572914767,1.5190571226617338,-0.31916399158694686
eq3,champ+champ_n20+champ_mid,0.24384499080434585,1.5249642802963106,-0.3143599162495987
eq4,champ_n20+champ_qtr+mom_only+momcons,0.24384293141633373,1.3265530642242163,-0.35518483239293175
eq4,champ+champ_mid+mom_fast+lowvol,0.24381614700178655,1.4735423173082136,-0.3040661774530893
eq4,champ_n5+champ_n20+mom_only+momcons,0.2438054800046705,1.3211717910562415,-0.3423920995095189
eq5,champ_tail+mom_only+mom_fast+prox52+amihud,0.24379415051482778,1.1203112551871577,-0.5228449445883787
eq5,champ_n5+champ_mid+mom_only+prox52+momcons,0.24377207111852384,1.331524800462158,-0.3594716465979165
eq5,champ_qtr+champ_mid+mom_only+prox52+momcons,0.24375276906735177,1.3342215417742784,-0.3789424882218678
w2,champ_mid:0.7+momcons,0.24375145610633298,1.4501701549601087,-0.33406818686811535
w3,champ_qtr:0.34+mom_fast:0.20+momcons:0.46,0.24371811323223147,1.2708988669393153,-0.37452969206502307
eq4,champ_n5+champ_tail+mom_only+momcons,0.24370659057077648,1.345854987696942,-0.3419603267333814
eq3,champ+mom_fast+amihud,0.24369918371463006,1.1002812780460915,-0.5031306653086192
eq4,champ_qtr+champ_tail+mom_only+momcons,0.24368048302094514,1.349324591789658,-0.35478966851329197
w3,champ_large:0.50+mom_only:0.33+mom_fast:0.17,0.24365874643902363,1.1797290059761005,-0.35148382568588266
w3,champ_n5:0.20+champ_tail:0.20+champ_mid:0.60,0.24365763742819935,1.5403184109797485,-0.3057408843349765
w2,champ_n20:0.4+champ_mid,0.2436564875548619,1.5135515222035363,-0.31332061817305823
w2,champ:0.8+champ_n5,0.2436543672069802,1.4496755656615656,-0.30802954833631147
w3,champ_qtr:0.20+champ_tail:0.20+champ_mid:0.60,0.24364458270707745,1.5451606970975664,-0.316285102985135
eq5,champ_n20+champ_tail+mom_fast+prox52+momcons,0.24364252409804643,1.3036826006900821,-0.40133302508959656
w2,mom_only:0.4+prox52,0.2436072859854197,1.0915234952234985,-0.5496461348824899
w2,champ_n5:0.4+champ_mid,0.24359118234476362,1.4920064092355338,-0.29763843364500875
w3,champ:0.34+champ_tail:0.33+champ_mid:0.33,0.2435895649506572,1.569793779510576,-0.3138475579790606
w3,champ:0.34+champ_n5:0.33+champ_mid:0.33,0.2435716864320958,1.492550619143906,-0.30141322346895627
w3,mom_fast:0.50+lowvol:0.33+prox52:0.17,0.24351256611442262,1.1699371782362917,-0.40134646506486205
eq3,champ+champ_tail+champ_mid,0.2435121040884436,1.5693773051536886,-0.3138438782435007
eq3,champ+champ_n5+champ_mid,0.2435091183144722,1.4922014650386728,-0.30128079076014425
w3,champ:0.20+mom_only:0.50+amihud:0.30,0.24349850000736706,1.0648639915246343,-0.5168273450556184
w3,champ_n5:0.34+mom_fast:0.20+momcons:0.46,0.24349634549739418,1.2596435272557533,-0.35219058707554396
eq5,champ_n20+champ_mid+mom_only+prox52+momcons,0.2434210823787315,1.3253248955599386,-0.3733564933223126
w3,champ_large:0.34+mom_only:0.50+momcons:0.16,0.24341951501311887,1.1525118586762606,-0.3749462748491157
w3,champ_n20:0.20+champ_tail:0.20+champ_mid:0.60,0.24338976712817728,1.5352788495567211,-0.3135908177737471
w3,champ_large:0.34+champ_tail:0.20+mom_only:0.46,0.24336715486840732,1.231179895749166,-0.34548759006858987
w3,champ_n5:0.20+mom_only:0.33+prox52:0.47,0.24335526625454484,1.183723134605315,-0.4810243423899223
eq4,champ+champ_large+mom_fast+prox52,0.2433066749477122,1.268159994038262,-0.3889924408379636
w3,champ_qtr:0.20+mom_only:0.33+prox52:0.47,0.2432821798179241,1.1841787008545575,-0.49513139999323796
eq4,mom_only+mom_fast+lowvol+prox52,0.24327808431344788,1.1909017894199652,-0.4305380854366576
eq5,champ+champ_qtr+champ_large+champ_mid+mom_only,0.24327207037636578,1.4226752707752812,-0.33088307547308515
w3,champ_n20:0.34+mom_fast:0.20+momcons:0.46,0.24324989415733267,1.2608282742373396,-0.36775740987860095
eq5,champ+champ_n5+champ_large+champ_mid+mom_only,0.24324198821627818,1.417251271624057,-0.3203084632578661
eq4,champ_n20+champ_tail+mom_only+momcons,0.24324154746911364,1.3369502595140081,-0.3513747556406802
eq5,champ_qtr+champ_large+champ_mid+mom_fast+momcons,0.24324097903719188,1.3542913241269012,-0.34662314285041196
eq5,champ_n5+champ_large+champ_mid+mom_fast+momcons,0.24323714177806743,1.3506193624466987,-0.3362913406752174
eq4,champ_qtr+champ_mid+mom_fast+amihud,0.24320225571233256,1.215939675876558,-0.4358083235797975
eq5,champ+champ_large+champ_tail+champ_mid+mom_only,0.2431794496885058,1.4516683475192316,-0.32771372317354697
eq4,champ_n5+champ_mid+mom_fast+amihud,0.24316903949316426,1.2121242335414546,-0.4146871179529975
eq5,champ_n5+champ_n20+champ_qtr+champ_tail+mom_only,0.24316752234520145,1.4525916733462332,-0.32605984025394075
w3,champ:0.34+mom_only:0.50+lowmax:0.16,0.2431447964567992,1.2350426714994835,-0.36718456103416297
eq5,champ_tail+champ_mid+mom_only+prox52+momcons,0.24311258563204885,1.3370156497409489,-0.37571385784851097
eq5,champ+champ_n20+champ_large+champ_mid+mom_only,0.24310351472699376,1.418758181223231,-0.3280468565005049
eq4,champ_n5+champ_qtr+mom_only+prox52,0.24298425221848152,1.3189083513362756,-0.38001297312435545
eq5,champ_n20+champ_large+champ_mid+mom_fast+momcons,0.24295848123167807,1.346753658385245,-0.3460199271803779
w3,champ_large:0.34+mom_only:0.50+prox52:0.16,0.24293859689191022,1.153224130841469,-0.41227234666038304
eq5,champ+champ_large+mom_only+mom_fast+amihud,0.24293478700999382,1.162355149869938,-0.4438622752288939
w3,mom_fast:0.34+momcons:0.50+amihud:0.16,0.24290703583072015,1.0766792877423945,-0.4976652441660273
w3,champ_n20:0.20+mom_only:0.33+prox52:0.47,0.24288143872034307,1.1765097677371692,-0.49278058057084806
eq5,champ_large+champ_tail+champ_mid+mom_fast+momcons,0.24284480103182804,1.3666813461967837,-0.3460892594267567
w3,champ:0.34+champ_large:0.33+mom_only:0.33,0.24284181430445173,1.3016849744237455,-0.336955902305476
eq4,champ_n5+champ_n20+mom_only+prox52,0.24280960777732874,1.3161823674865887,-0.3731006292722423
eq4,champ_n20+champ_qtr+mom_only+prox52,0.24280586542757865,1.3200868832675348,-0.39690620183153036
w3,champ:0.20+champ_mid:0.50+momcons:0.30,0.24279146963670994,1.460890662628131,-0.33507159738494474
w3,champ_tail:0.50+mom_fast:0.20+prox52:0.30,0.24276773787468708,1.3007041346584998,-0.4118097184330498
eq3,champ+champ_large+mom_only,0.2427348689616491,1.2986805653147966,-0.3371839836166677
eq4,champ_n20+champ_mid+mom_fast+amihud,0.24265787790848758,1.2044487507048367,-0.4311065290481393
eq4,champ_n5+champ_tail+mom_only+prox52,0.2426429313675844,1.3383224967172023,-0.37595958096800564
w3,champ:0.50+champ_n20:0.33+champ_mid:0.17,0.24259201060263003,1.50622553295546,-0.3154710169304953
w3,champ_tail:0.34+mom_fast:0.20+momcons:0.46,0.2425862958259417,1.2729697335367782,-0.36856449185171214
eq5,champ+champ_mid+mom_fast+momcons+amihud,0.24258269219145556,1.2380085099727527,-0.4163474206686004
eq4,champ_qtr+champ_tail+mom_only+prox52,0.24257559535126405,1.3402263039577988,-0.3997756921063996
w2,champ_tail:0.4+champ_mid,0.24257053549808427,1.5268552322748705,-0.3139099397339251
w3,champ_tail:0.20+mom_only:0.33+prox52:0.47,0.24256526611044382,1.1835025806552717,-0.49295248436355565
w3,mom_only:0.50+prox52:0.33+amihud:0.17,0.24252752668431077,1.048661972711581,-0.5648883505247693
w3,champ:0.50+champ_tail:0.33+champ_mid:0.17,0.2425188588931595,1.5636781773972461,-0.31492775694351804
w3,champ_large:0.20+mom_fast:0.50+amihud:0.30,0.24251384055147995,1.0054110983261322,-0.5326638176033041
eq5,champ_qtr+mom_only+mom_fast+lowvol+momcons,0.2425080786915459,1.2879592796585415,-0.35029755008306074
eq5,champ_n5+mom_only+mom_fast+lowvol+momcons,0.24250564265752805,1.2849089669474223,-0.3299567992011243
w3,champ:0.50+champ_qtr:0.33+champ_mid:0.17,0.24249348795076253,1.4943617716681659,-0.32022207146705717
w2,champ_qtr:0.8+mom_only,0.24247252535114816,1.391089818345787,-0.34254300227043544
w2,mom_fast:0.3+prox52,0.24246015884729877,1.0588908495703697,-0.5687178786622232
w2,champ_n20:0.8+mom_only,0.24237068986435717,1.3997175599674578,-0.33127993693099034
w3,champ_large:0.34+champ_mid:0.50+mom_fast:0.16,0.24230658662384408,1.4217059297578205,-0.3241260275893342
w3,champ_mid:0.20+mom_fast:0.20+prox52:0.60,0.24230235751194118,1.1637266181245534,-0.5023563018253435
w2,champ:0.8+momcons,0.24223795732142905,1.4401534454330247,-0.33054079357772137
w3,champ:0.34+mom_only:0.20+prox52:0.46,0.24220525061716303,1.2600602774706122,-0.4484563145908407
eq5,champ+champ_qtr+mom_only+prox52+momcons,0.24219914679350296,1.3203731000011436,-0.3904421638492046
w3,mom_only:0.34+prox52:0.20+momcons:0.46,0.24216885716608338,1.1428881952713261,-0.46493597597102143
w3,champ_large:0.20+mom_fast:0.33+prox52:0.47,0.24216084208973054,1.1222996491393673,-0.4973979296328461
eq5,champ+champ_n5+mom_only+prox52+momcons,0.24216052083331796,1.3158177064476335,-0.3713868003730054
eq5,champ_n5+champ_large+champ_mid+mom_fast+prox52,0.24214563696646407,1.335740407633818,-0.3353394529326982
eq5,champ_n20+mom_only+mom_fast+lowvol+momcons,0.2421259629960235,1.2783658164205562,-0.34454661269287123
eq5,champ_qtr+champ_large+champ_mid+mom_fast+prox52,0.2421230477500269,1.3383270826022458,-0.35172260675937606
eq4,champ_n20+champ_tail+mom_only+prox52,0.24212168987229465,1.3274836325740516,-0.3934745736907157
w2,champ_mid:0.7+prox52,0.24211803798037468,1.4234126389449875,-0.33628731173012183
w3,champ:0.50+champ_n5:0.33+champ_mid:0.17,0.242063843624569,1.4652755781029536,-0.30256298336429366
eq4,champ_n5+champ_large+champ_tail+mom_fast,0.24198263621789828,1.3633475231028307,-0.32545896473983227
eq5,champ+champ_n20+mom_only+prox52+momcons,0.2419569746991621,1.3146767299625568,-0.38485037666035926
eq4,champ_qtr+champ_large+champ_tail+mom_fast,0.2419517476244859,1.3667366128570622,-0.3379698825055192
eq4,champ_n5+champ_qtr+champ_large+mom_fast,0.24194293304043457,1.3287205529605048,-0.3287693721201963
eq4,champ_tail+champ_mid+mom_fast+amihud,0.24193635030592975,1.205754843743619,-0.4326443284214253
eq4,champ_n20+champ_qtr+champ_large+mom_fast,0.24187780724307295,1.3339735581778864,-0.33830616552296944
w2,champ:0.7+champ_tail,0.24187707733861719,1.5387683420275426,-0.31594418636446053
eq4,champ_n5+champ_n20+champ_large+mom_fast,0.24184511927299357,1.3286704651709873,-0.3254205996619042
eq5,champ+champ_tail+mom_only+prox52+momcons,0.24183243845089208,1.332637670491413,-0.386788191775537
eq5,champ_n20+champ_large+champ_mid+mom_fast+prox52,0.24183102464993644,1.3306622178030243,-0.35248212008970137
w2,mom_fast:0.7+lowmax,0.24182862598341326,1.0259757373759124,-0.44692893792527844
eq5,champ_tail+mom_only+mom_fast+lowvol+momcons,0.2417678835763306,1.2870023704001117,-0.347069784680353
eq5,champ_large+champ_tail+champ_mid+mom_fast+prox52,0.24167387422790254,1.3483142125769079,-0.3479157061119451
w3,mom_only:0.34+prox52:0.33+momcons:0.33,0.2416664162390949,1.1411008863876955,-0.4913239701422968
w2,champ:0.7+champ_n20,0.24164312357510842,1.473635381793215,-0.316475771888143
w2,champ_mid:0.9+lowvol,0.24163111065600473,1.5208728442671442,-0.30181956188414316
eq4,champ_n20+champ_large+champ_tail+mom_fast,0.24157437988141228,1.3560610270024882,-0.3383292321892367
eq5,champ+champ_qtr+champ_large+mom_fast+momcons,0.24145162599446257,1.331380431475084,-0.3479793317480703
w2,champ:0.8+prox52,0.24144934280668573,1.4357366900521271,-0.329640047991979
w2,champ:0.7+champ_qtr,0.24144115156551194,1.4580975206436069,-0.320791850214488
eq4,champ+champ_qtr+mom_fast+amihud,0.2414377219033177,1.2064254557415361,-0.44793818661934903
eq5,champ_n5+mom_only+mom_fast+lowvol+prox52,0.2414319031026393,1.2724621430409748,-0.377902104692726
eq5,champ_qtr+mom_only+mom_fast+lowvol+prox52,0.2414080971320136,1.274598885414432,-0.3968355685565079
eq5,champ+champ_n5+champ_large+mom_fast+momcons,0.2413897801207492,1.3258853752833986,-0.33767970293291627
eq5,champ+champ_large+champ_tail+mom_fast+momcons,0.24132865724642483,1.3532740281608084,-0.34586270309578626
eq4,champ+champ_n5+mom_fast+amihud,0.24131412117212636,1.2004333637129614,-0.4264233820285085
eq5,champ+champ_n20+champ_large+mom_fast+momcons,0.24125854994833262,1.3272671066887578,-0.34687859854030434
w3,champ:0.20+champ_mid:0.50+prox52:0.30,0.24123003867614345,1.4366283041483352,-0.3339219308733754
eq5,champ+champ_mid+mom_fast+prox52+amihud,0.24119416127916393,1.218348015242181,-0.4610156166166558
eq4,champ_n5+champ_large+champ_mid+mom_only,0.24117054144458794,1.3747037612640811,-0.3218205840003744
eq4,champ_qtr+champ_large+champ_mid+mom_only,0.24116102822586805,1.3790852482385085,-0.3350143990745251
eq4,champ+champ_n20+mom_fast+amihud,0.24103327868694957,1.1985445728112312,-0.44222658078547794
eq3,mom_only+prox52+momcons,0.24103097053282396,1.1406564888478339,-0.49173063051942656
eq3,champ_large+mom_fast+momcons,0.2410169508805271,1.1778684076113657,-0.3788530169383918
eq5,champ_n20+mom_only+mom_fast+lowvol+prox52,0.24101638895141053,1.264951742529595,-0.3917252532821107
w2,champ:0.7+champ_n5,0.24099424120229251,1.43093892272401,-0.30478459707082495
w3,champ:0.20+mom_fast:0.20+prox52:0.60,0.24094824630809364,1.157897127431993,-0.5096269954886554
eq4,champ_n20+champ_large+champ_mid+mom_only,0.2408578326124855,1.3709083459109404,-0.33148636708860446
w2,champ_n5:0.8+mom_only,0.24085421452283384,1.316746143981976,-0.30021058789274335
w3,mom_fast:0.50+prox52:0.33+lowmax:0.17,0.24082975740471824,1.0715570268281127,-0.5041378168506829
eq4,champ_large+champ_tail+champ_mid+mom_only,0.24079067652377906,1.4014479752876459,-0.3310928942026463
eq5,champ_n5+champ_qtr+champ_mid+mom_fast+amihud,0.24075564834217822,1.2789764468296991,-0.3838951524709048
eq4,champ+champ_mid+mom_only+amihud,0.240718145918019,1.2385693469459091,-0.41304420453063306
eq2,champ_qtr+champ_mid,0.24069179721781064,1.5029399637979168,-0.32157847351297153
w2,champ_qtr:0.5+champ_mid,0.24069179721781064,1.5029399637979168,-0.32157847351297153
w3,champ_qtr:0.20+mom_fast:0.20+momcons:0.60,0.24064317915948807,1.2066362484289739,-0.3959871472705545
eq5,champ+champ_large+champ_mid+mom_only+momcons,0.2406257855238314,1.3600301217382031,-0.3425763756922039
eq5,champ_tail+mom_only+mom_fast+lowvol+prox52,0.24061541136390407,1.2719808357906557,-0.39425423119616865
w3,champ_n5:0.20+mom_fast:0.20+momcons:0.60,0.24060458512548744,1.203225277044656,-0.377082893017497
eq4,champ+champ_tail+mom_fast+amihud,0.24059940448010586,1.207170127016185,-0.44418504813536586
w3,champ:0.50+champ_mid:0.20+momcons:0.30,0.24059471050729675,1.4413521067424968,-0.3370784799886112
eq5,champ_n5+champ_qtr+champ_tail+mom_only+momcons,0.24059267785332916,1.3856529977505805,-0.340633627752157
eq5,champ_n5+champ_n20+champ_qtr+mom_only+momcons,0.24056216785599904,1.3587869998796485,-0.3409885138441986
eq5,champ_n20+champ_qtr+champ_mid+mom_fast+amihud,0.24049245567293887,1.2760444335188081,-0.39753330475137505
eq5,champ_n5+champ_n20+champ_mid+mom_fast+amihud,0.24049243989204516,1.2731406895908715,-0.37906948444134303
eq5,champ+champ_qtr+champ_mid+mom_fast+lowvol,0.24048885694243527,1.489520293175326,-0.3099681808781076
w3,champ:0.34+champ_mid:0.33+momcons:0.33,0.2404884292925793,1.4404247116030264,-0.3385714816948241
eq2,champ_n20+champ_mid,0.24048231643049767,1.5022530575278343,-0.3145740488541756
w2,champ_n20:0.5+champ_mid,0.24048231643049767,1.5022530575278343,-0.3145740488541756
w2,champ:0.9+champ_large,0.24046127131413586,1.4387139571831378,-0.3155690866504002
w3,champ_mid:0.34+mom_fast:0.33+lowvol:0.33,0.24044186060003625,1.3895201273703957,-0.30433619608468987
w3,champ_qtr:0.34+mom_fast:0.20+prox52:0.46,0.24043923441342274,1.221338582443931,-0.4735329777744769
eq5,champ_large+champ_mid+mom_only+mom_fast+lowvol,0.24042670092275653,1.329369028482494,-0.31964058497412506
eq5,mom_only+mom_fast+prox52+momcons+amihud,0.2404175475261381,1.0660634707638283,-0.5485277238761177
eq5,champ+champ_n5+champ_mid+mom_fast+lowvol,0.24040350932670473,1.4802478471711646,-0.2991502260045439
eq5,champ_n5+champ_n20+champ_tail+mom_only+momcons,0.24039688555818173,1.3807853172302267,-0.33784122038435005
eq5,champ+champ_qtr+champ_large+mom_fast+prox52,0.24038261704442077,1.3175948979641317,-0.3639648303285251
eq3,champ+champ_mid+momcons,0.24038174053245842,1.4389751844491532,-0.338812424033169
eq5,champ_n20+champ_qtr+champ_tail+mom_only+momcons,0.2403589861862312,1.3832040380996335,-0.34817881062030887
eq5,champ+champ_n5+champ_large+mom_fast+prox52,0.24034723809856762,1.3131748679714275,-0.34404489054861986
w3,champ_n5:0.34+mom_fast:0.20+prox52:0.46,0.2403204978264446,1.2140483589405302,-0.44708573061451484
w3,champ_large:0.34+mom_fast:0.33+momcons:0.33,0.24030506920248285,1.1777458149513684,-0.37755354001642005
w3,champ_n20:0.20+mom_fast:0.20+momcons:0.60,0.2402974182329467,1.199665132047112,-0.3905778245364281
eq5,champ+champ_n20+champ_mid+mom_fast+lowvol,0.2402857847923201,1.4830859390318425,-0.30807429470130687
w3,champ_n20:0.50+champ_qtr:0.33+mom_only:0.17,0.24023540821985834,1.4223388858026338,-0.33443660646310747
eq3,champ_mid+mom_fast+lowvol,0.24023097313546327,1.3859011899335514,-0.3043356534674676
eq5,champ+champ_large+champ_tail+mom_fast+prox52,0.24020623114946615,1.336932329572653,-0.3599240954829045
w3,champ_mid:0.50+mom_fast:0.20+amihud:0.30,0.24019904958083704,1.1931097235523425,-0.42992494729925357
eq5,champ+champ_n20+champ_large+mom_fast+prox52,0.24017994658844555,1.313247052272773,-0.3670295001987819
eq5,champ_n5+champ_tail+champ_mid+mom_fast+amihud,0.2401651075471447,1.2827178567923603,-0.3806524342400176
eq5,champ_qtr+champ_tail+champ_mid+mom_fast+amihud,0.24012469666435,1.2844367672741885,-0.3993827951530363
w3,champ_qtr:0.50+champ_tail:0.33+mom_only:0.17,0.24011868934676106,1.4646263295589066,-0.33629076308539096
eq2,champ_n5+champ_mid,0.24011510366018385,1.461393064524934,-0.29465217303670044
w2,champ_n5:0.5+champ_mid,0.24011510366018385,1.461393064524934,-0.29465217303670044
w3,champ_tail:0.20+mom_fast:0.20+momcons:0.60,0.24002771514359766,1.2086064432466213,-0.3925594653044051
eq5,champ+champ_tail+champ_mid+mom_fast+lowvol,0.24000556037353404,1.503057987575399,-0.3081550054666934
w3,mom_only:0.34+prox52:0.50+momcons:0.16,0.2399512315628498,1.1171464611759518,-0.5267824641307968
w3,champ_mid:0.20+mom_only:0.50+lowvol:0.30,0.23995032657057225,1.2727350205151648,-0.3161228730665685
w3,champ_n20:0.34+mom_fast:0.20+prox52:0.46,0.2399342127513273,1.2112488599352296,-0.4673486376110023
w3,champ_n20:0.20+champ_qtr:0.33+champ_mid:0.47,0.23985104444088523,1.5090577276185126,-0.3195388188719055
eq5,champ+champ_large+champ_mid+mom_only+prox52,0.2398447057683244,1.3562057218916324,-0.3416677424815264
eq5,champ_n5+champ_n20+champ_qtr+mom_only+prox52,0.23981118918992927,1.3561940582717642,-0.3507761281017737
w3,champ_n5:0.20+champ_qtr:0.33+champ_mid:0.47,0.2398026226005514,1.4970903575114767,-0.3117413996069113
eq5,champ_n5+champ_qtr+champ_tail+mom_only+prox52,0.23979820718354428,1.3813007605863306,-0.35302580863172284
w3,champ_n5:0.20+champ_n20:0.33+champ_mid:0.47,0.23977781857456115,1.5026166781603492,-0.3069309392541376
w3,champ_n5:0.50+champ_tail:0.33+mom_only:0.17,0.23977256545550585,1.4366235881711784,-0.3097510582702917
w3,champ:0.50+champ_large:0.33+mom_fast:0.17,0.23974629803194802,1.3625330215073936,-0.32778183213381684
w3,champ_n5:0.50+champ_n20:0.33+mom_only:0.17,0.23972074702081247,1.3872722939686484,-0.31039530040680163
w3,champ_qtr:0.50+mom_only:0.33+amihud:0.17,0.239687836808957,1.230846178954533,-0.42690160637367147
eq5,champ_n20+champ_tail+champ_mid+mom_fast+amihud,0.23968313269890906,1.272909791411468,-0.39464277025941086
w3,champ_n20:0.50+champ_tail:0.33+mom_only:0.17,0.23960922552869746,1.4494292702763425,-0.3295592437213296
eq5,champ_n5+champ_n20+champ_tail+mom_only+prox52,0.23959263749403625,1.376061634212684,-0.3474209786938831
w3,champ_qtr:0.50+champ_large:0.20+mom_only:0.30,0.2395825589113545,1.3194232602949287,-0.344187512707847
w3,champ_mid:0.20+mom_only:0.20+momcons:0.60,0.23955135553620233,1.2182398233804799,-0.3719008340685208
eq5,champ_n20+champ_qtr+champ_tail+mom_only+prox52,0.23952842339320535,1.3773722148220233,-0.36741718542751844
w2,champ_tail:0.8+mom_only,0.23950813069329446,1.389032528774932,-0.33092637361066335
w3,champ_n5:0.50+champ_qtr:0.33+mom_only:0.17,0.23949344059734057,1.3729355677806427,-0.3152088409281586
w3,champ_n20:0.34+champ_qtr:0.20+champ_mid:0.46,0.2394847087768157,1.5080106359711574,-0.3178050028413806
w3,champ_large:0.50+champ_mid:0.20+mom_fast:0.30,0.2394596388497796,1.270479924707257,-0.3380768055447816
w3,champ_qtr:0.34+champ_mid:0.50+momcons:0.16,0.23940628427754906,1.4828752827638068,-0.33102358142689514
w3,champ_qtr:0.34+champ_tail:0.20+champ_mid:0.46,0.23936702844853297,1.5355792226976182,-0.3195034854466009
w3,champ_large:0.20+mom_fast:0.50+lowvol:0.30,0.2393306312838035,1.1919776411535346,-0.3353034429597077
w3,champ_n20:0.34+champ_qtr:0.50+mom_only:0.16,0.23932589646112068,1.4203294334796828,-0.3363375420458531
w3,champ_n5:0.34+champ_n20:0.20+champ_mid:0.46,0.23932210644588903,1.487712682454047,-0.3015442806716794
w3,champ_n5:0.34+champ_qtr:0.20+champ_mid:0.46,0.23929416626699673,1.482263410553547,-0.3044866699997335
w3,champ_n5:0.50+mom_only:0.33+amihud:0.17,0.23928719816628385,1.2137243814406016,-0.3811400239647196
w2,champ:0.9+amihud,0.23928707528514792,1.4188669212045222,-0.3270268897435652
w3,champ_n5:0.20+champ_tail:0.33+champ_mid:0.47,0.23927561223625626,1.5356467808485967,-0.3066320273003984
w3,champ:0.20+champ_n20:0.50+champ_mid:0.30,0.23927512309463128,1.5016962257601938,-0.3157306735262603
w3,champ:0.20+champ_qtr:0.50+champ_mid:0.30,0.23926223743640151,1.4905993740718178,-0.32291665354060306
w3,champ_qtr:0.20+champ_tail:0.33+champ_mid:0.47,0.2392366094456133,1.5391183673911968,-0.3171878729752937
w2,champ_mid:0.6+momcons,0.23923465596446913,1.4022342084935793,-0.34232937116368944
w3,champ_n5:0.34+champ_tail:0.20+champ_mid:0.46,0.23922786852558797,1.518293109087204,-0.3011878641301867
w2,champ:0.6+champ_tail,0.2392167906290794,1.541315792311042,-0.3164719496496997
w2,champ:0.6+champ_n20,0.23919773250258292,1.4686801832237442,-0.3171446999424318
w3,champ_n5:0.34+champ_mid:0.50+momcons:0.16,0.23919140514263892,1.4637243765387586,-0.31303648826061337
w3,champ_n20:0.50+champ_large:0.20+mom_only:0.30,0.2391871543360753,1.3123468846581126,-0.33718952331052277
w3,champ_n5:0.50+champ_large:0.20+mom_only:0.30,0.2391807272598474,1.2977643458262746,-0.31793714903337644
w3,champ_n5:0.34+champ_n20:0.50+mom_only:0.16,0.2391652967404978,1.4088301821943345,-0.31611545795404605
eq5,champ+champ_n5+champ_qtr+mom_fast+amihud,0.23915385283287915,1.264648952929941,-0.3947651213029991
w3,champ:0.50+champ_mid:0.20+prox52:0.30,0.23914222125196405,1.4223496373382105,-0.3373060426980462
w3,champ_n20:0.34+champ_mid:0.50+momcons:0.16,0.23912635545643468,1.4753305481310317,-0.32633999669222924
eq5,champ_large+champ_mid+mom_fast+prox52+momcons,0.23911437537900793,1.2741814388932948,-0.3817272187791899
w3,champ_tail:0.34+mom_fast:0.20+prox52:0.46,0.23910429404972278,1.2172208890559988,-0.4686342896377601
eq4,champ+champ_n20+champ_qtr+champ_mid,0.23908281267778997,1.5021767457432507,-0.3196659311257056
w3,champ_n20:0.34+champ_tail:0.20+champ_mid:0.46,0.23904570612798404,1.5248811206521775,-0.315441247737006
eq4,champ+champ_qtr+champ_tail+champ_mid,0.2390425413992725,1.5468394413797386,-0.31925222196291014
eq5,champ+champ_n20+champ_qtr+mom_fast+amihud,0.23903768177410156,1.2662161645206815,-0.4077152224705082
eq5,champ_n5+champ_qtr+champ_large+champ_tail+mom_fast,0.23901039021479864,1.3932692566230302,-0.32686181420958893
eq4,champ_qtr+mom_only+prox52+momcons,0.23900910124375896,1.2408884066457577,-0.4381092871451424
eq4,champ_n5+mom_only+prox52+momcons,0.2390050983116736,1.237409741143954,-0.416013456148137
eq2,champ_tail+champ_mid,0.23899280273343004,1.5114455194965912,-0.3149338661489225
w2,champ_tail:0.5+champ_mid,0.23899280273343004,1.5114455194965912,-0.3149338661489225
eq5,champ+champ_n5+champ_n20+mom_fast+amihud,0.23897989379954332,1.2616402421986965,-0.3895906571901545
w3,champ_n20:0.20+champ_tail:0.33+champ_mid:0.47,0.23896248794448072,1.527874193199338,-0.31534537777756555
w3,champ_n20:0.50+mom_only:0.33+amihud:0.17,0.23895289782604978,1.215873530766758,-0.4147680838995653
eq4,champ+champ_n5+champ_tail+champ_mid,0.2389389212251225,1.5337150400406734,-0.30582966646324217
w3,mom_only:0.50+lowvol:0.20+momcons:0.30,0.23893540562819493,1.1585756140480221,-0.3814017862835434
w2,champ:0.6+champ_qtr,0.23892503387994912,1.447706461803717,-0.32289067179934694
eq4,champ+champ_n5+champ_n20+champ_mid,0.2389156381117281,1.4870091150395055,-0.30628202840286456
eq4,champ+champ_large+champ_tail+mom_only,0.23891547893499743,1.3842363254501502,-0.33276759717981286
w3,champ_n5:0.34+champ_qtr:0.50+mom_only:0.16,0.23890900168026197,1.3896721860735408,-0.3233344986006217
eq5,champ+champ_mid+mom_only+mom_fast+lowmax,0.2389064447703848,1.3078607614290645,-0.338716852414663
w3,champ_qtr:0.50+mom_only:0.20+momcons:0.30,0.2388953185896665,1.3185008701713805,-0.3597151440323684
eq4,champ+champ_n20+champ_tail+champ_mid,0.23888325219062767,1.5432517345295438,-0.31567311194115233
eq5,champ+champ_large+mom_only+mom_fast+lowvol,0.23886057524861126,1.314768437871358,-0.32105429113092
eq4,champ+champ_qtr+champ_large+mom_only,0.2388600096277369,1.3461705783053917,-0.33671873885217585
eq5,champ_n5+champ_n20+champ_large+champ_tail+mom_fast,0.23885379201715695,1.3899525879509345,-0.3251693404353677
eq5,champ+champ_qtr+champ_tail+mom_fast+amihud,0.23885363284480476,1.280275295361257,-0.40960032043639516
eq5,champ+champ_n5+champ_tail+mom_fast+amihud,0.2388363446128008,1.2767694695740794,-0.39104411779044335
eq5,champ_n5+champ_n20+champ_qtr+champ_large+mom_fast,0.23882901934316592,1.359563402424839,-0.327236173338745
eq5,champ_n20+champ_qtr+champ_large+champ_tail+mom_fast,0.23881280703562346,1.392254390790964,-0.33519577133542466
eq4,champ+champ_n5+champ_qtr+champ_mid,0.23879587682244696,1.4758367443634428,-0.3099348944672723
eq4,champ+champ_n5+champ_large+mom_only,0.23877888504171207,1.3387923960143713,-0.3235758116105497
w3,champ:0.34+champ_mid:0.33+prox52:0.33,0.23877423688514487,1.414380433198793,-0.3374450299822427
w3,champ_qtr:0.34+champ_mid:0.50+prox52:0.16,0.2387093553925448,1.4757196201473761,-0.33028702898407447
eq4,champ+champ_n20+champ_large+mom_only,0.23869610134491803,1.3436364303293515,-0.3331966177347866
w2,champ_large:0.2+champ_mid,0.238670431700156,1.484298984661639,-0.31250475299514724
eq3,champ_large+mom_fast+prox52,0.23865931020856546,1.1484936701739805,-0.4517443746260723
eq3,champ+champ_mid+prox52,0.23864167371659994,1.41234042133467,-0.3383006784197745
w3,champ:0.20+mom_only:0.50+lowvol:0.30,0.23863987989213675,1.267400059564298,-0.3279823622245178
w2,champ:0.7+momcons,0.2386277829167882,1.4059801173138,-0.33845904263822735
eq5,champ+champ_qtr+champ_mid+mom_only+amihud,0.23861472789771399,1.3006439828506524,-0.38199103760216335
w3,champ_n5:0.34+champ_tail:0.50+mom_only:0.16,0.23860921198773588,1.4589788625144746,-0.31525794522194883
w3,champ_qtr:0.34+champ_tail:0.50+mom_only:0.16,0.23860479919857358,1.4670158029961355,-0.33332469445827584
eq4,champ_n20+mom_only+prox52+momcons,0.23859141643048032,1.2316346266779252,-0.43187459331983746
eq5,champ+champ_n5+champ_mid+mom_only+amihud,0.23858384187799975,1.2964659644065684,-0.36261118064237463
w3,champ_large:0.20+champ_tail:0.50+mom_only:0.30,0.23856551231889256,1.3481502240974166,-0.3364498202116505
w3,champ:0.20+champ_n5:0.50+champ_mid:0.30,0.23854162328098005,1.442946278948678,-0.2960726586173401
w3,champ_n5:0.34+champ_mid:0.50+prox52:0.16,0.2385306328523471,1.4585691523537734,-0.31229517024029063
w3,champ_n5:0.20+mom_only:0.50+amihud:0.30,0.23852935730199554,1.0484409326934963,-0.5141004150635986
eq5,champ+champ_n20+champ_tail+mom_fast+amihud,0.23850138062755621,1.2715265069745045,-0.40466386249935316
eq4,champ_mid+mom_fast+momcons+amihud,0.23849045285441295,1.1364526583995809,-0.4686891743462871
w3,champ_n20:0.50+mom_only:0.20+momcons:0.30,0.23845254088941004,1.3096423349308657,-0.35289487869652925
w3,champ_qtr:0.20+mom_only:0.50+amihud:0.30,0.2384444663703318,1.0484982030788883,-0.5273169326462903
eq4,champ_qtr+champ_large+mom_fast+momcons,0.23842904998566894,1.262212400579199,-0.3577113252871573
w3,champ_n20:0.34+champ_mid:0.50+prox52:0.16,0.23841631106888284,1.4675853999175408,-0.3254579285195184
eq4,champ_n5+champ_large+mom_fast+momcons,0.2383888383269297,1.2574496460165832,-0.3450910563890742
w3,champ_n5:0.50+mom_only:0.20+momcons:0.30,0.2383751315328584,1.2927121419869998,-0.33413103332495575
w3,champ_tail:0.34+champ_mid:0.50+momcons:0.16,0.23834658540189668,1.4931949505745326,-0.3265428635357308
eq5,champ+champ_n20+champ_mid+mom_only+amihud,0.23830962009483603,1.2929720914765115,-0.3767790224550315
w2,champ:0.6+champ_n5,0.238252488193603,1.4085222369128025,-0.3015316851074199
w3,champ:0.20+champ_tail:0.50+champ_mid:0.30,0.2382456814412881,1.5370633997088785,-0.31502214296810793
w3,mom_fast:0.34+prox52:0.50+amihud:0.16,0.2382240765518029,1.0264711625026162,-0.5896760285686269
w3,champ:0.34+mom_fast:0.33+lowvol:0.33,0.2382127487824648,1.379679907359446,-0.30396360814322854
eq4,champ_tail+mom_only+prox52+momcons,0.23821264776136553,1.2431894726246646,-0.43416199812419676
w3,champ:0.34+champ_n20:0.50+champ_mid:0.16,0.23819073552719594,1.4885223179706746,-0.31669495537272785
eq5,champ_n5+champ_qtr+champ_large+champ_mid+mom_only,0.23817721179968188,1.3956598823812723,-0.32455803035480046
eq5,champ_n5+champ_large+champ_tail+champ_mid+mom_only,0.2381590843372332,1.427292507538884,-0.32133740922305276
eq4,champ_large+mom_only+mom_fast+amihud,0.23815000345067583,1.0538614703047318,-0.5003390967260701
w3,champ_n20:0.34+champ_tail:0.50+mom_only:0.16,0.23809476703800136,1.4484644815723853,-0.3293757248317136
eq5,champ_qtr+champ_large+champ_tail+champ_mid+mom_only,0.23809120378705462,1.4286460461018413,-0.3319331967574579
eq4,champ_n20+champ_large+mom_fast+momcons,0.23808778779234507,1.2547397770362814,-0.35673212625755446
eq5,champ_n5+champ_n20+champ_large+champ_mid+mom_only,0.2380679208335459,1.394295698735628,-0.32169206794117056
eq3,champ+mom_fast+lowvol,0.238047071920388,1.3763151468121892,-0.30397123505439794
w3,mom_fast:0.50+lowmax:0.20+momcons:0.30,0.23804213929331786,1.0908431259965674,-0.43492643388270824
w3,champ:0.20+mom_only:0.20+momcons:0.60,0.2380417463571114,1.2077573869765719,-0.3763332513738661
eq5,champ_n20+champ_qtr+champ_large+champ_mid+mom_only,0.2380407067106074,1.397232115449426,-0.33226370331207644
eq5,champ+champ_tail+champ_mid+mom_only+amihud,0.2380355012697677,1.305219304440418,-0.3793461185489734
w3,champ:0.34+champ_qtr:0.50+champ_mid:0.16,0.23802258892059647,1.4697248615284868,-0.32387420911625586
eq4,champ_large+champ_tail+mom_fast+momcons,0.23801212696646967,1.276872887605113,-0.3561581525285781
w3,champ_large:0.34+mom_fast:0.33+prox52:0.33,0.23798702079659528,1.1488379821653145,-0.449904125395983
eq5,champ_n5+champ_large+mom_only+mom_fast+amihud,0.23792394335515277,1.143368858854155,-0.43996469980545894
w3,champ_n20:0.20+mom_only:0.50+amihud:0.30,0.23788418746520779,1.040655682706381,-0.5253295613472471
eq5,champ_qtr+champ_large+mom_only+mom_fast+amihud,0.23786862093628414,1.1441382030309384,-0.4570631855555366
eq5,champ+champ_mid+mom_fast+lowvol+momcons,0.23782553820922026,1.4154068891017175,-0.32298155411538554
eq5,champ_n20+champ_large+champ_tail+champ_mid+mom_only,0.2378035718871987,1.4190690222033713,-0.32911391033834525
w3,champ_qtr:0.20+champ_mid:0.50+momcons:0.30,0.2377323326090457,1.4390168998685926,-0.339215617924428
w3,champ_n5:0.20+champ_mid:0.50+momcons:0.30,0.23769712019477018,1.4327651445372207,-0.3287990574570071
w2,mom_only:0.3+momcons,0.23769467360495633,1.1119396892884368,-0.4243452471542454
eq5,mom_only+mom_fast+lowvol+prox52+momcons,0.23766853383968556,1.1994890148420974,-0.4254873680536376
w3,champ:0.20+champ_large:0.20+champ_mid:0.60,0.23763685665154632,1.4927068883786034,-0.31245150337180205
w3,mom_only:0.50+lowvol:0.20+prox52:0.30,0.23762981543292794,1.1509494220352505,-0.4547520481180881
w3,champ_tail:0.34+champ_mid:0.50+prox52:0.16,0.23757875093192293,1.4821427052700888,-0.3258814977042086
w3,champ_qtr:0.50+mom_only:0.20+prox52:0.30,0.23755397811383583,1.3070643348378361,-0.41333013525476014
eq5,champ_qtr+champ_mid+mom_fast+momcons+amihud,0.23753228411178084,1.2190417345001774,-0.4301628944009648
eq5,champ_n5+champ_mid+mom_fast+momcons+amihud,0.2375275033906148,1.2163645118053292,-0.412265279778541
w3,champ:0.20+champ_large:0.50+mom_fast:0.30,0.2375061286452429,1.2455536025155352,-0.33946214348999626
w3,champ_tail:0.50+mom_only:0.33+amihud:0.17,0.23749992432793698,1.2186427162479685,-0.4213308527799383
w3,champ_n20:0.20+champ_mid:0.50+momcons:0.30,0.23749713375796544,1.4315660305402933,-0.3365126885674594
w3,champ:0.34+champ_tail:0.50+champ_mid:0.16,0.23748298333577167,1.5417041059622236,-0.3159455758459295
eq4,champ_qtr+champ_mid+mom_fast+lowvol,0.23746550890321383,1.4448274946490816,-0.3089036462005047
eq5,champ+champ_large+mom_fast+prox52+momcons,0.23746458873991227,1.25820334257745,-0.39325430186277255
w3,champ_tail:0.20+mom_only:0.50+amihud:0.30,0.23745911261918917,1.0430350761998568,-0.5259223533047958
eq4,champ_large+champ_mid+mom_only+momcons,0.2374292014265751,1.292997758853406,-0.34953813019257485
eq5,champ_n20+champ_large+mom_only+mom_fast+amihud,0.23742453627509397,1.1360586492427125,-0.45228571627689496
w3,champ:0.34+champ_mid:0.50+amihud:0.16,0.23742153362213902,1.422355882104814,-0.33207549647774637
eq4,champ_n5+champ_mid+mom_fast+lowvol,0.2373884614312547,1.4354632711917656,-0.29595820143192864
w2,champ_qtr:0.6+champ_mid,0.23735598355635634,1.4805629579687485,-0.32436279533601475
w3,mom_only:0.20+mom_fast:0.50+lowmax:0.30,0.23733644334799942,1.0561355832962718,-0.4397543114977912
w3,champ_tail:0.50+mom_only:0.20+momcons:0.30,0.2373082273941134,1.3257531656937027,-0.35218726696017977
w2,champ_large:0.6+mom_fast,0.23728716011427609,1.1600330880812444,-0.3485772840983199
w2,champ:0.7+prox52,0.23724846152115187,1.390910134257654,-0.35285667680191146
w2,champ_n20:0.6+champ_mid,0.2372441756762118,1.4870544522201412,-0.3164863248917934
eq5,champ_large+champ_tail+mom_only+mom_fast+amihud,0.23722442872614202,1.1449382260010879,-0.4541440410100427
w3,champ:0.34+champ_n5:0.50+champ_mid:0.16,0.23720134190147224,1.4192147774853703,-0.29708843809066254
w3,champ_tail:0.20+champ_mid:0.50+momcons:0.30,0.23715840833625124,1.4466375983730926,-0.3366111378299831
w2,champ_n20:0.9+mom_fast,0.23714698334499618,1.4162391956927562,-0.32950873521441537
w3,champ_n5:0.50+mom_only:0.20+prox52:0.30,0.23713324157316418,1.2850559917885869,-0.36680292090100475
w3,champ:0.50+mom_fast:0.20+amihud:0.30,0.23713121460433917,1.1856577831975033,-0.4499718886399756
eq5,champ_n20+champ_mid+mom_fast+momcons+amihud,0.23711388354593943,1.209709097342531,-0.42538332719661043
eq4,champ_n20+champ_mid+mom_fast+lowvol,0.2371087036355659,1.4324627271082453,-0.30924728840803795
eq5,champ_n5+champ_qtr+mom_only+prox52+momcons,0.23708430596249275,1.2949162573322195,-0.3863210273033749
w3,champ_n20:0.50+mom_only:0.20+prox52:0.30,0.2370747627643237,1.2971223564771228,-0.40066479291308954
w3,champ:0.50+champ_n20:0.33+champ_tail:0.17,0.23698048559572604,1.505170406061442,-0.3175131215044923
w3,champ:0.50+champ_qtr:0.20+champ_tail:0.30,0.23696601127603256,1.5242222375128367,-0.3201602875509828
w3,mom_fast:0.34+lowvol:0.20+momcons:0.46,0.2369313890390985,1.181861567310781,-0.38439138698360276
w3,champ:0.50+champ_qtr:0.33+champ_tail:0.17,0.2369260534942781,1.495131686501523,-0.3222351274473665
eq4,champ_n5+champ_large+mom_fast+prox52,0.23692604474291068,1.2386759971689818,-0.3837625958900641
eq4,champ_qtr+champ_large+mom_fast+prox52,0.2369251147057474,1.2420042063948848,-0.407130511927675
w3,champ:0.50+champ_n20:0.20+champ_tail:0.30,0.23691865738926032,1.526017868905708,-0.3173037547303529
w2,champ_qtr:0.9+mom_fast,0.2369074279890344,1.3902719398469878,-0.33894885097286687
eq5,champ_n5+champ_n20+mom_only+prox52+momcons,0.23690162365221035,1.2912838035373788,-0.38062085910308074
eq5,champ_n20+champ_qtr+mom_only+prox52+momcons,0.23688302997923572,1.293848932766692,-0.3994521571597791
eq4,champ+mom_fast+momcons+amihud,0.23686779179130935,1.1306682246959794,-0.48053142796440307
w3,champ:0.50+champ_n5:0.20+champ_tail:0.30,0.23685497187037186,1.5125093450079539,-0.309461881824718
w2,champ_mid:0.6+prox52,0.2368458358790284,1.360130246554219,-0.3456685087691276
eq5,champ_n5+champ_tail+mom_only+prox52+momcons,0.2367929702481648,1.3093796158236908,-0.38248478558418264
w3,champ:0.50+champ_n20:0.33+champ_qtr:0.17,0.2367785322138649,1.4614700511752543,-0.32025724914944964
eq5,champ_qtr+champ_tail+mom_only+prox52+momcons,0.2367339436951914,1.3106816535457209,-0.4013321711080273
eq2,champ+champ_n20,0.23671082188791037,1.46138919815953,-0.3178180206066633
w2,champ:0.5+champ_n20,0.23671082188791037,1.46138919815953,-0.3178180206066633
w3,champ:0.50+champ_n20:0.20+champ_qtr:0.30,0.23670165339244464,1.455096982274957,-0.32212189573120886
eq4,champ+champ_qtr+champ_mid+momcons,0.23667721563187993,1.4459529691363853,-0.33794529494503944
w3,champ:0.34+champ_large:0.20+champ_mid:0.46,0.23667415816916781,1.4859136110652917,-0.3134061886141838
eq5,champ_tail+champ_mid+mom_fast+momcons+amihud,0.2366517028815105,1.2139666319461861,-0.42723474989760357
eq5,champ+champ_mid+mom_fast+lowvol+prox52,0.2366400548030898,1.3935177777518268,-0.3270515923455495
w3,champ:0.50+champ_n5:0.20+champ_n20:0.30,0.2365986184226303,1.4473814741756625,-0.31002648978996805
eq4,champ_n20+champ_large+mom_fast+prox52,0.23656910708033396,1.2343871527873391,-0.4003059964454533
w3,champ:0.50+champ_n5:0.33+champ_tail:0.17,0.2365544881293744,1.4675270016505837,-0.3045899628377977
eq4,champ+champ_n20+champ_mid+momcons,0.2365535763003126,1.4446282232706038,-0.3344382477630866
eq4,champ+champ_n5+champ_mid+momcons,0.23650262467249328,1.4318850114459085,-0.3249016381993698
eq4,champ_mid+mom_fast+prox52+amihud,0.23649035766498194,1.1114469415417785,-0.5222964424036121
eq5,champ+champ_n5+champ_large+champ_tail+mom_only,0.2364878517224558,1.4049914621154669,-0.32271285984304354
eq4,champ_tail+champ_mid+mom_fast+lowvol,0.23648707682561487,1.4418516307931395,-0.3093758159080544
eq5,champ+champ_qtr+champ_large+champ_tail+mom_only,0.23647779943783442,1.4087907727561162,-0.3332762618323649
w2,champ_n5:0.6+champ_mid,0.23646258251979768,1.4228236122490439,-0.2920768949725272
eq4,champ_large+champ_tail+mom_fast+prox52,0.2364255188027049,1.253431398703914,-0.4026330873375822
eq4,champ_large+champ_mid+mom_only+prox52,0.23637382770482107,1.2857685740590599,-0.36709488435000626
eq5,champ_n20+champ_tail+mom_only+prox52+momcons,0.23637332193417704,1.300734718523007,-0.39602278539108593
eq2,champ+champ_tail,0.2363701374184417,1.532754648770793,-0.3170220879941704
w2,champ:0.5+champ_tail,0.2363701374184417,1.532754648770793,-0.3170220879941704
w2,champ:0.5+champ_qtr,0.23636573435781516,1.4349794102295197,-0.32498945095451837
eq2,champ+champ_qtr,0.23636573435781516,1.4349794102295197,-0.32498945095451837
eq4,champ+champ_tail+champ_mid+momcons,0.23636343283128625,1.4763934842517303,-0.33405126719815803
eq5,champ_n5+champ_qtr+champ_large+mom_fast+momcons,0.23632491822618196,1.3050327893276186,-0.3418183553052231
w3,champ:0.50+champ_n5:0.20+champ_qtr:0.30,0.23630953782913777,1.4280293168259712,-0.31438768940756323
eq5,champ+champ_n20+champ_large+champ_tail+mom_only,0.23627915075304107,1.403415380540525,-0.3304606676622639
eq5,champ_n5+champ_large+champ_tail+mom_fast+momcons,0.23627640692273322,1.329008782366281,-0.33971927544827507
eq5,champ+champ_n20+champ_qtr+champ_large+mom_only,0.23624438850412166,1.370876448818707,-0.33362945994270066
eq5,champ_qtr+champ_large+champ_tail+mom_fast+momcons,0.2362404876510511,1.331215723494288,-0.3495444842828631
w3,champ:0.50+champ_n5:0.33+champ_n20:0.17,0.23623940232796103,1.4250441675212022,-0.30494235113080737
eq5,champ+champ_n5+champ_qtr+champ_large+mom_only,0.23623421914365483,1.3635290303118075,-0.32595247604075095
eq5,champ+champ_n5+champ_n20+champ_large+mom_only,0.2362137285813144,1.3658072936704269,-0.323090424159607
eq5,champ+champ_n20+champ_qtr+champ_tail+champ_mid,0.236202239496069,1.5281371882925885,-0.3196384435634304
eq5,champ_n20+champ_qtr+champ_large+mom_fast+momcons,0.23619566048668061,1.3064618421228311,-0.3506170440381574
eq5,champ_n5+champ_n20+champ_large+mom_fast+momcons,0.23619115190031326,1.3030236126426267,-0.3404346492410494
eq2,champ_large+mom_only,0.23618916185377636,1.1423868254334693,-0.3549770624736448
w2,champ_large:0.5+mom_only,0.23618916185377636,1.1423868254334693,-0.3549770624736448
eq5,champ+champ_n5+champ_qtr+champ_tail+champ_mid,0.23617480612566588,1.5164801797309253,-0.31181943798001466
w3,champ_n5:0.20+champ_mid:0.50+prox52:0.30,0.23616438496309922,1.4099761369292436,-0.3283177044474862
w3,champ_qtr:0.20+champ_mid:0.50+prox52:0.30,0.23616009310250652,1.4141290764587524,-0.3380182897348789
eq5,champ_n5+champ_mid+mom_fast+prox52+amihud,0.23615908666865337,1.197407032645315,-0.45833400712790107
eq5,champ+champ_n5+champ_n20+champ_tail+champ_mid,0.23615724610678446,1.5199320994297563,-0.30892044569908417
eq5,champ_qtr+champ_mid+mom_fast+prox52+amihud,0.236137953296518,1.1992533537981107,-0.4727394361007742
w3,champ_large:0.34+champ_mid:0.50+mom_only:0.16,0.23611910387871893,1.4088395338334216,-0.323938161849474
eq5,champ+champ_qtr+mom_fast+momcons+amihud,0.23607866598688498,1.2098533416354684,-0.4405540476463713
eq5,champ+champ_n5+champ_n20+champ_qtr+champ_mid,0.2360664961996184,1.474589361343551,-0.3121877674304956
w3,champ:0.50+champ_n5:0.33+champ_qtr:0.17,0.23604542558185337,1.413143352086975,-0.30743532454837474
w3,champ_qtr:0.34+mom_only:0.20+momcons:0.46,0.23602804447783,1.253124710273675,-0.36941925656223584
eq5,champ+champ_n5+mom_fast+momcons+amihud,0.2360162971628379,1.205705537318321,-0.4230330644700583
w3,mom_fast:0.20+prox52:0.20+momcons:0.60,0.23600241089423268,1.1368444254064474,-0.4656638064245099
eq5,champ_n20+champ_large+champ_tail+mom_fast+momcons,0.2359286225313859,1.3225443855235617,-0.34982219382393853
w3,champ_n20:0.20+champ_mid:0.50+prox52:0.30,0.23591056983882996,1.406338928247411,-0.3359656276571472
w3,champ_n5:0.20+mom_fast:0.20+prox52:0.60,0.23588305926732156,1.1375164616902302,-0.5068630815157893
w3,champ_n5:0.34+mom_only:0.20+momcons:0.46,0.23585220810332785,1.2429963680522584,-0.3516629507583018
w3,champ_qtr:0.20+mom_fast:0.20+prox52:0.60,0.23584359295643176,1.138615077022752,-0.5203460046122703
w3,champ_tail:0.50+mom_only:0.20+prox52:0.30,0.23577075630940802,1.3070966933878136,-0.406549587760067
eq5,champ+champ_n20+mom_fast+momcons+amihud,0.23574943106666013,1.2029971225085099,-0.4355307534142122
eq5,champ_n20+champ_mid+mom_fast+prox52+amihud,0.2357103042532891,1.1900592372873782,-0.4705279693413075
w3,champ_mid:0.50+mom_only:0.33+lowmax:0.17,0.23564347904064786,1.3371510042182826,-0.3348284634892311
w3,champ_mid:0.20+mom_only:0.20+prox52:0.60,0.2356136406836875,1.1679267206182071,-0.49915219925751897
w3,champ_n20:0.34+mom_only:0.20+momcons:0.46,0.2355903678340956,1.2436971569404314,-0.3653127190780828
eq4,champ+champ_qtr+mom_fast+lowvol,0.23559001947693292,1.4258962221047933,-0.3106854994964786
eq5,champ_n5+champ_large+champ_mid+mom_only+momcons,0.2355762609266443,1.3355269514606878,-0.3363579646354474
eq5,champ_qtr+champ_large+champ_mid+mom_only+momcons,0.23555393213653186,1.3383131001027584,-0.346713010666471
w3,mom_fast:0.20+prox52:0.33+momcons:0.47,0.23552424233091984,1.1354642816366112,-0.49055452796234245
eq4,champ+champ_qtr+champ_mid+prox52,0.23552099980094932,1.4319231659085572,-0.33681548842569764
w3,champ_tail:0.20+champ_mid:0.50+prox52:0.30,0.23550818958092412,1.4176640711034452,-0.3356406269187001
eq5,champ+champ_tail+mom_fast+momcons+amihud,0.23547054722408411,1.2121882694149468,-0.4374109622954502
w3,champ_n20:0.20+mom_fast:0.20+prox52:0.60,0.23547005288078693,1.1319973474845597,-0.5177910836543301
w2,champ:0.5+champ_n5,0.23542965904258195,1.3827563953733846,-0.29827083091166606
eq2,champ+champ_n5,0.23542965904258195,1.3827563953733846,-0.29827083091166606
eq3,champ_n20+champ_qtr+champ_mid,0.2354269674861884,1.4879181011976343,-0.32144060536271857
eq4,champ+champ_n5+mom_fast+lowvol,0.23542316222150772,1.4127779343086788,-0.29716329139459097
w2,champ:0.9+lowvol,0.23540555309687616,1.47590406981143,-0.30502855174316257
eq4,champ+champ_n5+champ_mid+prox52,0.23538778249110437,1.420121168919831,-0.3237263281530941
eq4,champ+champ_n20+champ_mid+prox52,0.23538226507378823,1.4299052007414432,-0.333296674619155
w2,mom_fast:0.2+momcons,0.23537302370126434,1.1102265959440922,-0.42620234669248824
eq4,champ+champ_n20+mom_fast+lowvol,0.23537231937464442,1.4202336121018833,-0.3089656124638731
eq5,champ+champ_mid+mom_only+momcons+amihud,0.23536368999783375,1.232856845368525,-0.41114355085799403
eq5,champ_n5+champ_qtr+champ_mid+mom_fast+lowvol,0.23535242487199226,1.457834596436194,-0.3034722015226399
w3,champ:0.50+champ_large:0.20+champ_mid:0.30,0.2353333932914976,1.46560946572532,-0.3145184365133401
w3,champ_n20:0.34+champ_qtr:0.33+champ_mid:0.33,0.23531743533842397,1.4873753282349174,-0.3214381374502401
w2,champ_tail:0.6+champ_mid,0.23529933624866328,1.4890855136080317,-0.31693464551488726
w3,champ_qtr:0.34+mom_fast:0.33+amihud:0.33,0.23529332604608255,1.0759561542968077,-0.5199832178643029
eq5,champ_n20+champ_large+champ_mid+mom_only+momcons,0.23528938439814584,1.3311943416035426,-0.3439394763220299
eq5,champ_n5+champ_qtr+champ_large+mom_fast+prox52,0.23527511675390955,1.292033940515007,-0.35965372489043357
eq3,champ_qtr+mom_fast+amihud,0.2352713002957132,1.0717761907766339,-0.522208903699472
eq4,champ+champ_large+mom_only+momcons,0.23526942679496177,1.2689066216212133,-0.3512110424693107
w3,champ:0.50+champ_tail:0.33+momcons:0.17,0.23526553603702327,1.4889523483205922,-0.32977508802243416
w3,champ:0.50+champ_n20:0.33+momcons:0.17,0.23525131051139403,1.433093881424033,-0.33032257324206715
eq5,champ_large+champ_tail+champ_mid+mom_only+momcons,0.23524422029770187,1.3543477063526543,-0.3436258827786476
eq5,champ_n20+champ_qtr+champ_mid+mom_fast+lowvol,0.23523665495853563,1.4607439446634936,-0.31191172098932995
w3,champ:0.50+champ_mid:0.33+amihud:0.17,0.23523393266521597,1.4054980651225255,-0.3334062950033413
w3,champ_qtr:0.50+mom_only:0.33+lowvol:0.17,0.23523376988395372,1.3585354293272585,-0.32813724703546965
eq3,champ_n5+champ_n20+champ_mid,0.23523039011240887,1.4690784507342696,-0.30356319115007313
eq5,champ_n5+champ_n20+champ_mid+mom_fast+lowvol,0.23520859406326178,1.454475835297379,-0.30162339729249865
eq5,champ_tail+champ_mid+mom_fast+prox52+amihud,0.2352058378631443,1.1929289489019725,-0.4708543409891205
eq5,champ_n5+champ_large+champ_tail+mom_fast+prox52,0.23517333566864163,1.3134657218987371,-0.355421341605906
w3,champ:0.50+champ_qtr:0.33+momcons:0.17,0.23516522536639228,1.4230014491921859,-0.33497957391868727
w3,champ_n5:0.34+mom_fast:0.33+amihud:0.33,0.23516326897765638,1.0709397067688993,-0.49617084641168885
eq3,champ_n5+mom_fast+amihud,0.23515206720170845,1.067073427461968,-0.49909924905549186
eq5,champ_n5+champ_n20+champ_large+mom_fast+prox52,0.23513166384161654,1.2897406556313185,-0.3536228071728299
eq4,champ+champ_tail+champ_mid+prox52,0.23512507730634602,1.4574418752846514,-0.3329076495375536
eq5,champ_qtr+champ_large+champ_tail+mom_fast+prox52,0.23511114112818943,1.3146251697782978,-0.3751295707844079
eq5,champ_n20+champ_qtr+champ_large+mom_fast+prox52,0.23510990817064603,1.2921656818890117,-0.37331015278989277
w3,champ_n5:0.34+champ_n20:0.33+champ_mid:0.33,0.23510953423372172,1.4675902379796777,-0.30334651645975486
eq3,champ_n5+champ_qtr+champ_mid,0.23508935566928035,1.455311550265113,-0.3084512944437777
w3,champ_tail:0.20+mom_fast:0.20+prox52:0.60,0.23507291691661392,1.1364803467878728,-0.5181517302688428
w3,champ_tail:0.34+mom_only:0.20+momcons:0.46,0.23504567757244388,1.2596821630533055,-0.36368049994444873
eq4,champ+champ_tail+mom_fast+lowvol,0.23503712584869585,1.4432376166935952,-0.30905548885748735
eq3,champ_qtr+champ_tail+champ_mid,0.2350266416867517,1.5276249992601416,-0.32093176809771107
eq4,champ_n5+champ_qtr+mom_fast+amihud,0.23502258137215915,1.177495816431106,-0.4433666861689751
w3,champ_n5:0.34+champ_qtr:0.33+champ_mid:0.33,0.23496437779530788,1.4537140288872368,-0.30818755075048
eq5,champ_n5+champ_tail+champ_mid+mom_fast+lowvol,0.23494475378537882,1.4747134378343234,-0.30168771047474796
eq4,champ+mom_fast+prox52+amihud,0.23494375263619127,1.1072217041277235,-0.5300319507916507
eq3,champ_n5+champ_tail+champ_mid,0.23494244952074572,1.5132885631342374,-0.3029862944940164
w3,champ_qtr:0.34+champ_tail:0.33+champ_mid:0.33,0.23493305071368953,1.5271207582681758,-0.3210762783020834
eq5,champ_qtr+champ_tail+champ_mid+mom_fast+lowvol,0.23493257639708598,1.4791876295173545,-0.31199275194715315
w3,champ_n5:0.34+champ_tail:0.33+champ_mid:0.33,0.2348383967321095,1.5120099448019086,-0.30277251860541277
w3,champ_mid:0.34+mom_only:0.33+amihud:0.33,0.23483587651734084,1.1080535629872563,-0.48268874743193513
eq5,champ_n5+champ_large+champ_mid+mom_only+prox52,0.23481321794684962,1.332297393807389,-0.3354249075676643
eq5,champ_n20+champ_large+champ_tail+mom_fast+prox52,0.23478997590762796,1.3058771302958598,-0.36945995643011276
w2,champ:0.6+momcons,0.23477682730875782,1.3625741950473655,-0.34630812780123743
w3,champ_n5:0.50+mom_only:0.33+lowvol:0.17,0.23477449711188147,1.3315615129806855,-0.3013704371258161
eq5,champ_qtr+champ_large+champ_mid+mom_only+prox52,0.23476456002583346,1.3340531576634371,-0.3458091115099984
w3,champ_n20:0.50+mom_only:0.33+lowvol:0.17,0.23475264138704244,1.3469888692645877,-0.320980255431939
w3,champ:0.20+champ_mid:0.33+momcons:0.47,0.23474629752890475,1.3631335893049858,-0.3495588105223939
eq4,champ_n20+champ_qtr+mom_fast+amihud,0.23474552566195306,1.175699474309966,-0.4586851144990002
eq5,champ+champ_qtr+mom_fast+prox52+amihud,0.2347329742032389,1.1915122243592622,-0.48086503235146927
w3,champ:0.50+champ_n5:0.33+momcons:0.17,0.2347301536830031,1.396328402134545,-0.3176753022653135
eq4,champ_n5+champ_n20+mom_fast+amihud,0.23471145660050152,1.1720599119242927,-0.43787062941335475
eq5,champ+champ_n5+mom_fast+prox52+amihud,0.23469658073827215,1.1882343601309926,-0.46561189646108414
eq3,champ_n20+champ_tail+champ_mid,0.23467313987814098,1.5146748640869552,-0.31794677832769624
w2,champ_n5:0.9+mom_fast,0.23466287110161055,1.2894145344563561,-0.2910568047809118
eq5,champ_n20+champ_tail+champ_mid+mom_fast+lowvol,0.23461090409264762,1.4663863591321484,-0.3122996803301321
w3,champ:0.50+champ_n20:0.33+prox52:0.17,0.23458882958427085,1.4294565696506694,-0.3295508567226114
w3,champ_n20:0.34+champ_tail:0.33+champ_mid:0.33,0.23457861985371697,1.514270526261721,-0.31800768127306034
w3,champ:0.50+champ_tail:0.33+prox52:0.17,0.23454228948539657,1.4819151780842577,-0.3290014714911115
w3,champ:0.50+champ_qtr:0.33+prox52:0.17,0.23451642162429698,1.420025414801384,-0.334218420258964
eq3,champ_mid+mom_only+amihud,0.23451024921952768,1.102953958293268,-0.48580635690495866
w3,champ_n20:0.34+mom_fast:0.33+amihud:0.33,0.23450104387923032,1.0639266659455937,-0.5152940170568581
eq5,champ_n20+champ_large+champ_mid+mom_only+prox52,0.23449030827732842,1.3266017260648033,-0.34302804429877287
w3,champ_qtr:0.34+mom_only:0.50+lowmax:0.16,0.23448549717024458,1.2006580052779867,-0.3770049302859668
eq3,champ_n20+mom_fast+amihud,0.23448421376862183,1.0599514746490462,-0.5177627005551058
eq2,champ_mid+momcons,0.2344561075095799,1.3456766710160224,-0.3508907608737152
w2,champ_mid:0.5+momcons,0.2344561075095799,1.3456766710160224,-0.3508907608737152
eq4,champ_large+mom_only+mom_fast+lowvol,0.23443728121018115,1.2209655347379065,-0.3306450659611565
eq4,champ_n5+champ_mid+mom_only+amihud,0.23442201921942019,1.211567982930217,-0.40899426343591705
w3,champ_n5:0.34+mom_only:0.50+lowmax:0.16,0.2344195639737976,1.1947184368484938,-0.3410445790256247
eq4,champ_qtr+champ_mid+mom_only+amihud,0.23441410047504418,1.2145616082193256,-0.4291129585585832
eq5,champ_large+champ_tail+champ_mid+mom_only+prox52,0.2344018197745561,1.3479414328428367,-0.342713020384966
w3,champ_mid:0.50+prox52:0.20+momcons:0.30,0.23439444796581377,1.3706072161954659,-0.34981120201387117
eq5,champ+champ_n20+mom_fast+prox52+amihud,0.23439439547868313,1.1846700365908216,-0.4775034825871223
eq4,champ+champ_mid+mom_only+lowvol,0.23436297483272606,1.465948761286825,-0.3035694215741407
eq5,champ+champ_n20+champ_qtr+champ_mid+momcons,0.23432443247049028,1.4476763604862322,-0.3346228636208457
w2,champ_mid:0.8+amihud,0.23431456506695247,1.3529143015804934,-0.33947077190827146
eq5,champ+champ_mid+mom_only+prox52+amihud,0.23430430935699476,1.2214127815135285,-0.4569550831940975
eq4,champ_n5+champ_tail+mom_fast+amihud,0.23430358456123956,1.180994573621687,-0.43960239730691164
eq5,champ+champ_qtr+champ_tail+champ_mid+momcons,0.23429618340098335,1.4801881348368335,-0.3342965452367709
eq4,champ+champ_large+mom_only+prox52,0.2342900139425248,1.264191242881008,-0.3818289346307401
eq4,champ_qtr+champ_tail+mom_fast+amihud,0.23427479566002973,1.1831656640565222,-0.4607344752320116
w3,champ_n20:0.50+champ_qtr:0.20+champ_mid:0.30,0.23426286214454306,1.4808722421586096,-0.3199833641816532
eq4,champ_mid+mom_only+mom_fast+lowmax,0.23426208724701425,1.2077791917719891,-0.3579485262182506
w3,champ:0.20+mom_only:0.20+prox52:0.60,0.23425039445007934,1.161500700513727,-0.5064939389421593
w3,champ_n20:0.20+champ_qtr:0.50+champ_mid:0.30,0.2342493273729922,1.4738901177400834,-0.3242815686496251
eq5,champ+champ_n5+champ_tail+champ_mid+momcons,0.23424621630115805,1.4723893868552056,-0.32379707145977776
w3,champ_n5:0.20+champ_n20:0.50+champ_mid:0.30,0.234234677084316,1.4742310146224504,-0.3092748452513078
eq5,champ+champ_n5+champ_n20+champ_mid+momcons,0.234234037465338,1.4384989198027174,-0.32414753688699605
eq3,champ_qtr+champ_large+mom_only,0.23423250443285903,1.262648218944671,-0.3441473835923299
eq5,champ+champ_n5+champ_qtr+champ_mid+momcons,0.23422893660681177,1.4345294188869613,-0.32699961474337014
w3,champ_qtr:0.50+champ_tail:0.20+champ_mid:0.30,0.23421299171093835,1.5081646315495325,-0.3239507933966921
w3,champ:0.34+champ_mid:0.20+momcons:0.46,0.23419081611304127,1.3598870497894249,-0.3496366454858958
eq3,champ_n5+champ_large+mom_only,0.2341886503518178,1.2564140237560923,-0.3267012292446544
w2,champ:0.4+champ_n20,0.2341826544494725,1.4517357812689968,-0.3184957185295293
w3,champ_qtr:0.34+champ_large:0.33+mom_only:0.33,0.23416809191660004,1.2648199765101962,-0.34405894595578623
eq5,champ+champ_n20+champ_tail+champ_mid+momcons,0.2341233741056914,1.4751076206167093,-0.33149070397266
w3,champ:0.50+champ_n5:0.33+prox52:0.17,0.23411869511931283,1.3950638622452545,-0.3168732595594359
w3,champ_n5:0.34+champ_large:0.33+mom_only:0.33,0.2341141419515287,1.2581320792626023,-0.3262593941662846
w3,champ_n5:0.20+champ_qtr:0.50+champ_mid:0.30,0.23407572273218302,1.4559267828843583,-0.31653608310985004
eq5,champ+champ_tail+mom_fast+prox52+amihud,0.23407280842918787,1.192284002348919,-0.4779323552871235
eq5,champ_n5+champ_n20+champ_qtr+mom_fast+amihud,0.2339658723785707,1.2427444171091198,-0.40404586939355913
eq5,champ+champ_large+champ_mid+mom_fast+amihud,0.23395083061293298,1.2413602668571277,-0.38485913591542853
w2,champ_n20:0.7+champ_mid,0.23394260292971492,1.4680359818607,-0.31840110987786197
eq3,champ_large+champ_tail+mom_only,0.2339316274884602,1.291975154395478,-0.3389549472182487
w3,champ_n20:0.50+champ_tail:0.20+champ_mid:0.30,0.23392709870821404,1.5030888713962303,-0.3184922708446677
w2,champ_qtr:0.7+champ_mid,0.23391109245693342,1.4523429797098857,-0.32714530156628097
eq4,champ_n20+champ_mid+mom_only+amihud,0.2338988764745895,1.2029447180595791,-0.4256704728742947
w3,champ_n20:0.34+mom_only:0.50+lowmax:0.16,0.23389159108908264,1.1882342323754052,-0.3824245833154586
eq3,champ_n20+champ_large+mom_only,0.23387102874233268,1.255242686378965,-0.3394922137317715
eq5,champ_mid+mom_only+mom_fast+lowvol+amihud,0.23386601005968122,1.1764137713946672,-0.4196606856340629
eq5,champ_n5+champ_mid+mom_only+mom_fast+lowmax,0.233864995638996,1.2843362786988883,-0.33262928254624635
eq5,champ_qtr+champ_mid+mom_only+mom_fast+lowmax,0.23384944497687998,1.2870136765252942,-0.3427992386569223
w3,mom_fast:0.20+prox52:0.50+momcons:0.30,0.23384619251228522,1.11127699104632,-0.5237632882514136
w3,champ:0.50+champ_tail:0.20+momcons:0.30,0.23384456008418075,1.4293167065875576,-0.33942276420642714
eq5,champ_large+mom_only+mom_fast+momcons+amihud,0.23381568399473185,1.0827285249250744,-0.4832435634388621
eq5,champ_n5+champ_large+mom_only+mom_fast+lowvol,0.23381092333599218,1.2908309222951668,-0.31464316638598333
w3,champ_n20:0.34+champ_large:0.33+mom_only:0.33,0.23380559904845866,1.257417635232713,-0.3393097616572367
eq5,champ_n5+champ_qtr+champ_tail+mom_fast+amihud,0.23379788546374547,1.2569235813279491,-0.4055138241173456
eq5,champ_qtr+champ_large+mom_only+mom_fast+lowvol,0.2337840462948817,1.2931163621081652,-0.32530087665196494
w2,champ:0.4+champ_qtr,0.23376353948176676,1.4199721146449922,-0.32708815133434355
eq5,champ+champ_qtr+champ_large+mom_only+momcons,0.2337586586384952,1.3143326297326734,-0.348054919728053
w3,champ_n5:0.50+champ_tail:0.20+champ_mid:0.30,0.23373901006099396,1.4691406186355878,-0.29704953281014834
w3,champ:0.50+champ_qtr:0.20+momcons:0.30,0.233738719760189,1.3910325881269376,-0.3425519263416398
w3,mom_only:0.50+momcons:0.20+amihud:0.30,0.23372983851188978,0.9928225788675702,-0.5517306101149214
w3,champ:0.50+champ_n20:0.20+momcons:0.30,0.2337253596502149,1.3938078611474372,-0.3397644219155044
eq5,champ+champ_n5+champ_large+mom_only+momcons,0.2337232775329372,1.3096515679351255,-0.3377318771480138
w3,champ_qtr:0.50+champ_mid:0.33+momcons:0.17,0.23372060264030137,1.4470223816477434,-0.3362780805123887
eq5,champ+champ_large+champ_tail+mom_only+momcons,0.23372040113001447,1.3399627504331029,-0.3449491231827171
eq5,champ+champ_n20+champ_qtr+mom_fast+lowvol,0.2337119363710365,1.4436383888788746,-0.31275827393289535
eq4,champ_mid+mom_fast+lowvol+momcons,0.23370886331392637,1.3422695710626693,-0.32783503711332973
eq4,champ_n20+champ_tail+mom_fast+amihud,0.23368632676253154,1.1706811738185274,-0.4554191452416908
eq5,champ+champ_n5+champ_qtr+mom_fast+lowvol,0.23368151267003867,1.4337445001331797,-0.30491716698235516
w3,champ_n5:0.50+champ_n20:0.20+champ_mid:0.30,0.233674062878086,1.432820903082198,-0.29744267901160704
eq5,champ+champ_n5+champ_n20+mom_fast+lowvol,0.23362642574570502,1.4347966348852415,-0.30197612817261943
w3,champ_n5:0.20+mom_only:0.50+lowvol:0.30,0.233607202210397,1.244945494844356,-0.3089098944781451
eq5,champ+champ_qtr+champ_tail+mom_fast+lowvol,0.2335908084015923,1.4710852748857381,-0.3124085464541885
eq5,champ+champ_n20+champ_large+mom_only+momcons,0.2335829247237451,1.310705822217174,-0.34528509836672283
w3,champ_qtr:0.20+mom_only:0.50+lowvol:0.30,0.23356530432464906,1.246514996086703,-0.3341276363070307
w3,champ_large:0.20+mom_only:0.33+momcons:0.47,0.23356431454327264,1.1453733115657998,-0.39228586902027274
eq5,champ_n5+champ_qtr+champ_mid+mom_only+amihud,0.23355996077842334,1.2767878464425744,-0.3778062282786844
w3,champ:0.50+champ_n5:0.20+momcons:0.30,0.23355976954039992,1.3792214035912014,-0.3322155438085972
eq5,champ+champ_n5+champ_tail+mom_fast+lowvol,0.2335455999654239,1.4637182867752465,-0.3016014473845162
w3,champ_n5:0.50+champ_qtr:0.20+champ_mid:0.30,0.23352870965617756,1.4222077934104704,-0.30040632298022585
w3,champ_qtr:0.34+mom_only:0.20+prox52:0.46,0.23350818747803315,1.223614294556905,-0.4688054947253719
eq5,champ_n5+champ_n20+champ_tail+mom_fast+amihud,0.23350536818359813,1.2501308795741697,-0.40074682510674775
w3,champ_n20:0.50+champ_mid:0.33+momcons:0.17,0.23349441642766688,1.4453998354737279,-0.33027197076330206
w3,champ_mid:0.50+prox52:0.33+momcons:0.17,0.23346893501290777,1.3509205759297078,-0.3500498381912387
eq5,champ_n20+champ_qtr+champ_tail+mom_fast+amihud,0.23346578552139619,1.2517917567733308,-0.41888097174367234
eq5,champ_n20+champ_mid+mom_only+mom_fast+lowmax,0.23346146318618577,1.2764912342690045,-0.3403886772380632
eq5,champ+champ_n20+champ_qtr+champ_mid+prox52,0.23346101028594646,1.4391576199723417,-0.3337137481984318
eq5,champ_n20+champ_large+mom_only+mom_fast+lowvol,0.23345966178633115,1.2845989639760609,-0.3230483861106227
w2,champ_tail:0.9+mom_fast,0.2334484389375473,1.382046888369039,-0.3302214287394206
w3,champ_tail:0.50+mom_only:0.33+lowvol:0.17,0.23343565769646246,1.3587984214316888,-0.3202561332677478
w3,champ_n5:0.34+mom_only:0.20+prox52:0.46,0.23343488487027209,1.217060584186901,-0.44347352468928336
eq5,champ+champ_n5+champ_qtr+champ_mid+prox52,0.23340171182030445,1.4279275711053105,-0.3260689792352153
eq5,champ+champ_n5+champ_n20+champ_mid+prox52,0.2333969894164818,1.4313957362308598,-0.3232092093439194
eq3,champ_tail+mom_fast+amihud,0.23339058892277942,1.0577142055541875,-0.518688485148692
eq5,champ+champ_qtr+champ_tail+champ_mid+prox52,0.2333896520452705,1.4689847907216378,-0.33338605756365125
w3,champ_tail:0.34+mom_fast:0.33+amihud:0.33,0.2333820102050057,1.0615908500416584,-0.5163691332992774
eq5,champ+champ_n5+champ_tail+champ_mid+prox52,0.23336607968541023,1.4627203777984243,-0.3228572961171312
w3,champ_mid:0.50+mom_fast:0.20+lowvol:0.30,0.2333597729588861,1.478705601386102,-0.2967491219166627
eq5,champ+champ_n20+champ_tail+mom_fast+lowvol,0.23335799592482842,1.4629443738507948,-0.31204570834651846
w2,champ:0.4+champ_tail,0.23333845026980904,1.5129292972295627,-0.31759456406594355
eq5,champ_large+champ_tail+mom_only+mom_fast+lowvol,0.23332186990578108,1.3019191332432705,-0.3231123748663135
eq5,champ_n5+champ_n20+champ_mid+mom_only+amihud,0.2333144074223661,1.271158080356707,-0.3728079363435083
eq5,champ_n20+champ_qtr+champ_mid+mom_only+amihud,0.23328833458602083,1.2733865753782412,-0.39166677648466597
eq4,champ_tail+champ_mid+mom_only+amihud,0.2332880176884522,1.207408197704345,-0.42727771001657044
w3,champ_large:0.34+champ_tail:0.33+mom_only:0.33,0.23327489484489794,1.290710391825077,-0.3388254127107053
w2,champ_n20:0.9+mom_only,0.2332623939904479,1.4069010721472235,-0.3272502202692752
w3,champ_n5:0.20+champ_tail:0.50+champ_mid:0.30,0.23324750374209824,1.5108984599515416,-0.3085122702524141
w3,champ_large:0.50+mom_fast:0.33+momcons:0.17,0.23323947872350081,1.1722478804485348,-0.3572826092442296
w3,champ_mid:0.50+mom_only:0.20+amihud:0.30,0.2332361901882587,1.1923674227972578,-0.4247449701929632
eq5,champ+champ_n20+champ_tail+champ_mid+prox52,0.23320736647145002,1.463483906671035,-0.3305726944825771
w3,champ_n20:0.20+mom_only:0.50+lowvol:0.30,0.2331845010679976,1.2371809666121878,-0.3375525252298823
w3,champ_qtr:0.20+champ_tail:0.50+champ_mid:0.30,0.23317495013853762,1.5124070526066087,-0.31928095982260185
w3,champ:0.50+champ_large:0.33+mom_only:0.17,0.23316580678938625,1.3469537853416649,-0.3278484747243936
w3,champ_tail:0.34+mom_only:0.50+lowmax:0.16,0.23315448765262015,1.1965048430768639,-0.3706169688776534
w3,champ_n5:0.50+champ_mid:0.33+momcons:0.17,0.23313509492960294,1.407580272327813,-0.30989180118673376
w3,mom_fast:0.34+lowvol:0.20+prox52:0.46,0.2330906527737977,1.1268951301330015,-0.4845904635981497
eq5,champ_n5+champ_tail+champ_mid+mom_only+amihud,0.23305665019728905,1.2836742871699975,-0.3749841344267818
w3,champ_n20:0.34+mom_only:0.20+prox52:0.46,0.23303299685365508,1.213638447640067,-0.46435804823283355
eq5,champ+champ_qtr+champ_large+mom_only+prox52,0.23301774667238084,1.3118547767246698,-0.35810465678962644
eq5,champ+champ_n5+champ_large+mom_only+prox52,0.23300872115479976,1.3081472725868708,-0.33800697750542086
eq5,champ_tail+champ_mid+mom_only+mom_fast+lowmax,0.23300501890300773,1.2824348245248534,-0.34041710554909044
w3,champ_qtr:0.50+champ_mid:0.33+prox52:0.17,0.23299827013642394,1.4403123089636067,-0.33550641941272896
eq5,champ_qtr+champ_tail+champ_mid+mom_only+amihud,0.23299026004657963,1.2846396521124037,-0.39416057605381205
w2,champ_qtr:0.9+mom_only,0.232987700171837,1.3791560630716744,-0.33901388146133493
w3,champ_qtr:0.20+mom_only:0.20+momcons:0.60,0.23297598251411644,1.1880343060165481,-0.39114966694356457
w3,champ_n5:0.20+mom_only:0.20+momcons:0.60,0.2329638320630183,1.1852531764920102,-0.37209910038843996
eq5,champ+champ_large+champ_tail+mom_only+prox52,0.23292611209147895,1.33544996558395,-0.35401834822960854
w2,mom_only:0.3+prox52,0.23290099663055597,1.0628655871347719,-0.5647187283878432
w3,champ:0.34+champ_n20:0.50+champ_tail:0.16,0.2328992840258406,1.4857538331843956,-0.3186238661967067
w3,champ:0.34+champ_qtr:0.33+champ_tail:0.33,0.2328872907566817,1.5094346764690565,-0.3230595307438252
w3,champ_n20:0.20+champ_tail:0.50+champ_mid:0.30,0.23287586262818438,1.499755588613766,-0.3187245419809551
w3,champ_tail:0.20+mom_only:0.50+lowvol:0.30,0.23285312636228794,1.2461784753087868,-0.3293274209494814
eq5,champ+champ_qtr+champ_mid+mom_only+lowvol,0.23284689394349312,1.479630925626927,-0.3100245145029651
eq5,champ+champ_n20+champ_large+mom_only+prox52,0.23283226245472655,1.3078797311328623,-0.3567646166959134
w3,champ:0.34+champ_n20:0.50+champ_qtr:0.16,0.23279654375097625,1.4492774531729105,-0.32119495952005084
w3,champ:0.34+champ_qtr:0.50+champ_tail:0.16,0.23279389542248752,1.4695156475971323,-0.32576172777026746
eq5,champ+champ_n5+champ_mid+mom_only+lowvol,0.23278802172482704,1.4713408116890465,-0.29918154270217
w3,champ:0.34+champ_n20:0.33+champ_tail:0.33,0.23278405139677627,1.5109473906201198,-0.31835995063359
w3,champ:0.34+mom_only:0.33+amihud:0.33,0.23278250429054204,1.103289247331618,-0.49492156144540034
eq4,champ_large+mom_fast+prox52+momcons,0.23277247190372208,1.1662488079971614,-0.441460993366638
w3,champ:0.34+champ_n20:0.33+champ_qtr:0.33,0.23277193652234285,1.4446980687501882,-0.32362772510550464
eq5,champ_qtr+champ_mid+mom_fast+lowvol+momcons,0.23276742156870012,1.3927870499956627,-0.326747252177341
w3,champ_n20:0.50+champ_mid:0.33+prox52:0.17,0.23275167155619103,1.437687155869939,-0.3284373181782462
eq5,champ_n5+champ_mid+mom_fast+lowvol+momcons,0.2327343977499008,1.3870921491034103,-0.31666492682646674
eq3,champ+champ_qtr+champ_tail,0.23271272109224506,1.5089779241461465,-0.32314760463028247
eq4,champ+mom_only+mom_fast+lowmax,0.2326888424148923,1.2028203193637232,-0.37147200030533045
w3,champ:0.34+champ_n5:0.20+champ_n20:0.46,0.23268194713582946,1.4380765115389182,-0.31110792527330133
w2,champ:0.6+prox52,0.2326781699832947,1.3332005969427514,-0.38400168015939606
eq5,champ+champ_n20+champ_mid+mom_only+lowvol,0.23266111873509066,1.4737830675156587,-0.30710737252460674
w3,mom_only:0.50+prox52:0.20+amihud:0.30,0.23265559710022665,0.9862474151806967,-0.5876383440326636
w3,champ_n20:0.20+mom_only:0.20+momcons:0.60,0.23264864347871161,1.1813885194190035,-0.38567997799543574
w3,champ:0.34+champ_n5:0.33+champ_tail:0.33,0.23264556830449323,1.486942976792878,-0.3053844808343733
eq4,champ_n5+champ_n20+champ_qtr+champ_mid,0.23264213580960846,1.4602875816022138,-0.3116419235283947
eq4,champ+champ_qtr+mom_only+amihud,0.23263573390829073,1.2039286497172772,-0.44153251972219487
w2,champ_n5:0.7+champ_mid,0.23263514765709337,1.3776887288658908,-0.2895087340975194
eq5,champ+mom_only+mom_fast+lowvol+amihud,0.23263503686187947,1.173163769102474,-0.4284146166215965
eq4,champ_n5+champ_qtr+champ_tail+champ_mid,0.23262614109787627,1.5043763902121436,-0.311194100138235
eq4,champ_n5+champ_large+champ_tail+mom_only,0.23262525482492924,1.3531587141362065,-0.3248394721483837
w3,champ:0.34+champ_n20:0.20+champ_qtr:0.46,0.23262488124054426,1.434871416492602,-0.3254874146224397
eq4,champ+champ_mid+prox52+momcons,0.23262291612524288,1.3645594591975065,-0.3512144337655928
eq3,champ+champ_n20+champ_tail,0.2326052476423468,1.510321152450125,-0.31840127507618887
eq3,champ+champ_n20+champ_qtr,0.23260498723449952,1.4440479103993336,-0.32372047009613636
w2,champ_mid:0.9+lowmax,0.2325991978262485,1.464281362983919,-0.31276457784634615
w3,champ_qtr:0.20+champ_large:0.20+champ_mid:0.60,0.23259525548990734,1.469920174474774,-0.3167313366273573
w3,champ_n5:0.20+champ_large:0.20+champ_mid:0.60,0.23259229341857313,1.4646714698347094,-0.30596213333201916
eq4,champ_n20+champ_qtr+champ_tail+champ_mid,0.23257301623019533,1.513980797435151,-0.32098646999270475
w3,champ:0.34+champ_qtr:0.20+champ_tail:0.46,0.23257149425394985,1.5191152381461717,-0.3210248086690489
w2,mom_only:0.6+amihud,0.23257088287679473,0.9324212320986445,-0.592814063648073
eq5,champ_n20+champ_tail+champ_mid+mom_only+amihud,0.2325673570017428,1.2729495360617449,-0.3891904761946222
eq4,champ_n5+champ_n20+champ_tail+champ_mid,0.23255877232707567,1.5060842852683627,-0.30756786905508815
eq4,champ+champ_n5+mom_only+amihud,0.2325538103384086,1.1985994068286001,-0.41973468849324114
eq4,champ_qtr+champ_large+champ_tail+mom_only,0.2325536276123259,1.3551012020966287,-0.3380151712323972
w3,champ:0.34+champ_n5:0.20+champ_tail:0.46,0.23253864674622626,1.5115316280061895,-0.3103089447296087
eq5,champ_large+mom_only+mom_fast+prox52+amihud,0.23253608683471083,1.0705141775198208,-0.5210852851507102
eq5,champ_mid+mom_fast+prox52+momcons+amihud,0.23252896167542447,1.1370402523163399,-0.49834451984328143
w2,champ:0.4+champ_n5,0.23252631994099282,1.3540340970161397,-0.29500205320175366
eq3,champ+mom_only+amihud,0.23250043458351244,1.0983243051539948,-0.49772270181475153
w3,champ_n5:0.20+champ_large:0.50+mom_fast:0.30,0.23247197948432285,1.2233429624741687,-0.33293949139231527
w3,champ_n5:0.50+champ_mid:0.33+prox52:0.17,0.23246929552120887,1.4038437886688924,-0.3090573660889707
eq3,champ+champ_n5+champ_tail,0.23246913941759528,1.4862819549595794,-0.30529296089572955
eq5,champ_n20+champ_mid+mom_fast+lowvol+momcons,0.2324686449068254,1.382974330346147,-0.32703073590308285
eq4,champ_n5+champ_qtr+champ_large+mom_only,0.23245460759655678,1.3118606340568142,-0.3288703333141363
eq5,champ+champ_tail+champ_mid+mom_only+lowvol,0.23245021768960705,1.4985325754317045,-0.30677802834857426
w3,champ_tail:0.20+mom_only:0.20+momcons:0.60,0.23244804299688182,1.1922493685384576,-0.38768607525456666
w3,champ_qtr:0.20+champ_large:0.50+mom_fast:0.30,0.23243279004386186,1.224842397992073,-0.3432563656816594
w3,champ:0.34+champ_n20:0.20+champ_tail:0.46,0.23242889765090102,1.5153270956497846,-0.318181992004853
eq5,champ+champ_qtr+mom_only+mom_fast+lowmax,0.23242809376902396,1.2775138608316992,-0.3485781529336055
w3,champ_n20:0.20+champ_large:0.20+champ_mid:0.60,0.2324201948079878,1.4647991141783319,-0.3138478378568136
w3,champ:0.34+champ_n5:0.33+champ_n20:0.33,0.23241986779798696,1.420022081679456,-0.3060203810869704
w3,champ_large:0.50+champ_tail:0.20+mom_fast:0.30,0.23241451055186313,1.245505015933981,-0.34177244478639346
eq5,champ_n5+champ_large+mom_fast+prox52+momcons,0.23240330687310107,1.2348905756195532,-0.3890916255443475
eq5,champ_qtr+champ_large+mom_fast+prox52+momcons,0.23238655728335034,1.2371773787239662,-0.40770623413141305
eq5,champ+champ_n5+mom_only+mom_fast+lowmax,0.23238629676683553,1.2730058342432002,-0.3334004163325316
eq4,champ_n5+champ_n20+champ_large+mom_only,0.23238270682519846,1.312715816892124,-0.32530202113534745
eq4,champ_n20+champ_qtr+champ_large+mom_only,0.23237443237111388,1.3167363917058332,-0.3384400603563743
w3,champ:0.50+champ_tail:0.20+prox52:0.30,0.23237387571502288,1.4086956368547117,-0.3467310195233071
w3,champ:0.50+mom_only:0.33+lowmax:0.17,0.2323631751738371,1.3223447476555361,-0.3353461915207424
w3,champ:0.50+champ_qtr:0.20+prox52:0.30,0.23234754697499804,1.3751483832153155,-0.3510957954291162
w3,champ_tail:0.34+mom_only:0.20+prox52:0.46,0.2323221682959311,1.2235544576676969,-0.4651484867037162
w3,champ:0.50+champ_n20:0.20+prox52:0.30,0.23231964075541112,1.377222367647365,-0.35976453449367063
w3,champ_large:0.20+champ_tail:0.20+champ_mid:0.60,0.2322697448769575,1.492478955491839,-0.313873429013528
eq4,champ+champ_n20+mom_only+amihud,0.2322593580351453,1.1961883493285157,-0.4357532382987952
eq3,champ+champ_n5+champ_n20,0.23224883906455007,1.4191033646912368,-0.30593489094117865
w3,champ:0.34+champ_n5:0.20+champ_qtr:0.46,0.23223289656052315,1.4080662753843427,-0.317778737889057
w3,champ_large:0.50+mom_fast:0.33+prox52:0.17,0.23223202203448157,1.160876402845786,-0.39091055349328674
w3,champ:0.50+champ_n5:0.20+prox52:0.30,0.23220823800185597,1.365337026570898,-0.33177155705360684
eq4,champ_n20+champ_large+champ_tail+mom_only,0.2322042733597729,1.344891526005233,-0.33451934791669835
w3,champ_n20:0.20+champ_large:0.50+mom_fast:0.30,0.23218236891820876,1.219794619293093,-0.34246173044945194
w3,champ_tail:0.50+champ_mid:0.33+momcons:0.17,0.23214502839709694,1.4602477060460692,-0.3305896558726894
w2,champ:0.8+champ_large,0.232130861041707,1.3965564359621194,-0.31666439862654405
eq5,champ+champ_n20+mom_only+mom_fast+lowmax,0.23212912531795404,1.2700322606698051,-0.3549452434195395
w3,mom_fast:0.50+lowvol:0.20+amihud:0.30,0.2321290210057232,0.9976680962625681,-0.5213150681353003
w3,mom_only:0.20+mom_fast:0.33+amihud:0.47,0.23209156864377856,0.9144741041286817,-0.615775229083515
eq5,champ_n20+champ_large+mom_fast+prox52+momcons,0.232088281937737,1.2304751944992027,-0.4022810526248157
eq5,champ_tail+champ_mid+mom_fast+lowvol+momcons,0.23206977420784614,1.3940139657019222,-0.3271171791275703
w3,champ:0.34+champ_n5:0.50+champ_tail:0.16,0.23205584124327383,1.4206928941124144,-0.29899569413144744
w3,champ:0.34+champ_n5:0.33+champ_qtr:0.33,0.23203931549047674,1.3965057037581567,-0.3108479235267747
eq4,champ_mid+mom_fast+lowvol+prox52,0.23202476932907135,1.3104687040983987,-0.3529801554807439
eq5,champ_large+champ_tail+mom_fast+prox52+momcons,0.23199448200736694,1.2466919965604855,-0.4041051389648591
eq4,champ+mom_fast+lowvol+momcons,0.23197370477437107,1.3309912497967473,-0.32757374435206377
eq5,champ+champ_n5+champ_qtr+mom_only+amihud,0.2319506794439734,1.2613204506460431,-0.3892412114703343
eq3,champ_qtr+champ_mid+momcons,0.23193451966399792,1.4005634978064454,-0.345670974963024
eq4,champ+champ_tail+mom_only+amihud,0.23193414904846144,1.208523521215648,-0.43803191082097737
w3,champ_qtr:0.50+mom_fast:0.33+lowmax:0.17,0.2318888906378438,1.279759605256082,-0.351856142745965
w3,champ:0.20+champ_mid:0.33+prox52:0.47,0.23188048306500764,1.3136733247077665,-0.3889641037623698
w3,champ_qtr:0.34+champ_mid:0.33+momcons:0.33,0.23187054663472217,1.401149722136759,-0.345568599697215
eq3,champ+champ_n5+champ_qtr,0.23186276440443554,1.3952945110937656,-0.31081178972030055
eq5,champ+champ_tail+mom_only+mom_fast+lowmax,0.23185546074884633,1.2821172139564512,-0.34575642982225363
eq5,champ+champ_n20+champ_qtr+mom_only+amihud,0.23182521939590517,1.2626651817401666,-0.4022881913171267
w3,champ_large:0.34+mom_only:0.50+amihud:0.16,0.23181584540739886,1.0755085802901823,-0.4463265548296679
eq5,champ+champ_n5+champ_n20+mom_only+amihud,0.23179380424630125,1.2586684710187088,-0.38358213821916465
eq5,champ_large+champ_mid+mom_only+prox52+momcons,0.2317792142606152,1.2671157070216161,-0.37618132831162676
w3,champ:0.34+champ_n5:0.50+champ_n20:0.16,0.23173809586123406,1.3823743720299635,-0.2993442017384784
eq3,champ_n5+champ_mid+momcons,0.23172467706573063,1.3839753483972306,-0.32839772470815154
eq5,champ+champ_n5+champ_tail+mom_only+amihud,0.2317187633298916,1.2770032546975592,-0.3856595011866928
eq5,champ+champ_qtr+champ_tail+mom_only+amihud,0.2317097885642383,1.2798644929885115,-0.40445656182470535
w3,champ:0.34+champ_mid:0.50+lowvol:0.16,0.2316841667212315,1.5515583838250988,-0.29569256204564587
w3,champ_large:0.34+mom_fast:0.50+lowmax:0.16,0.23167222244399643,1.112755026076644,-0.3827851494789777
w3,champ_n5:0.34+champ_mid:0.33+momcons:0.33,0.23164902368622742,1.3838775176248694,-0.32794378268393043
eq3,champ_n20+champ_mid+momcons,0.23164446178010656,1.3931710037762979,-0.3420093683325105
w2,champ:0.3+champ_n20,0.23161349685114518,1.439726419339445,-0.3191777783117258
w3,champ_n20:0.34+champ_mid:0.33+momcons:0.33,0.23158016509394797,1.3938446749622004,-0.34183200461252783
eq5,champ_qtr+champ_mid+mom_fast+lowvol+prox52,0.23157538953826395,1.3706112035538194,-0.33388110832203255
eq5,champ_n5+champ_mid+mom_fast+lowvol+prox52,0.23156853780426823,1.366301740862967,-0.3146535346200924
w3,champ:0.34+champ_n5:0.50+champ_qtr:0.16,0.2315166292053943,1.3701708679168012,-0.30171158646862417
w2,champ_tail:0.7+champ_mid,0.23149124401168675,1.4601525412020686,-0.31894329847504865
w3,champ:0.34+champ_mid:0.20+prox52:0.46,0.23148773984101711,1.315297651350455,-0.3898660892843575
eq5,champ_n5+champ_qtr+champ_large+champ_tail+mom_only,0.2314296413763397,1.382156131508632,-0.3269531455882174
w3,mom_fast:0.50+lowvol:0.33+amihud:0.17,0.23140495770361724,1.0796965438532475,-0.4399065518584998
eq5,champ+champ_qtr+champ_mid+prox52+momcons,0.23140162347517568,1.3909434227464794,-0.3480769808719507
eq5,champ+champ_n20+champ_tail+mom_only+amihud,0.23137563573854636,1.271131397331905,-0.3994643726402466
w3,champ_n5:0.50+mom_fast:0.33+lowmax:0.17,0.2313497043904127,1.254445926115229,-0.31955491374837364
eq5,champ+champ_n5+champ_mid+prox52+momcons,0.23133268539592566,1.3836473483679064,-0.3377867728693067
w3,champ_tail:0.50+champ_mid:0.33+prox52:0.17,0.2313125704112835,1.4476349097008792,-0.32778395383178627
w3,champ_n20:0.50+mom_fast:0.33+lowmax:0.17,0.23130663995156442,1.2665682670362797,-0.3598007398966544
w3,champ:0.34+champ_n20:0.50+momcons:0.16,0.23130131463990633,1.4193937587045429,-0.33066233690217706
eq5,champ_n5+champ_n20+champ_large+champ_tail+mom_only,0.23129004970474454,1.3794099337980679,-0.32410792512469633
eq5,champ_n20+champ_mid+mom_fast+lowvol+prox52,0.23126721817756746,1.3607908311202308,-0.33494115886140186
eq5,champ+champ_qtr+mom_fast+lowvol+momcons,0.23124342604394243,1.37712177270941,-0.32764966974131293
eq5,champ+champ_n20+champ_mid+prox52+momcons,0.23124197930032087,1.3872014915111468,-0.3453090173361544
eq5,champ_n20+champ_qtr+champ_large+champ_tail+mom_only,0.23122320383154915,1.380678754448562,-0.3346680546633113
eq5,champ+mom_fast+prox52+momcons+amihud,0.23121425716739386,1.1317951108329045,-0.5056472509890081
eq2,champ_mid+prox52,0.23120948957403575,1.2879707281969324,-0.3965311549439532
w2,champ_mid:0.5+prox52,0.23120948957403575,1.2879707281969324,-0.3965311549439532
eq5,champ_n5+champ_n20+champ_qtr+champ_large+mom_only,0.23118163643749967,1.344486295381207,-0.3273278309952805
eq5,champ+champ_n5+mom_fast+lowvol+momcons,0.23115311531036475,1.369169580749527,-0.31708848334223094
w3,champ:0.34+champ_qtr:0.50+momcons:0.16,0.23115095466559854,1.4032112052160122,-0.33770764295039013
eq5,champ_n5+champ_n20+champ_qtr+champ_tail+champ_mid,0.23113323239230166,1.4974192831630933,-0.3132025527494251
w2,champ:0.3+champ_qtr,0.23111873991006404,1.4027727812489545,-0.3291867367160358
w3,champ_large:0.20+mom_only:0.33+prox52:0.47,0.23108916162679338,1.1234609900399426,-0.49109387658565673
eq5,champ+champ_tail+champ_mid+prox52+momcons,0.23107539628399087,1.4093012407722707,-0.3449981340640068
eq5,champ+champ_n20+mom_fast+lowvol+momcons,0.23103337394698942,1.3713187710231671,-0.32681455484284405
eq5,champ_n5+champ_qtr+mom_fast+momcons+amihud,0.23099508046486172,1.1867859430298593,-0.43672149126638804
eq3,champ_tail+champ_mid+momcons,0.23098011061306356,1.412509326282218,-0.34218027526446326
w3,champ_tail:0.34+champ_mid:0.33+momcons:0.33,0.23089470266910084,1.4132590553473805,-0.3420074644078791
w3,mom_only:0.34+momcons:0.50+amihud:0.16,0.2308709947787384,1.060947483852897,-0.4903553743230725
eq5,champ_tail+champ_mid+mom_fast+lowvol+prox52,0.23082605447683568,1.3694259566333367,-0.33069291157495473
eq5,champ+champ_tail+mom_fast+lowvol+momcons,0.23081713727478093,1.3902819669831494,-0.32687682106015925
w2,champ_n5:0.9+mom_only,0.23080836598706922,1.279839604362405,-0.29106703138325596
eq4,champ+champ_n20+champ_qtr+champ_tail,0.23076491683788514,1.4956741789863244,-0.3226625810832451
w3,champ:0.50+prox52:0.20+momcons:0.30,0.2307435858385194,1.3401010145635863,-0.3574729403617415
eq5,champ_n20+champ_qtr+mom_fast+momcons+amihud,0.23073081280267926,1.1841531344126508,-0.4489109355284393
eq5,champ_n5+champ_n20+mom_fast+momcons+amihud,0.23072541460519558,1.1815913019272128,-0.4315988633039124
w3,champ:0.34+champ_tail:0.50+momcons:0.16,0.23072120186250822,1.473407324780028,-0.3299054828422391
w2,champ:0.5+momcons,0.23068734680134662,1.3119421119006625,-0.3541764030595157
eq2,champ+momcons,0.23068734680134662,1.3119421119006625,-0.3541764030595157
w3,champ:0.34+champ_n20:0.50+prox52:0.16,0.23067601438585728,1.415779046759723,-0.3299334211063564
eq4,champ+champ_n5+champ_n20+champ_tail,0.230661058502037,1.4830840887764154,-0.3092950827897334
eq4,champ+champ_n5+champ_qtr+champ_tail,0.23059046860014476,1.4738583612119538,-0.31291529193976564
w2,champ_n20:0.8+champ_mid,0.23057814514371633,1.4453656199556852,-0.32031835987912494
eq4,champ_qtr+mom_fast+momcons+amihud,0.23057115136139505,1.1080450061827876,-0.4958948468017953
w3,champ:0.34+champ_qtr:0.50+prox52:0.16,0.2305450237055897,1.4005375228425283,-0.3369937862738106
eq4,champ_n5+mom_fast+momcons+amihud,0.230529905161877,1.1048266487616172,-0.4760254429921329
eq5,champ_n5+champ_tail+mom_fast+momcons+amihud,0.2304628095690433,1.1909652806535578,-0.4334121036341454
eq5,champ_qtr+champ_tail+mom_fast+momcons+amihud,0.2304281430445514,1.1925336502624633,-0.4507356184210486
eq2,mom_fast+amihud,0.2304070682002881,0.8850996515593429,-0.6282324804348614
w2,mom_fast:0.5+amihud,0.2304070682002881,0.8850996515593429,-0.6282324804348614
eq4,champ+mom_fast+lowvol+prox52,0.230365035711255,1.302215285157601,-0.36772723136460606
w2,champ_qtr:0.8+champ_mid,0.23035808322145201,1.4188822019150378,-0.32992594371437145
eq5,champ_n5+champ_mid+mom_only+momcons+amihud,0.23035652508720617,1.2111871203121813,-0.40704290413405964
eq5,champ_large+mom_only+mom_fast+lowvol+momcons,0.2303414559891106,1.2181295816807978,-0.3475936451704733
eq5,champ_qtr+champ_mid+mom_only+momcons+amihud,0.23033518641378126,1.2132600125067121,-0.4250947794391139
w3,champ:0.34+champ_n5:0.50+momcons:0.16,0.23032275630671784,1.356708491827791,-0.31142886742383546
eq4,champ+champ_n5+champ_n20+champ_qtr,0.2303214282568069,1.4180425790605895,-0.3133993174213783
eq5,champ_mid+mom_only+mom_fast+lowmax+momcons,0.2303001805855145,1.2100516393106244,-0.36776418177256154
eq4,champ_n20+champ_qtr+champ_mid+momcons,0.23026467326215272,1.4169207084656374,-0.3396221260861162
eq4,champ_n5+champ_qtr+champ_mid+momcons,0.23021169411567644,1.404185823708548,-0.3301351826455934
eq5,champ+champ_mid+mom_only+lowvol+momcons,0.23020523396216808,1.4029555286415727,-0.3220842977884505
eq4,champ_n5+champ_n20+champ_mid+momcons,0.230179712626428,1.407141840338362,-0.3265821859336465
eq3,champ_qtr+champ_mid+prox52,0.2301744834995363,1.3729362427556226,-0.347734654759556
w3,champ:0.50+mom_only:0.20+amihud:0.30,0.23014356555266002,1.1838180736857944,-0.44481556238422515
w3,champ_qtr:0.34+champ_mid:0.33+prox52:0.33,0.2301361287992425,1.3740951260701642,-0.34684718533278514
w2,champ:0.3+champ_tail,0.2301231403542794,1.482413986958658,-0.31843566926703193
eq5,champ+champ_large+mom_only+prox52+momcons,0.23012237035697636,1.2500562002938032,-0.38780499528809953
eq5,champ+champ_qtr+mom_fast+lowvol+prox52,0.2300996402360429,1.3573610020448619,-0.34624400404638056
eq3,champ_n5+champ_mid+prox52,0.23003778920674955,1.360323372711133,-0.3269864879931157
eq4,champ_qtr+champ_tail+champ_mid+momcons,0.23003648024852463,1.4462766221494263,-0.3392391414590634
eq5,champ+champ_n5+mom_fast+lowvol+prox52,0.23003554897451983,1.3508218752040655,-0.32580362563301046
w3,champ:0.50+mom_fast:0.20+lowvol:0.30,0.23002472074464375,1.4591523566536453,-0.297647294071652
eq4,champ_n20+mom_fast+momcons+amihud,0.23001884976068343,1.0983977812729662,-0.4903480727523002
eq4,champ_n5+champ_tail+champ_mid+momcons,0.23001432648408682,1.4389084247276287,-0.3261619691804001
w3,champ:0.34+champ_tail:0.50+prox52:0.16,0.23001025964111155,1.4649954587736382,-0.3291740037259686
w3,champ_n5:0.34+champ_mid:0.33+prox52:0.33,0.2299884911468042,1.3608477680112299,-0.326436069629089
w3,champ_n20:0.50+champ_qtr:0.33+champ_mid:0.17,0.2299844982106407,1.4533801197289875,-0.3236196659550963
eq5,champ_n20+champ_tail+mom_fast+momcons+amihud,0.22998147521190826,1.182509232674806,-0.4459299203346807
w3,mom_only:0.34+mom_fast:0.20+amihud:0.46,0.22994301292147412,0.9190787553084375,-0.6114678642068563
eq5,champ_n20+champ_mid+mom_only+momcons+amihud,0.22993538614967513,1.2039552173043482,-0.42001941254923403
w3,champ:0.50+prox52:0.33+momcons:0.17,0.22989683864448174,1.3240965491867254,-0.3823844394341488
eq5,champ+champ_n20+mom_fast+lowvol+prox52,0.2298801166436819,1.3513639065647367,-0.3497136460478064
w2,champ_large:0.3+champ_mid,0.22986987729573816,1.4460521460777513,-0.31321436780310896
eq3,champ_n20+champ_mid+prox52,0.22985801721144017,1.3647400022953664,-0.3512660319624423
w3,champ_n20:0.34+champ_mid:0.33+prox52:0.33,0.2298190745618769,1.3659589652654043,-0.3505709006819161
w3,champ:0.34+champ_n5:0.50+prox52:0.16,0.2297701119401785,1.3563426241186551,-0.31065638788802596
w3,champ_qtr:0.50+champ_tail:0.33+champ_mid:0.17,0.22975059149260124,1.496673909032256,-0.3255160817819688
w3,champ_mid:0.20+mom_fast:0.50+lowmax:0.30,0.22974601992244126,1.1327637445188534,-0.3789435795138839
eq4,champ_mid+mom_only+momcons+amihud,0.22974550455544773,1.1302474244417438,-0.4644801663109679
eq4,champ_n20+champ_tail+champ_mid+momcons,0.2297274807861207,1.4354056180633046,-0.33767877680643377
w2,champ_tail:0.9+mom_only,0.22972632153490813,1.3791291426036854,-0.3279604774653788
w3,champ_qtr:0.20+champ_mid:0.33+momcons:0.47,0.22970724576461898,1.3412813139834487,-0.3536260002071199
eq5,champ_n5+champ_qtr+mom_fast+prox52+amihud,0.22966933578920767,1.169176887088564,-0.4774134055988398
w3,champ_n5:0.20+champ_mid:0.33+momcons:0.47,0.2296677178024915,1.3358178396384566,-0.3434200191781399
w3,champ_tail:0.50+mom_fast:0.33+lowmax:0.17,0.22963315657665695,1.2633010454723823,-0.3453155579023869
eq5,champ+champ_tail+mom_fast+lowvol+prox52,0.22962120292020716,1.3676660247354604,-0.34236879561679257
w3,champ_n20:0.34+champ_qtr:0.50+champ_mid:0.16,0.2295890465970054,1.4445388536022998,-0.3261844993773789
eq3,champ_qtr+mom_fast+lowvol,0.2295829220745751,1.3376171596543909,-0.3103766113578573
w3,champ_qtr:0.34+mom_fast:0.33+lowvol:0.33,0.22957752795538844,1.3400873082172713,-0.31049686571316126
eq5,champ_tail+champ_mid+mom_only+momcons+amihud,0.2295432257972072,1.2104286378615488,-0.42213239137494407
w2,champ:0.3+champ_n5,0.22954305222759053,1.322789024966365,-0.29172537094914486
eq5,champ+champ_n5+champ_n20+champ_qtr+champ_tail,0.22950646155311127,1.4729354424526158,-0.31457912153306167
w3,champ_n20:0.20+champ_mid:0.33+momcons:0.47,0.2294664245926208,1.334611016218115,-0.35211368016363176
w3,champ_n5:0.34+champ_n20:0.50+champ_mid:0.16,0.2294396700559651,1.4319036326317085,-0.3057151479001843
w2,champ_mid:0.4+momcons,0.229418884944657,1.2831925224139484,-0.36077996243200205
w3,champ_n20:0.50+champ_tail:0.33+champ_mid:0.17,0.2294155227576422,1.4886782857014917,-0.32105637073719473
eq4,champ_tail+mom_fast+momcons+amihud,0.22940199175087606,1.1009568248602435,-0.4926496808608307
eq5,champ_n5+champ_n20+mom_fast+prox52+amihud,0.22939021920879377,1.1639300780524047,-0.4749169727510295
eq3,champ_n5+mom_fast+lowvol,0.22938660685542733,1.3237607989771456,-0.2931525377452011
eq5,champ_n20+champ_qtr+mom_fast+prox52+amihud,0.22936985778213037,1.1656983525881741,-0.48899031522844594
w3,champ_n5:0.34+mom_fast:0.33+lowvol:0.33,0.22936968766822852,1.32557438110045,-0.29292726102307576
w3,champ_n5:0.50+champ_n20:0.33+champ_mid:0.17,0.22935163200703967,1.4067839287734807,-0.2992665958615004
eq5,champ+champ_mid+mom_only+lowvol+prox52,0.2293471184577911,1.3949383348434379,-0.32111725192134966
w3,champ_n5:0.50+champ_tail:0.33+champ_mid:0.17,0.22934271407852713,1.460621358333864,-0.29863215090340334
w3,champ:0.34+champ_qtr:0.33+momcons:0.33,0.2293266501875184,1.3637376510839403,-0.34755688760003933
eq5,champ_n5+champ_mid+mom_only+prox52+amihud,0.22931591458189704,1.2003184775824431,-0.45393019264091783
w3,champ:0.34+champ_n20:0.33+momcons:0.33,0.2292849594715316,1.3673372272048387,-0.3431194060651862
w3,champ:0.20+champ_n20:0.50+champ_qtr:0.30,0.22928090267829893,1.4334820434640272,-0.32414959730255855
w3,champ:0.20+champ_qtr:0.50+champ_tail:0.30,0.2292758173315057,1.481496660761468,-0.3264838564877979
eq5,champ_qtr+champ_mid+mom_only+prox52+amihud,0.2292687552282362,1.201583523216796,-0.46877127404973884
eq5,champ_large+mom_only+mom_fast+lowvol+prox52,0.22926296241970023,1.2059084023483009,-0.394291594706462
w3,champ_n5:0.20+mom_only:0.20+prox52:0.60,0.2292313836080455,1.1408730908833065,-0.5037786854829243
eq5,champ_mid+mom_only+mom_fast+prox52+lowmax,0.2292287877746788,1.198273234341785,-0.4159133545558874
w3,mom_only:0.20+mom_fast:0.33+lowvol:0.47,0.2292274138165522,1.219500804331876,-0.3200174550772851
eq5,champ_n5+champ_n20+champ_qtr+champ_mid+momcons,0.22922387201485805,1.4168966588843281,-0.32834587040717733
eq5,champ_n5+champ_qtr+champ_tail+champ_mid+momcons,0.22921102646982594,1.4492036054347393,-0.3279982140304337
w3,champ_tail:0.20+champ_mid:0.33+momcons:0.47,0.2291825451024967,1.349153840742271,-0.3519087343183409
w3,champ:0.20+champ_n20:0.33+champ_qtr:0.47,0.22917600711267982,1.4249193468267392,-0.32657667430561554
w3,champ:0.20+champ_n20:0.50+champ_tail:0.30,0.2291726713979647,1.4867230208453697,-0.32017657854028025
w3,champ:0.20+champ_n5:0.20+champ_n20:0.60,0.22916828537794975,1.425082989937303,-0.3120634752059389
w3,champ_qtr:0.20+mom_only:0.20+prox52:0.60,0.22916577982712827,1.141454730883161,-0.5172845581973653
w3,champ:0.50+champ_mid:0.33+lowvol:0.17,0.22914906467882012,1.5406492842382586,-0.29593237898188407
w3,champ:0.34+champ_tail:0.33+momcons:0.33,0.22914040151617954,1.4093679986593932,-0.34246058039068594
eq3,champ_n20+mom_fast+lowvol,0.22912664014559048,1.3245337144826113,-0.31086201854988493
w3,champ_n20:0.34+mom_fast:0.33+lowvol:0.33,0.22911928444184393,1.3269495321452682,-0.3109915231178869
eq4,champ_n5+champ_qtr+mom_fast+lowvol,0.22911927620953731,1.384354272418582,-0.30257097398429234
eq3,champ+champ_qtr+momcons,0.22911355876487383,1.3618292834697092,-0.34788504888248617
w2,champ:0.8+amihud,0.22910000709496314,1.3299019193254533,-0.3394003631779684
eq5,champ_n5+champ_n20+champ_tail+champ_mid+momcons,0.22909707909398858,1.4472517538304017,-0.32516287087079276
eq5,champ_n20+champ_qtr+champ_tail+champ_mid+momcons,0.22909014674216088,1.4519940374285178,-0.33565967417376397
eq5,champ_n5+champ_tail+mom_fast+prox52+amihud,0.2290851401999212,1.1717481611164753,-0.47501095537498617
eq4,champ_n5+champ_qtr+champ_mid+prox52,0.22908473628154513,1.3916758031726653,-0.3289672416803643
eq4,champ_n20+champ_qtr+champ_mid+prox52,0.22908146139887542,1.401461626844893,-0.3384877856579853
eq3,champ_tail+champ_mid+prox52,0.22907658247704354,1.3775737720908243,-0.3424820182872724
eq4,champ_n20+champ_qtr+mom_fast+lowvol,0.2290710166975911,1.3918376871039044,-0.3137524007583752
eq3,champ+champ_n20+momcons,0.2290688814211861,1.3653425753473465,-0.3434814098418042
eq4,champ_n5+champ_n20+champ_mid+prox52,0.22903749920272443,1.3938737825357779,-0.32540220692862876
w3,champ_n5:0.34+champ_qtr:0.50+champ_mid:0.16,0.22902513784017886,1.4024040702306364,-0.31302241767861627
eq5,champ_qtr+champ_tail+mom_fast+prox52+amihud,0.2290247169167725,1.172539523211005,-0.4903096066642345
w3,champ_tail:0.34+champ_mid:0.33+prox52:0.33,0.22901539271480265,1.3788154713290295,-0.3415149780178801
w3,champ_n5:0.50+champ_qtr:0.33+champ_mid:0.17,0.229013884414903,1.3853169966090495,-0.3041425309690783
w2,champ:0.2+champ_n20,0.2290036196569507,1.4254015106352877,-0.3200679487330035
eq4,champ_n5+champ_n20+mom_fast+lowvol,0.22899355090018614,1.3829628925014625,-0.3009081229975956
w3,champ:0.20+champ_n5:0.33+champ_n20:0.47,0.22899071630794876,1.4110293800515907,-0.30697305017047904
w3,mom_fast:0.34+momcons:0.33+amihud:0.33,0.2289698917539622,0.9834001633477095,-0.559936579030861
eq5,champ+mom_only+mom_fast+lowmax+momcons,0.22896896574011794,1.2038597542453542,-0.378535395618118
w3,champ:0.20+champ_n20:0.20+champ_qtr:0.60,0.22896793791518855,1.4122563651777698,-0.3284320008593684
w3,champ:0.20+champ_qtr:0.33+champ_tail:0.47,0.22896320799301817,1.4995407171605821,-0.3238274109751461
w3,champ:0.34+champ_n5:0.33+momcons:0.33,0.2289622389854835,1.3420733948831425,-0.33053901461171176
eq5,champ_n5+champ_large+champ_mid+mom_fast+amihud,0.2289491312498919,1.2194148227978119,-0.3805655041974374
eq4,champ_n5+champ_large+mom_only+momcons,0.22893624276049196,1.2384748076015752,-0.3435282126079007
eq4,champ_qtr+champ_large+mom_only+momcons,0.22893541800442851,1.2421129109722604,-0.35632979503305684
eq5,champ_qtr+champ_large+champ_mid+mom_fast+amihud,0.228924792888896,1.2214220020134108,-0.39945661589088255
eq3,champ+champ_tail+momcons,0.22891150625072743,1.4071349944574567,-0.34274072617872575
eq5,champ+champ_qtr+mom_only+momcons+amihud,0.2288731408499367,1.2033159929096509,-0.435572333905785
w3,champ_qtr:0.34+champ_mid:0.50+amihud:0.16,0.22886162849127478,1.3846804125660315,-0.33902954199153423
eq5,champ_n20+champ_mid+mom_only+prox52+amihud,0.22885949031784847,1.1922229800282356,-0.4663430705890623
w3,champ_qtr:0.34+champ_tail:0.50+champ_mid:0.16,0.22883884411864397,1.4970451625256742,-0.3231605993553761
eq5,champ+champ_n5+mom_only+momcons+amihud,0.22883717535376658,1.1997002139279775,-0.4179001542437104
w3,champ:0.20+champ_n5:0.33+champ_tail:0.47,0.2288341731595851,1.4829867484211485,-0.3061273170626222
w3,champ_n20:0.20+mom_only:0.20+prox52:0.60,0.22881005355203632,1.134765582573226,-0.5149641629241729
eq4,champ_n5+champ_tail+champ_mid+prox52,0.22880553196546538,1.421593167440558,-0.3249797663736479
w3,champ_n5:0.34+champ_tail:0.50+champ_mid:0.16,0.2288017784014602,1.4853787373536995,-0.30487320016773767
eq4,champ_qtr+champ_tail+champ_mid+prox52,0.2287866593530452,1.4266387840935897,-0.3381027228253226
eq3,champ+champ_n5+momcons,0.22874482223807346,1.3399824886714116,-0.3307008535525444
w2,mom_only:0.6+lowvol,0.2287245454904987,1.1557944875298405,-0.3622782088339115
w3,champ:0.20+champ_n20:0.33+champ_tail:0.47,0.22872293502194063,1.4930564686006498,-0.32028882874063447
eq5,champ_n5+champ_large+champ_tail+mom_only+momcons,0.22871769969225175,1.315909787173727,-0.3387328445465454
w3,champ:0.20+champ_n5:0.50+champ_tail:0.30,0.22870986692223827,1.4384691850804234,-0.29967800461078464
eq4,champ_qtr+champ_tail+mom_fast+lowvol,0.2286987270410492,1.4125910979424952,-0.31384279487399347
w3,mom_only:0.20+prox52:0.20+momcons:0.60,0.22868964796962055,1.124796921427848,-0.4611534888273454
eq5,champ+champ_large+champ_mid+mom_fast+lowvol,0.2286875216186406,1.4149462278525968,-0.30862815153819645
w3,champ_n5:0.34+champ_mid:0.50+amihud:0.16,0.22868695870232325,1.3697490048861396,-0.32162328568221754
eq4,champ_n5+champ_tail+mom_fast+lowvol,0.22868379593928978,1.4061664958773845,-0.3009723205957596
eq5,champ_n5+champ_qtr+champ_large+mom_only+momcons,0.22868223305374724,1.2881865104676842,-0.34188871733249726
eq5,champ_qtr+champ_large+champ_tail+mom_only+momcons,0.22865587643415575,1.317202829144687,-0.34907640053648636
eq4,champ_large+champ_tail+mom_only+momcons,0.22865237507224445,1.26153564615291,-0.352506457124519
eq4,champ_qtr+mom_fast+prox52+amihud,0.22863905550328378,1.0845520586886457,-0.5428114934498691
eq4,champ_n5+mom_fast+prox52+amihud,0.22863793984601566,1.08236089144709,-0.527136275285332
w2,champ_n5:0.8+champ_mid,0.22863439930612217,1.3275495921672824,-0.2869478040515173
eq4,champ_n20+champ_large+mom_only+momcons,0.22862201583862674,1.2352088760789444,-0.35364646677439604
eq5,champ_n5+champ_n20+champ_qtr+mom_fast+lowvol,0.22860694976058582,1.4125750654641223,-0.3062860086771354
w3,champ:0.20+champ_n5:0.20+champ_qtr:0.60,0.22857606552945176,1.3859591638270372,-0.3207457732676895
eq5,champ_mid+mom_fast+lowvol+prox52+momcons,0.2285749566921036,1.2955274565401054,-0.36474638663483605
eq3,champ_large+mom_only+momcons,0.22857397190572648,1.1538752865979256,-0.37004741129904517
w3,champ_large:0.34+mom_only:0.50+lowvol:0.16,0.22857152111254475,1.164944209360861,-0.3467743852892705
eq5,champ_n20+champ_tail+mom_fast+prox52+amihud,0.22856903143277285,1.1627009495042497,-0.48692046556134083
eq5,champ_n5+champ_n20+champ_large+mom_only+momcons,0.22856538845237995,1.286694296335752,-0.3390898634877689
eq5,champ_n20+champ_large+champ_mid+mom_fast+amihud,0.22856416708769967,1.2129756546324086,-0.39407759295048683
eq5,champ+champ_n20+mom_only+momcons+amihud,0.22856193774258804,1.196606151920643,-0.4304885500421649
eq5,champ_n20+champ_qtr+champ_large+mom_only+momcons,0.22854387695213485,1.2892914792881978,-0.34940977024453035
w3,champ:0.20+mom_fast:0.50+lowmax:0.30,0.22851579693558177,1.1293600809515207,-0.39232866241277453
eq5,champ_n5+champ_qtr+champ_tail+mom_fast+lowvol,0.228501578886954,1.4399247044242451,-0.3059142173810656
w3,champ_large:0.20+mom_fast:0.20+momcons:0.60,0.22849358445115464,1.1435672751094956,-0.39350090939607696
w3,champ_tail:0.20+mom_only:0.20+prox52:0.60,0.22848221150222803,1.141277363386639,-0.5150831290160169
w3,champ_n20:0.34+champ_mid:0.50+amihud:0.16,0.22847360167696396,1.3731558931274759,-0.335649459403216
eq4,champ_n20+champ_tail+champ_mid+prox52,0.22846311204875636,1.4153839130002437,-0.33461008522625657
w3,champ:0.20+champ_n5:0.33+champ_qtr:0.47,0.2284438132630877,1.3773492703968142,-0.3138339152689642
w3,champ_n20:0.34+champ_tail:0.50+champ_mid:0.16,0.22844157086385786,1.481834566420027,-0.32138407735755525
w2,champ:0.2+champ_qtr,0.2284316304250802,1.383499596568404,-0.3312851710002006
eq5,champ_tail+champ_mid+mom_only+prox52+amihud,0.22842507816281166,1.1972950734085441,-0.4669087549687605
w3,mom_only:0.20+prox52:0.33+momcons:0.47,0.2284221837933167,1.1281360147679806,-0.4860341353749945
w3,champ:0.20+champ_n5:0.50+champ_n20:0.30,0.22842032705637405,1.377954754952422,-0.30029292430530197
eq5,champ_n5+champ_n20+champ_qtr+champ_mid+prox52,0.22837884485216486,1.4092605115603403,-0.32741226835314874
w3,champ:0.20+champ_n5:0.20+champ_tail:0.60,0.22837331764378677,1.4874836431972787,-0.31109742745333757
eq5,champ_n20+champ_large+champ_tail+mom_only+momcons,0.22836201376261123,1.3088796984089994,-0.34632314158368993
eq5,champ+champ_tail+mom_only+momcons+amihud,0.22835201722374276,1.2082359581872026,-0.4323933023785058
w3,champ:0.20+champ_qtr:0.20+champ_tail:0.60,0.2283383793800582,1.4910624241890005,-0.3218278953216146
eq5,champ_n5+champ_n20+champ_tail+mom_fast+lowvol,0.22832779479689558,1.434934799300788,-0.3056106384907811
eq5,champ_n5+champ_qtr+champ_tail+champ_mid+prox52,0.2283231300363271,1.438996763776969,-0.3270631479326104
eq5,champ_large+champ_tail+champ_mid+mom_fast+amihud,0.22832196138501004,1.224308567720886,-0.3961477035552451
eq5,champ_n20+champ_qtr+champ_tail+mom_fast+lowvol,0.22831622254459139,1.4392550223455907,-0.3158671491686619
eq4,champ_n20+champ_tail+mom_fast+lowvol,0.22829647719133694,1.39797293066921,-0.31422669213454035
eq4,champ_large+champ_mid+mom_fast+amihud,0.22828903715661375,1.144226108987371,-0.4320854472780312
eq2,mom_fast+lowvol,0.2282730711931622,1.1866837580905447,-0.31754884700230857
w2,mom_fast:0.5+lowvol,0.2282730711931622,1.1866837580905447,-0.31754884700230857
eq4,champ_mid+mom_only+prox52+amihud,0.22825837116378733,1.1148025127023329,-0.5176066968525922
w3,champ_mid:0.34+mom_only:0.33+lowvol:0.33,0.2282416380926966,1.383834129636685,-0.3014858772803721
eq4,champ+champ_qtr+champ_tail+momcons,0.22822820302683833,1.4291952207715883,-0.3408789093737452
w3,champ_large:0.50+champ_mid:0.33+mom_fast:0.17,0.22821401928971063,1.3218078282712533,-0.32877821720904066
eq3,champ_tail+mom_fast+lowvol,0.22820750990229288,1.3302960055446866,-0.3110260225946634
eq5,champ_n5+champ_n20+champ_tail+champ_mid+prox52,0.22819962399302618,1.4365778487114798,-0.3242201436352533
w3,champ_large:0.50+champ_mid:0.20+mom_only:0.30,0.22818609900895614,1.2505210324165046,-0.3358773995129275
w3,champ_tail:0.34+mom_fast:0.33+lowvol:0.33,0.22817655375016965,1.332678837590985,-0.3111600529013594
eq4,champ+champ_n20+champ_qtr+momcons,0.2281717667513543,1.3873671279655087,-0.3412970682798907
eq5,champ_n20+champ_qtr+champ_tail+champ_mid+prox52,0.2281664901654561,1.439847655639482,-0.33474630274932604
eq4,champ+champ_n5+champ_tail+momcons,0.2281167150025969,1.4176883516748566,-0.3278516757375757
w3,champ:0.20+champ_n20:0.20+champ_tail:0.60,0.22811307074716103,1.4825998665909406,-0.320399488000255
eq4,champ+mom_only+momcons+amihud,0.22810776177388958,1.1237342663272576,-0.47469096010196954
w3,champ:0.20+champ_mid:0.20+momcons:0.60,0.2280894649381502,1.276547287544538,-0.3620616159052171
w3,champ_qtr:0.34+champ_large:0.20+champ_mid:0.46,0.2280807468637407,1.4448812411212908,-0.3206565546855321
eq4,champ_n20+mom_fast+prox52+amihud,0.22807258144218778,1.0751329869883153,-0.5404146699689147
eq4,champ+champ_n20+champ_tail+momcons,0.22805719609384623,1.4254151252515264,-0.33740361517365247
eq4,champ_qtr+champ_mid+mom_only+lowvol,0.2280489459981534,1.4358290566673424,-0.3089748664395717
eq4,champ_n5+champ_mid+mom_only+lowvol,0.22801296365048573,1.427916709950947,-0.29536062724473466
w3,champ:0.20+champ_n5:0.50+champ_qtr:0.30,0.22800209577981678,1.354773062960654,-0.30472234827373923
eq4,champ+champ_n5+champ_n20+momcons,0.22799738083603693,1.3741868083380917,-0.3283074806456836
w2,mom_fast:0.2+prox52,0.2279923233524681,1.021173465311218,-0.5823251071614164
eq4,champ_n5+champ_large+mom_only+prox52,0.22798484814013165,1.2345362570468406,-0.37656735105137695
w3,champ_large:0.34+mom_only:0.33+momcons:0.33,0.22798259951858757,1.153768745221885,-0.36881445954716463
eq5,champ_n5+champ_qtr+champ_large+mom_only+prox52,0.22795916997316468,1.2862453723321656,-0.3537734618889852
eq5,champ+mom_only+mom_fast+prox52+lowmax,0.22794570630477318,1.1934316616902494,-0.4238372751352425
eq4,champ_qtr+champ_large+mom_only+prox52,0.2279430791095136,1.2368435635203734,-0.40019996759943355
eq5,champ_n5+champ_large+champ_tail+mom_only+prox52,0.22794142471881718,1.312005137561966,-0.34949386151345574
eq3,champ_mid+mom_only+lowvol,0.2279184133500285,1.3802333456989364,-0.3013920133151128
w3,champ_n5:0.34+champ_large:0.20+champ_mid:0.46,0.22791563659255099,1.428097610572455,-0.30236905884393783
w3,champ_n20:0.34+champ_large:0.20+champ_mid:0.46,0.2278935570124303,1.4420335580326995,-0.3158442103787228
eq4,champ+champ_n5+champ_qtr+momcons,0.22789172433050764,1.3653700477535415,-0.33185441683754957
eq3,mom_fast+momcons+amihud,0.2278880603123814,0.9809936552974721,-0.5607867720011357
w3,champ_qtr:0.50+champ_mid:0.20+momcons:0.30,0.22787668433030106,1.3805107248648056,-0.34736093678646673
w3,champ_large:0.20+champ_tail:0.33+champ_mid:0.47,0.22785816276139848,1.4833480017729466,-0.31583005793296537
eq5,champ+champ_qtr+mom_only+prox52+amihud,0.22785498668578597,1.1930752403552085,-0.4765704059420671
eq5,champ_qtr+champ_large+champ_tail+mom_only+prox52,0.22785341178853358,1.3122642890339882,-0.3693778206114927
eq5,champ+champ_n5+mom_only+prox52+amihud,0.22784488919510393,1.1902784141978853,-0.4619451045089765
eq5,champ_n5+champ_n20+champ_large+mom_only+prox52,0.22783249863252464,1.2844091895498428,-0.3476699108545114
eq5,champ_n20+champ_qtr+champ_large+mom_only+prox52,0.22778481923821392,1.2860442634932807,-0.3675330056897529
eq5,champ_n5+champ_qtr+champ_mid+mom_only+lowvol,0.22776051024846966,1.4480756270397548,-0.3035228774183455
w2,mom_only:0.2+momcons,0.22774400851585774,1.090846370646272,-0.4217392667515807
w2,champ:0.5+prox52,0.22774267814691163,1.2665904062739741,-0.41806284042420383
eq2,champ+prox52,0.22774267814691163,1.2665904062739741,-0.41806284042420383
w3,champ:0.34+champ_qtr:0.33+prox52:0.33,0.22772404973596094,1.3434003702698893,-0.36634873673213064
eq4,champ_n20+champ_mid+mom_only+lowvol,0.22771991094282873,1.4239837556515902,-0.30532038765760705
w3,champ:0.34+champ_n20:0.33+prox52:0.33,0.22765619133500303,1.3457672823177624,-0.37389927333798656
w3,champ_n20:0.50+champ_mid:0.20+momcons:0.30,0.22763792705881558,1.3783358627189766,-0.3420992702948419
eq5,champ_n20+champ_qtr+champ_mid+mom_only+lowvol,0.2276355862905597,1.4505938163013412,-0.3114156563134488
eq5,champ_n5+champ_n20+champ_mid+mom_only+lowvol,0.2276335583390796,1.4454069455052998,-0.3005751926348944
eq5,champ_n5+mom_only+mom_fast+lowvol+amihud,0.22763145973993115,1.1523115306032052,-0.4246118796775181
eq4,champ_n20+champ_large+mom_only+prox52,0.22761458464977835,1.2295134592852686,-0.3932704112277803
eq5,champ+champ_n20+champ_qtr+champ_tail+momcons,0.22760881300575186,1.436274053361232,-0.3369839663407582
eq5,champ_qtr+mom_only+mom_fast+lowvol+amihud,0.22760570948233916,1.1539141198115426,-0.44195643925217376
w3,mom_only:0.34+prox52:0.50+amihud:0.16,0.22758967462894764,1.0305654468846481,-0.5852525260327792
eq5,champ+champ_n5+champ_qtr+champ_tail+momcons,0.22758433730645922,1.42624446321834,-0.329350850187935
eq4,champ_large+champ_tail+mom_only+prox52,0.22757731903031342,1.253438504756809,-0.3956375480893468
w2,champ_tail:0.8+champ_mid,0.2275696642082916,1.4252779727615748,-0.3209597175670985
eq5,champ+champ_n5+champ_n20+champ_tail+momcons,0.22755854908143647,1.4288031221653374,-0.32651927567323713
eq5,champ_n20+champ_large+champ_tail+mom_only+prox52,0.2275500634190355,1.3036255209933485,-0.3636598977557609
eq5,champ+champ_n20+mom_only+prox52+amihud,0.22753424647242237,1.1862301409736657,-0.4740363146781248
w2,champ_mid:0.8+lowvol,0.22753238473033655,1.5144212146165008,-0.2923681046152189
w3,champ_tail:0.34+champ_mid:0.50+amihud:0.16,0.22752370469555827,1.3798156574375806,-0.33583638111496683
eq3,champ+champ_qtr+prox52,0.2274873921096212,1.341017772992838,-0.36814378928214797
eq5,champ_n5+champ_tail+champ_mid+mom_only+lowvol,0.22743871527781678,1.4703893631798866,-0.30022370084323124
w3,champ:0.34+champ_n5:0.33+prox52:0.33,0.2274314935969164,1.3253962843163205,-0.3335327532872945
w3,champ:0.34+champ_qtr:0.20+momcons:0.46,0.22742666288929714,1.3152812912278011,-0.3550220290405427
eq3,champ+champ_n20+prox52,0.22741602887243695,1.343279673134952,-0.3750621509640557
eq5,champ+champ_n5+champ_n20+champ_qtr+momcons,0.22741523340872738,1.3867567596998533,-0.32972121845781566
eq5,champ_qtr+champ_tail+champ_mid+mom_only+lowvol,0.227400627847419,1.473680984702004,-0.31108892102165286
w3,champ:0.34+champ_tail:0.33+prox52:0.33,0.2273951745328262,1.3807163697703753,-0.35955994169953653
eq4,champ_tail+mom_fast+prox52+amihud,0.22739019679019834,1.076106377476739,-0.540757958250439
w3,champ:0.34+champ_tail:0.20+momcons:0.46,0.22735886053693943,1.3411536372225568,-0.3519580314019215
eq5,champ_n5+champ_qtr+mom_only+mom_fast+lowmax,0.22735833388991988,1.2522278727056229,-0.3441765677467137
w3,champ:0.34+champ_n20:0.20+momcons:0.46,0.22733628796766103,1.314670509099464,-0.35335449907078953
w3,champ:0.34+champ_n5:0.20+momcons:0.46,0.22729019396469985,1.3064613484366956,-0.3448574240045421
w3,champ_n5:0.50+champ_mid:0.20+momcons:0.30,0.22728482088793833,1.3445741197165988,-0.3213824902819854
eq5,champ+champ_tail+mom_only+prox52+amihud,0.2272817068029167,1.1963706695666845,-0.4742308190547042
eq5,champ+champ_qtr+champ_large+mom_fast+amihud,0.2272775381983907,1.2057416058521968,-0.4106216659385914
eq5,champ+champ_n5+champ_large+mom_fast+amihud,0.22724452361014014,1.2021885855179915,-0.39213465463509334
eq4,champ_tail+champ_mid+mom_only+lowvol,0.22720806397013482,1.4395737974108582,-0.3055217527800589
eq3,champ+champ_n5+prox52,0.2271919559393656,1.3229056326268969,-0.3350804533169063
eq5,champ+mom_fast+lowvol+prox52+momcons,0.22718868934597825,1.2866573970526813,-0.3763837155005897
w2,champ_n20:0.9+champ_mid,0.22715135844001666,1.4192918349865549,-0.32223803099237514
eq5,champ_n20+mom_only+mom_fast+lowvol+amihud,0.22714680608874804,1.1443748534909577,-0.4373246745655691
eq3,champ+champ_tail+prox52,0.22713989516988664,1.3778661692517427,-0.3613164925951302
w3,mom_only:0.50+mom_fast:0.20+lowmax:0.30,0.22713689183840358,1.0483585427115907,-0.4447197978874917
eq3,champ_large+mom_only+prox52,0.22712780832334456,1.144610217107969,-0.4429530179470086
eq5,champ_n5+champ_n20+mom_only+mom_fast+lowmax,0.22711862283733186,1.2467877402946466,-0.33861456967435644
eq5,champ_n20+champ_qtr+mom_only+mom_fast+lowmax,0.22710370001700975,1.249347422705437,-0.3588057816684327
eq5,champ_n20+champ_tail+champ_mid+mom_only+lowvol,0.22709690390918702,1.4610966501913032,-0.30818908772565223
eq4,champ+champ_n20+champ_qtr+prox52,0.22706360870508413,1.3757717940272274,-0.34350376407092165
eq4,champ+champ_qtr+champ_tail+prox52,0.2270527910596709,1.4134922885797858,-0.33975771820678546
w3,mom_only:0.20+prox52:0.50+momcons:0.30,0.22702511678053217,1.108963708553747,-0.5206651596072749
eq5,champ+champ_n20+champ_large+mom_fast+amihud,0.22700537302793777,1.200046919802888,-0.4052370374161025
w3,champ_qtr:0.50+champ_large:0.33+mom_fast:0.17,0.22699605043429427,1.3031616428040278,-0.33824903390026584
eq4,champ+champ_n5+champ_tail+prox52,0.2269824041574806,1.4043038666640628,-0.3266849896888804
w3,mom_only:0.50+lowvol:0.33+momcons:0.17,0.22696098170414647,1.1723294757603369,-0.35555595057366085
eq5,champ+champ_large+champ_tail+mom_fast+amihud,0.2269449334858038,1.2164955601276657,-0.4070914976740959
eq4,champ+champ_n5+champ_n20+prox52,0.22693028160805562,1.364669163075287,-0.3271431158051825
eq4,champ+champ_n20+champ_tail+prox52,0.22686711449544772,1.4090684899264905,-0.33844967200373965
eq5,champ_n5+champ_tail+mom_only+mom_fast+lowmax,0.22686123606532105,1.259087248111451,-0.34116806963351387
w3,champ_n5:0.20+champ_mid:0.33+prox52:0.47,0.22684800327760968,1.2886690519056074,-0.38599591954123624
eq4,champ+champ_n5+champ_qtr+prox52,0.22683996690201358,1.3566222156114345,-0.3307020257415687
w3,champ_qtr:0.20+champ_mid:0.33+prox52:0.47,0.22682628075308742,1.2912936970133881,-0.40229313784926035
eq5,champ_qtr+champ_tail+mom_only+mom_fast+lowmax,0.22680638324075542,1.2604104382483026,-0.36135864495079817
eq5,champ_n5+champ_n20+champ_qtr+mom_only+amihud,0.22680150810260646,1.239111545503987,-0.39819273121385756
w3,champ_n20:0.50+champ_large:0.33+mom_fast:0.17,0.2267753990105661,1.3021343833648167,-0.33422291045744656
eq5,champ+champ_large+champ_mid+mom_only+amihud,0.2267588875886486,1.2367941193319065,-0.3791994463087245
eq5,champ+champ_n5+champ_qtr+champ_tail+prox52,0.22674414426643175,1.41863270776355,-0.32842570150894
eq5,champ+champ_n20+champ_qtr+champ_tail+prox52,0.2267327748793997,1.426698394229077,-0.3360803962816139
w3,champ:0.50+champ_n20:0.33+champ_large:0.17,0.2267312784192046,1.3967234432897584,-0.31855438175662754
w2,champ:0.2+champ_tail,0.22672569640260498,1.4424373123436542,-0.3206118411054256
eq5,champ+champ_n5+champ_n20+champ_tail+prox52,0.22670874806008356,1.4206809496413642,-0.3255864984622524
eq5,champ_n5+champ_qtr+champ_tail+mom_only+amihud,0.2267018221031578,1.2564067632300069,-0.40035621792394704
w2,champ_qtr:0.9+champ_mid,0.22669794195856907,1.3809316260235478,-0.332704673429042
eq4,champ+mom_only+prox52+amihud,0.22669607264712965,1.1099551918856743,-0.5261615871905221
w3,champ_mid:0.34+prox52:0.20+momcons:0.46,0.22669509164076462,1.2809145839642473,-0.3644294536211037
eq5,champ_tail+mom_only+mom_fast+lowvol+amihud,0.22666363936302547,1.1473761712098274,-0.43951954210942557
eq5,champ+champ_n5+champ_n20+champ_qtr+prox52,0.22661821488286815,1.381513190193847,-0.3287975832069432
w3,champ:0.50+champ_qtr:0.33+champ_large:0.17,0.22656930129693387,1.3831532724693498,-0.3232860388028689
w3,champ_n20:0.20+champ_mid:0.33+prox52:0.47,0.2265633712368429,1.284419920990959,-0.3995590605291022
w3,champ_large:0.34+mom_only:0.33+prox52:0.33,0.2265573837593735,1.1447019214003122,-0.4411788044044235
w3,champ_n5:0.50+champ_large:0.33+mom_fast:0.17,0.22653154360160754,1.2778549045351506,-0.3118333836885563
w3,mom_only:0.34+mom_fast:0.20+lowvol:0.46,0.22650338190344743,1.216747523605589,-0.3223282884800662
w2,champ:0.2+champ_n5,0.22648045220044777,1.2894747113639262,-0.2884408033792383
w2,champ:0.9+lowmax,0.22645963466154906,1.4221919428738001,-0.31570686469910847
eq5,champ_n5+champ_n20+champ_tail+mom_only+amihud,0.22642700460969967,1.2497317730270734,-0.3952608392978729
w3,champ_qtr:0.50+champ_mid:0.20+prox52:0.30,0.2263960584151592,1.36011554812555,-0.3531956304127537
w3,champ_tail:0.50+champ_mid:0.20+momcons:0.30,0.22639537173224977,1.3956783660775296,-0.342385687664171
eq5,champ_n20+champ_tail+mom_only+mom_fast+lowmax,0.22638999423744455,1.2489699657320372,-0.35616258120107613
eq4,champ_qtr+mom_only+mom_fast+lowmax,0.22637997000864973,1.1775061319143567,-0.39017297179134547
eq4,champ_n5+mom_only+mom_fast+lowmax,0.22637047566753754,1.174168861165666,-0.3660909438026325
w2,champ:0.4+momcons,0.22636173019817618,1.256241033350844,-0.3633838579505829
eq5,champ_n20+champ_qtr+champ_tail+mom_only+amihud,0.22636158042565335,1.2506597878081767,-0.41381851489725674
eq4,champ+champ_large+mom_fast+amihud,0.22636132489945648,1.1305877928606858,-0.4450583069430968
w2,champ:0.1+champ_n20,0.2263532972851039,1.4088348118073106,-0.32211408375981465
w3,mom_only:0.50+lowvol:0.33+prox52:0.17,0.2263281304422069,1.170168173592044,-0.4026775313991793
eq4,champ_qtr+champ_mid+prox52+momcons,0.22630664739274908,1.3357117866716053,-0.363805447457325
eq5,champ_n5+champ_qtr+champ_mid+prox52+momcons,0.2263040020398288,1.361079880804879,-0.34191031282560824
eq4,champ_n5+champ_qtr+mom_only+amihud,0.22629519128139486,1.1746600906000875,-0.4367878954346911
eq4,champ_n5+champ_mid+prox52+momcons,0.22625488414751915,1.3287532543830474,-0.34353053786097343
w3,champ:0.20+champ_large:0.50+mom_only:0.30,0.2262249615841161,1.2239076356042033,-0.3372572814648789
w3,champ_large:0.20+mom_only:0.50+amihud:0.30,0.22621741563746345,0.9968259221709818,-0.5234235472441153
eq5,champ_n20+champ_qtr+champ_mid+prox52+momcons,0.22621510424427682,1.3646742919231505,-0.34940102811051155
eq5,champ_n5+champ_n20+champ_mid+prox52+momcons,0.22620300130515747,1.3599484577105598,-0.3391132993287814
eq5,champ_n5+mom_fast+prox52+momcons+amihud,0.22619907259468386,1.1113423141681134,-0.5028548504928955
eq5,champ_qtr+mom_fast+prox52+momcons+amihud,0.22618355688368497,1.112990327714121,-0.5170876453503847
w3,champ_tail:0.20+champ_mid:0.33+prox52:0.47,0.22618058329205604,1.2935855954897149,-0.399799532020211
w3,champ:0.50+champ_n5:0.33+champ_large:0.17,0.226177748056007,1.3589180314982028,-0.3056650835886121
w3,champ_large:0.20+champ_mid:0.50+momcons:0.30,0.2261625401595333,1.3765459265661573,-0.3372931489785158
eq4,champ+champ_qtr+mom_only+lowvol,0.226161749375263,1.41478173218241,-0.310733340296659
eq5,champ_n5+champ_qtr+mom_fast+lowvol+momcons,0.22612474340980326,1.3467205172365257,-0.32131657562773575
w3,champ_n20:0.50+champ_mid:0.20+prox52:0.30,0.22612163632918447,1.3564313524354856,-0.356209816494926
eq5,champ+champ_n20+champ_qtr+mom_only+lowvol,0.22610363202442918,1.4320871335706324,-0.3128161165191944
w3,champ_mid:0.34+prox52:0.33+momcons:0.33,0.2260887078130389,1.2747761542236242,-0.3942298659373499
eq5,champ+champ_n5+champ_qtr+mom_only+lowvol,0.226083262280379,1.4223117247795207,-0.30495271600348595
w3,champ:0.20+champ_qtr:0.50+momcons:0.30,0.22608209999312834,1.3525976797438384,-0.34869043821499746
w3,champ:0.20+champ_n20:0.50+momcons:0.30,0.22606339135767217,1.3600342685460063,-0.34280865391308457
eq5,champ_n5+champ_tail+champ_mid+prox52+momcons,0.2260522995838381,1.3821676866099277,-0.33878142783523
eq5,champ+champ_qtr+champ_tail+mom_only+lowvol,0.22605049672249056,1.4644461840544138,-0.3124660272751809
eq5,champ+champ_n5+champ_n20+mom_only+lowvol,0.22604445387187067,1.4242051753472045,-0.3020090765533
eq4,champ+champ_n5+mom_only+lowvol,0.2260365372522799,1.4028814493805015,-0.297171598921832
eq5,champ+champ_n5+champ_tail+mom_only+lowvol,0.2260314973990316,1.458110674856097,-0.30163401189823813
eq5,champ_qtr+champ_tail+champ_mid+prox52+momcons,0.22602434859501974,1.38533744530849,-0.3490926649185673
eq4,champ_n20+champ_mid+prox52+momcons,0.22601844219109757,1.3277605006093223,-0.35821644186935553
eq4,champ_n5+champ_n20+mom_only+amihud,0.22601136381171516,1.1695116566130785,-0.4318759304469567
eq5,champ_n20+champ_qtr+mom_fast+lowvol+momcons,0.22600698504423122,1.3489219528066867,-0.33056413550926067
eq4,champ_n20+champ_qtr+mom_only+amihud,0.22600457210295755,1.1723549427078013,-0.4522564324611217
w3,champ:0.34+mom_only:0.33+lowvol:0.33,0.22598761835833625,1.3715717263288925,-0.3025009448120608
eq5,champ_n5+champ_n20+mom_fast+lowvol+momcons,0.22597356908825184,1.3435020181632438,-0.3205296017542859
eq4,champ+champ_n20+mom_only+lowvol,0.22597066026687695,1.410027871641309,-0.30708502901050994
w3,champ_n5:0.50+champ_mid:0.20+prox52:0.30,0.22590329685436794,1.329523510715244,-0.3199350007888049
w3,mom_fast:0.34+prox52:0.33+amihud:0.33,0.22588867864726736,0.9548619574804055,-0.6174650864267031
eq4,champ_n20+mom_only+mom_fast+lowmax,0.2258751731805415,1.1664427922590301,-0.3839452133734511
w3,champ:0.20+champ_large:0.33+champ_mid:0.47,0.22587323813725146,1.4245980890158638,-0.3147997772052663
eq5,champ+champ_n20+champ_tail+mom_only+lowvol,0.2258350415206849,1.4567742400283807,-0.30957001485760527
w3,champ_mid:0.50+mom_only:0.20+lowvol:0.30,0.22579462489359892,1.470934102261647,-0.29585544998721436
eq5,champ_n5+champ_tail+mom_fast+lowvol+momcons,0.22577332057905974,1.3625838591466206,-0.3205758130123809
eq5,champ_qtr+champ_tail+mom_fast+lowvol+momcons,0.22576684352722576,1.3665239444790194,-0.3306267697061731
eq5,champ_n20+mom_fast+prox52+momcons+amihud,0.22575078947380334,1.104992047080903,-0.5138004295777925
eq5,champ_n20+champ_tail+champ_mid+prox52+momcons,0.22574687469647214,1.3760289534361663,-0.34634120343813246
eq4,champ+champ_tail+mom_only+lowvol,0.22574309123075964,1.4400681605369756,-0.306661581909611
eq3,champ_mid+prox52+momcons,0.22574249540322877,1.2707492758073817,-0.39680630212755896
eq4,champ_n5+champ_tail+mom_only+amihud,0.22571153480826034,1.1821287991157539,-0.4331079975558323
eq3,champ+mom_only+lowvol,0.22570982219075786,1.3682635533498668,-0.3023824358200531
w2,champ:0.1+champ_qtr,0.22570250988117446,1.3622971333536498,-0.33338341821135364
eq5,champ_mid+mom_only+prox52+momcons+amihud,0.22568584506740685,1.1357250820007587,-0.4951380522997214
eq4,champ_qtr+mom_fast+lowvol+momcons,0.225660166035476,1.3026489419901908,-0.3322487126031659
w3,champ_mid:0.20+mom_fast:0.33+amihud:0.47,0.225659808541957,0.9600960434174951,-0.5734561667055167
eq4,champ_qtr+champ_tail+mom_only+amihud,0.225642087811454,1.1833881597777967,-0.45478328190128203
eq5,champ_large+champ_mid+mom_fast+momcons+amihud,0.22561018338502947,1.158930219499141,-0.42771459037923265
w3,champ_qtr:0.34+champ_mid:0.20+momcons:0.46,0.22560025409533946,1.3210375115617012,-0.35653419373554684
eq4,champ_tail+champ_mid+prox52+momcons,0.22557620524403665,1.3425469060151132,-0.3592006124350726
eq4,champ_n5+mom_fast+lowvol+momcons,0.22557512187291384,1.2950176509754563,-0.3197259508328021
eq5,champ_n20+champ_tail+mom_fast+lowvol+momcons,0.22543911392123062,1.3553991261824045,-0.33091974416441194
w3,champ_n5:0.34+champ_mid:0.20+momcons:0.46,0.22537384477627076,1.3058142897281686,-0.3391829522460089
w3,champ:0.20+champ_n5:0.50+momcons:0.30,0.22534784896197801,1.3129422764826602,-0.32279268912271564
w3,champ:0.50+champ_large:0.20+champ_tail:0.30,0.22532405999030125,1.4525462394757807,-0.3181574140375052
eq5,champ_tail+mom_fast+prox52+momcons+amihud,0.22531235846217945,1.1084429901264383,-0.5144912460661043
w3,champ_n20:0.34+champ_mid:0.20+momcons:0.46,0.2253020778900665,1.3142388521568433,-0.3540727058011265
eq4,champ_n20+mom_fast+lowvol+momcons,0.22529352531277813,1.292327944231425,-0.33259613358758755
w3,champ:0.20+champ_tail:0.50+momcons:0.30,0.225276103859811,1.398049188612036,-0.3420962261394829
eq4,champ_tail+mom_only+mom_fast+lowmax,0.22526677755041935,1.1706008341293725,-0.3872554899448817
eq4,mom_only+mom_fast+lowvol+amihud,0.2252622175911132,1.051262447766279,-0.4852963752502414
w2,champ_mid:0.4+prox52,0.2252141371019305,1.2111390388245626,-0.4460907064015912
eq5,champ_qtr+champ_mid+mom_only+lowvol+momcons,0.22517078287161607,1.3795474900534053,-0.3263108099861217
eq5,champ_n5+champ_mid+mom_only+lowvol+momcons,0.22516383681202456,1.3748265244251938,-0.31569218807736454
eq5,champ_n5+champ_large+mom_only+prox52+momcons,0.22510970693876686,1.2267503777642732,-0.3836236418091553
eq4,champ_n20+champ_tail+mom_only+amihud,0.22508281990812073,1.1706170407556884,-0.4492009508923579
eq5,champ_qtr+champ_large+mom_only+prox52+momcons,0.22506699570082267,1.2283322115455007,-0.4023997069530716
w3,mom_fast:0.34+lowvol:0.33+momcons:0.33,0.22504593065204248,1.2026347222025915,-0.35115101042355534
eq5,champ_n5+champ_qtr+mom_fast+lowvol+prox52,0.2250004042970999,1.3280741150717246,-0.3418160347016308
eq5,champ_n20+champ_mid+mom_only+lowvol+momcons,0.22488988508538554,1.370124806404599,-0.3234579897131026
eq5,champ_n20+champ_qtr+mom_fast+lowvol+prox52,0.2248470648408103,1.3286822830041518,-0.35586289707800134
eq5,champ_n5+champ_n20+mom_fast+lowvol+prox52,0.22483966406998657,1.3245706692044248,-0.33566169699145854
w3,champ:0.34+champ_qtr:0.20+prox52:0.46,0.2248194094265603,1.2755123903620296,-0.414835595452006
eq5,champ_n20+champ_large+mom_only+prox52+momcons,0.2247864655130316,1.2218579549447928,-0.3969096848971001
eq3,mom_fast+prox52+amihud,0.2247781930468089,0.9521437482343851,-0.6187540444482738
eq4,champ_tail+mom_fast+lowvol+momcons,0.2247742262555581,1.3026810650116982,-0.3326951292746787
eq5,champ_large+champ_tail+mom_only+prox52+momcons,0.22476039977945206,1.2410145668664792,-0.3987583566363657
w3,champ:0.34+champ_n5:0.20+prox52:0.46,0.22474310530471464,1.269552615007767,-0.39653269174000305
w3,champ_tail:0.50+champ_mid:0.20+prox52:0.30,0.22472179915679513,1.3656327676403,-0.3452555442471563
w3,champ:0.34+champ_large:0.33+champ_mid:0.33,0.22471232358096516,1.407474783630565,-0.31576872217362695
w3,champ:0.34+champ_n20:0.20+prox52:0.46,0.22470710971088903,1.274139267385842,-0.409258713097994
eq5,champ+champ_qtr+champ_large+champ_tail+champ_mid,0.2247058395970687,1.4593644984362748,-0.320488038091271
w3,champ_tail:0.34+champ_mid:0.20+momcons:0.46,0.22468836164291606,1.333305819078211,-0.35365831572273765
eq5,champ+champ_n5+champ_large+champ_tail+champ_mid,0.22468542296713734,1.4529662310311295,-0.30976230319972453
w3,champ:0.20+champ_qtr:0.50+prox52:0.30,0.2246736008389274,1.3359272952536008,-0.36556840296636905
w3,champ:0.34+champ_tail:0.20+prox52:0.46,0.22463136366364256,1.2946342839572915,-0.410989703689164
w3,champ_large:0.20+champ_mid:0.50+prox52:0.30,0.224620805552465,1.3531996023844353,-0.33587564687409155
w3,champ:0.20+champ_n20:0.50+prox52:0.30,0.22461902326763217,1.3416074781849072,-0.37066397284923625
eq4,champ+champ_large+champ_tail+champ_mid,0.22460711457303817,1.463429839027896,-0.31673010615071406
eq5,champ+champ_n20+champ_qtr+prox52+momcons,0.22460012005772056,1.3448100461343695,-0.3507342109652618
eq5,champ_n5+champ_tail+mom_fast+lowvol+prox52,0.22459697147724844,1.341057610015584,-0.3377459968497093
eq5,champ+champ_qtr+champ_tail+prox52+momcons,0.22459075251790184,1.3729144764394432,-0.3515868564679464
eq5,champ+champ_n20+champ_large+champ_tail+champ_mid,0.22458887331748012,1.4571973017365385,-0.3176291622055023
w3,champ_large:0.34+champ_tail:0.50+mom_fast:0.16,0.22457350795819964,1.3493621335889026,-0.33393989479479436
eq5,champ_qtr+champ_tail+mom_fast+lowvol+prox52,0.22456447416879022,1.3436778452148022,-0.35796148495013524
eq5,champ+champ_n5+champ_tail+prox52+momcons,0.22456169147051352,1.3672772409600977,-0.34012404136328933
eq5,champ_tail+champ_mid+mom_only+lowvol+momcons,0.2245605371692183,1.384774861115843,-0.32314852696711227
eq5,champ+champ_n5+champ_qtr+prox52+momcons,0.224543994746345,1.3353034407492084,-0.3432715567567204
w3,champ:0.20+mom_fast:0.33+amihud:0.47,0.2245358541119289,0.9581490744177598,-0.5788122982990991
eq5,champ+champ_n5+champ_n20+prox52+momcons,0.22453094819442354,1.3378987047633573,-0.3404783643920215
eq5,champ+champ_n20+champ_qtr+champ_large+champ_mid,0.22451742925424312,1.4146009842458347,-0.32083369862274735
w3,champ_qtr:0.50+mom_fast:0.20+amihud:0.30,0.22450017096898756,1.1364810678639932,-0.48208072110131417
eq4,champ+champ_qtr+champ_large+champ_mid,0.22449457292902197,1.4089187570846493,-0.32073707400672913
w2,champ_n5:0.9+champ_mid,0.22446200811885753,1.2739793467252614,-0.2843942183670861
eq3,champ+champ_large+champ_mid,0.22446159189914705,1.4062540580711869,-0.3157833799906137
eq4,champ+champ_n20+champ_large+champ_mid,0.2244572911972582,1.4119195455865574,-0.3171469648872559
eq5,champ+champ_n5+champ_n20+champ_large+champ_mid,0.22445672554970564,1.4068758086485784,-0.31013266000011663
eq5,champ+champ_n20+champ_tail+prox52+momcons,0.22440138072918292,1.3677227734841657,-0.3476557514795825
eq5,champ+champ_n5+champ_qtr+champ_large+champ_mid,0.22439719502238598,1.4001383902868667,-0.3130386645472327
eq4,champ_n5+champ_n20+champ_qtr+champ_tail,0.2243968668182057,1.453983485178103,-0.31464090132038125
w3,mom_only:0.34+lowvol:0.20+momcons:0.46,0.22437034378467136,1.1599188155932127,-0.375665958188773
eq4,champ+champ_n5+champ_large+champ_mid,0.22436697080171886,1.3969252657811013,-0.3073408710933625
w3,champ_n20:0.50+champ_qtr:0.33+champ_tail:0.17,0.22436350984656372,1.447924433927091,-0.3256574301331733
eq5,champ+mom_only+prox52+momcons+amihud,0.2243617198997323,1.1299490786517226,-0.5024771716853158
eq4,champ_mid+mom_only+lowvol+momcons,0.22432934434488017,1.3282576817186227,-0.324070290004433
w3,champ_n20:0.34+champ_qtr:0.50+champ_tail:0.16,0.22432582566607073,1.440519342043127,-0.3280877290008113
eq5,champ_n5+champ_mid+mom_only+lowvol+prox52,0.2243239911016517,1.3676119213176956,-0.3146998211151967
w3,mom_only:0.50+prox52:0.33+lowmax:0.17,0.22431652089581933,1.070015388427909,-0.5020406044830898
eq5,champ_qtr+champ_mid+mom_only+lowvol+prox52,0.22430487147041256,1.371057841921622,-0.32774413490091026
eq4,champ+champ_qtr+prox52+momcons,0.2242896624494548,1.3123262639723892,-0.3787333825014627
w3,champ_mid:0.34+prox52:0.50+momcons:0.16,0.22425171358348606,1.2318756423891803,-0.43538189482267264
eq5,champ_large+champ_mid+mom_fast+prox52+amihud,0.22423975720812295,1.140510440257708,-0.4689034638772519
w3,champ_qtr:0.34+mom_only:0.33+amihud:0.33,0.22423957126855232,1.0724327882432194,-0.5134866630988211
eq5,champ_n20+champ_tail+mom_fast+lowvol+prox52,0.22422757615129152,1.3326261627595968,-0.3524504503336858
w3,champ_n20:0.20+champ_qtr:0.50+champ_tail:0.30,0.2242259652600458,1.4602126986651245,-0.3278660124147811
w3,champ:0.50+champ_qtr:0.33+amihud:0.17,0.2242124951630724,1.3338386470023895,-0.3424578112876555
w3,champ_n20:0.34+champ_qtr:0.33+champ_tail:0.33,0.224211465267252,1.4687427326851008,-0.325413850722299
w3,champ_n5:0.34+champ_n20:0.50+champ_tail:0.16,0.22421120885135037,1.4291846842013238,-0.3076461105939621
eq3,champ_n20+champ_qtr+champ_tail,0.22420559158520814,1.4689581998620143,-0.3254563225182171
w3,champ_n5:0.20+champ_n20:0.50+champ_tail:0.30,0.22420149503386444,1.4599927295079886,-0.31379332645157887
w3,champ_n5:0.20+champ_n20:0.50+champ_qtr:0.30,0.22419935792594292,1.402354366323862,-0.3177738085577434
w3,champ:0.50+champ_n20:0.33+amihud:0.17,0.22418421139558675,1.3379470727405545,-0.33784181769008037
w3,champ_n5:0.34+mom_only:0.33+amihud:0.33,0.22418377292953684,1.0683543303724674,-0.490257070560027
w3,champ_n20:0.50+champ_qtr:0.20+champ_tail:0.30,0.22417010988264696,1.4636701870853388,-0.32397256348085546
w3,champ_n5:0.20+champ_qtr:0.50+champ_tail:0.30,0.22415930494496972,1.4469503195222395,-0.32010540795861
w3,champ:0.34+prox52:0.20+momcons:0.46,0.22415431255031515,1.2594297332773472,-0.38428817190779874
w2,champ_n20:0.6+champ_qtr,0.2241539160962147,1.406644863295092,-0.3269466584988855
eq4,champ+champ_n5+prox52+momcons,0.22414883118108508,1.30227721847499,-0.3544243241052758
eq4,champ+champ_n20+prox52+momcons,0.2241390634609821,1.310059404090818,-0.37613524831841083
w2,champ_n20:0.7+champ_qtr,0.2241291152766549,1.407338171389869,-0.32552297496570304
eq3,champ_qtr+mom_only+amihud,0.22412807352940645,1.0682176792308469,-0.5158278092681048
w2,champ_mid:0.3+momcons,0.22412622022028272,1.2173572611722756,-0.37055282104557885
eq3,champ_n5+champ_n20+champ_tail,0.22412061233890324,1.455133314768392,-0.3076088723091758
w3,champ_n5:0.34+champ_n20:0.33+champ_tail:0.33,0.22411886219575372,1.4541124665921363,-0.3073507359753983
eq2,champ_n20+champ_qtr,0.22411339340230763,1.4027104176842955,-0.32837000527362903
w2,champ_n20:0.5+champ_qtr,0.22411339340230763,1.4027104176842955,-0.32837000527362903
eq3,champ_n5+mom_only+amihud,0.22408230839492127,1.0644470593544868,-0.4931661842044921
eq3,champ_n5+champ_qtr+champ_tail,0.22406637175667043,1.4451056060448368,-0.3124386885305963
w3,champ_n5:0.34+champ_qtr:0.33+champ_tail:0.33,0.22405882207780725,1.4438644771574907,-0.3121346362091064
eq5,champ+champ_large+mom_fast+momcons+amihud,0.2240527905620644,1.1470177053682349,-0.43821727295715207
w3,champ_n5:0.20+champ_n20:0.33+champ_qtr:0.47,0.22404555104577795,1.3916746741441304,-0.3202262785380646
eq4,champ_qtr+mom_fast+lowvol+prox52,0.2240419725648113,1.2736539407844438,-0.3864520727523997
w2,champ_n20:0.8+champ_qtr,0.22403898953146162,1.4047729230545718,-0.3240989616991621
w3,champ:0.20+champ_n5:0.50+prox52:0.30,0.2240385410697523,1.3012404185955706,-0.32136034154405213
w3,champ:0.20+champ_mid:0.20+prox52:0.60,0.22402884723109073,1.2090550341604152,-0.4534557149104881
w3,champ_n5:0.50+mom_fast:0.20+amihud:0.30,0.22402661515677447,1.1199435740280257,-0.4418464198195565
w3,champ:0.50+champ_tail:0.33+amihud:0.17,0.22401633085550854,1.3775773709708812,-0.3372869668596522
eq5,champ_n20+champ_mid+mom_only+lowvol+prox52,0.22401439791711275,1.3613217284667736,-0.32410579594383004
w2,champ_n5:0.2+champ_n20,0.22401010365841922,1.3986921291863614,-0.31370894248143344
w3,champ_n5:0.34+champ_n20:0.50+champ_qtr:0.16,0.2240094048540009,1.3899606739389443,-0.31028799743957913
w2,champ_n20:0.4+champ_qtr,0.2240075586753083,1.3956186827817583,-0.3297930082734628
eq4,champ_n5+mom_fast+lowvol+prox52,0.22399758934472436,1.267969312276672,-0.3623201917382127
w2,champ_n5:0.3+champ_n20,0.22398557199557834,1.393367412019381,-0.3095261514509263
eq4,champ+champ_tail+prox52+momcons,0.22398029721014878,1.3361253045922308,-0.37376891735664775
w3,champ:0.34+champ_large:0.50+mom_fast:0.16,0.22395458870199558,1.2715267236021945,-0.33043035281456645
eq5,champ_n5+mom_only+mom_fast+lowmax+momcons,0.22394737476841842,1.1810812845166685,-0.3742666925869438
w3,mom_only:0.34+mom_fast:0.33+lowmax:0.33,0.2239416255637634,1.04867472856493,-0.43374185864850656
eq5,champ_qtr+mom_only+mom_fast+lowmax+momcons,0.22393738658315088,1.1833956500455767,-0.39337747471420903
w2,champ_qtr:0.7+champ_tail,0.22393663676184605,1.4399813862001896,-0.3306987583424793
eq3,champ_n5+champ_n20+champ_qtr,0.22391667685171313,1.3826724672947466,-0.31307223456849065
w3,champ_n5:0.20+champ_qtr:0.33+champ_tail:0.47,0.22391018479424396,1.4678121807385243,-0.3174053867393256
w2,champ_n5:0.1+champ_n20,0.22390250350830798,1.3976029295636072,-0.31894724429084675
w3,champ_n5:0.34+champ_n20:0.33+champ_qtr:0.33,0.22390115122767607,1.3817363171486787,-0.3127641366169749
w2,champ_n20:0.8+champ_tail,0.22389444805101655,1.4348176279884426,-0.32423000959819726
w2,champ_n20:0.9+champ_qtr,0.22388354751791395,1.398999156796872,-0.32400969570820304
eq3,mom_fast+lowvol+momcons,0.2238833977504544,1.2030436031489273,-0.3498636702463369
w2,champ_qtr:0.6+champ_tail,0.22387734711369567,1.4568345818644841,-0.32913647314125505
w3,champ_n5:0.34+champ_qtr:0.50+champ_tail:0.16,0.22386005652481122,1.4015850846229967,-0.31491159333396734
w2,champ_n20:0.9+champ_tail,0.22384662564696267,1.4153390727779882,-0.32418875247561696
w3,champ_n5:0.50+champ_n20:0.33+champ_tail:0.17,0.22383984266659263,1.4049440624231804,-0.30131150469549894
eq5,champ_n5+champ_qtr+mom_only+momcons+amihud,0.22383773946791963,1.1801586904160495,-0.43172274480643735
w2,champ_n20:0.3+champ_qtr,0.223836433460062,1.3855151866478823,-0.33121566049057716
eq4,champ_large+mom_only+prox52+momcons,0.2238292087328082,1.1569811210249559,-0.4351348496627231
w2,champ_n5:0.4+champ_n20,0.22382891314539188,1.3818577758467812,-0.30559948202558773
w3,champ_n5:0.34+champ_qtr:0.20+champ_tail:0.46,0.22382607949669442,1.4571936178169285,-0.3100429132821271
w3,champ:0.50+champ_n5:0.33+amihud:0.17,0.22382081040524393,1.311806894619496,-0.32533016579732577
w2,champ_n20:0.7+champ_tail,0.2238062790837465,1.4477138744523974,-0.32428387095432865
w3,champ_n5:0.50+champ_n20:0.20+champ_tail:0.30,0.22380355317538814,1.424564318997329,-0.30106640711781907
w3,champ_n5:0.20+champ_n20:0.20+champ_qtr:0.60,0.22380057092848094,1.377679058022651,-0.3221010012208302
w2,champ_qtr:0.8+champ_tail,0.22379875397155446,1.413662424914281,-0.33227710025497414
w3,champ_n20:0.20+champ_qtr:0.33+champ_tail:0.47,0.223792856920219,1.471081889597669,-0.3252261866002989
w3,champ_n5:0.34+champ_n20:0.20+champ_tail:0.46,0.2237829059269585,1.4590808106625772,-0.3071489533797357
w3,champ_large:0.20+mom_fast:0.20+prox52:0.60,0.22377287456763795,1.0806648784000843,-0.5169191520777483
w3,champ_n5:0.20+champ_n20:0.33+champ_tail:0.47,0.22376641361505412,1.466884510079334,-0.31389215043673646
w3,champ_n20:0.34+champ_qtr:0.20+champ_tail:0.46,0.22373954710215394,1.4690400591319221,-0.3240772813254804
w2,champ:0.7+champ_large,0.22373837333202018,1.3492008884850115,-0.31778129475734407
w3,champ_n20:0.50+mom_fast:0.20+amihud:0.30,0.22371846761541736,1.1221022950338972,-0.4720457114401735
w3,champ:0.20+champ_qtr:0.33+momcons:0.47,0.22371743839066394,1.2944098203244636,-0.35841737496877835
w3,champ_n5:0.50+champ_qtr:0.20+champ_tail:0.30,0.2237055473203151,1.4155925427251947,-0.30399844123242215
w3,champ_n5:0.34+champ_n20:0.20+champ_qtr:0.46,0.22369097648348313,1.3696591991992848,-0.31465695670347504
w3,champ:0.20+champ_tail:0.50+prox52:0.30,0.22367308524050533,1.3708036677037203,-0.35635677628472284
eq4,champ_n20+mom_fast+lowvol+prox52,0.22366083520527558,1.263388835912765,-0.379454356103782
eq5,champ_qtr+champ_large+champ_mid+mom_fast+lowvol,0.22365593375831572,1.3910406874515873,-0.312477233767542
eq5,champ_n5+champ_large+champ_mid+mom_fast+lowvol,0.22365233487851643,1.386351101446916,-0.3021751546910262
eq5,champ_tail+champ_mid+mom_only+lowvol+prox52,0.2236428231893206,1.3737697498669674,-0.32481420814320183
eq5,champ+champ_qtr+mom_only+lowvol+momcons,0.2236394639049848,1.36272762801548,-0.32768674224364236
eq2,champ_qtr+champ_tail,0.2236209459933456,1.4630537469684752,-0.3275903719327554
w2,champ_qtr:0.5+champ_tail,0.2236209459933456,1.4630537469684752,-0.3275903719327554
w3,champ:0.34+prox52:0.33+momcons:0.33,0.22360073444316342,1.2552038882017065,-0.4131800325869469
w2,champ_n20:0.2+champ_qtr,0.2236000493596486,1.37259918158806,-0.33263795492586934
eq5,champ_n5+champ_n20+mom_only+momcons+amihud,0.22358570295851776,1.1751717742578733,-0.4265388377363165
w2,champ_n20:0.6+champ_tail,0.22358216593751812,1.453403665670741,-0.32435035633804443
eq5,champ+champ_n5+mom_only+lowvol+momcons,0.22357553025128296,1.3556608060211768,-0.3171009320785988
w3,champ_mid:0.50+momcons:0.33+amihud:0.17,0.22357459478097952,1.267917462559327,-0.3603996596519573
eq5,mom_only+mom_fast+lowvol+momcons+amihud,0.2235701996666093,1.0852956848292556,-0.4688930724798871
eq5,champ_n20+champ_qtr+mom_only+momcons+amihud,0.22356512268573825,1.1771483543629815,-0.4440003950852377
w3,champ:0.20+champ_n20:0.33+momcons:0.47,0.22356496402371273,1.2932761781280129,-0.35616440918731107
eq4,mom_fast+prox52+momcons+amihud,0.22355921778006071,1.0150973500221667,-0.571113908419209
w3,champ_n5:0.50+champ_qtr:0.33+champ_tail:0.17,0.22354681206944793,1.3846000535279257,-0.3061579844874438
eq5,champ_n20+mom_only+mom_fast+lowmax+momcons,0.22354413875184376,1.1744486208246123,-0.38838906502246806
eq2,champ_n5+champ_n20,0.2235401727710169,1.3646274664762623,-0.3016635722162704
w2,champ_n5:0.5+champ_n20,0.2235401727710169,1.3646274664762623,-0.3016635722162704
w2,champ_tail:0.9+champ_mid,0.22353576469835645,1.385290879492511,-0.32298379545378086
w3,champ_n20:0.34+mom_only:0.33+amihud:0.33,0.22349959124173946,1.0602048357084926,-0.5097726071534889
w3,champ_qtr:0.20+mom_fast:0.50+lowmax:0.30,0.22349200421814253,1.1102649373110127,-0.40399957389808916
w3,champ_n5:0.20+mom_fast:0.50+lowmax:0.30,0.22348698543793621,1.108136671134027,-0.38519537452930586
w3,champ_n5:0.50+champ_n20:0.33+champ_qtr:0.17,0.22348402858581928,1.3592129933891937,-0.30416693094644354
eq5,champ+champ_mid+mom_fast+lowvol+amihud,0.2234676456572302,1.2601314126388767,-0.3681232056905852
w2,champ_qtr:0.9+champ_tail,0.22346372856367247,1.3795001217648202,-0.33387137107762377
eq5,champ+champ_n20+mom_only+lowvol+momcons,0.22344669262927042,1.3574473357806227,-0.32483776341313675
w3,champ:0.20+champ_n5:0.33+momcons:0.47,0.22341443146232765,1.2773870547625394,-0.3416475786007901
eq5,champ_n20+champ_large+champ_mid+mom_fast+lowvol,0.2234139895531504,1.3831427310490267,-0.31277197271636226
eq3,champ_n20+mom_only+amihud,0.22339286865013985,1.0561838727179196,-0.5122140013690533
eq5,champ_n5+champ_tail+mom_only+momcons+amihud,0.22339174471318124,1.1869692464714148,-0.4283760170765031
w2,champ:0.1+champ_n5,0.22333913092478297,1.254544954651649,-0.28514836997201654
w3,champ_n5:0.20+champ_qtr:0.20+champ_tail:0.60,0.22333529227694204,1.4621527316564538,-0.31537265072918996
eq5,champ_qtr+champ_tail+mom_only+momcons+amihud,0.2233312071742477,1.1878963628502932,-0.4458489326597115
w3,champ:0.34+champ_n20:0.50+champ_large:0.16,0.22332569236965916,1.3858849167490865,-0.3196035849237936
w3,champ_n5:0.50+champ_n20:0.20+champ_qtr:0.30,0.22331369620349806,1.3494891268499816,-0.3060805631231045
eq3,champ+prox52+momcons,0.22330228242260097,1.2515866415550858,-0.4153126940335444
eq5,champ+champ_tail+mom_only+lowvol+momcons,0.22329886008085165,1.380255626067371,-0.3245052653566034
w2,champ_n5:0.5+champ_tail,0.22329867368659562,1.4322032779618876,-0.30073034980014246
eq2,champ_n5+champ_tail,0.22329867368659562,1.4322032779618876,-0.30073034980014246
w2,champ_n20:0.1+champ_qtr,0.22329844802665577,1.357113307861352,-0.3340598845889985
w3,champ:0.20+champ_tail:0.33+momcons:0.47,0.22328301408392037,1.3235965375929373,-0.35410152916717963
eq5,champ_large+champ_tail+champ_mid+mom_fast+lowvol,0.2232341364189958,1.4060267453697874,-0.31285088276292927
w2,champ_n5:0.6+champ_tail,0.2232304117881152,1.4074852535520612,-0.29691276392192
eq2,champ_n20+champ_tail,0.22322219905299234,1.4515659258614022,-0.32442948509476277
w2,champ_n20:0.5+champ_tail,0.22322219905299234,1.4515659258614022,-0.32442948509476277
w2,champ_n5:0.2+champ_qtr,0.22320833416281727,1.3474388180099137,-0.3249839739773698
w2,champ_n5:0.3+champ_qtr,0.22318924118546657,1.344660250084672,-0.3196924041025325
w3,champ_n5:0.20+champ_n20:0.20+champ_tail:0.60,0.22316871901905633,1.4570848335231523,-0.31399269668803176
w2,champ_qtr:0.4+champ_tail,0.22316758508143497,1.4581226958324967,-0.3260605814700035
eq4,champ_mid+mom_only+lowvol+prox52,0.223155321369521,1.314756163777794,-0.3469724902070481
eq5,champ_tail+mom_only+mom_fast+lowmax+momcons,0.22315303921238638,1.1806441732688828,-0.39091414234844646
eq3,mom_only+mom_fast+lowmax,0.22315261140822718,1.0473643522650606,-0.43354738154013484
w3,champ:0.50+champ_large:0.33+champ_mid:0.17,0.22314785099548295,1.377021482645503,-0.31689713660495
w2,champ:0.1+champ_tail,0.22314768360495374,1.3947010139425882,-0.3228051557310383
w3,champ_qtr:0.34+champ_mid:0.50+lowvol:0.16,0.22312685238144048,1.5083946816466731,-0.30306824260158816
w2,champ_n5:0.1+champ_qtr,0.22312247069148095,1.3456462343705016,-0.3302469726628794
w2,champ_n5:0.6+champ_n20,0.22311943754837382,1.3423270795293711,-0.29771849757763513
w2,champ_n5:0.4+champ_tail,0.22308308337661198,1.4427405254734296,-0.3045677146738661
w3,champ_n20:0.20+champ_qtr:0.20+champ_tail:0.60,0.2230775645551415,1.4574346147047859,-0.32419550920390394
eq4,champ_tail+mom_fast+lowvol+prox52,0.22307592591744485,1.270557851155582,-0.38220577446103543
w3,champ_qtr:0.20+champ_mid:0.20+momcons:0.60,0.22306790050692493,1.2550462801998912,-0.3657102240013471
w3,champ:0.34+champ_qtr:0.50+champ_large:0.16,0.22306751419922666,1.3647870007352494,-0.32675509244147816
w2,champ_n5:0.4+champ_qtr,0.22306518736459768,1.337399422975167,-0.31437222175729407
w3,champ_n20:0.20+mom_fast:0.50+lowmax:0.30,0.22304859653576892,1.1018805307865582,-0.3996082107267275
w3,champ_large:0.34+mom_fast:0.20+momcons:0.46,0.2230276724965996,1.155286553203763,-0.37159318004587494
w3,champ_n5:0.20+champ_mid:0.20+momcons:0.60,0.22302515249756838,1.2503145241839126,-0.3557667765773188
eq5,champ_n5+mom_only+mom_fast+prox52+lowmax,0.2229429734382049,1.1712253926174998,-0.42063705181439737
w3,champ_n5:0.34+champ_mid:0.50+lowvol:0.16,0.2229152674991013,1.485400084586349,-0.2844580511510548
eq5,champ_qtr+mom_only+mom_fast+prox52+lowmax,0.2229070911497688,1.172751533807622,-0.43717619320954837
eq5,champ_n20+champ_tail+mom_only+momcons+amihud,0.22290316906401286,1.1778215644946801,-0.440984915600109
w2,champ_n20:0.9+momcons,0.22290099367694483,1.3781858656564412,-0.3314429945023858
w3,champ_n20:0.34+champ_mid:0.50+lowvol:0.16,0.22289955622509594,1.5023953666020065,-0.2991385471971647
w2,champ_n5:0.7+champ_tail,0.22287819977750356,1.370842138187084,-0.2931153517057843
w3,champ_qtr:0.34+champ_mid:0.20+prox52:0.46,0.22287126321581874,1.2756479050790914,-0.41354069360905166
eq5,champ_n5+champ_qtr+mom_only+prox52+amihud,0.22283818162154523,1.1704934553529112,-0.4736839646595373
eq2,champ_n5+champ_qtr,0.22283619429661083,1.325876075978401,-0.3090233867309361
w2,champ_n5:0.5+champ_qtr,0.22283619429661083,1.325876075978401,-0.3090233867309361
w3,champ_n20:0.20+champ_mid:0.20+momcons:0.60,0.22282292699940998,1.2491381181470667,-0.3649368906946783
eq5,champ+champ_qtr+mom_only+lowvol+prox52,0.222821405686785,1.35646381125949,-0.3402132057132864
eq5,champ+champ_n5+mom_only+lowvol+prox52,0.22278357126885928,1.3506344010354385,-0.31959051366738744
w3,champ_n5:0.34+champ_mid:0.20+prox52:0.46,0.22274706219036222,1.2654988959615834,-0.38477140227326145
w3,champ_n20:0.34+champ_qtr:0.50+momcons:0.16,0.22273277424323412,1.3757013616814333,-0.33998385846611157
eq5,champ+champ_large+mom_fast+prox52+amihud,0.22273075627025474,1.1300632901219752,-0.47866763000312884
w2,champ_n20:0.4+champ_tail,0.22272651206311833,1.442223769391451,-0.3245212761194376
eq4,champ_large+champ_mid+mom_fast+lowvol,0.2227073448543433,1.3520836061373354,-0.30995868153220485
w3,champ_n20:0.50+champ_qtr:0.33+momcons:0.17,0.22268089284650538,1.3787465168544577,-0.33832411067561463
eq5,champ+champ_qtr+champ_large+champ_mid+momcons,0.22268008483066914,1.375098564690003,-0.33548048915504214
eq5,champ+champ_large+champ_tail+champ_mid+momcons,0.2226789652356973,1.4104917369187986,-0.332339484803685
w3,champ_qtr:0.50+champ_large:0.20+champ_mid:0.30,0.22266082377136298,1.4020175554800316,-0.32513804992223294
eq5,champ+champ_n20+mom_only+lowvol+prox52,0.2226190045010621,1.3508003742788166,-0.3391336572157939
w3,champ_qtr:0.50+champ_mid:0.33+amihud:0.17,0.2226184683321466,1.3469382131874554,-0.34372233445776734
eq5,champ+champ_n5+champ_large+champ_mid+momcons,0.2226146080994651,1.367697631516711,-0.3249979046071685
w2,champ_mid:0.7+amihud,0.2225884452919633,1.2354092180939524,-0.36564110802086836
eq5,champ+champ_n20+champ_large+champ_mid+momcons,0.22258564764528455,1.3742627964688359,-0.3327860772928867
w2,champ_n5:0.3+champ_tail,0.22258392718842535,1.4379753733544367,-0.3087751897062124
eq4,champ+mom_only+lowvol+momcons,0.22258115155801095,1.3155966728810193,-0.3257962613571369
w3,champ_tail:0.20+champ_mid:0.20+momcons:0.60,0.22258069263054514,1.262521946427627,-0.3634605535435347
w3,champ_tail:0.34+mom_only:0.33+amihud:0.33,0.22257843442782432,1.0615688302160882,-0.5109259434536892
eq5,champ_n5+champ_n20+mom_only+prox52+amihud,0.2225765169251439,1.1653365970693172,-0.47112002424680965
w2,champ_large:0.6+mom_only,0.22257328766975193,1.1346081465236968,-0.3441608673974237
w3,champ_n5:0.34+champ_n20:0.50+momcons:0.16,0.22257125630266295,1.3636769230144894,-0.319902069992713
w3,champ_n20:0.50+champ_large:0.20+champ_mid:0.30,0.22256965426273911,1.4072046698128706,-0.3189268312230844
w2,champ_n5:0.7+champ_n20,0.2225668351209309,1.3157308537378418,-0.29376433448180506
eq5,champ_n5+champ_n20+champ_qtr+champ_tail+momcons,0.2225547110635282,1.4058042200188985,-0.3307086380036959
w3,champ_qtr:0.50+champ_tail:0.33+momcons:0.17,0.22254054327007888,1.4217599154218477,-0.3401680119394832
w3,champ_n20:0.34+champ_mid:0.20+prox52:0.46,0.22253633235492454,1.268057361697852,-0.40740544859609296
w2,champ_n20:0.9+prox52,0.22253138730092736,1.376804793642222,-0.32845208675918347
eq5,champ_n20+champ_qtr+mom_only+prox52+amihud,0.22253026949087773,1.1665421092419823,-0.48550043748996974
w2,champ_qtr:0.3+champ_tail,0.2225175066335019,1.44227334009678,-0.32454722796883617
w3,mom_fast:0.34+lowvol:0.33+prox52:0.33,0.22250881524671717,1.1614447481248582,-0.42671123868114713
eq5,champ_n20+mom_only+mom_fast+prox52+lowmax,0.22250432083465643,1.163730075198489,-0.43377801735067334
w2,champ_n5:0.6+champ_qtr,0.22250230956432615,1.3104231188533921,-0.30364585989521375
eq3,champ_tail+mom_only+amihud,0.22249515029608546,1.0575692587439949,-0.5133073120926879
w3,champ_tail:0.20+mom_fast:0.50+lowmax:0.30,0.2224943633041745,1.1028083586683894,-0.40173372370594795
w2,champ_qtr:0.9+momcons,0.2224679721146381,1.3429100597739356,-0.3412821451906157
w2,champ:0.4+prox52,0.2224465042410686,1.1950202462813657,-0.4618091980809873
w3,champ:0.50+mom_only:0.20+lowvol:0.30,0.22243864006390557,1.448625724292614,-0.297660046265957
eq5,champ+champ_tail+mom_only+lowvol+prox52,0.22242861099701594,1.3714025763820337,-0.33634586579388936
eq5,champ_n5+champ_tail+mom_only+prox52+amihud,0.22234017126909422,1.175673555123378,-0.4712103923441594
w3,champ:0.34+champ_n5:0.50+champ_large:0.16,0.2223023593170288,1.32183850206114,-0.30002387386661633
eq5,champ+champ_qtr+champ_mid+mom_fast+lowmax,0.22226733666773013,1.3686386929172358,-0.33108557774215785
eq5,champ_qtr+champ_tail+mom_only+prox52+amihud,0.22225395873391118,1.175824267144663,-0.48568726196368606
eq5,champ_n5+champ_qtr+champ_large+mom_fast+amihud,0.22224833730163374,1.182376398566033,-0.40659231947365193
w2,champ_n5:0.8+champ_tail,0.222242128416003,1.3251651877128268,-0.2893385069546187
w3,champ_n20:0.50+champ_mid:0.33+amihud:0.17,0.22222258238117454,1.3380282708601725,-0.34011090638451136
eq5,mom_only+mom_fast+lowvol+prox52+amihud,0.2222182765547429,1.0702914279316114,-0.5109271326232296
eq5,champ+champ_n5+champ_mid+mom_fast+lowmax,0.2221955173613963,1.3610256331807258,-0.32055969171041077
w3,champ_n20:0.50+champ_tail:0.33+momcons:0.17,0.22218970854561215,1.4135275414537107,-0.3366427466630858
w3,champ_n5:0.34+champ_qtr:0.50+momcons:0.16,0.22217563253966177,1.3377664371093807,-0.3270729533369342
w3,champ_n5:0.50+champ_large:0.20+champ_mid:0.30,0.22215095235606563,1.366399323668257,-0.2982791861294062
eq5,champ_qtr+mom_fast+lowvol+prox52+momcons,0.2221477610901892,1.2640799844461816,-0.3912092277567143
eq5,champ_n5+mom_fast+lowvol+prox52+momcons,0.22213532906058386,1.2603449055114102,-0.37210850418811325
w3,champ_n5:0.50+champ_tail:0.33+momcons:0.17,0.22212279985992933,1.3887083122116757,-0.3138250644476569
w2,champ_qtr:0.9+prox52,0.2221198531252757,1.3424689802251193,-0.3408384471939804
w3,champ_qtr:0.34+champ_tail:0.50+momcons:0.16,0.22210431146677934,1.4284703786926425,-0.3369951303201012
w3,champ_n20:0.34+champ_qtr:0.50+prox52:0.16,0.2221023760693639,1.3716683774706653,-0.33926606343706134
w3,champ_n5:0.50+champ_mid:0.33+amihud:0.17,0.2220980347333188,1.3151534863329761,-0.3177614155706453
w2,champ_n20:0.3+champ_tail,0.22209528171516157,1.4257431447787134,-0.32462574785472054
eq5,champ_tail+mom_only+mom_fast+prox52+lowmax,0.22207085923441405,1.1685780033147117,-0.43487613443500306
w2,champ_n5:0.7+champ_qtr,0.2220636067218522,1.2914613927846987,-0.2982396032165132
w3,champ_n5:0.34+champ_tail:0.50+momcons:0.16,0.22205967798223458,1.4174843103783472,-0.3190543031250649
eq5,champ+champ_n20+champ_mid+mom_fast+lowmax,0.22205043847110328,1.3621430489176285,-0.3282559656060321
eq4,champ+champ_large+champ_mid+momcons,0.22204589561885424,1.357952629807672,-0.335529435995752
w3,champ_n5:0.50+champ_n20:0.33+momcons:0.17,0.22204572523706578,1.3366965914010247,-0.3144619998058992
w2,champ:0.8+lowvol,0.2220456287061412,1.4709959527523384,-0.2954587206274585
w3,champ_tail:0.34+champ_mid:0.50+lowvol:0.16,0.22203764368644952,1.5189047995004163,-0.29935741383231906
eq5,champ_n5+champ_n20+champ_large+mom_fast+amihud,0.22203507858451355,1.1784209211410055,-0.4011025755180495
eq5,champ_n20+champ_qtr+champ_large+mom_fast+amihud,0.22201162204777725,1.1803089761432721,-0.4193707585085532
w3,champ_n20:0.50+champ_qtr:0.33+prox52:0.17,0.2219939675781435,1.3736383494452833,-0.33755676604049
eq5,champ_n5+champ_large+champ_tail+mom_fast+amihud,0.221990115656709,1.1949672922561347,-0.40288569236978455
eq5,champ_large+champ_mid+mom_only+mom_fast+lowmax,0.2219808151158449,1.2208939994241854,-0.3405929527042504
w3,champ_n5:0.34+champ_n20:0.50+prox52:0.16,0.22197037331094904,1.3610710760782287,-0.31913954040127324
eq5,champ+champ_qtr+champ_large+mom_fast+lowvol,0.22194044217663644,1.3649840755550404,-0.31367545735940583
w3,champ_tail:0.50+mom_fast:0.20+amihud:0.30,0.22193728186778006,1.115357577827469,-0.47623875992640097
w2,champ_n20:0.8+momcons,0.22193089853444303,1.3569432507870007,-0.33866800192912594
eq5,champ_qtr+champ_large+champ_tail+mom_fast+amihud,0.22192668867973997,1.1957896656099791,-0.42116952519817696
w3,champ:0.50+champ_large:0.20+momcons:0.30,0.22191262730269257,1.317747900195501,-0.3406665555595553
w2,champ_n5:0.8+champ_n20,0.221882534034044,1.2856710455415825,-0.2898011601197258
eq5,champ+champ_n5+champ_large+mom_fast+lowvol,0.2218798164587863,1.3579924170463435,-0.30288617977940446
eq5,champ+champ_qtr+champ_large+champ_mid+prox52,0.2218450735549955,1.367801582422575,-0.3345749526465014
eq4,champ_qtr+mom_only+momcons+amihud,0.22184418175387455,1.1002147751101887,-0.49024454146414886
eq4,champ_n5+mom_only+momcons+amihud,0.22184383691927523,1.0976942460804573,-0.47044166840962454
eq4,champ_n5+champ_qtr+champ_tail+momcons,0.2218360042162959,1.3878535441076723,-0.3330713190141861
w3,champ:0.34+prox52:0.50+momcons:0.16,0.2218344414886002,1.2155672612996353,-0.449833983163474
eq5,champ_n20+mom_fast+lowvol+prox52+momcons,0.2218334955571042,1.2555640263792942,-0.3856740838374918
w3,champ:0.20+champ_mid:0.50+amihud:0.30,0.2218266443841812,1.2477425103877284,-0.3734388271233787
eq5,champ_n20+champ_tail+mom_only+prox52+amihud,0.2218166801901582,1.1657291019699825,-0.48332203732076007
w3,mom_only:0.34+lowvol:0.20+prox52:0.46,0.22181145151229398,1.1323831552571502,-0.4787860488668406
eq5,champ+champ_n5+champ_large+champ_mid+prox52,0.22180584074535448,1.3616988448408165,-0.3240630707913107
eq5,champ_n5+champ_large+champ_mid+mom_only+amihud,0.2218048652930631,1.214838324491045,-0.3748851788561871
w2,champ:0.3+momcons,0.22180249655254158,1.197531665046818,-0.3724873289582896
w2,champ_n5:0.2+champ_tail,0.22180167944062124,1.4181997433800586,-0.31418975387431036
w3,champ_qtr:0.50+champ_tail:0.33+prox52:0.17,0.22180051612552032,1.4136338421320929,-0.33940413308028006
w3,champ_large:0.20+champ_tail:0.50+champ_mid:0.30,0.22179497328533304,1.4530369603954125,-0.3192204959441888
eq5,champ+champ_large+champ_tail+champ_mid+prox52,0.22179139855506835,1.4001923996505083,-0.3314250032084245
eq5,champ+champ_large+champ_tail+mom_fast+lowvol,0.2217876208177323,1.3921823101210802,-0.31261276028359786
eq5,champ+champ_n20+champ_large+mom_fast+lowvol,0.22178646405531,1.361428227076234,-0.31255845923906045
eq4,champ_n20+champ_qtr+champ_tail+momcons,0.22177908709987104,1.3956029039585645,-0.3425732410881298
w3,champ_tail:0.34+champ_mid:0.20+prox52:0.46,0.22175890840453927,1.2787991001848282,-0.40800085692642873
eq4,champ_n5+champ_n20+champ_tail+momcons,0.22175626081963018,1.3885713744842272,-0.3295647993189268
eq4,champ_n5+champ_n20+champ_qtr+momcons,0.2217560515125887,1.3468031791400301,-0.33352264128145515
eq5,champ_qtr+champ_large+champ_mid+mom_only+amihud,0.22175480933531833,1.216154532589074,-0.3939444170318438
w2,champ_qtr:0.8+momcons,0.2217458218279973,1.3353179415592247,-0.3470489216270708
eq5,champ+champ_n20+champ_large+champ_mid+prox52,0.22174110317602147,1.3665287796615841,-0.3317547368276763
eq5,champ+champ_tail+champ_mid+mom_fast+lowmax,0.22173592082687543,1.377549080205785,-0.3282191896027501
w3,champ_n5:0.50+champ_qtr:0.33+momcons:0.17,0.22172157116874214,1.317880546387448,-0.31924135658378794
w3,champ_large:0.50+champ_mid:0.33+mom_only:0.17,0.2217004215392664,1.3058971961762005,-0.3275380512943259
w3,champ_n20:0.34+champ_tail:0.50+momcons:0.16,0.2216978872621167,1.4139570507501988,-0.3360446123691688
eq5,champ_n5+champ_n20+champ_qtr+champ_tail+prox52,0.2216970447897153,1.397151542852291,-0.3297805644629789
w2,mom_only:0.2+prox52,0.22167990241412094,1.0229174720314542,-0.5797154810036996
w2,champ_qtr:0.2+champ_tail,0.22167104327388132,1.4164472164386872,-0.3244075783387125
w3,champ_n5:0.34+champ_qtr:0.50+prox52:0.16,0.22159436172902258,1.3360119985908314,-0.3263259565056922
eq5,champ_n20+champ_large+champ_tail+mom_fast+amihud,0.22153761501821823,1.1865305410914628,-0.41601431103969133
w2,champ_n5:0.8+champ_qtr,0.2215201852691091,1.2694704206489027,-0.2928045797680655
eq4,champ+mom_only+lowvol+prox52,0.22148186409082382,1.3051430454817687,-0.3603034824070237
w3,mom_fast:0.34+prox52:0.50+lowmax:0.16,0.2214716225089337,1.0486810765053782,-0.5292945258435648
w3,champ_large:0.20+mom_only:0.50+lowvol:0.30,0.2214698403855344,1.1769702999903981,-0.3398608623988826
eq5,champ_tail+mom_fast+lowvol+prox52+momcons,0.2214571916122885,1.2644965632183462,-0.3877666575834564
w3,champ_n5:0.50+champ_tail:0.33+prox52:0.17,0.2214388275837864,1.3837227881848728,-0.3129984250657317
w3,champ_n20:0.50+champ_tail:0.33+prox52:0.17,0.22143002602106554,1.4044610240521658,-0.33241972886808024
w3,champ_mid:0.50+prox52:0.33+amihud:0.17,0.22142830790079104,1.2317992850547062,-0.43507385133512433
w3,champ_n5:0.50+champ_n20:0.33+prox52:0.17,0.22142165118052115,1.3345774313269338,-0.3136375882930361
eq5,champ_n20+champ_large+champ_mid+mom_only+amihud,0.22141228085784914,1.2077848590835443,-0.38849913488593246
w3,champ:0.20+champ_qtr:0.20+momcons:0.60,0.22140786015463187,1.2369212632837483,-0.3670141884188163
eq4,mom_only+mom_fast+lowmax+momcons,0.22139278206654933,1.088301992934053,-0.42568556330477725
w3,champ_qtr:0.34+champ_tail:0.50+prox52:0.16,0.22138292034335727,1.4193884385716093,-0.3362699031790193
w3,champ_n5:0.34+champ_tail:0.50+prox52:0.16,0.22137396491186578,1.4104333474439914,-0.31828889669631577
w2,champ_n20:0.2+champ_tail,0.2213287277708198,1.4027891695745989,-0.32474291828914714
eq3,mom_fast+lowvol+prox52,0.22132821242840106,1.1611668457235287,-0.4263243133388853
eq5,champ_mid+mom_only+lowvol+prox52+momcons,0.2213274347476728,1.2917851886627476,-0.3590412981263644
w2,champ_n5:0.9+champ_tail,0.22132247716763542,1.2734576337443346,-0.2855826225613495
eq4,champ_n20+mom_only+momcons+amihud,0.22132096258698497,1.0905870583140642,-0.48514650736702336
w3,champ:0.20+champ_n5:0.20+momcons:0.60,0.2213082460956286,1.2305195663159922,-0.3570990738172648
w3,champ_large:0.50+champ_tail:0.20+mom_only:0.30,0.2212937517146245,1.2278379912532702,-0.3383098308712841
w2,mom_fast:0.1+momcons,0.22128465184315194,1.0716123067379388,-0.42174177320930484
w3,champ_n5:0.20+champ_large:0.50+mom_only:0.30,0.22126446214526618,1.2019088003668594,-0.3309738120198945
w3,champ:0.20+champ_n20:0.20+momcons:0.60,0.2212507844276821,1.2341070905120037,-0.3662346135801038
eq5,champ_large+champ_tail+champ_mid+mom_only+amihud,0.22123855721519314,1.2219352763742937,-0.3905966069419393
w3,champ:0.20+champ_tail:0.20+momcons:0.60,0.2211897475073843,1.2533695119383452,-0.3647346311810318
w3,champ_qtr:0.20+champ_large:0.50+mom_only:0.30,0.22118679547654008,1.2023034408513409,-0.3414543944775311
w3,champ_qtr:0.50+champ_tail:0.20+momcons:0.30,0.22114389660471323,1.3650554088248792,-0.3496828562464084
w3,champ_n5:0.50+champ_qtr:0.33+prox52:0.17,0.22111141989675054,1.3163100785048696,-0.3184279986927391
eq5,champ+champ_n5+champ_qtr+champ_mid+amihud,0.2211047702821134,1.3172460532581654,-0.33588157261206164
eq5,champ+champ_large+champ_mid+mom_only+lowvol,0.2211011072967175,1.4022602242896447,-0.30800768716770943
eq5,champ+champ_n20+champ_qtr+champ_mid+amihud,0.22109047257087378,1.3236487515409399,-0.3434086166957051
w3,champ_n20:0.20+champ_qtr:0.50+momcons:0.30,0.22108783879952587,1.3338101288997233,-0.35001776598920786
w3,champ_n20:0.50+champ_qtr:0.20+momcons:0.30,0.2210824323047691,1.3385065618977185,-0.3465563116300908
w2,champ_n20:0.8+prox52,0.22107120619595322,1.348755675233497,-0.3500520783632973
w2,champ_n5:0.9+champ_n20,0.22106674364893952,1.2529787387466655,-0.2858290525024998
eq5,champ_n5+champ_n20+champ_qtr+mom_only+lowvol,0.2210484401416204,1.4011597848924175,-0.3063382184608193
w3,champ_n5:0.20+champ_n20:0.50+momcons:0.30,0.22104634934686684,1.332845105507877,-0.3363274498543668
eq5,champ+champ_n5+champ_n20+champ_mid+amihud,0.22102897423535928,1.3172289104379646,-0.33305899466448385
w3,champ:0.20+champ_qtr:0.33+prox52:0.47,0.22101314308384912,1.2527963424133752,-0.4281912712062015
w3,champ:0.34+champ_large:0.20+champ_tail:0.46,0.22101092155077695,1.4486681150333676,-0.31903564728169587
eq5,champ_n5+champ_qtr+champ_tail+mom_only+lowvol,0.22101073976803542,1.4333508024804764,-0.3059660204911878
w3,champ_n20:0.34+champ_tail:0.50+prox52:0.16,0.22096412358786743,1.404412058111274,-0.33152850412169865
w3,champ_n20:0.20+champ_large:0.50+mom_only:0.30,0.2209626901146291,1.1977827255269107,-0.3387092891336294
w3,champ_large:0.50+mom_only:0.33+momcons:0.17,0.22095690754621233,1.147685734215771,-0.3532237899570886
eq5,champ_large+champ_mid+mom_fast+lowvol+momcons,0.22094630940985538,1.3189547829274297,-0.327598687271794
eq5,champ+champ_qtr+champ_tail+champ_mid+amihud,0.22093311732433762,1.3444710721416224,-0.3430768364337373
w3,champ:0.34+champ_qtr:0.50+amihud:0.16,0.2209259386424589,1.3217408246552804,-0.3447166676532377
w2,champ_qtr:0.8+prox52,0.22092420490667686,1.3290294318071318,-0.34616637029609465
w3,champ_n5:0.20+champ_qtr:0.50+momcons:0.30,0.2209202677478539,1.319567595411546,-0.34254746765377697
eq4,champ+champ_large+champ_mid+prox52,0.22092001885562884,1.34534077570492,-0.3343719698263813
w3,champ:0.34+champ_n20:0.50+amihud:0.16,0.2209135246411471,1.3292829000535777,-0.3385174449210251
eq5,champ+champ_n5+champ_tail+champ_mid+amihud,0.2209116287568198,1.3394055158611604,-0.33270321131873326
eq4,champ+champ_mid+mom_fast+lowmax,0.22090689104975603,1.3232207910368847,-0.33012786086367185
w2,champ_large:0.4+champ_mid,0.22088627561877217,1.394891891035403,-0.3147188178336062
w3,champ_large:0.20+mom_only:0.20+momcons:0.60,0.2208842506787907,1.1237662212421704,-0.38861039143992926
w3,champ_n5:0.20+champ_large:0.33+champ_mid:0.47,0.22087534333958914,1.39667356420076,-0.3083266520380533
w2,champ_n5:0.9+champ_qtr,0.22087217061601327,1.2449587809244187,-0.2873407537422099
w3,champ_qtr:0.20+champ_large:0.33+champ_mid:0.47,0.2208629951088441,1.4008109646437688,-0.3190777282334615
eq5,champ_n5+champ_n20+champ_tail+mom_only+lowvol,0.22085389915369613,1.4289611071591082,-0.30303958421579535
w3,champ_n20:0.50+champ_tail:0.20+momcons:0.30,0.22082975146910266,1.3593074761793313,-0.3458991619341176
w3,champ:0.20+champ_n20:0.33+prox52:0.47,0.22082397173126367,1.2504259466905505,-0.4197687402612895
eq5,champ_n20+champ_qtr+champ_tail+mom_only+lowvol,0.2208165551550243,1.4321304065956304,-0.3138687873861902
eq4,champ_tail+mom_only+momcons+amihud,0.22081292667674823,1.0957228597588267,-0.4869513709863299
w3,champ:0.20+champ_n5:0.33+prox52:0.47,0.2208115770897101,1.240680645223929,-0.39876510878439864
w3,champ_large:0.50+mom_fast:0.33+amihud:0.17,0.22081047983002478,1.0777822621672706,-0.4295294647007054
w2,champ_qtr:0.7+momcons,0.22076566930168529,1.3169598028852763,-0.3527818275736002
w3,champ_n20:0.34+champ_qtr:0.33+momcons:0.33,0.22075528214594176,1.3288441550822763,-0.3498087297986444
w2,champ_n20:0.7+momcons,0.22075299648908353,1.327549124492993,-0.34583534061504684
w2,champ_n5:0.1+champ_tail,0.22073700180273792,1.3850540158920306,-0.3196033262805885
w3,champ_n20:0.20+champ_large:0.33+champ_mid:0.47,0.22071946773445994,1.3974806185166686,-0.31620330247105777
eq3,champ_n20+champ_qtr+momcons,0.22070989272724284,1.3275757065150442,-0.3500922868161027
eq4,champ_n5+champ_qtr+champ_tail+prox52,0.22068980053707343,1.3737504192450982,-0.33191195998741874
eq5,champ+champ_n20+champ_tail+champ_mid+amihud,0.2206815283203576,1.336749054775344,-0.34250329721033
eq4,champ_n5+champ_n20+champ_qtr+prox52,0.2206766309410464,1.3365612182271622,-0.3323656344789784
eq4,champ+champ_large+mom_fast+lowvol,0.2206709447565487,1.326262225143238,-0.30970185444414433
w3,champ_n5:0.50+champ_tail:0.20+momcons:0.30,0.22065359025814124,1.3325890039377248,-0.3237304803875338
w2,champ_qtr:0.1+champ_tail,0.2206286177232104,1.3821350838833681,-0.3247007577436307
w3,champ_tail:0.50+champ_mid:0.33+amihud:0.17,0.22061094449633312,1.3374889761815953,-0.3404037095234468
eq4,champ_n5+champ_n20+champ_tail+prox52,0.22059522535830212,1.3737327508083617,-0.32837902639993444
eq4,champ_n20+champ_qtr+champ_tail+prox52,0.22057732777376193,1.3785672934291597,-0.34881025425971945
w3,champ:0.50+champ_large:0.20+prox52:0.30,0.22055094663403052,1.3032488458976672,-0.35712308496990197
w3,champ_qtr:0.34+champ_tail:0.33+momcons:0.33,0.22054320549584827,1.3665406969978304,-0.3494322612436841
w3,champ_n5:0.34+champ_n20:0.33+momcons:0.33,0.22053498196481303,1.3127753697730362,-0.3324184542533124
eq3,champ_n5+champ_n20+momcons,0.22050028385749498,1.3122694086901332,-0.3329147215734021
w3,champ_n5:0.50+champ_n20:0.20+momcons:0.30,0.22049753304385522,1.299766779522186,-0.32412581376631644
eq3,champ_qtr+champ_tail+momcons,0.2204848157842738,1.3652240141911867,-0.34957407778173955
w3,champ_qtr:0.50+champ_large:0.33+mom_only:0.17,0.2204675782816754,1.2861609794477815,-0.3383542124015366
eq4,champ_n5+mom_only+prox52+amihud,0.22046159136316734,1.084683296594286,-0.5228946428548988
eq5,champ+champ_large+mom_only+mom_fast+lowmax,0.22045574769312926,1.2079889568166404,-0.351903141409334
w3,champ_n5:0.34+champ_tail:0.33+momcons:0.33,0.22043390822451725,1.3539871631697156,-0.33183767761577754
w2,champ_n20:0.1+champ_tail,0.22042711288449746,1.3742501877602724,-0.32487280495533544
eq4,champ_qtr+mom_only+prox52+amihud,0.22042199358506043,1.086215390747933,-0.5390530454805958
w3,champ_n5:0.34+champ_qtr:0.33+momcons:0.33,0.22041408443922772,1.3028897197603664,-0.33707477451762147
w3,champ_large:0.50+mom_only:0.33+prox52:0.17,0.2204057381251645,1.1474722635125263,-0.38155725329324797
eq3,champ_n5+champ_tail+momcons,0.22038603413779279,1.3533228175551066,-0.3323308041871451
eq3,champ_n5+champ_qtr+momcons,0.22038393807355994,1.3025259364257915,-0.3376144583304159
w3,champ:0.20+champ_tail:0.33+prox52:0.47,0.22037820557964904,1.2716835011290868,-0.4222247977380039
w3,champ_n5:0.50+champ_qtr:0.20+momcons:0.30,0.22036610644131227,1.2916843384692969,-0.32698656631896494
w3,champ_n5:0.20+champ_tail:0.50+momcons:0.30,0.22029987311674004,1.3715597068133596,-0.33589543982006564
w3,champ_n20:0.50+champ_large:0.33+mom_only:0.17,0.22028185935891864,1.2863917266994205,-0.3318920090566003
w3,mom_only:0.50+lowmax:0.20+momcons:0.30,0.22025543130266279,1.0660348664846884,-0.42274294855186445
w3,champ_qtr:0.20+champ_tail:0.50+momcons:0.30,0.22023644729945913,1.3731450462692476,-0.3457863774232881
w2,champ_n5:0.9+momcons,0.22022635852874295,1.240972025822847,-0.2935454274793564
w3,champ_n20:0.34+champ_tail:0.33+momcons:0.33,0.22016954225971097,1.3551763298868886,-0.3481048260308669
w3,champ:0.34+champ_n5:0.50+amihud:0.16,0.22016094730364877,1.2821909677821524,-0.3186903046025057
eq3,champ_n20+champ_tail+momcons,0.2201123423687208,1.3538253506712652,-0.3483440512016095
eq4,champ_n5+champ_large+mom_fast+amihud,0.2201056384039921,1.1041644717065535,-0.44025719897879545
eq4,champ_qtr+champ_large+mom_fast+amihud,0.22010161745639167,1.1066092633774065,-0.4615222771618118
eq5,champ+champ_qtr+champ_large+mom_only+amihud,0.2201004916913436,1.199356697580907,-0.4052054692485161
w3,champ:0.50+momcons:0.33+amihud:0.17,0.2200965440505538,1.2451283240240354,-0.38171750570132446
eq5,champ+champ_n5+champ_large+mom_only+amihud,0.22009347381457833,1.1964016093624783,-0.38655373184207376
w3,champ:0.34+champ_tail:0.50+amihud:0.16,0.22007978534285466,1.3635963278685035,-0.338429108629011
w3,champ_n5:0.50+champ_large:0.33+mom_only:0.17,0.22006017741681272,1.2624907888162569,-0.31188841899874975
w2,champ_n5:0.8+momcons,0.2200107685516539,1.2535040625811686,-0.30508641665125824
eq4,mom_only+mom_fast+prox52+lowmax,0.2199632101944129,1.0744631817457053,-0.4805272652599093
w3,champ_mid:0.20+mom_fast:0.33+lowvol:0.47,0.2199545144099031,1.3274442825234138,-0.29361982183922974
w3,champ:0.50+champ_mid:0.20+amihud:0.30,0.2199392232718771,1.2410767620633405,-0.38754642390575644
w2,champ_n5:0.9+prox52,0.21993830364185318,1.2424216192685258,-0.2930347826138592
eq5,champ+mom_only+lowvol+prox52+momcons,0.2199327878054531,1.2819901547683754,-0.3707760612600055
w3,champ_n20:0.20+champ_tail:0.50+momcons:0.30,0.2199280228076712,1.3621429494034862,-0.3460867303076597
eq4,mom_fast+lowvol+prox52+momcons,0.21990627985141908,1.1828990471454568,-0.4220291531921342
eq4,champ_n20+mom_only+prox52+amihud,0.2198841641256466,1.0765582573316725,-0.5364170165270128
eq5,champ+champ_large+champ_tail+mom_only+amihud,0.21985283192149607,1.2133367227367748,-0.4016345929634748
w3,champ_large:0.34+champ_tail:0.20+champ_mid:0.46,0.21985174426824483,1.42779705779566,-0.3163086817006051
eq5,champ+champ_n20+champ_large+mom_only+amihud,0.2198458549373834,1.1938753251667287,-0.3997549495245283
w3,champ_large:0.34+mom_fast:0.20+prox52:0.46,0.21984497291396599,1.1124346810757069,-0.46976841041327055
eq4,champ+champ_qtr+champ_mid+amihud,0.21982605007057932,1.2837114111920118,-0.3683268770423227
eq5,champ_large+champ_mid+mom_fast+lowvol+prox52,0.21977619742957955,1.2985620042368549,-0.33170089177796624
eq4,champ_n5+champ_qtr+mom_only+lowvol,0.21976899768514402,1.3731106235329567,-0.3026097226507266
w3,champ_large:0.34+champ_mid:0.50+momcons:0.16,0.21971915949448517,1.370907324851639,-0.3276636422408292
eq4,champ_n20+champ_qtr+mom_only+lowvol,0.21970575491765199,1.380284407858559,-0.31247142171432574
eq4,champ+champ_n5+champ_mid+amihud,0.21969753239112944,1.2744843937967316,-0.34417695242797
w3,champ_qtr:0.50+mom_only:0.33+lowmax:0.17,0.21969329072407784,1.2633683708159702,-0.3457116402338388
eq5,champ+champ_large+champ_mid+prox52+momcons,0.2196793711206646,1.3202751815541212,-0.34616901756849305
eq5,champ_n5+champ_qtr+champ_large+champ_tail+champ_mid,0.21967853393671377,1.4286151973957428,-0.3140537962389409
eq4,champ_n5+champ_n20+mom_only+lowvol,0.2196690783664197,1.372818833634277,-0.29891366212538495
w3,champ_n20:0.20+champ_qtr:0.50+prox52:0.30,0.21965357728867807,1.3158391633560464,-0.3746886386407796
w3,champ_qtr:0.50+champ_tail:0.20+prox52:0.30,0.219645507945885,1.3431581573867355,-0.376417918445055
eq4,champ_n20+champ_large+mom_fast+amihud,0.2196391009499512,1.09805945185203,-0.45546463660457437
w3,champ_n5:0.20+champ_n20:0.50+prox52:0.30,0.21962968498333257,1.315674831062444,-0.3503197319363671
w3,champ_n20:0.50+champ_qtr:0.20+prox52:0.30,0.21962684516949582,1.3194694442047912,-0.3686254333903638
w2,champ_large:0.7+mom_fast,0.21962247476978636,1.1377356086076627,-0.34488355567928863
eq5,champ_n5+champ_n20+champ_large+champ_tail+champ_mid,0.2196197401357598,1.4296252285943076,-0.3111648450174529
w3,champ_n5:0.20+mom_fast:0.33+amihud:0.47,0.21960393407957035,0.9419237398698498,-0.5766695385541408
eq5,champ_n20+champ_qtr+champ_large+champ_tail+champ_mid,0.21958378873606943,1.4328997678822057,-0.3218876709067342
eq4,champ_large+champ_mid+mom_only+amihud,0.21957983426587213,1.139253537977955,-0.42545673405218287
eq4,champ+champ_n20+champ_mid+amihud,0.21957802205380528,1.2778210397872165,-0.3620206027589098
w3,champ_qtr:0.20+mom_fast:0.33+amihud:0.47,0.2195703045208639,0.9425512862525489,-0.5879752027902054
eq5,champ+champ_mid+mom_fast+lowmax+momcons,0.2195403403053966,1.2983049016884203,-0.3428396114946384
eq5,champ_n5+champ_qtr+champ_tail+prox52+momcons,0.21953991427784803,1.3434647602897274,-0.34714661575457684
w3,champ_n5:0.20+champ_qtr:0.50+prox52:0.30,0.21953978062416502,1.3042574481869267,-0.361394795932265
eq5,champ_n5+champ_n20+champ_qtr+prox52+momcons,0.21953402712448034,1.3155669444391767,-0.3453715778318325
w2,champ_qtr:0.6+momcons,0.21952811046054088,1.2889842996909249,-0.35848091993860864
eq5,champ_n5+champ_n20+champ_qtr+champ_large+champ_mid,0.21947554079124587,1.3843213390447395,-0.3144212563948846
w2,champ_n5:0.7+momcons,0.2194730548952779,1.2549083857549639,-0.3164725934980638
eq4,champ_n5+champ_tail+mom_only+lowvol,0.21946631251074655,1.4029430839259804,-0.29845547203134914
eq4,champ_qtr+champ_tail+mom_only+lowvol,0.21944069018543932,1.4077945006672479,-0.31205207070342333
w2,champ_tail:0.9+momcons,0.21943623064655737,1.351612719856423,-0.3321425048276928
w3,champ_mid:0.20+prox52:0.20+momcons:0.60,0.21942017484172127,1.1927032799274644,-0.40398812686784835
eq5,champ_n5+champ_n20+champ_tail+prox52+momcons,0.21940897820052463,1.3409504309664577,-0.34146188897237817
eq5,champ_n5+mom_only+prox52+momcons+amihud,0.2193930559282744,1.1093303890182973,-0.4996840135550482
eq5,champ_n20+champ_qtr+champ_tail+prox52+momcons,0.21938170441267868,1.3439838347939463,-0.3611080477460964
w2,champ_n20:0.6+momcons,0.21936786348828807,1.2914968077351348,-0.3536213824810388
eq4,champ_large+champ_tail+mom_fast+amihud,0.2193634546831924,1.1089709472471496,-0.4577428105406085
eq5,champ_qtr+mom_only+prox52+momcons+amihud,0.2193516299006879,1.1104794190538179,-0.5133486410003925
w2,champ_qtr:0.7+prox52,0.21934592781255757,1.3000961077240794,-0.38098647408704056
eq5,champ+champ_large+mom_fast+lowvol+momcons,0.2193197116500547,1.2992565946372852,-0.32751956618096756
eq4,champ_tail+mom_only+prox52+amihud,0.21931063222374036,1.0800268324066922,-0.536759338170667
w3,champ_n20:0.50+champ_tail:0.20+prox52:0.30,0.2192965142148131,1.3360289703300452,-0.36545522206043657
w2,champ_n5:0.8+prox52,0.21929550345287696,1.2516496943203903,-0.3040859623815937
w2,champ_n20:0.7+prox52,0.21928350680202158,1.3082802058496632,-0.3780148355401731
w3,champ_n5:0.50+mom_only:0.33+lowmax:0.17,0.21926610495773735,1.2400525761046033,-0.31956189987812456
w3,champ_n5:0.50+champ_tail:0.20+prox52:0.30,0.2192537800808665,1.3161332768208327,-0.32669282436099945
w2,champ_tail:0.8+momcons,0.2191893639154392,1.3488930404403852,-0.3392285124665412
eq4,champ+champ_tail+champ_mid+amihud,0.21918889552129772,1.2933775950550481,-0.3641621169242497
w3,champ_n20:0.50+mom_only:0.33+lowmax:0.17,0.21918283895451585,1.251636401524168,-0.34275462623977937
w3,champ_n5:0.50+champ_n20:0.20+prox52:0.30,0.21916176227269424,1.2867450690555757,-0.3253724820359547
eq5,mom_only+mom_fast+prox52+lowmax+momcons,0.21912006280523566,1.1032710501637608,-0.4641614899425489
w3,champ_n20:0.34+champ_qtr:0.33+prox52:0.33,0.21910500048187975,1.306237567134063,-0.3818034722820919
w3,champ_mid:0.20+prox52:0.33+momcons:0.47,0.21909009419205772,1.1955301436447299,-0.4316472063834177
eq5,champ_n5+champ_large+mom_fast+momcons+amihud,0.2190708511820374,1.1256311506430887,-0.43432979009001804
eq4,champ_n20+champ_tail+mom_only+lowvol,0.21906630606708966,1.3934053047440338,-0.3084307913290434
eq5,champ_qtr+champ_large+mom_fast+momcons+amihud,0.21905209372488277,1.1274003041058924,-0.4515917333044992
w3,champ_large:0.34+champ_mid:0.50+prox52:0.16,0.219047650045201,1.3647221459859875,-0.32690936607559873
w3,champ_n5:0.50+champ_qtr:0.20+prox52:0.30,0.21904517590610806,1.279386036910783,-0.3316441750348049
eq3,champ_n20+champ_qtr+prox52,0.21903656279565142,1.304531605117362,-0.38325802699549216
w3,champ_n5:0.20+champ_mid:0.20+prox52:0.60,0.21902446272021203,1.1856149985779345,-0.45080465861663976
w3,champ_qtr:0.20+champ_mid:0.20+prox52:0.60,0.2189896801448139,1.187283035527498,-0.46540991746743543
w3,champ_n20:0.20+mom_fast:0.33+amihud:0.47,0.21898357727622875,0.9357402239680739,-0.5863828296879352
w2,champ_tail:0.9+prox52,0.21897276906844754,1.3459073114014715,-0.32915910431614825
w3,champ:0.50+champ_n20:0.20+champ_large:0.30,0.21896007281648644,1.3394013364466035,-0.3191400818932908
w3,champ_n5:0.34+champ_n20:0.33+prox52:0.33,0.21895863094291546,1.2938359734224638,-0.34948503778172224
eq5,champ_n20+mom_only+prox52+momcons+amihud,0.2189372120091886,1.1024120386761012,-0.5109769371642934
eq3,champ_n5+champ_n20+prox52,0.21889936741756744,1.2928094930293121,-0.35136556007449615
w3,champ:0.50+champ_qtr:0.20+champ_large:0.30,0.2188920322770509,1.3329780585027606,-0.32200696686479335
w2,champ_mid:0.3+prox52,0.2188652167183982,1.1331628613635985,-0.49185071466800234
w3,champ_n5:0.34+champ_qtr:0.33+prox52:0.33,0.21886428244932565,1.285302198313974,-0.35934099829736
eq3,champ_n5+champ_qtr+prox52,0.21881009037008936,1.2844430657826293,-0.36128575283216735
eq5,champ+champ_qtr+champ_mid+momcons+amihud,0.21878782227957205,1.2721738170075834,-0.3764543418965187
w3,champ_qtr:0.34+champ_tail:0.20+momcons:0.46,0.21878064966044986,1.300395475086261,-0.3588403579762355
w3,champ_qtr:0.34+champ_tail:0.33+prox52:0.33,0.2187782827948639,1.337073514762403,-0.38532305671167144
w3,champ:0.50+champ_n5:0.20+champ_large:0.30,0.2187582209915946,1.3232799958846642,-0.31133449178696415
w3,champ_n5:0.34+champ_tail:0.33+prox52:0.33,0.218742200597827,1.3284602525010993,-0.3520136169764718
w3,champ_n20:0.34+champ_qtr:0.20+momcons:0.46,0.21874198369882158,1.2760565107756559,-0.35906905772194797
w3,champ_n5:0.20+champ_tail:0.50+prox52:0.30,0.21872542324596345,1.3457681439439892,-0.3517799937764893
eq5,champ+champ_n5+champ_mid+momcons+amihud,0.21872172640828103,1.26624127555789,-0.35695296342962346
w3,champ_n20:0.20+champ_mid:0.20+prox52:0.60,0.21871687016505947,1.1813131985987035,-0.4629420185014895
eq3,champ_qtr+champ_tail+prox52,0.21869376497876236,1.3351601018352761,-0.38651882670321625
eq5,champ_n20+champ_large+mom_fast+momcons+amihud,0.21868581620628968,1.1201093350512465,-0.44666024797343595
eq3,champ_n5+champ_tail+prox52,0.2186674599999041,1.3271394580023543,-0.35392671606330983
w3,champ:0.20+mom_fast:0.33+lowvol:0.47,0.21865938222124193,1.3212683151520674,-0.29340564572649175
w2,champ_tail:0.7+momcons,0.21865029222456211,1.3331589614171848,-0.34627322091350643
w3,champ_n20:0.20+champ_qtr:0.33+momcons:0.47,0.21863548613815253,1.2720894029769894,-0.3603566849220792
w3,champ_qtr:0.20+champ_tail:0.50+prox52:0.30,0.2186230478939759,1.345447506970804,-0.3717695436247376
w3,champ_n5:0.34+champ_tail:0.20+momcons:0.46,0.21862216119607547,1.287660375026035,-0.3415072997543741
w2,champ_n5:0.6+momcons,0.21861357332222675,1.2449038989667636,-0.3277054872566372
w3,champ_n5:0.20+champ_qtr:0.33+momcons:0.47,0.21859463605288365,1.2643143502760898,-0.35236295077819035
w3,champ_large:0.34+champ_tail:0.50+mom_only:0.16,0.21859180884879592,1.3408491183562912,-0.3303438535520885
w2,champ_mid:0.2+momcons,0.21858149967434826,1.1503878178509412,-0.380210190633939
w3,champ_n5:0.34+champ_n20:0.20+momcons:0.46,0.21857405979881195,1.2618877040536158,-0.3424879665969792
eq5,champ_n5+champ_qtr+mom_only+lowvol+momcons,0.2185706883590519,1.3324480843035247,-0.3213479448930697
eq5,champ_tail+mom_only+prox52+momcons+amihud,0.21856790895657974,1.1077289691243672,-0.5113059403135526
w3,champ_n5:0.34+champ_qtr:0.20+momcons:0.46,0.21856560257630897,1.2589072752663935,-0.3446556614590164
eq5,champ+champ_n20+champ_mid+momcons+amihud,0.21855873935644698,1.2663810635849022,-0.37091859356764056
w3,champ_n5:0.20+champ_n20:0.33+momcons:0.47,0.21853809016964676,1.2667117960407963,-0.34981053525650085
eq5,champ_large+champ_tail+mom_fast+momcons+amihud,0.21850725983718378,1.1307047761753757,-0.44845635723362376
eq5,champ_qtr+champ_mid+mom_fast+lowvol+amihud,0.21847909687659461,1.2389327518364375,-0.38308936457737597
eq5,champ_n5+champ_mid+mom_fast+lowvol+amihud,0.21847441615658947,1.2356135255146043,-0.364177399076124
eq5,champ_large+champ_mid+mom_only+momcons+amihud,0.21846542869304497,1.1509987590431376,-0.4225933724499433
eq5,champ_n20+champ_qtr+mom_only+lowvol+momcons,0.2184438579648098,1.3342909611021565,-0.32905227675984294
eq5,champ_n5+champ_n20+mom_only+lowvol+momcons,0.21843637816558248,1.329812189791304,-0.3184691519008813
w3,champ_n20:0.34+champ_tail:0.20+momcons:0.46,0.21843211676228314,1.2914707259828833,-0.3572444379573505
eq5,champ+champ_mid+mom_fast+prox52+lowmax,0.21842542795543074,1.280686844519753,-0.371466392959498
w3,champ_n20:0.34+champ_tail:0.33+prox52:0.33,0.2183789686819575,1.3251373960656194,-0.37620989564591667
w3,mom_fast:0.34+lowmax:0.20+momcons:0.46,0.21837630706606737,1.0872933132704439,-0.4252757114302521
w3,champ_tail:0.20+mom_fast:0.33+amihud:0.47,0.21836185257299734,0.9346087285752436,-0.5867080275724632
w3,champ_mid:0.34+mom_fast:0.20+amihud:0.46,0.2183589963371979,1.0055035701111144,-0.5351723823890046
w3,mom_fast:0.20+lowvol:0.20+momcons:0.60,0.218353294547474,1.157848257649945,-0.3766019351292573
w3,champ_tail:0.20+champ_mid:0.20+prox52:0.60,0.21834920305871108,1.1886487883562997,-0.46309675224149593
eq4,champ_n5+champ_large+champ_tail+champ_mid,0.21834708111138856,1.4259555116893847,-0.3086273769281773
eq4,champ_qtr+champ_large+champ_tail+champ_mid,0.21832355970100714,1.4312463429735,-0.3220577042301149
eq5,champ+champ_tail+champ_mid+momcons+amihud,0.2183074791986921,1.2807552449913113,-0.37285828176457625
eq5,champ_n5+champ_tail+mom_only+lowvol+momcons,0.21830421198236638,1.3526953787442577,-0.3181150020654355
w3,champ_n20:0.20+champ_tail:0.50+prox52:0.30,0.21830113416501384,1.3343545819763178,-0.36643343382677385
eq3,champ_n20+champ_tail+prox52,0.21829590599833137,1.3232212447948148,-0.3776095717315474
w3,champ_n5:0.20+champ_tail:0.33+momcons:0.47,0.2182820618912027,1.2971558896963777,-0.348023902998854
eq5,champ_qtr+champ_tail+mom_only+lowvol+momcons,0.21827191974463345,1.3556238870156745,-0.32872236682925726
w3,champ_qtr:0.20+champ_tail:0.33+momcons:0.47,0.2182565845275124,1.3000006650785703,-0.3577325411886403
eq4,champ_n20+champ_qtr+champ_large+champ_mid,0.21821313151424016,1.3826313412255362,-0.3224704040216343
eq5,champ+champ_large+mom_fast+lowvol+prox52,0.2181975861521397,1.281260202614368,-0.34667897233609835
w2,champ_n5:0.7+prox52,0.218192220488316,1.2447322636097278,-0.315002712955499
w2,champ:0.7+amihud,0.21818627931630408,1.2198961274301037,-0.39835804220724513
eq4,champ_n5+champ_n20+champ_large+champ_mid,0.2181741024106998,1.374933331743702,-0.3090783737183671
w3,champ:0.50+champ_n20:0.33+lowvol:0.17,0.2181737252413627,1.4616015512302942,-0.30057358682956925
w2,champ_tail:0.8+prox52,0.21816305044133455,1.3331453784240088,-0.3339774437971138
w3,champ:0.50+prox52:0.33+amihud:0.17,0.2181477450299334,1.216099937036799,-0.45399075160546587
eq4,champ_n5+champ_qtr+champ_large+champ_mid,0.21812108530708785,1.3677077249776546,-0.31271555267113016
eq5,champ_n20+champ_mid+mom_fast+lowvol+amihud,0.21810316017699827,1.2285961913002084,-0.37836136724716607
eq4,champ_n20+champ_large+champ_tail+champ_mid,0.21810223343300494,1.424381242009833,-0.3201307117474641
w3,champ:0.50+champ_tail:0.33+lowvol:0.17,0.21809293676859376,1.5256635756095573,-0.300003608968044
w2,mom_only:0.7+lowmax,0.21807540253186963,1.0025098163555566,-0.46403569280781065
w3,mom_fast:0.50+prox52:0.20+lowmax:0.30,0.21807090870746348,1.0323985193103562,-0.4742747765663071
w3,champ_qtr:0.50+prox52:0.20+momcons:0.30,0.21806107337035208,1.2788412447236395,-0.3860634669666466
w3,champ:0.50+champ_qtr:0.33+lowvol:0.17,0.21803851100446536,1.4462218111675824,-0.30541951359302666
w3,champ_large:0.20+champ_mid:0.33+momcons:0.47,0.2180339636340045,1.2750988003144892,-0.3543445324425182
w2,champ_qtr:0.5+momcons,0.21803389755407276,1.2530767662351145,-0.36414625676245915
eq2,champ_qtr+momcons,0.21803389755407276,1.2530767662351145,-0.36414625676245915
w3,champ_n20:0.20+champ_tail:0.33+momcons:0.47,0.21796756665796702,1.2913306724911566,-0.3580138014740256
eq5,champ_n20+champ_tail+mom_only+lowvol+momcons,0.2179621182574225,1.3447758837206698,-0.32633305012040115
w2,champ_n20:0.9+champ_large,0.217948607785045,1.357312654418742,-0.32443575815231074
eq5,champ+champ_n20+champ_qtr+champ_large+champ_tail,0.21791209043367954,1.4058536013513436,-0.32324859006169926
w3,champ:0.20+prox52:0.20+momcons:0.60,0.2178966714333921,1.1802247298046276,-0.4150206569016086
eq5,champ+champ_n5+champ_n20+champ_large+champ_tail,0.2178911191313726,1.3998525175208238,-0.312558588265173
eq4,champ_n5+champ_qtr+prox52+momcons,0.21787990613231645,1.2738605330513666,-0.37359787029247893
eq4,champ_n20+champ_qtr+prox52+momcons,0.21787243999175843,1.2816131384027194,-0.39002929710666934
eq5,champ+champ_n5+champ_qtr+champ_large+champ_tail,0.21786257132118658,1.394396730310852,-0.31544367514544625
eq4,champ_n5+champ_n20+prox52+momcons,0.21782012032427267,1.2750902600706462,-0.3660700825979184
w2,champ_tail:0.6+momcons,0.2178193687782688,1.3056684140685213,-0.3532764108446317
w3,champ:0.34+champ_large:0.50+mom_only:0.16,0.21780943077577963,1.254633393979634,-0.3292618516890561
w3,champ_tail:0.50+mom_only:0.33+lowmax:0.17,0.21780132836821253,1.2584669788215574,-0.3380261279241692
w3,champ_n20:0.50+prox52:0.20+momcons:0.30,0.21777945953209277,1.2751423626971792,-0.37586659458336547
w2,champ_n20:0.5+momcons,0.21777617701316254,1.250428482854568,-0.36139537588461224
eq2,champ_n20+momcons,0.21777617701316254,1.250428482854568,-0.36139537588461224
eq5,champ_n5+champ_qtr+mom_only+lowvol+prox52,0.21777071671751358,1.326938231952115,-0.33576489007452603
eq5,champ_n5+champ_large+mom_fast+prox52+amihud,0.21776843292761705,1.1093102707684823,-0.47503060089329263
eq5,champ_qtr+champ_large+mom_fast+prox52+amihud,0.21772404719927785,1.1103609439332986,-0.49109154141419686
eq5,champ_n5+champ_large+champ_tail+champ_mid+momcons,0.21769389168885778,1.382477099652406,-0.3260134600254716
w3,mom_only:0.34+momcons:0.33+amihud:0.33,0.21768815765911076,0.9729439285166069,-0.5554099389933247
eq4,champ_n5+champ_tail+prox52+momcons,0.21768580970911655,1.301103721726032,-0.3683406110680354
eq5,champ+champ_qtr+champ_mid+prox52+amihud,0.217678704999416,1.2556675594793683,-0.4217249490627074
eq4,champ_qtr+champ_tail+prox52+momcons,0.2176759551584837,1.3055666655264806,-0.392329458978833
eq5,champ_qtr+champ_large+champ_tail+champ_mid+momcons,0.21766296124033846,1.3857214831648896,-0.3365172354652939
eq4,champ+champ_large+mom_only+amihud,0.21763965037263655,1.1243222962554853,-0.4385719322248255
eq5,champ+champ_n5+champ_mid+prox52+amihud,0.21763839975645394,1.2508969167814967,-0.4051838054680461
eq5,champ_n5+champ_n20+mom_only+lowvol+prox52,0.21762669784426714,1.3239037696056648,-0.3295361831446788
eq5,champ_n5+champ_qtr+champ_large+champ_mid+momcons,0.2176221465910273,1.3446098523756786,-0.32920528974664287
w3,champ_mid:0.20+prox52:0.50+momcons:0.30,0.21761955110017572,1.1683404162795101,-0.46869717183644344
w3,champ:0.50+champ_n5:0.33+lowvol:0.17,0.2176101886848001,1.4139607410102657,-0.2874207232948358
eq5,champ_n20+champ_qtr+mom_only+lowvol+prox52,0.21760826781355647,1.3271791681802931,-0.3499176511162573
w3,champ:0.20+prox52:0.33+momcons:0.47,0.21759723594408298,1.183858469046391,-0.4421803755541811
eq5,champ_n20+champ_qtr+champ_large+champ_mid+momcons,0.21759472739772168,1.3511823631505382,-0.33684295586464363
eq5,champ_n5+champ_n20+champ_large+champ_mid+momcons,0.21758574283462084,1.3464139582724952,-0.32636314988930326
eq5,champ_tail+champ_mid+mom_fast+lowvol+amihud,0.21758031264689626,1.231979747958955,-0.380200840709769
w3,champ:0.50+champ_large:0.33+champ_tail:0.17,0.21757286866224934,1.370189575624659,-0.3189580881925047
w3,champ_qtr:0.50+mom_only:0.20+amihud:0.30,0.2175656558142327,1.132878885511836,-0.4772539961373482
w3,champ_n5:0.50+prox52:0.20+momcons:0.30,0.217524726109678,1.250271682928735,-0.33775913683713843
sharpe_mom,ALL,0.21748248431269812,1.3173117313904399,-0.33130314091191315
eq5,champ+champ_n5+champ_n20+champ_qtr+champ_large,0.217479469922911,1.3445241966025048,-0.31583420300361065
w3,champ:0.20+champ_qtr:0.20+prox52:0.60,0.21747414064604764,1.175127413770885,-0.47354518910436694
w3,champ:0.20+champ_n5:0.20+prox52:0.60,0.2174522191834689,1.1718864353826943,-0.4588107476678974
eq5,champ_n5+champ_tail+mom_only+lowvol+prox52,0.2174522060133588,1.3446581273963236,-0.33177375769416795
eq5,champ_n20+champ_large+champ_tail+champ_mid+momcons,0.2174510711546762,1.3789397438626867,-0.33550830656129815
eq5,champ+champ_n20+champ_mid+prox52+amihud,0.2174402830498563,1.2497124047484116,-0.41828819708756126
eq2,champ_n5+momcons,0.21743292418208693,1.224120612525878,-0.3387866207448146
w2,champ_n5:0.5+momcons,0.21743292418208693,1.224120612525878,-0.3387866207448146
w2,mom_only:0.1+momcons,0.21742570406084094,1.060008213083944,-0.4195465876638461
eq5,champ_large+champ_mid+mom_only+prox52+amihud,0.21741980047476583,1.140194428142711,-0.4648558190922767
w3,champ_qtr:0.34+mom_only:0.33+lowvol:0.33,0.2174168871399953,1.3294094927858306,-0.3098609484614444
w2,champ_qtr:0.9+champ_large,0.21739541496140657,1.316921552753037,-0.3344984503998013
eq5,champ_qtr+champ_tail+mom_only+lowvol+prox52,0.21739398822518052,1.3463219715584915,-0.3522545501117609
w2,champ_qtr:0.6+prox52,0.21738655598321555,1.258249472402867,-0.4175500837071112
w3,champ:0.34+champ_mid:0.33+amihud:0.33,0.21738064365548415,1.2091217363799693,-0.40204572093149604
w3,champ:0.34+champ_mid:0.50+lowmax:0.16,0.21737503560367788,1.45412270984152,-0.31305262352276486
w3,champ_qtr:0.50+mom_fast:0.20+lowvol:0.30,0.21736574631588268,1.3923651767800034,-0.3084302735931148
eq5,champ_n20+champ_large+mom_fast+prox52+amihud,0.21734865392639513,1.1031196834429287,-0.48649138346396015
eq4,champ_n20+champ_tail+prox52+momcons,0.21734230224124307,1.2956652900484196,-0.3853550821685582
eq3,champ_qtr+mom_only+lowvol,0.2173094521785408,1.327027659104354,-0.3096003592951778
w3,champ:0.20+champ_n20:0.20+prox52:0.60,0.21728897332018882,1.1718084791390224,-0.47060017093295115
w3,champ_n5:0.34+mom_only:0.33+lowvol:0.33,0.21728329342786656,1.3167360124081295,-0.2913072375501373
eq5,champ_n5+champ_qtr+champ_mid+mom_fast+lowmax,0.21721245239982556,1.3383372252521577,-0.3247682186947637
w3,champ_qtr:0.50+prox52:0.33+momcons:0.17,0.21720440561542254,1.262746022930539,-0.4152427567896507
eq3,champ_n5+mom_only+lowvol,0.21718658947409697,1.315005512140622,-0.29140734443632066
w2,champ_n20:0.6+prox52,0.21716978311885793,1.25845233071507,-0.4049762753503906
w3,champ_n5:0.50+mom_only:0.20+amihud:0.30,0.21715920585243587,1.117024942627366,-0.4377018877833311
eq5,champ+champ_tail+champ_mid+prox52+amihud,0.217147002086286,1.2619448971979468,-0.41860295933077574
w3,champ_large:0.20+mom_only:0.20+prox52:0.60,0.2171434199974327,1.080862634247741,-0.5134754518086635
w3,champ_large:0.50+mom_fast:0.33+lowvol:0.17,0.21713723215272185,1.1821439441217902,-0.3276295188917022
eq5,champ_large+champ_tail+mom_fast+prox52+amihud,0.21712766706111974,1.1121815563254782,-0.48816617726027933
w3,champ:0.20+champ_tail:0.20+prox52:0.60,0.2171013129375834,1.184413849430051,-0.47080293784241234
eq5,champ+champ_qtr+mom_fast+lowvol+amihud,0.2170934342245434,1.2299193503319967,-0.3942220577542028
w3,mom_fast:0.34+momcons:0.20+amihud:0.46,0.2170872374762014,0.904499429922139,-0.6058314998066905
eq5,champ_n20+champ_tail+mom_only+lowvol+prox52,0.21707483044481246,1.3351998138072765,-0.3467519755619167
eq5,champ_n20+champ_qtr+champ_mid+mom_fast+lowmax,0.21706945348062923,1.339524384282477,-0.3324324277323911
eq5,champ_n5+champ_n20+champ_mid+mom_fast+lowmax,0.21705399898974576,1.334577988324223,-0.32190893599785386
eq5,champ+champ_n5+mom_fast+lowvol+amihud,0.21703212038503183,1.2247639376522699,-0.3752525325613004
w3,champ_n20:0.50+mom_fast:0.20+lowvol:0.30,0.21702543322707957,1.3847153409106827,-0.3065728629725243
w2,champ:0.2+momcons,0.21701229280243228,1.1376097473529514,-0.3814876212077608
eq3,champ+champ_mid+amihud,0.2170102028092582,1.2048858657108676,-0.40428492488693835
w3,champ_n20:0.34+mom_only:0.33+lowvol:0.33,0.21700783913217814,1.31709889720925,-0.30488538581022173
w2,champ_tail:0.7+prox52,0.21696240294237312,1.3040723850103937,-0.36982739703743905
w3,champ_n20:0.50+prox52:0.33+momcons:0.17,0.21690761042898177,1.2585756662665057,-0.4014302358572951
eq3,champ_n20+mom_only+lowvol,0.21690195837150728,1.3147318306516838,-0.30472100163576155
eq5,champ+champ_large+mom_only+momcons+amihud,0.21690031852983238,1.1382727974065074,-0.4331841211643105
eq5,champ_n5+champ_qtr+champ_large+mom_fast+lowvol,0.21687861629302208,1.334410716770593,-0.30720530525745093
w3,champ_n5:0.20+champ_mid:0.50+amihud:0.30,0.21687646764260027,1.2245660493445436,-0.3703383078188205
w3,champ_qtr:0.20+champ_mid:0.50+amihud:0.30,0.2168693712078602,1.227443238148936,-0.38704432963763225
w3,champ:0.20+champ_large:0.20+champ_tail:0.60,0.21685244864340136,1.4229547022072637,-0.3209176581399109
eq3,mom_only+momcons+amihud,0.21682990582503314,0.9705983778619282,-0.5563505292225333
w3,champ_n20:0.50+mom_only:0.20+amihud:0.30,0.21682815290638136,1.1187357209664333,-0.4679587495385905
eq5,champ_n5+champ_large+champ_tail+champ_mid+prox52,0.2168246660228994,1.3730726564462878,-0.3250742414322698
eq5,champ_n5+champ_qtr+champ_large+champ_mid+prox52,0.216805316211371,1.3381179449130272,-0.3282752473717252
eq5,champ+champ_n20+mom_fast+lowvol+amihud,0.21680524555442648,1.2226331121487624,-0.388728516641469
eq5,champ_n5+champ_large+champ_tail+mom_fast+lowvol,0.21679916752133144,1.364177750702031,-0.3061758352462376
w2,champ:0.3+prox52,0.21679446823326232,1.121854788910884,-0.5027034419959313
w3,champ_n5:0.50+mom_fast:0.20+lowvol:0.30,0.21679155045222087,1.3528178293392032,-0.28106501983792587
eq5,champ_n20+champ_qtr+champ_large+mom_fast+lowvol,0.21678708816307624,1.3378823825823447,-0.31639099075398414
eq5,champ_n5+champ_n20+champ_large+mom_fast+lowvol,0.21678283538177645,1.333511166804554,-0.306137917475375
eq5,champ_qtr+champ_large+champ_tail+champ_mid+prox52,0.21676766076191223,1.3749452156875515,-0.3356074558578642
eq5,champ_qtr+champ_large+champ_tail+mom_fast+lowvol,0.21676364152504624,1.3670024960889198,-0.31644566736726687
eq5,champ_n5+champ_n20+champ_large+champ_mid+prox52,0.21675930086129358,1.3394709385355072,-0.32542541698806005
eq5,champ_n5+champ_tail+champ_mid+mom_fast+lowmax,0.21675576646958228,1.350246333224131,-0.32191792809158226
eq5,champ_n20+champ_qtr+champ_large+champ_mid+prox52,0.21674222960849532,1.3429676382904963,-0.3359345871785512
w3,champ_large:0.50+champ_tail:0.33+mom_fast:0.17,0.2167342730414208,1.279005460396572,-0.33486941668243775
eq5,champ_qtr+champ_tail+champ_mid+mom_fast+lowmax,0.21673164274472345,1.3535643521556837,-0.33211508978727977
w3,champ_n5:0.50+prox52:0.33+momcons:0.17,0.21671061028219873,1.2366520495942723,-0.3687673084784453
eq2,champ_tail+momcons,0.21669714965088627,1.2684904285402678,-0.36023787049717826
w2,champ_tail:0.5+momcons,0.21669714965088627,1.2684904285402678,-0.36023787049717826
w2,champ_n5:0.6+prox52,0.21662986043218435,1.2220797166243338,-0.3617573364076898
w3,champ_tail:0.50+prox52:0.20+momcons:0.30,0.21659477978861852,1.2905641410755435,-0.37696710202020534
eq5,champ_n20+champ_large+champ_tail+champ_mid+prox52,0.2165465031460927,1.3678106591992794,-0.33280405536014823
w2,champ_n20:0.9+amihud,0.21654189274024382,1.326033105866504,-0.3372262310675166
w3,champ_qtr:0.50+champ_mid:0.33+lowvol:0.17,0.21653809201100205,1.472202690370507,-0.30674698257798727
w3,champ_n20:0.20+champ_mid:0.50+amihud:0.30,0.2165174205906657,1.2180569959254837,-0.38443267799457825
eq5,champ_n20+champ_large+champ_tail+mom_fast+lowvol,0.21649259109575292,1.3576153101376018,-0.31675005396730205
eq5,champ+champ_tail+mom_fast+lowvol+amihud,0.21646295860326714,1.232192927975794,-0.3908513721482494
eq4,champ+champ_mid+momcons+amihud,0.21644235401974266,1.2111825098422613,-0.4040829657178654
w3,champ:0.34+mom_fast:0.20+amihud:0.46,0.2164005400276472,1.0016027717828124,-0.5451710824888976
eq5,champ_n20+champ_tail+champ_mid+mom_fast+lowmax,0.21639787294847346,1.3415409674646832,-0.3322589125887383
w3,champ_n20:0.50+champ_mid:0.33+lowvol:0.17,0.21639120236533316,1.475051946479574,-0.3014871721295138
w3,champ_mid:0.34+momcons:0.50+amihud:0.16,0.216382692179798,1.1865423965565784,-0.3943888684880402
eq5,champ+champ_mid+mom_only+lowvol+amihud,0.21636168637406805,1.259139843424664,-0.3621597393372943
w3,champ_n5:0.20+champ_qtr:0.20+momcons:0.60,0.2163169021989706,1.209239614703415,-0.3607668245361799
eq4,champ_qtr+mom_only+lowvol+momcons,0.21630413210964483,1.2860644191360127,-0.3310549135756681
w2,champ_qtr:0.9+amihud,0.21629199887524764,1.300588982528178,-0.3456352849983848
w2,champ_qtr:0.4+momcons,0.21628393841342786,1.2111872238921317,-0.37064803302120575
w3,champ_tail:0.34+mom_only:0.33+lowvol:0.33,0.2162612995013482,1.3319617076596622,-0.30435105550938013
w3,champ_n20:0.20+champ_qtr:0.20+momcons:0.60,0.21626116668827167,1.212835575141418,-0.3698643280691739
eq4,champ_n5+mom_only+lowvol+momcons,0.21625995212163174,1.279674504771344,-0.317843860113053
w3,champ_n5:0.20+champ_n20:0.20+momcons:0.60,0.21621811297582982,1.2083601498843315,-0.35997682633752626
eq4,champ+champ_qtr+champ_large+champ_tail,0.2162175994866984,1.3963794239127505,-0.3237544868967136
eq3,champ_tail+mom_only+lowvol,0.21617705589649328,1.3295118961209262,-0.30419568341278824
w3,champ_qtr:0.20+champ_tail:0.20+momcons:0.60,0.2161757212956401,1.230950312801545,-0.36837350208224207
w3,champ_qtr:0.34+champ_large:0.33+champ_mid:0.33,0.21617397682151918,1.365143641958622,-0.32301575317688047
w3,champ_n5:0.20+champ_tail:0.20+momcons:0.60,0.2161723077623776,1.227572999130495,-0.3584470682056524
w3,champ:0.20+prox52:0.50+momcons:0.30,0.21616778427344618,1.1582505448716571,-0.4767170332719527
eq4,champ+champ_n5+champ_large+champ_tail,0.21615231873373886,1.3869649237077104,-0.3103754863178013
w3,champ_large:0.50+mom_fast:0.20+momcons:0.30,0.21613589259102484,1.1526973305147123,-0.36112989184436783
eq4,champ+champ_n20+champ_large+champ_tail,0.21613273612846795,1.3970103036564034,-0.32019693327354193
eq5,champ_n5+champ_large+champ_mid+mom_only+lowvol,0.21611527417142917,1.3738882900204619,-0.30147746303786616
eq5,champ_qtr+champ_large+champ_mid+mom_only+lowvol,0.21609321992476693,1.3774865562254244,-0.312324990727359
eq3,champ_qtr+champ_large+champ_mid,0.21609302062755287,1.3648085757240211,-0.3228894120629324
eq5,champ_n5+champ_n20+champ_qtr+champ_mid+amihud,0.21608348131345245,1.2963739037485396,-0.33722734007413835
w3,champ_n20:0.34+champ_qtr:0.20+prox52:0.46,0.21607134197579136,1.234185714965896,-0.4294276753970864
w3,champ_n20:0.34+champ_large:0.33+champ_mid:0.33,0.21603913456154733,1.364978657766981,-0.3187129456931457
w3,champ_n5:0.34+champ_large:0.33+champ_mid:0.33,0.21603613554291323,1.3509827233356986,-0.30475940798898626
w3,champ_n5:0.34+champ_qtr:0.20+prox52:0.46,0.21603393412136107,1.223289950296056,-0.4082740850796518
w3,mom_only:0.50+lowvol:0.20+amihud:0.30,0.21602857556587196,0.9918450164064133,-0.513736427105438
w3,champ_qtr:0.34+champ_tail:0.20+prox52:0.46,0.21602768181082221,1.2532632924492153,-0.4346500693484253
w3,champ_n5:0.34+champ_n20:0.20+prox52:0.46,0.21602011166529733,1.2252945321217177,-0.40378197631708923
w3,champ_tail:0.20+champ_mid:0.50+amihud:0.30,0.21599164666878012,1.2212406828176752,-0.38494510019695427
eq5,champ+champ_qtr+champ_large+champ_tail+momcons,0.2159913675406011,1.3604581232290918,-0.3378544866707166
w2,champ_n20:0.4+momcons,0.21597871553980053,1.2059570550266738,-0.3690965553321085
w3,champ_n5:0.34+champ_tail:0.20+prox52:0.46,0.2159708236569704,1.2454823444501668,-0.4041265666959559
eq3,champ_n5+champ_large+champ_mid,0.21596594822630188,1.351300180580215,-0.3049908702734757
eq5,champ+champ_n5+champ_large+champ_tail+momcons,0.21596551338823788,1.3547261347850024,-0.3273829362825338
eq4,champ_n20+mom_only+lowvol+momcons,0.215965217311046,1.2762802301464882,-0.3275070949308757
w3,champ_n5:0.50+champ_mid:0.33+lowvol:0.17,0.21596171643547546,1.4244222539807474,-0.27930133955348413
eq3,champ_n20+champ_large+champ_mid,0.21595704801023285,1.3644623241067513,-0.318658018403736
eq5,champ_n5+champ_qtr+champ_tail+champ_mid+amihud,0.21594187038907564,1.317263625458087,-0.3387283353551568
w3,champ_n5:0.20+champ_qtr:0.33+prox52:0.47,0.21593575876273596,1.225021047219367,-0.4243623153629791
w2,champ_n5:0.4+momcons,0.21593195172744895,1.1939729372057872,-0.3507817661214603
eq5,champ+champ_large+mom_only+prox52+amihud,0.2159026922449907,1.1288603447048746,-0.47365002091921704
w3,champ_n20:0.20+champ_tail:0.20+momcons:0.60,0.21590161162449584,1.2240133493587615,-0.3676155904722064
eq3,champ_large+champ_tail+champ_mid,0.21589786415305912,1.4174331020521906,-0.31880918401502556
w3,champ_n20:0.20+champ_qtr:0.33+prox52:0.47,0.21589322666680588,1.2291996457946999,-0.43649012645148066
eq5,champ_n20+champ_large+champ_mid+mom_only+lowvol,0.215868631974794,1.3700855793826754,-0.3094181734707878
eq5,champ+champ_n20+champ_large+champ_tail+momcons,0.2158668660088845,1.3581359552389185,-0.3355809916881751
w3,champ_n5:0.20+champ_n20:0.33+prox52:0.47,0.21584215472218315,1.2259315126100163,-0.4168389692706893
eq4,champ+champ_n20+champ_qtr+champ_large,0.21582602587776645,1.337673867915571,-0.3242030518034251
eq4,champ_qtr+champ_large+champ_mid+momcons,0.2157848112794325,1.328026984224771,-0.340705463642451
eq5,champ_large+champ_tail+champ_mid+mom_only+lowvol,0.21575666648426117,1.397416828837428,-0.30908931697370823
eq5,champ_n5+champ_n20+champ_tail+champ_mid+amihud,0.21574877792466762,1.3121596449407975,-0.336326278317141
eq5,champ+champ_n20+champ_qtr+champ_large+momcons,0.21574318790064018,1.319549877118162,-0.3382027490234134
eq4,champ_n5+champ_large+champ_mid+momcons,0.21573826992304612,1.3207761140154775,-0.3276547207250534
eq5,champ_n20+champ_qtr+champ_tail+champ_mid+amihud,0.215714194379504,1.3147129405244973,-0.35333518940698183
eq4,champ+champ_n5+champ_n20+champ_large,0.21569813868336452,1.3267670212247138,-0.3108627699305677
eq5,champ+champ_n5+champ_n20+champ_large+momcons,0.21567738209031506,1.3126891625582255,-0.3277553800838594
w3,champ_tail:0.50+prox52:0.33+momcons:0.17,0.21565556093156601,1.2705805357294373,-0.4065476854267618
w3,champ_n20:0.34+champ_tail:0.20+prox52:0.46,0.21564326380129173,1.2437761838911108,-0.42599357542273497
w3,champ:0.50+champ_large:0.33+momcons:0.17,0.21564013251304592,1.2974690859473255,-0.3317857841159768
eq5,champ+champ_n5+champ_qtr+champ_large+momcons,0.21562661523022308,1.3072885860912096,-0.3305936360006936
eq4,champ_n20+champ_large+champ_mid+momcons,0.21559862036195954,1.3239584478341164,-0.33927680555405904
w3,champ_qtr:0.34+prox52:0.20+momcons:0.46,0.21558914578880306,1.2204195713257862,-0.4090537553706898
w3,champ:0.34+champ_large:0.20+momcons:0.46,0.21558681155220638,1.243325910173047,-0.3556106888971049
eq5,champ+champ_n20+champ_qtr+mom_fast+lowmax,0.21558496797870608,1.3245609043139126,-0.3338108970396557
eq5,champ+champ_n5+champ_qtr+mom_fast+lowmax,0.215583897710645,1.3171500489012948,-0.3261755246691853
eq5,champ_large+mom_only+mom_fast+lowvol+amihud,0.21557011298114692,1.0911364076199273,-0.43965551930171387
eq4,champ_large+champ_tail+champ_mid+momcons,0.21556168250315833,1.359357384745894,-0.3383408171725256
eq4,champ_tail+mom_only+lowvol+momcons,0.215553882664977,1.2914221054594148,-0.32711481458808966
w3,mom_only:0.34+prox52:0.33+amihud:0.33,0.215521551365911,0.9552551109049109,-0.6129017801102633
eq5,champ+champ_n5+champ_n20+mom_fast+lowmax,0.2155129841547383,1.3173128483767456,-0.323320153437733
eq4,champ+champ_n5+champ_qtr+champ_large,0.215509148199712,1.3142672199063505,-0.3144936976057705
eq5,champ_n5+champ_large+mom_only+mom_fast+lowmax,0.21548728785677151,1.1847839587940117,-0.34031856565701535
w3,champ_tail:0.50+mom_fast:0.20+lowvol:0.30,0.21548098504705515,1.3881299876561048,-0.3068682955538521
eq4,champ_large+mom_fast+momcons+amihud,0.2154809834020881,1.0356570186436445,-0.49334412008843553
w3,champ_mid:0.50+lowvol:0.20+momcons:0.30,0.21547333107213884,1.4130505824591177,-0.3178129284377623
eq5,champ_qtr+champ_large+mom_only+mom_fast+lowmax,0.215448350020903,1.1863938314522136,-0.36049603056007007
w3,champ_large:0.34+mom_only:0.20+momcons:0.46,0.21543637090354628,1.1351167077693507,-0.3691808506056019
eq5,champ+champ_qtr+champ_tail+mom_fast+lowmax,0.21542750812283962,1.3465836495624552,-0.3334708238392641
w3,champ_n5:0.20+champ_tail:0.33+prox52:0.47,0.21542320191350628,1.2475182267951208,-0.4181111268944854
w3,champ_large:0.34+champ_tail:0.33+champ_mid:0.33,0.2154135747800081,1.4140313856625313,-0.31888971843414937
eq2,mom_only+amihud,0.21539966266980426,0.876345432983462,-0.6216939657164973
w2,mom_only:0.5+amihud,0.21539966266980426,0.876345432983462,-0.6216939657164973
w3,champ_n5:0.34+prox52:0.20+momcons:0.46,0.2153989730688035,1.2088421514867995,-0.3773746073595037
eq5,champ+champ_n5+champ_tail+mom_fast+lowmax,0.21539516958320237,1.3407149911983642,-0.3229557763467563
w3,champ_qtr:0.34+champ_large:0.50+mom_fast:0.16,0.2153905879751299,1.2319479428991058,-0.33694477423263003
eq4,mom_only+prox52+momcons+amihud,0.2153857951812268,1.0118286967596366,-0.5678062916547815
w2,champ_tail:0.6+prox52,0.21537200441756021,1.2615392853044456,-0.40804458073737193
w3,champ_qtr:0.20+champ_tail:0.33+prox52:0.47,0.2153370626570923,1.2477641765122742,-0.4359643132482789
eq5,champ_mid+mom_only+mom_fast+lowmax+amihud,0.21531185265232722,1.0800875018490839,-0.4609032022140319
w3,champ_n5:0.34+champ_large:0.50+mom_fast:0.16,0.21529210280396494,1.223279011444742,-0.31916849976850514
w2,champ:0.6+champ_large,0.21528580357081673,1.2972924537510284,-0.31891963678562774
w2,champ_tail:0.4+momcons,0.2152843931827546,1.2241030856605615,-0.3671573956227492
w3,champ:0.34+champ_n20:0.50+lowvol:0.16,0.21528111332549504,1.4457587139720056,-0.3026968082010011
w3,champ_n20:0.34+prox52:0.20+momcons:0.46,0.21526292486079135,1.2135957617301116,-0.399635024702655
w3,champ_mid:0.20+mom_only:0.33+amihud:0.47,0.2152331422858722,0.9557384349305758,-0.5677681888162451
w2,champ_n5:0.9+champ_large,0.21522767466158044,1.2192654236482106,-0.286249545500717
w3,mom_fast:0.34+prox52:0.20+amihud:0.46,0.2152261254104577,0.8896368718577605,-0.6382071672420686
w3,champ_tail:0.50+mom_only:0.20+amihud:0.30,0.2152231663919313,1.1160245277259901,-0.4715711204162626
w3,champ_large:0.20+champ_mid:0.33+prox52:0.47,0.21520499382680636,1.228532757964483,-0.3978864354069275
eq4,champ_qtr+mom_only+lowvol+prox52,0.21519288382906,1.275025190313566,-0.37926926889368406
w3,champ_n20:0.34+champ_large:0.50+mom_fast:0.16,0.21519221916247866,1.2295557145724554,-0.3355783556255587
eq4,champ_n5+mom_only+lowvol+prox52,0.21518914546057388,1.2703687544237838,-0.35486417346218146
eq5,champ+champ_n20+champ_tail+mom_fast+lowmax,0.21518138089426597,1.3386290946775743,-0.3320177415669786
eq5,champ_mid+mom_fast+lowvol+momcons+amihud,0.2151760667273357,1.1675593021866577,-0.4120164146754941
eq5,champ+champ_n5+champ_large+champ_tail+prox52,0.21514371830080603,1.3478202745033063,-0.32645369818905134
eq5,champ+champ_qtr+champ_large+champ_tail+prox52,0.21514346655888938,1.3522268759244482,-0.3369545384056579
eq5,champ_n5+champ_qtr+champ_large+mom_only+amihud,0.21511911949920437,1.1759058580375308,-0.4011571156690955
eq5,champ_n20+champ_large+mom_only+mom_fast+lowmax,0.21511215163353237,1.1783476253908975,-0.3595855534326986
eq4,champ_mid+mom_fast+lowvol+amihud,0.21510266865258365,1.1484860920328719,-0.41405060549533945
w3,champ:0.34+champ_qtr:0.50+lowvol:0.16,0.21506108049936135,1.421974457405357,-0.31001103714496325
eq3,champ_large+mom_fast+amihud,0.21505658545697282,0.9822785913351836,-0.5188437958823224
w2,champ_qtr:0.5+prox52,0.2150479640959595,1.2069196515691507,-0.452221796609798
eq2,champ_qtr+prox52,0.2150479640959595,1.2069196515691507,-0.452221796609798
w3,champ_qtr:0.34+prox52:0.33+momcons:0.33,0.21502683280502155,1.21582858647658,-0.4367988732139898
w3,champ_n20:0.20+champ_tail:0.33+prox52:0.47,0.2150268281162815,1.2391572450486525,-0.43085398690363874
w3,champ:0.50+champ_large:0.33+prox52:0.17,0.21501670128428318,1.2950690631069155,-0.3310115998708508
eq5,champ+champ_n20+champ_large+champ_tail+prox52,0.21500964483556495,1.3494784445785235,-0.3341548370313482
w2,champ_large:0.1+champ_tail,0.2149806920500208,1.353469606385071,-0.325121592476488
eq5,champ_n5+champ_large+champ_tail+mom_only+amihud,0.21494513701334284,1.191781431793823,-0.39740825956412484
eq5,champ_large+champ_tail+mom_only+mom_fast+lowmax,0.214938445399951,1.192037417153084,-0.3576621169714542
eq5,champ+champ_n20+champ_qtr+champ_large+prox52,0.21493838563331868,1.3136621051515138,-0.33730426031186267
eq5,champ_n5+mom_only+lowvol+prox52+momcons,0.21492767289687786,1.2555611639442579,-0.36648194278156054
eq5,champ_n5+champ_n20+champ_large+mom_only+amihud,0.2149229910450856,1.1722334184522643,-0.39560061981319516
w3,champ_tail:0.50+champ_mid:0.33+lowvol:0.17,0.21491690006003927,1.485396998244786,-0.30183070814533053
eq5,champ+champ_mid+prox52+momcons+amihud,0.21491610899330005,1.1976651360564958,-0.44843650174332295
eq5,champ_qtr+mom_only+lowvol+prox52+momcons,0.21491423582462232,1.2585495533721556,-0.385748267932583
eq3,champ_qtr+prox52+momcons,0.21489875219705756,1.2130848476487621,-0.4383934925847145
eq5,champ+champ_n5+champ_n20+champ_large+prox52,0.21489866083939213,1.3079923200592294,-0.32682767706035476
eq4,champ+champ_mid+prox52+amihud,0.2148900302431409,1.187640656396845,-0.46169759244892383
eq5,champ_n20+champ_qtr+champ_large+mom_only+amihud,0.21487395869301773,1.1734623266361621,-0.41403167163702315
w3,champ_n5:0.34+prox52:0.33+momcons:0.33,0.2148651463214386,1.2053000150636681,-0.40655453375251027
eq5,champ+champ_n5+champ_qtr+champ_large+prox52,0.21485754374966515,1.303021119712205,-0.32967359066828017
eq5,champ_qtr+champ_large+champ_tail+mom_only+amihud,0.21485623657624142,1.1918619601492226,-0.4158549097706704
eq4,champ_n20+mom_only+lowvol+prox52,0.21483911975976855,1.26484159669887,-0.37217531044511754
w3,champ_n20:0.34+champ_qtr:0.50+champ_large:0.16,0.21476350545901157,1.3394919904446638,-0.32908014292725185
eq3,champ_n5+prox52+momcons,0.21474805885421278,1.2030798544111327,-0.40883275815758413
eq5,champ+champ_qtr+champ_mid+mom_only+lowmax,0.21473673088059053,1.3554653809911477,-0.3311434021114009
eq2,champ_n20+prox52,0.2147317790123644,1.2025220915495578,-0.4415787692918508
w2,champ_n20:0.5+prox52,0.2147317790123644,1.2025220915495578,-0.4415787692918508
eq5,champ+champ_n5+champ_mid+mom_only+lowmax,0.2146909932133867,1.3487799545400396,-0.3205932927838019
w3,champ_n20:0.34+prox52:0.33+momcons:0.33,0.21469026833657745,1.2087045354992911,-0.4277927177626598
w3,champ_tail:0.34+prox52:0.20+momcons:0.46,0.21468668273614933,1.2299663960772933,-0.40302582083204286
eq5,champ_n5+champ_large+champ_mid+prox52+momcons,0.21468231157802808,1.2930828503033123,-0.3399752284692015
w3,champ_n5:0.34+champ_n20:0.50+champ_large:0.16,0.21467663161341588,1.3311464059285658,-0.3086580920103692
w3,champ_large:0.34+mom_fast:0.33+amihud:0.33,0.2146757536736852,0.9840780025242403,-0.5165588883306214
eq5,champ_qtr+champ_large+champ_mid+prox52+momcons,0.21467021542010056,1.2964637983598923,-0.3502695519820468
eq4,champ_qtr+champ_mid+mom_fast+lowmax,0.21466368508360456,1.2943581887336169,-0.3352671328683492
eq4,champ_qtr+champ_large+champ_mid+prox52,0.21464686747864148,1.3147755700062522,-0.33957680674127577
eq4,champ_n5+champ_large+champ_mid+prox52,0.21464107099171348,1.3094823670542848,-0.32648026287005694
eq3,mom_only+prox52+amihud,0.21462512443140058,0.9524764973811869,-0.6142721533484439
w3,mom_only:0.50+lowvol:0.33+amihud:0.17,0.21462156194587223,1.074490546518329,-0.4316794613658148
eq5,champ_n20+mom_only+lowvol+prox52+momcons,0.21461764436833963,1.2501822805959295,-0.3801467364447736
w2,champ_n5:0.5+prox52,0.21461032490718823,1.1858014042342988,-0.41041356479967595
eq2,champ_n5+prox52,0.21461032490718823,1.1858014042342988,-0.41041356479967595
eq4,champ_n5+champ_mid+mom_fast+lowmax,0.21460703755552757,1.287230007957594,-0.3224232446988379
w3,champ:0.34+champ_tail:0.50+lowvol:0.16,0.2145735306246228,1.5044706735455562,-0.3020700242802772
eq3,champ_n20+prox52+momcons,0.21456303968264678,1.20594942888067,-0.42959496015433085
eq5,champ_qtr+champ_mid+mom_fast+lowmax+momcons,0.21455083611472503,1.2756010579925683,-0.3469365255415131
eq5,champ+champ_n20+champ_mid+mom_only+lowmax,0.21453704550593367,1.3494828571807205,-0.3283114032791
eq5,champ_n5+champ_mid+mom_fast+lowmax+momcons,0.21453042735303307,1.2711071280699522,-0.33662929682900333
eq5,champ_n20+champ_large+champ_tail+mom_only+amihud,0.21448529594656507,1.1825916750727048,-0.41063614867153264
eq5,champ_n20+champ_large+champ_mid+prox52+momcons,0.21447144408486762,1.2913164272546709,-0.34751144816615365
eq5,champ+champ_n5+champ_qtr+champ_tail+amihud,0.21445321098747994,1.3025538164241006,-0.3502137368177789
eq4,champ_n20+champ_large+champ_mid+prox52,0.21444599797625896,1.3101467786848,-0.33607353150138153
eq5,champ+champ_n5+champ_n20+champ_qtr+amihud,0.21441469625802667,1.2750041807808903,-0.34876609576634376
eq5,champ_large+champ_tail+champ_mid+prox52+momcons,0.214402920959756,1.3154820377270802,-0.3472010364745345
eq4,champ_qtr+champ_large+mom_fast+lowvol,0.21439857168812715,1.2959975546816516,-0.3145065532633533
w3,champ_large:0.50+mom_fast:0.20+prox52:0.30,0.21438441346274661,1.1310736468143225,-0.4127863479180084
eq5,champ+champ_qtr+champ_large+mom_only+lowvol,0.21437182640250163,1.3498702155338207,-0.31373878913975073
eq5,champ+champ_n20+champ_qtr+champ_tail+amihud,0.2143693929690791,1.3061221104911307,-0.3642333051531186
eq4,champ_tail+mom_only+lowvol+prox52,0.21436228411064007,1.2769953422232379,-0.3752590274605545
eq4,champ_n5+champ_large+mom_fast+lowvol,0.21435944208934177,1.2896315560429834,-0.3016415535967504
eq5,champ+champ_n5+champ_n20+champ_tail+amihud,0.2143473974771013,1.30124369733441,-0.3447500132149989
eq4,champ_large+champ_tail+champ_mid+prox52,0.21434259607032935,1.3415152253149782,-0.3356852638280947
eq5,champ+champ_n5+champ_large+mom_only+lowvol,0.21433714814821214,1.3438501332619288,-0.3029248007771783
w3,mom_fast:0.20+momcons:0.50+amihud:0.30,0.2143156560212418,0.9839629802206021,-0.5423698924795544
eq5,champ_qtr+champ_large+mom_fast+lowvol+momcons,0.21431169237228942,1.2757179290666643,-0.3313444177627106
eq5,champ_tail+mom_only+lowvol+prox52+momcons,0.21431001582418485,1.2622411864240577,-0.38226650467252155
eq5,champ_n5+champ_large+mom_fast+lowvol+momcons,0.21430255625698802,1.2717086077612823,-0.32111150930003285
eq5,champ+champ_large+champ_tail+mom_only+lowvol,0.21430252524607196,1.3822583297355915,-0.31048365777171316
eq5,champ+champ_tail+champ_mid+mom_only+lowmax,0.2142912362859426,1.368876922186011,-0.3279912074776352
eq4,champ_n20+champ_mid+mom_fast+lowmax,0.2142872945133818,1.282739843172745,-0.33422608583129687
w2,champ_qtr:0.3+momcons,0.21427929555677627,1.1652717043124567,-0.377875661499257
w3,champ_n20:0.50+champ_qtr:0.33+champ_large:0.17,0.21426386569701572,1.3424946172474879,-0.3267069721397793
w3,champ:0.34+champ_n5:0.50+lowvol:0.16,0.2142448638692982,1.3667750429176313,-0.2827404998746704
eq5,champ_n20+champ_mid+mom_fast+lowmax+momcons,0.2142397293073166,1.2662950437918534,-0.3466075628296341
eq5,champ+champ_n20+champ_large+mom_only+lowvol,0.2142346067441976,1.3469431870802449,-0.310835910887309
eq5,champ+champ_n20+champ_qtr+champ_mid+lowvol,0.21421871646103163,1.4851329066183427,-0.2996917592791948
w3,champ_n5:0.34+champ_qtr:0.50+champ_large:0.16,0.21417559135312847,1.300776955393028,-0.31593712674168806
eq5,champ_large+mom_fast+prox52+momcons+amihud,0.21417128236621297,1.0536930174239933,-0.5150918892314397
eq5,champ+champ_n5+champ_n20+champ_mid+lowvol,0.2141301117231884,1.4733707504379874,-0.28871976836894864
w2,champ_n5:0.9+amihud,0.21412517100503292,1.2056612817997032,-0.29818487127012194
eq5,champ+champ_qtr+champ_tail+champ_mid+lowvol,0.2141235743316381,1.5233147791226167,-0.29934951089693274
eq4,champ_n20+champ_large+mom_fast+lowvol,0.21411997264309224,1.288352887000638,-0.31487134952184104
eq5,champ+mom_only+mom_fast+lowmax+amihud,0.21411729185400818,1.0770845254713772,-0.4680554902816024
w2,champ_n5:0.3+momcons,0.21411174313249148,1.1563876234386792,-0.36317830780921423
w3,champ:0.20+mom_only:0.33+amihud:0.47,0.21409115120660926,0.9534280227960322,-0.5737286399293192
eq5,champ+champ_n5+champ_qtr+champ_mid+lowvol,0.21408939547589467,1.4659862259868506,-0.2917083747942296
eq5,champ+champ_n5+champ_tail+champ_mid+lowvol,0.21407472834074448,1.513224975506505,-0.2883522048931867
w3,champ_tail:0.34+prox52:0.33+momcons:0.33,0.21406786712150216,1.2232890227260973,-0.43103341377261617
eq5,champ_n20+champ_large+mom_fast+lowvol+momcons,0.21406315892495997,1.2688583260640252,-0.33143978141888775
w3,champ_mid:0.50+momcons:0.20+amihud:0.30,0.21399090036980595,1.1693679512849842,-0.41641996587958574
w3,mom_fast:0.50+lowmax:0.33+momcons:0.17,0.21399064760981523,1.0347159840783342,-0.4309412415475088
w3,champ:0.50+champ_mid:0.33+lowmax:0.17,0.21398933860127745,1.4374217501482638,-0.314223358108779
eq5,champ+champ_n20+champ_tail+champ_mid+lowvol,0.2139893078755657,1.519273477576711,-0.29700321148928444
w2,champ_n20:0.3+momcons,0.21397635792112446,1.1595371052128138,-0.3767253582185023
eq3,champ_tail+prox52+momcons,0.21396103662267474,1.2204012624469711,-0.4327537060694008
w3,champ:0.34+momcons:0.50+amihud:0.16,0.21394818982156072,1.1696909136374603,-0.41229351177236584
eq5,champ_large+champ_tail+mom_fast+lowvol+momcons,0.21394585721040937,1.2895541777146982,-0.33150026635353247
eq4,champ_large+champ_tail+mom_fast+lowvol,0.21394030999561564,1.3145228763786463,-0.31495833534518936
eq5,champ+mom_fast+lowvol+momcons+amihud,0.21387904743620445,1.1617650370436174,-0.42261615940746955
w3,champ_large:0.34+mom_only:0.50+lowmax:0.16,0.21387724395894003,1.0891590973564287,-0.3862182904098238
w3,champ_mid:0.50+lowvol:0.20+prox52:0.30,0.21382188360382304,1.3794902389416002,-0.31679577677164517
eq5,champ_tail+champ_mid+mom_fast+lowmax+momcons,0.2138085752806811,1.2740819358126358,-0.34668974673211617
eq5,champ_n5+champ_qtr+champ_mid+momcons+amihud,0.21376676100064906,1.2451002980344739,-0.37221863402730826
eq5,champ_mid+mom_fast+lowvol+prox52+amihud,0.21373516651681101,1.1447692389736919,-0.4578573112196058
w3,champ:0.34+champ_large:0.33+champ_tail:0.33,0.21366279500105967,1.3838321760913828,-0.31980496727508956
w3,champ_qtr:0.20+mom_fast:0.33+lowvol:0.47,0.213655503950277,1.2972897613180134,-0.29729998788014
w3,champ_n5:0.50+champ_n20:0.33+champ_large:0.17,0.2136549328868136,1.3020545331227427,-0.3024033035017447
w3,champ_n5:0.20+mom_fast:0.33+lowvol:0.47,0.21362417072689666,1.292126475794239,-0.2868339369636078
eq4,champ_tail+champ_mid+mom_fast+lowmax,0.2136174280330414,1.2876413023038924,-0.3343472708831411
eq5,champ_n20+champ_qtr+champ_mid+momcons+amihud,0.2136059369350629,1.2453036142495035,-0.3858393475482016
eq5,champ_n5+champ_n20+champ_mid+momcons+amihud,0.21359603467179644,1.2415319228359263,-0.3670320467005773
eq4,champ+champ_large+champ_tail+momcons,0.21359233819109846,1.3343382519222504,-0.339010749157727
eq4,champ_large+mom_fast+prox52+amihud,0.21358884242032827,1.014324878399411,-0.5386679423735624
w2,champ_tail:0.3+momcons,0.21358205914943773,1.1750016871222844,-0.3745440780408602
eq4,champ+mom_fast+lowvol+amihud,0.21358162555283244,1.1441635472564864,-0.42577468109039396
eq4,champ_n5+champ_qtr+champ_mid+amihud,0.21350925256825937,1.2482321139576367,-0.3635646780119487
eq5,champ_n5+champ_mid+mom_fast+prox52+lowmax,0.21343472317196177,1.2544159815389773,-0.35819002940768074
eq5,champ_qtr+champ_mid+mom_fast+prox52+lowmax,0.2134293047536402,1.2577340554642293,-0.37782019794755695
w3,mom_fast:0.20+lowvol:0.20+prox52:0.60,0.21342554770584665,1.0815966807870827,-0.506692858275412
w2,champ_mid:0.7+lowvol,0.2134114013308721,1.4997466623615043,-0.28282281760816896
eq5,champ_large+champ_mid+mom_only+lowvol+momcons,0.2134055141884732,1.3032850211371128,-0.32436561005946396
eq4,champ+champ_qtr+champ_large+momcons,0.21339849501773367,1.2868642160416401,-0.34240047343646096
w3,mom_fast:0.50+lowmax:0.20+amihud:0.30,0.21339804609125546,0.9217285735344868,-0.5553710761040166
w3,champ:0.50+champ_qtr:0.20+amihud:0.30,0.21339438222746399,1.2046094231881235,-0.4124778914195534
w2,champ_tail:0.5+prox52,0.21339339232362953,1.2092832010331667,-0.44425517934926106
eq2,champ_tail+prox52,0.21339339232362953,1.2092832010331667,-0.44425517934926106
eq4,champ_n20+champ_qtr+champ_mid+amihud,0.2133926859688171,1.2516300339610156,-0.3808605679385869
eq4,champ_large+champ_mid+mom_only+lowvol,0.2133765995079573,1.3384850874633594,-0.3064712170185173
eq5,champ_n5+champ_tail+champ_mid+momcons+amihud,0.21336074483199763,1.2561026005285703,-0.36855767531393147
eq4,champ_n5+champ_n20+champ_mid+amihud,0.2133521758659893,1.2458329374900112,-0.35709691197262117
eq4,champ+champ_n20+champ_large+momcons,0.2133484647207331,1.2886990788976151,-0.3409676684509938
w3,champ_n20:0.20+mom_fast:0.33+lowvol:0.47,0.2133449299604666,1.2873935348825778,-0.29760623709869183
eq5,champ_qtr+champ_tail+champ_mid+momcons+amihud,0.21333104178226647,1.2585435369172457,-0.387721281866267
eq3,champ+champ_large+champ_tail,0.21329583095980342,1.3819512680950268,-0.3198618265502724
eq4,champ+champ_n5+champ_large+momcons,0.21326336663233136,1.2767174527952245,-0.3294003007942803
w3,champ:0.50+champ_n20:0.20+amihud:0.30,0.21326078933357628,1.2026301055728825,-0.4075709446915604
w3,champ:0.50+champ_n5:0.20+amihud:0.30,0.21326009561309323,1.1973057064336743,-0.39445593098344733
w3,champ_n5:0.50+champ_qtr:0.33+champ_large:0.17,0.21325737927235555,1.2803058273519197,-0.3072593378831401
w3,champ_qtr:0.34+prox52:0.50+momcons:0.16,0.21325633749051676,1.176762681167517,-0.471996650718819
w3,champ:0.34+champ_n20:0.33+champ_large:0.33,0.2132219565556528,1.3118481217667624,-0.3204506300925051
eq5,champ_n5+champ_large+mom_fast+lowvol+prox52,0.21319955953381275,1.2546608582473309,-0.3389507777680033
w3,champ:0.50+champ_tail:0.20+amihud:0.30,0.21318549445677792,1.2210715423271286,-0.40892865912503673
eq5,champ_qtr+champ_large+mom_fast+lowvol+prox52,0.21318281516009674,1.257505063590199,-0.3590906039961914
w3,champ_n5:0.34+prox52:0.50+momcons:0.16,0.2131321297865767,1.1683534164836857,-0.44478257730564896
w3,champ:0.34+champ_qtr:0.33+champ_large:0.33,0.2131163305411108,1.3017323641462804,-0.3250970734246037
eq5,champ_n20+champ_mid+mom_fast+prox52+lowmax,0.21310887299848003,1.2483930777177734,-0.3788700023824968
w2,mom_fast:0.1+prox52,0.2130841501207228,0.9726828036989464,-0.5959022662328699
eq5,champ+champ_qtr+mom_fast+lowmax+momcons,0.21306713409403666,1.2618648702621433,-0.3482906580480909
w3,champ:0.34+champ_large:0.20+prox52:0.46,0.21302919669762876,1.206821495404411,-0.4128934688769751
w3,champ_large:0.34+mom_only:0.20+prox52:0.46,0.21300029276406174,1.109807090635112,-0.46457439682898205
eq5,champ+champ_n5+mom_fast+lowmax+momcons,0.21299036021153483,1.2553602769615337,-0.3380155748813173
eq4,champ_n5+champ_tail+champ_mid+amihud,0.21298844219204027,1.2617419036512683,-0.3591137271274667
eq5,champ_n20+champ_tail+champ_mid+momcons+amihud,0.21298566923249185,1.2482426020507966,-0.38289263635122106
eq4,champ_qtr+champ_tail+champ_mid+amihud,0.21296698960044047,1.265428144273341,-0.38292006125840927
w3,mom_fast:0.50+lowvol:0.33+lowmax:0.17,0.21295672668000165,1.1107687523175498,-0.3560791413690432
w2,champ_n20:0.9+lowvol,0.212931610409838,1.3905323042845723,-0.3146637512108855
eq5,champ_n20+champ_large+mom_fast+lowvol+prox52,0.21292503113505923,1.2505265881017635,-0.3543324980900896
eq5,champ_n5+champ_n20+champ_qtr+champ_large+champ_tail,0.21291605300361116,1.3758165959680555,-0.3168379513867534
w3,champ_n20:0.34+prox52:0.50+momcons:0.16,0.21290666218968246,1.1698156178239614,-0.46498290270198106
w3,champ_qtr:0.20+prox52:0.20+momcons:0.60,0.21289067145107565,1.1586860813395503,-0.42897332614939654
w3,champ_n5:0.20+prox52:0.20+momcons:0.60,0.21286842134576944,1.1553604551832346,-0.41106808473591105
w3,champ_tail:0.20+mom_fast:0.33+lowvol:0.47,0.21286730004292131,1.293824375429786,-0.2976916168332081
eq5,champ+champ_qtr+champ_large+prox52+momcons,0.21286702379830902,1.2692959360441987,-0.3534336488132316
eq5,champ+champ_large+champ_tail+prox52+momcons,0.21286636012433102,1.298419717197394,-0.348755711324648
eq3,champ+champ_n20+champ_large,0.21285596248883132,1.3096233027638233,-0.32059230424791374
eq4,champ+champ_qtr+mom_fast+lowmax,0.21285052011161087,1.2783605017923534,-0.33699101588121017
eq5,champ+champ_n20+mom_fast+lowmax+momcons,0.21284353589720717,1.256079752880331,-0.3546259410496069
w3,champ:0.34+champ_n5:0.33+champ_large:0.33,0.21283439583155084,1.2837002937534214,-0.30746950654692384
eq5,champ+champ_n5+champ_large+prox52+momcons,0.21282246883805156,1.2639391063684762,-0.34135308724982627
w2,champ_tail:0.9+amihud,0.21280622535683302,1.2881296070688055,-0.3378986838189567
w2,champ_mid:0.1+momcons,0.21278826052092392,1.0840322060752583,-0.39127079672876885
eq5,champ_large+champ_tail+mom_fast+lowvol+prox52,0.21276534118420387,1.2686825700295588,-0.35522840325403104
eq5,champ+champ_n20+champ_large+prox52+momcons,0.21275544011959568,1.2678307977597183,-0.356837786264692
eq3,champ+champ_qtr+champ_large,0.2127503442529659,1.2994740379616965,-0.325205844307106
w3,champ_mid:0.34+prox52:0.50+amihud:0.16,0.21272314571947581,1.1278811865070326,-0.5053502119318584
eq4,champ+champ_n5+mom_fast+lowmax,0.21270586463720398,1.2679811930186318,-0.32392414517616086
w3,champ_mid:0.50+prox52:0.20+amihud:0.30,0.2126898131076722,1.1501788441414889,-0.46401636291454873
w3,champ_qtr:0.50+champ_large:0.20+champ_tail:0.30,0.21267703301489105,1.3830154043836105,-0.32874216942778745
eq5,champ_n5+champ_qtr+champ_mid+prox52+amihud,0.21267658102667597,1.2294755130013304,-0.41818599691220215
eq5,champ_tail+champ_mid+mom_fast+prox52+lowmax,0.21263594608989367,1.254199423118376,-0.3751911583295545
w3,champ_n20:0.20+prox52:0.20+momcons:0.60,0.21262979188033326,1.1531597951336447,-0.42370589482354015
eq4,champ+champ_n20+mom_fast+lowmax,0.2126108570311176,1.272431085959623,-0.3481832248760356
w3,mom_only:0.34+lowvol:0.33+momcons:0.33,0.21260814329199063,1.1831332602648137,-0.3417419200301327
eq5,champ+champ_tail+mom_fast+lowmax+momcons,0.21259240254966527,1.2708341186871535,-0.34646175060417905
w3,champ_qtr:0.20+prox52:0.33+momcons:0.47,0.21258508981442437,1.1620097307327508,-0.455493984434826
w3,champ_n5:0.20+prox52:0.33+momcons:0.47,0.21257939480039245,1.1591450345728107,-0.4383912726232859
eq5,champ_large+champ_mid+mom_only+lowvol+prox52,0.21255844894188858,1.295604418286603,-0.3247472444184065
w3,champ:0.20+champ_mid:0.50+lowvol:0.30,0.21254357526394818,1.5221464525888484,-0.28240310472955354
eq4,champ_n20+champ_tail+champ_mid+amihud,0.21253715141723561,1.2524033929915384,-0.37698138846203266
eq5,champ_n5+champ_n20+champ_mid+prox52+amihud,0.21249642277333125,1.2256743638628362,-0.4154429413562851
eq5,champ+mom_fast+lowvol+prox52+amihud,0.21248580470133782,1.1403476413761862,-0.4652226607481391
w3,champ_n20:0.34+champ_qtr:0.50+amihud:0.16,0.21248364788896623,1.2894908784870982,-0.3544713039612345
eq5,champ_n20+champ_qtr+champ_mid+prox52+amihud,0.21248073569267478,1.2283671193643373,-0.43097147339337283
w3,champ_n20:0.50+champ_large:0.20+champ_tail:0.30,0.2124721762442887,1.3824095383921935,-0.32482921395029807
eq3,champ+champ_n5+champ_large,0.21246574056775636,1.281311527982482,-0.30739966655685336
eq3,champ_large+champ_mid+momcons,0.21245920855280187,1.283085120313851,-0.3450484689069616
eq4,champ+champ_large+champ_tail+prox52,0.2124471465168425,1.3203407559159894,-0.33736622736774324
w3,champ_qtr:0.34+champ_large:0.20+champ_tail:0.46,0.21244591822514924,1.4017750355229843,-0.32624906797227127
w3,champ_n5:0.20+champ_qtr:0.20+prox52:0.60,0.21244259797455367,1.150285722725,-0.4706799310409955
w3,champ_n5:0.34+champ_large:0.20+champ_tail:0.46,0.21243585529212639,1.3924627103716223,-0.3080056201006365
w2,champ_qtr:0.9+lowvol,0.21242157396232764,1.3470445315882575,-0.32416090965583055
w3,champ_tail:0.20+prox52:0.20+momcons:0.60,0.21240859087260255,1.1645303442632173,-0.425510637316038
eq5,champ+champ_qtr+champ_mid+lowvol+momcons,0.21239749094136529,1.4359297155069628,-0.31478921293659057
eq4,champ+champ_qtr+champ_large+prox52,0.21233514817992827,1.2773047817433596,-0.34186543218325116
w2,champ_qtr:0.4+prox52,0.21233236458881977,1.1496703198277904,-0.48519960544125385
w3,champ_n5:0.50+champ_large:0.20+champ_tail:0.30,0.2123181117816093,1.35296044951895,-0.30192412484851294
w3,champ_n20:0.20+prox52:0.33+momcons:0.47,0.2123180878428108,1.1562375835311995,-0.4504544713012879
w3,champ_n5:0.20+champ_n20:0.20+prox52:0.60,0.21231541271757104,1.1486706334865897,-0.46775459747250137
w3,champ_n5:0.34+champ_n20:0.50+amihud:0.16,0.2123098592983672,1.278378401441928,-0.3276765670019548
eq5,champ+champ_n5+champ_mid+lowvol+momcons,0.21230406624141263,1.4248939865624863,-0.3040409490713659
eq5,champ+champ_n20+champ_mid+lowvol+momcons,0.21228552949319868,1.4337756476966603,-0.3120115999127183
w3,champ_n20:0.20+champ_qtr:0.20+prox52:0.60,0.21228140324773337,1.150254969100152,-0.4821949166573227
eq4,champ+champ_n20+champ_large+prox52,0.2122703446966534,1.2785020114122676,-0.3512278094404526
eq4,champ+champ_n5+champ_large+prox52,0.21224081390163207,1.268960442424437,-0.32824151620591624
w3,champ_tail:0.34+prox52:0.50+momcons:0.16,0.2122248728484757,1.1808268833730662,-0.46656619516955444
eq4,champ+champ_tail+mom_fast+lowmax,0.21222230338270243,1.2888585219940307,-0.3340470058846623
eq5,champ_n5+champ_tail+champ_mid+prox52+amihud,0.21221934090709005,1.2381461748249967,-0.4155682667685314
w2,champ_mid:0.2+prox52,0.21216845897520953,1.0566675407069805,-0.5340789333128819
eq5,champ_qtr+champ_tail+champ_mid+prox52+amihud,0.21216404329941652,1.2395070016059286,-0.43239542299445777
w2,champ_n20:0.8+champ_large,0.21216199860972584,1.3200907333339573,-0.32472313693138255
w2,mom_fast:0.6+lowmax,0.21215267152327844,0.9893496484034946,-0.43673668826083034
w3,champ_n5:0.20+champ_tail:0.20+prox52:0.60,0.2121436722505059,1.1613805786419793,-0.4677878351872641
w3,champ_n20:0.34+champ_large:0.20+champ_tail:0.46,0.21214191077174283,1.3923470769172168,-0.32493210917338633
w2,champ_n5:0.4+prox52,0.21213600788863407,1.13913136841118,-0.4561711224423177
w3,champ_mid:0.20+mom_only:0.50+lowmax:0.30,0.21212471296333324,1.1152909837859044,-0.3938951052714861
eq5,champ+champ_n5+champ_qtr+momcons+amihud,0.21209877048682957,1.2254134008493736,-0.38401106764509085
eq5,champ+champ_tail+champ_mid+lowvol+momcons,0.21209638319762103,1.4620732666089924,-0.3120865789049574
eq5,champ+champ_n20+champ_qtr+momcons+amihud,0.21208155488646163,1.23069025470888,-0.3970451819121178
w3,champ_n5:0.34+champ_qtr:0.50+amihud:0.16,0.21207807160436132,1.2616352173587522,-0.33417941242522253
eq5,champ_n5+champ_qtr+mom_fast+lowvol+amihud,0.21207223579222778,1.2036274176459052,-0.390083608784508
w3,champ_qtr:0.20+champ_tail:0.20+prox52:0.60,0.21207001915689117,1.1618757912173945,-0.48239013642655026
w3,champ_tail:0.20+prox52:0.33+momcons:0.47,0.2120696222248064,1.1669451276739173,-0.45218033290000703
eq5,champ+champ_mid+mom_only+lowmax+momcons,0.21203196085436415,1.2830250982120655,-0.34287470524118424
w2,champ_qtr:0.2+momcons,0.21202118514438695,1.11710004622766,-0.3887913692777223
eq5,champ+champ_n5+champ_n20+momcons+amihud,0.21201516814726706,1.2250508926372488,-0.3781842952874842
w3,champ_large:0.34+champ_mid:0.33+momcons:0.33,0.21200133697479884,1.2808943921373197,-0.3449333844533905
w2,champ:0.1+momcons,0.21199389129351198,1.0779235745386981,-0.3978956082822831
eq5,champ+champ_qtr+mom_fast+prox52+lowmax,0.21199311258298859,1.2460559126091486,-0.3889974072255793
eq5,champ+champ_qtr+champ_tail+momcons+amihud,0.21198646720773895,1.2503173227890219,-0.3988830012410237
w2,champ_n5:0.2+momcons,0.21197362721566004,1.113482462654508,-0.3753755066587199
w2,champ_n20:0.4+prox52,0.2119714859295938,1.1434417786732773,-0.4796097290000684
eq5,champ_n5+champ_large+mom_only+momcons+amihud,0.21196589432120594,1.1168479735306154,-0.4292789681664795
eq5,champ+champ_n5+champ_tail+momcons+amihud,0.21195974887505686,1.2458196615403945,-0.3800043100859123
eq5,champ_large+mom_only+mom_fast+lowmax+momcons,0.21195458921026566,1.1169765981772546,-0.39077005932721653
w3,champ_n5:0.20+champ_large:0.20+champ_tail:0.60,0.2119481365646647,1.397001590751978,-0.31450881400012487
eq5,champ+champ_n5+mom_fast+prox52+lowmax,0.21194221145891934,1.2407463236980505,-0.3698611266836701
eq5,champ_qtr+champ_large+mom_only+momcons+amihud,0.21192153094180055,1.1180327757794917,-0.4466904555639466
w3,champ:0.50+lowvol:0.20+momcons:0.30,0.21187685324298444,1.3766127366540435,-0.32011173685910455
eq5,champ_n20+champ_qtr+mom_fast+lowvol+amihud,0.21184780328762387,1.201580245619351,-0.40322692857378006
w3,champ_mid:0.34+mom_only:0.20+amihud:0.46,0.21184512036500092,1.0028913193290032,-0.530806620431808
eq5,champ_n5+champ_n20+mom_fast+lowvol+amihud,0.2118425219140303,1.198404425097229,-0.3849124157047167
w3,champ_qtr:0.20+champ_large:0.20+champ_tail:0.60,0.2118338193296756,1.395978650940063,-0.32472508533908195
eq5,champ_n20+champ_tail+champ_mid+prox52+amihud,0.21180962931617686,1.229252354005129,-0.4286964946064531
eq5,champ+champ_large+mom_only+lowvol+momcons,0.2117723298433849,1.28243281683765,-0.32575848127386553
w2,champ_n20:0.2+momcons,0.21177008268992625,1.1123923707396473,-0.3842822219997991
w3,champ_n20:0.20+champ_tail:0.20+prox52:0.60,0.21176875184605937,1.1550637933043582,-0.4796185104327858
w2,champ_qtr:0.8+champ_large,0.21176274674488038,1.2891491701806543,-0.3335273365833056
eq5,champ+champ_n20+mom_fast+prox52+lowmax,0.21176011680619267,1.2400908478984514,-0.3926629065634285
eq5,champ+champ_n20+champ_tail+momcons+amihud,0.21172832764343652,1.2433558280464259,-0.3934043720509831
w2,champ_large:0.5+champ_mid,0.21172454980900057,1.3323062985580567,-0.31656173996618175
eq2,champ_large+champ_mid,0.21172454980900057,1.3323062985580567,-0.31656173996618175
w3,champ_n20:0.50+champ_qtr:0.33+amihud:0.17,0.21169198967981173,1.2826562628578453,-0.3565721057863114
eq3,mom_only+lowvol+momcons,0.2116818068148567,1.1835200417868128,-0.34062914493540464
eq4,champ_large+champ_mid+prox52+momcons,0.21167013119039257,1.24831553516399,-0.36025193787216925
eq4,champ+champ_mid+mom_only+lowmax,0.21162670324867516,1.3098766539213793,-0.33041036915878963
w2,champ_tail:0.2+momcons,0.21159130770538015,1.1234133802419748,-0.38356804871556016
eq5,champ_n20+champ_large+mom_only+momcons+amihud,0.21157331976746585,1.1108651995051144,-0.44169942301057097
w3,champ_n20:0.20+champ_large:0.20+champ_tail:0.60,0.21157034475763092,1.3858778947413597,-0.3250486578235873
w3,champ_qtr:0.34+champ_tail:0.50+amihud:0.16,0.21155235362080127,1.3208772864265808,-0.35592818096241496
eq4,champ+champ_qtr+champ_mid+lowvol,0.21154724526353585,1.4940397357915753,-0.29423758971642133
w3,champ_n5:0.34+champ_tail:0.50+amihud:0.16,0.21154578715191064,1.3133548886002404,-0.3278044081858419
w3,champ_large:0.20+mom_fast:0.50+lowmax:0.30,0.211540366327033,1.051079695340254,-0.4006530575368932
eq5,champ_n5+champ_tail+mom_fast+lowvol+amihud,0.21151653267255655,1.2081963258280004,-0.38653356595846433
eq4,champ+champ_n20+champ_qtr+amihud,0.21151624315078243,1.23421126184213,-0.3940601560511243
eq5,champ+champ_qtr+champ_mid+lowvol+prox52,0.2114872795178271,1.4225698240702807,-0.31382505594418963
w3,champ:0.20+champ_n20:0.50+champ_large:0.30,0.2114870061755596,1.3092359230295891,-0.3222357833732986
eq5,champ_qtr+champ_tail+mom_fast+lowvol+amihud,0.21148237691618843,1.2101380618997812,-0.405287510375126
eq4,champ+champ_n20+champ_mid+lowvol,0.21148182290173012,1.4961153473106705,-0.2905193191256693
eq5,champ+champ_tail+mom_fast+prox52+lowmax,0.21146683615040507,1.2526695724180383,-0.3858427158325485
eq5,champ_large+champ_tail+mom_only+momcons+amihud,0.2114623137558842,1.123719976544249,-0.443519166661692
eq4,champ_n5+champ_large+mom_only+amihud,0.21145728145517562,1.0976944002953062,-0.43374125438819067
w3,champ_qtr:0.50+champ_tail:0.33+amihud:0.17,0.21143053897745356,1.313823571896544,-0.3645207844075997
eq5,champ+champ_n5+champ_mid+lowvol+prox52,0.2114198457803278,1.4132894835715533,-0.30304646804130386
eq5,champ_n5+champ_mid+mom_only+lowvol+amihud,0.21141575798285417,1.2344905668928448,-0.35811097972265116
eq4,champ_qtr+champ_large+mom_only+amihud,0.21141312190822115,1.0993246553003635,-0.4552468393643304
eq4,champ+champ_n5+champ_qtr+amihud,0.21140862923234183,1.2229460669772245,-0.3773910099347463
eq5,champ_qtr+champ_mid+mom_only+lowvol+amihud,0.21139481969632956,1.2371003936897818,-0.37728069559706523
eq4,champ+champ_n5+champ_n20+amihud,0.21138750190072586,1.225488603652608,-0.3708883116966577
eq4,champ+champ_n5+champ_mid+lowvol,0.2113767627869625,1.4748222782332687,-0.2804168083234675
eq4,champ+champ_qtr+champ_tail+amihud,0.21137145042026328,1.2583496720978367,-0.39597540129912756
eq4,champ_large+mom_only+mom_fast+lowmax,0.21136937306745263,1.0960547293078355,-0.3858371152189004
eq5,champ+champ_n20+champ_mid+lowvol+prox52,0.2113659023934913,1.4199059770191327,-0.31092437895827074
eq5,champ_mid+mom_only+mom_fast+lowvol+lowmax,0.2113579876745455,1.2329669713701497,-0.3212038481720224
eq4,champ+champ_large+mom_only+lowvol,0.21132991939248935,1.3104431809054704,-0.30825680901420205
w3,champ_large:0.20+champ_mid:0.20+momcons:0.60,0.2113217138102279,1.1885114958125262,-0.3671543647113674
eq4,champ+champ_n5+champ_tail+amihud,0.21130479239573985,1.2513521170036903,-0.3725660193074114
w3,champ:0.20+champ_qtr:0.50+champ_large:0.30,0.21130355323568994,1.292843550067693,-0.3283443717725567
eq5,champ+champ_mid+mom_only+prox52+lowmax,0.2112394098806034,1.2777519884883775,-0.3618380507373925
eq4,champ+champ_tail+champ_mid+lowvol,0.21119044294824496,1.5339694104587795,-0.2901086438510173
w3,champ_n5:0.50+champ_n20:0.33+amihud:0.17,0.21117943415835994,1.2505904716034775,-0.3221352426801847
w3,champ_n5:0.20+prox52:0.50+momcons:0.30,0.21116784562714797,1.1344566076552902,-0.4738394225909248
w3,champ_qtr:0.20+prox52:0.50+momcons:0.30,0.21115181982960385,1.1365104588424595,-0.4891690647438003
eq5,champ+champ_tail+champ_mid+lowvol+prox52,0.21113482296577923,1.4448919476991704,-0.3105984926120874
eq4,mom_only+lowvol+prox52+momcons,0.21109528129394062,1.1776925716821687,-0.41547333840736067
eq5,champ_n20+champ_tail+mom_fast+lowvol+amihud,0.21107840244269793,1.1989247703800503,-0.40025468787967033
eq4,champ+champ_n20+champ_tail+amihud,0.2110777852682979,1.2505645215853896,-0.38980676459327446
w3,champ_n5:0.50+champ_tail:0.33+amihud:0.17,0.21107568558853784,1.2882309656385302,-0.3214909842682654
eq5,champ+champ_n5+champ_qtr+prox52+amihud,0.21105626284122803,1.2118555715452008,-0.4282985638790944
w3,champ_n20:0.34+champ_tail:0.50+amihud:0.16,0.21104085195349076,1.3036314025307965,-0.3466520811209769
eq5,champ_n20+champ_mid+mom_only+lowvol+amihud,0.21103689951524873,1.2267034095066383,-0.3721787542041972
w2,champ_tail:0.4+prox52,0.21102846132313524,1.1511223789777527,-0.4802170734186799
eq5,champ+champ_n20+champ_qtr+prox52+amihud,0.21100391617796155,1.2157129224185226,-0.4406885746326249
eq5,champ_n5+champ_large+mom_only+prox52+amihud,0.21098656050496567,1.107941188694596,-0.46999410370210937
w3,mom_only:0.34+lowvol:0.33+prox52:0.33,0.21098087674341937,1.1658394695899936,-0.4208339824479629
eq5,champ_n5+champ_qtr+champ_large+champ_tail+momcons,0.21097963227189087,1.3302854853775055,-0.33158118330136277
eq4,champ_n20+champ_large+mom_only+amihud,0.21097872970453224,1.0908634409255265,-0.44909480569310467
eq5,champ+champ_large+mom_only+lowvol+prox52,0.21097283052162052,1.2768295337519457,-0.3373506237513414
w3,champ_n5:0.50+champ_qtr:0.33+amihud:0.17,0.2109707199861841,1.2380906757763117,-0.3268727433261468
eq5,champ+champ_n5+champ_n20+prox52+amihud,0.2109631645559622,1.2111678898774196,-0.42356475029630025
eq5,champ_large+mom_only+mom_fast+prox52+lowmax,0.21094485896867088,1.1072246393847138,-0.43432067410974184
eq5,champ_qtr+champ_large+mom_only+prox52+amihud,0.2109166543391221,1.10841923220344,-0.4862046749455644
w3,champ_n20:0.50+champ_tail:0.33+amihud:0.17,0.2109130857778705,1.2992384492358644,-0.3507907036662502
eq5,champ_n5+champ_n20+champ_large+champ_tail+momcons,0.2109129634678537,1.33070078185194,-0.329018149292422
eq5,champ_n20+champ_qtr+champ_large+champ_tail+momcons,0.21088281771086592,1.3337310626437207,-0.3393793289415582
w3,champ_n20:0.20+prox52:0.50+momcons:0.30,0.21087710754424438,1.1308452419549855,-0.4851973575416022
w3,champ:0.20+mom_only:0.50+lowmax:0.30,0.21087028909968697,1.1107492951059812,-0.4022909581544877
eq5,champ+champ_qtr+champ_tail+prox52+amihud,0.2108666709467213,1.2331162090306766,-0.4420541528056413
eq5,champ+champ_n5+champ_tail+prox52+amihud,0.21086559865930776,1.2297493140150058,-0.42478940319995906
w3,mom_only:0.20+lowvol:0.20+momcons:0.60,0.21083187472767717,1.138703932519276,-0.37156881167899014
eq4,champ_mid+mom_fast+lowmax+momcons,0.21081653354482155,1.2006433425788767,-0.35240027872043833
eq4,champ_large+champ_tail+mom_only+amihud,0.21080900786658074,1.1052092325032123,-0.4514110980431111
w2,champ:0.2+prox52,0.21079168488864397,1.049647297837992,-0.5409192604667906
eq3,champ_large+champ_mid+prox52,0.2107561763728687,1.2589091113114617,-0.34580515312884275
w3,champ:0.50+momcons:0.20+amihud:0.30,0.21073515321926606,1.154287395793228,-0.43959710960070775
eq5,champ_n5+champ_n20+champ_qtr+champ_large+momcons,0.21071725262188945,1.2899433754087466,-0.33195075796540696
eq4,champ_large+mom_fast+lowvol+momcons,0.2107161596325675,1.2073400941615235,-0.3333526473969931
w3,champ:0.20+champ_n5:0.50+champ_large:0.30,0.21068504927964127,1.2583605155314954,-0.3016043887914489
eq5,champ+champ_large+champ_mid+mom_fast+lowmax,0.21064148937088856,1.2969844936854076,-0.3291489352637388
w2,mom_only:0.5+lowvol,0.21063368278522998,1.1762231523194966,-0.3304294454382971
eq2,mom_only+lowvol,0.21063368278522998,1.1762231523194966,-0.3304294454382971
eq5,champ+champ_n20+champ_tail+prox52+amihud,0.21059941160002116,1.2260446561071388,-0.4375164104187673
w3,champ_tail:0.20+prox52:0.50+momcons:0.30,0.21059344543469272,1.1397626978549775,-0.4860458159831391
eq5,champ_tail+champ_mid+mom_only+lowvol+amihud,0.21058342104856753,1.2328636446507037,-0.3745128040404615
eq5,champ_n5+champ_n20+champ_qtr+mom_fast+lowmax,0.2105610733915817,1.294816321148438,-0.3275168349528994
w3,champ_qtr:0.50+champ_large:0.33+champ_mid:0.17,0.21055920008233753,1.3123849581815603,-0.3275116196465455
eq5,champ_n20+champ_large+mom_only+prox52+amihud,0.21055912488290196,1.1011494049020214,-0.4815462284193983
w3,champ_n20:0.50+champ_large:0.33+champ_mid:0.17,0.2105428370519531,1.3204343919912362,-0.32187756973835624
w3,champ:0.50+champ_mid:0.20+lowvol:0.30,0.21050305342815112,1.5038346996114242,-0.2842927480557389
w3,champ:0.34+prox52:0.50+amihud:0.16,0.21049181958185947,1.1174624964841686,-0.5165673402109028
eq5,champ_n5+champ_qtr+champ_tail+mom_fast+lowmax,0.21041928240057128,1.3167932190862919,-0.32715522819904874
eq5,champ_large+champ_tail+mom_only+prox52+amihud,0.21040579656660952,1.1125978330782669,-0.4832440572811284
w3,mom_only:0.34+prox52:0.50+lowmax:0.16,0.21040528693059057,1.0496241049463346,-0.5244868643193596
w3,champ:0.50+lowvol:0.20+prox52:0.30,0.21040299805861662,1.353067562349506,-0.33915330049666004
eq5,champ_mid+mom_fast+prox52+lowmax+momcons,0.21037084245558768,1.1873679478242447,-0.40650622273811043
w3,champ_large:0.50+champ_tail:0.33+mom_only:0.17,0.21036363957531257,1.2658442561361196,-0.3315922657383735
w3,champ_large:0.34+champ_mid:0.33+prox52:0.33,0.21032435906170277,1.2573078158388533,-0.34511548213692667
w2,champ_large:0.2+champ_tail,0.21029717461719333,1.3531095648727964,-0.3252581913690603
eq4,champ_qtr+champ_mid+momcons+amihud,0.21024362529465823,1.1848410640117393,-0.4217211274887701
w3,champ_mid:0.34+mom_fast:0.20+lowvol:0.46,0.21024144250563048,1.4184800365879158,-0.2843051512358574
eq5,champ_n5+champ_n20+champ_tail+mom_fast+lowmax,0.21023138737322156,1.3116203054513593,-0.32574811847872165
eq5,champ_large+mom_fast+lowvol+prox52+momcons,0.21022996097526803,1.1904781076343665,-0.3886615850075916
eq5,champ_n20+champ_qtr+champ_tail+mom_fast+lowmax,0.21020786231302102,1.3148156727333211,-0.33574663200031174
w2,champ_mid:0.6+amihud,0.21020260517608325,1.1120234140101406,-0.4406881232540798
w2,champ_n5:0.9+lowvol,0.21020007887903103,1.2357654721289946,-0.27530545694987507
eq4,champ_n5+champ_mid+momcons+amihud,0.21019592760831984,1.179634488430379,-0.3993714275966017
w2,champ_n5:0.8+champ_large,0.2101560674078471,1.2137508934633172,-0.2906596631087369
eq5,champ_n5+champ_qtr+champ_large+champ_tail+prox52,0.21014988951181213,1.322893624712622,-0.3306567138815947
w3,champ_mid:0.34+mom_fast:0.33+lowmax:0.33,0.21011761589259748,1.1988162635733217,-0.341567004128702
eq5,champ+mom_only+mom_fast+lowvol+lowmax,0.2100927417691545,1.2277530642594583,-0.3343308199188254
w3,champ_n5:0.50+champ_large:0.33+champ_mid:0.17,0.21009158715106535,1.2820900185890143,-0.3006991248272508
eq5,champ_n5+champ_n20+champ_large+champ_tail+prox52,0.21007382129550933,1.3228594923298114,-0.3278275143146301
w3,champ:0.20+champ_large:0.50+champ_mid:0.30,0.21003789854345767,1.3073749836292494,-0.31794256634819096
eq3,mom_only+lowvol+prox52,0.21002693286819052,1.1655271823087117,-0.42025174152998623
eq5,champ_n20+champ_qtr+champ_large+champ_tail+prox52,0.21001775862015193,1.3246079172221072,-0.33832534768565625
eq5,champ+champ_qtr+mom_only+lowvol+amihud,0.21000080435122537,1.2271492613926733,-0.3886490910296486
eq5,champ+champ_n5+mom_only+lowvol+amihud,0.20996538944160692,1.2225859828141756,-0.3695106232836085
w2,mom_only:0.1+prox52,0.20995947602615384,0.9727646890997829,-0.5946099592651714
eq5,champ_n5+champ_mid+prox52+momcons+amihud,0.20995895601239112,1.1737730934468886,-0.4456791631050454
eq5,champ_qtr+champ_mid+prox52+momcons+amihud,0.20994809284507343,1.1763043711937828,-0.46107717777052215
eq5,champ_n5+champ_n20+champ_qtr+champ_large+prox52,0.20993036705126622,1.284773566324985,-0.3310278396157076
eq4,champ_n5+champ_n20+champ_large+champ_tail,0.20992129807500803,1.3605493150712946,-0.31213136354952675
eq4,champ_n5+champ_qtr+champ_large+champ_tail,0.20991624177377188,1.3554199244206462,-0.3157357562781349
eq4,champ_n20+champ_qtr+champ_large+champ_tail,0.2098989567149927,1.3654278731104015,-0.3255056046519663
w3,champ:0.34+mom_only:0.20+amihud:0.46,0.20986900012828458,0.9985132367225739,-0.5414849165179969
w3,champ:0.20+champ_large:0.33+champ_tail:0.47,0.2098570911624782,1.3759359924754282,-0.32118187910559914
eq4,champ_n20+champ_mid+momcons+amihud,0.20984887894701854,1.1751060663307766,-0.41616856345267483
w3,champ_qtr:0.50+mom_only:0.20+lowvol:0.30,0.2098393968081731,1.379274620922898,-0.3084911317701323
w3,champ:0.34+champ_large:0.33+momcons:0.33,0.2097719881641551,1.2383518154116093,-0.34690179542284405
eq5,champ_n5+champ_qtr+champ_mid+mom_only+lowmax,0.20973111561597357,1.3252720685915458,-0.3248205758256444
eq5,champ+champ_n20+mom_only+lowvol+amihud,0.20973007291735724,1.21999786531243,-0.38308809477145966
w3,mom_fast:0.20+prox52:0.50+amihud:0.30,0.20971662260051982,0.9360335771775403,-0.6286919551793726
w2,champ_mid:0.8+lowmax,0.20967694823550764,1.391732073703265,-0.31439798360078686
eq5,champ+champ_qtr+champ_large+champ_mid+amihud,0.20963641889243534,1.258408678798567,-0.34475243554113555
eq5,champ_n20+champ_mid+prox52+momcons+amihud,0.20961605020207275,1.168141323293345,-0.45802548202988247
eq3,champ_large+mom_fast+lowvol,0.2096143995027564,1.2076856235145217,-0.3118966074450059
eq3,champ_mid+mom_fast+lowmax,0.2096002467929512,1.1936735801613583,-0.34323074788046726
eq5,champ+champ_n5+champ_large+champ_mid+amihud,0.20959938733857064,1.253362825537683,-0.334497384751419
eq5,champ_n5+champ_n20+champ_mid+mom_only+lowmax,0.20958946228145137,1.3221034050032656,-0.3219588398749085
eq5,champ_n20+champ_qtr+champ_mid+mom_only+lowmax,0.20957927132325205,1.3260508120290422,-0.3325062620776448
w3,champ:0.20+champ_large:0.20+momcons:0.60,0.20956127235079136,1.1676513053559392,-0.36846609631148564
w3,champ:0.50+prox52:0.20+amihud:0.30,0.209552797095794,1.1385740505829565,-0.481488525335139
w3,champ_n20:0.50+mom_only:0.20+lowvol:0.30,0.20954049301537858,1.3733926825063545,-0.3018190411159003
w2,champ_n5:0.1+momcons,0.2095191728685093,1.0672876787421781,-0.39565706244842336
w2,champ_qtr:0.1+momcons,0.2095109757847271,1.0681477057254516,-0.40497931815880917
eq4,champ_n5+champ_n20+champ_qtr+champ_large,0.20950275728885015,1.2980937891302369,-0.3162183835293009
w2,mom_fast:0.4+amihud,0.2094980258032686,0.8232122382787619,-0.6542548989770922
eq4,champ+champ_large+prox52+momcons,0.20949570949165652,1.2197289286426518,-0.376029663731844
eq5,champ+champ_n20+champ_large+champ_mid+amihud,0.20946296378313956,1.2545101484115468,-0.3439573665345156
eq5,champ+champ_tail+mom_only+lowvol+amihud,0.20945611734743252,1.2327293312068406,-0.3852388008368618
eq5,champ+champ_large+champ_tail+champ_mid+amihud,0.20942722819106008,1.278724009152636,-0.3430352488855769
eq5,champ_n5+champ_n20+champ_qtr+champ_tail+amihud,0.2094083997055498,1.2792207812129617,-0.3602859018103536
eq5,champ_n5+champ_large+champ_tail+mom_only+lowvol,0.20936285592051074,1.354430700282933,-0.30395542267870657
w2,champ_n20:0.1+momcons,0.20936096728385656,1.0654920480950478,-0.4022999627881181
eq3,champ+champ_large+momcons,0.20935996393948453,1.2351213848728666,-0.3473015769722031
eq5,champ_n5+champ_tail+champ_mid+mom_only+lowmax,0.20935961578700413,1.3417243514475654,-0.3216831993701196
eq5,champ_n5+champ_qtr+champ_large+mom_only+lowvol,0.2093595089841105,1.319443836609672,-0.3072630698336344
w2,champ_tail:0.9+lowvol,0.2093433779350451,1.3540610007448253,-0.31539339438999725
w3,champ_n5:0.50+mom_only:0.20+lowvol:0.30,0.20933235496412972,1.3413873005472388,-0.281062153772916
w3,champ_qtr:0.50+champ_large:0.20+momcons:0.30,0.20932294639592897,1.2553013202172452,-0.35090451625137986
w3,champ_large:0.34+champ_mid:0.50+amihud:0.16,0.2093224035280865,1.2764800697784942,-0.3366684297982725
eq5,champ+champ_mid+lowvol+prox52+momcons,0.20932239724779533,1.3637407647242734,-0.3257828041895714
w3,champ_large:0.34+champ_tail:0.50+champ_mid:0.16,0.20931934278721687,1.3785252978599931,-0.3222848559174569
w2,champ_tail:0.1+momcons,0.2093134981035758,1.0711476365533812,-0.40233162833361513
eq5,champ_qtr+champ_tail+champ_mid+mom_only+lowmax,0.20930996636750865,1.3439603112893403,-0.3321885624645998
eq5,champ_qtr+champ_large+champ_tail+mom_only+lowvol,0.209301934857284,1.3561041458549499,-0.3147912813357435
eq5,champ_n5+champ_n20+champ_large+mom_only+lowvol,0.20928007451619557,1.3192387300599613,-0.3043297969898534
w3,champ_qtr:0.34+champ_large:0.50+mom_only:0.16,0.2092785107228632,1.2142296734284164,-0.3364332400795337
eq4,champ_tail+champ_mid+momcons+amihud,0.20927847556524282,1.1813358132255203,-0.4189058040846123
eq5,champ_n20+champ_qtr+champ_large+mom_only+lowvol,0.20925881645805267,1.32257551180358,-0.3151408613280907
w3,champ_large:0.50+mom_only:0.33+amihud:0.17,0.20924753517401662,1.063510569731446,-0.4207872055862285
eq4,champ_mid+mom_fast+prox52+lowmax,0.20924569022444417,1.1757364253085518,-0.4081999493551065
w2,champ_qtr:0.3+prox52,0.2092423044003915,1.0896603466884693,-0.5189931523389084
w3,champ_n5:0.20+mom_only:0.33+amihud:0.47,0.2092319788572743,0.9369243158387994,-0.5713154284215203
w3,champ_n5:0.34+champ_large:0.50+mom_only:0.16,0.20921518988786247,1.206684503113394,-0.3184427109504755
w3,champ_large:0.34+mom_fast:0.33+lowvol:0.33,0.20920989505871423,1.2071124795394859,-0.3120474330892209
w2,champ_n5:0.3+prox52,0.20920979126779904,1.085666781994892,-0.4987251223902871
eq5,champ_tail+champ_mid+prox52+momcons+amihud,0.20920681396040441,1.1744724539326152,-0.45828780584671813
w3,champ_n20:0.50+champ_large:0.20+momcons:0.30,0.20920152920797186,1.2579214755042851,-0.34805643775244377
eq5,champ_n5+mom_only+mom_fast+lowmax+amihud,0.20919507370875978,1.0567876125634246,-0.46507033583435686
eq5,champ_n5+champ_n20+champ_qtr+champ_mid+lowvol,0.2091855694013649,1.4489460374103202,-0.2931005524319594
eq5,champ_qtr+mom_only+mom_fast+lowmax+amihud,0.2091574071350435,1.057899126408995,-0.4797492753773328
w3,champ_qtr:0.20+mom_only:0.33+amihud:0.47,0.20915607118519364,0.9370171466134288,-0.583009625447733
eq4,champ+mom_fast+lowmax+momcons,0.20914141254584484,1.191021674955428,-0.3702592621780647
eq4,champ_large+mom_fast+lowvol+prox52,0.2091340082168307,1.1816016801029343,-0.3832443409905745
eq5,champ_n5+champ_qtr+champ_tail+champ_mid+lowvol,0.20910584643784147,1.4867350172034963,-0.29273587394602885
w3,champ_n20:0.34+champ_large:0.50+mom_only:0.16,0.20910256738092436,1.2125568661753836,-0.33357277859274725
eq4,champ+champ_mid+lowvol+momcons,0.2090969561190028,1.4256776532807611,-0.30958791968924104
eq5,champ_n20+champ_large+champ_tail+mom_only+lowvol,0.20904829607320807,1.347100827469697,-0.31208951945899466
eq5,champ_n5+champ_n20+champ_tail+champ_mid+lowvol,0.20902930371336348,1.4867128960510778,-0.2904297779436694
eq5,champ+mom_fast+prox52+lowmax+momcons,0.2090229655473732,1.1795069581615503,-0.4173534299285673
eq5,champ_n20+champ_qtr+champ_tail+champ_mid+lowvol,0.20902224090408317,1.492842568473148,-0.30089718813916355
eq5,champ_n20+champ_tail+champ_mid+mom_only+lowmax,0.20899404934517962,1.332153373767339,-0.3293912299605748
w3,champ_qtr:0.34+champ_mid:0.33+amihud:0.33,0.20895385140139577,1.1734739515102446,-0.42539505543204403
eq5,champ_qtr+mom_fast+lowvol+momcons+amihud,0.20891476693238054,1.1408852100245788,-0.4363359976909136
w3,champ_qtr:0.34+champ_mid:0.50+lowmax:0.16,0.2089090127581874,1.410485338420338,-0.3201788654688634
eq5,champ_n5+mom_fast+lowvol+momcons+amihud,0.20890476345438347,1.1380182164231536,-0.41862369497643537
w2,champ_n20:0.3+prox52,0.20889114031073874,1.083603690914887,-0.5152955323329872
w2,champ_qtr:0.8+amihud,0.20886821924780596,1.2305327181609271,-0.38969016393969214
w3,mom_fast:0.34+lowvol:0.50+momcons:0.16,0.2088336858954929,1.2167278795313976,-0.30751280363687994
w3,champ_n5:0.34+champ_mid:0.33+amihud:0.33,0.20881408085838205,1.1643083695683292,-0.39720836657901015
w3,champ_n5:0.50+champ_large:0.20+momcons:0.30,0.20879746398746835,1.2265669890011717,-0.32499588360266396
eq3,champ_qtr+champ_mid+amihud,0.20875239805096357,1.1700561247815964,-0.4269486669902709
w2,champ_n20:0.8+amihud,0.20873166410413102,1.2366744531631986,-0.3681848007263828
w3,champ_n5:0.34+champ_mid:0.50+lowmax:0.16,0.20871617045482793,1.3904029251507917,-0.3023112349093353
eq5,champ_n20+mom_only+mom_fast+lowmax+amihud,0.20868855912266215,1.0491112606464188,-0.47731504583452844
eq4,champ_qtr+champ_mid+prox52+amihud,0.20868160134085612,1.1610651347140717,-0.4763472085447318
eq4,champ_n5+champ_mid+prox52+amihud,0.20867372996541622,1.1574011925709802,-0.458430952691797
w3,champ_large:0.20+champ_tail:0.50+momcons:0.30,0.2086638357091466,1.301973754459627,-0.3466273196196421
w3,champ_n20:0.34+champ_mid:0.50+lowmax:0.16,0.20866173871702043,1.4036449044348713,-0.3155972920421184
w2,champ:0.7+lowvol,0.20865213707273078,1.458590632223955,-0.2857851791413457
w3,champ:0.34+champ_large:0.50+champ_mid:0.16,0.20862440274660088,1.2803436577277019,-0.31892995992896767
eq3,champ_n5+champ_mid+amihud,0.20862335657545317,1.1613858176558396,-0.399550099019524
w3,champ_n20:0.20+mom_only:0.33+amihud:0.47,0.2086007173251878,0.930002211461214,-0.5812357221481671
w3,champ_large:0.50+mom_only:0.20+momcons:0.30,0.20856945469196364,1.1319388559021408,-0.35869551767238395
eq5,champ_n20+mom_fast+lowvol+momcons+amihud,0.20853332067381047,1.1320201028203039,-0.43130539022136116
invvol,ALL,0.20849588297671917,1.3895209741588608,-0.32624561032751187
eq5,champ+champ_qtr+prox52+momcons+amihud,0.20847205438881278,1.1645206053775863,-0.4710431193944621
w2,champ_large:0.7+mom_only,0.2084678508576565,1.112017959066328,-0.3411611466028084
w3,champ_n20:0.34+champ_mid:0.33+amihud:0.33,0.20844463047541129,1.161399918908499,-0.41971731682944147
eq5,champ+champ_n5+prox52+momcons+amihud,0.20842664318701498,1.1603469414433085,-0.454446022158299
eq4,champ+champ_qtr+momcons+amihud,0.20836830832608633,1.1689928218119396,-0.4350270227443226
w2,prox52:0.3+momcons,0.20828157339412923,1.072924899042219,-0.47620396625886285
w2,champ_tail:0.3+prox52,0.20827946035106826,1.0903774022265702,-0.5154738539957668
eq4,champ_n20+champ_mid+prox52+amihud,0.20827261153817278,1.1513717263762506,-0.47345121016791225
eq3,champ_n20+champ_mid+amihud,0.2082457668677875,1.158074659650269,-0.4215569614596474
eq4,champ+champ_n5+momcons+amihud,0.20823269823116308,1.1612675580561436,-0.41287776783960084
eq5,champ+champ_n20+prox52+momcons+amihud,0.20822703408535914,1.159168807648531,-0.4661516161187277
w3,champ:0.34+champ_large:0.33+prox52:0.33,0.2082239006587181,1.220971754272316,-0.3694240247795262
w2,prox52:0.2+momcons,0.20817536768472622,1.0632381474139803,-0.45705785094190354
eq5,champ_tail+mom_only+mom_fast+lowmax+amihud,0.20817468824494312,1.0506148380586204,-0.47842753093008883
w3,champ_tail:0.50+mom_only:0.20+lowvol:0.30,0.20817073922655882,1.3862987495464891,-0.3021104248166957
eq5,champ_mid+mom_only+lowvol+momcons+amihud,0.20811665975328664,1.1619347622220697,-0.4067490792395295
eq4,champ+champ_n20+momcons+amihud,0.20810947175144334,1.1637142321469323,-0.42848730568294136
eq5,champ+champ_n5+champ_qtr+mom_only+lowmax,0.20809615027568573,1.3027027758614782,-0.32621320195021253
w3,champ_tail:0.20+mom_only:0.33+amihud:0.47,0.20809364074989056,0.9304421484027177,-0.5815629236601103
w3,champ_mid:0.34+lowvol:0.20+momcons:0.46,0.2080885368658303,1.312290381850862,-0.33263848261135676
eq5,champ+champ_n20+champ_qtr+mom_only+lowmax,0.2080874887457418,1.3099204609255908,-0.33387019261734185
eq5,champ_tail+mom_fast+lowvol+momcons+amihud,0.2080756467349516,1.1361520491398982,-0.4333530588727089
eq5,champ+champ_n5+champ_n20+mom_only+lowmax,0.20804144482064912,1.3035749868713615,-0.3233553456798973
eq5,champ_n5+champ_qtr+mom_fast+lowmax+momcons,0.20803001851525016,1.2328200154204592,-0.34213236058497876
w3,champ:0.34+mom_fast:0.20+lowvol:0.46,0.20800550895627556,1.4039655077495112,-0.2839134129009001
eq5,champ+champ_qtr+champ_tail+mom_only+lowmax,0.20799742447165537,1.3360235304354016,-0.33352976602696505
eq5,champ+champ_tail+prox52+momcons+amihud,0.20799690987848307,1.1710522593648272,-0.467866297017824
w3,champ:0.34+mom_fast:0.33+lowmax:0.33,0.20799302603827763,1.1908369028689563,-0.366039049791708
eq5,champ+champ_n5+champ_tail+mom_only+lowmax,0.20799090560884537,1.331119382973693,-0.32299059346256864
w2,prox52:0.4+momcons,0.20798346037127957,1.0732426265166328,-0.4950021054672208
w3,champ_qtr:0.34+mom_fast:0.20+amihud:0.46,0.20798245981049757,0.9719990581949398,-0.5619200169633407
w3,champ_mid:0.20+mom_only:0.33+lowvol:0.47,0.20793776605700454,1.3201350101387912,-0.2883703372483517
w3,champ_qtr:0.50+champ_large:0.20+prox52:0.30,0.20793240915790223,1.239586933031135,-0.3784628751371081
eq5,champ_n5+champ_large+champ_tail+prox52+momcons,0.20791562001534492,1.2716977575659754,-0.34425123563342785
eq5,champ_n20+champ_qtr+mom_fast+lowmax+momcons,0.2078853009536168,1.233594421955697,-0.35193313542210536
w3,champ_n5:0.34+mom_fast:0.20+amihud:0.46,0.2078748469407652,0.967885516972426,-0.54142228563373
eq5,champ_qtr+champ_large+champ_tail+prox52+momcons,0.20786465389237296,1.2734696328628425,-0.3642865159509411
eq5,champ_n5+champ_n20+mom_fast+lowmax+momcons,0.20786450199162543,1.2293255672317354,-0.3403730236353698
eq4,champ+champ_mid+lowvol+prox52,0.2078549714266653,1.4026336330556675,-0.3083599460250539
eq5,champ_n5+champ_qtr+champ_large+prox52+momcons,0.20784399450937596,1.2405244462902212,-0.34917862965693325
eq4,champ+champ_tail+momcons+amihud,0.2078193238859063,1.1788193343027682,-0.430834341045238
eq5,champ_n5+champ_n20+champ_large+prox52+momcons,0.20779001495453242,1.2412916101812865,-0.3427786828367013
eq3,champ+champ_large+prox52,0.20778952855060795,1.2173645285980956,-0.3705339795481759
eq5,champ_n20+champ_qtr+champ_large+prox52+momcons,0.20777864567611792,1.2444225467785683,-0.36252219848102263
w3,champ_n20:0.50+champ_large:0.20+prox52:0.30,0.20777592657783606,1.2407398455901537,-0.375130171687837
eq5,champ+champ_n20+champ_tail+mom_only+lowmax,0.20776856730962034,1.3284817495805432,-0.330718397469393
w3,champ_tail:0.34+champ_mid:0.50+lowmax:0.16,0.2077581771333803,1.4150702144669256,-0.3160754522216326
w3,mom_fast:0.34+lowvol:0.50+prox52:0.16,0.2077399555016224,1.1966172460476043,-0.3462880896245527
w2,prox52:0.1+momcons,0.2076647927147226,1.0449981017705607,-0.4389057196364009
eq4,champ+mom_fast+prox52+lowmax,0.20764455698369422,1.1686187126962742,-0.4192242379539378
eq4,champ_tail+champ_mid+prox52+amihud,0.2076378569488253,1.1551198187284177,-0.4738739540455875
eq5,champ_n20+champ_large+champ_tail+prox52+momcons,0.20763678339035385,1.2670376737904152,-0.3583778084145315
eq5,champ_n5+champ_tail+mom_fast+lowmax+momcons,0.2076292620859872,1.244208745122709,-0.3403231636782228
eq5,champ_qtr+champ_tail+mom_fast+lowmax+momcons,0.20761082465137193,1.2471385257828957,-0.35363480540818926
eq5,champ+champ_n20+champ_qtr+champ_tail+lowvol,0.20761054235029963,1.4768911297283802,-0.3021551084774695
w3,champ_qtr:0.20+champ_mid:0.50+lowvol:0.30,0.20758365002516865,1.495566832044704,-0.2867611798370545
w3,champ_large:0.20+mom_fast:0.33+amihud:0.47,0.2075770902843097,0.8957356084952899,-0.5843289564804077
w3,champ_qtr:0.50+momcons:0.33+amihud:0.17,0.2075751454071313,1.1877236771653434,-0.417881835979382
eq5,champ+champ_n5+champ_n20+champ_tail+lowvol,0.20756140834696124,1.467202085719855,-0.29119388758917364
eq5,champ+champ_n5+champ_qtr+champ_tail+lowvol,0.20755126795771384,1.4614629246561022,-0.29416106767064054
w3,champ_n5:0.20+champ_mid:0.50+lowvol:0.30,0.20754964654603092,1.4864810910514885,-0.2758395506451118
eq5,champ_n5+mom_fast+lowvol+prox52+amihud,0.20753137080750617,1.1174296416067486,-0.4623607136707595
eq3,champ+mom_fast+lowmax,0.20751980666262693,1.1859067180741756,-0.3671686853393977
eq5,champ_qtr+mom_fast+lowvol+prox52+amihud,0.20751598536047444,1.119419051901673,-0.47696813128302096
w3,champ_n5:0.50+champ_large:0.20+prox52:0.30,0.20750489717330245,1.2152435405985011,-0.3321379827122116
w3,champ_qtr:0.50+champ_mid:0.20+amihud:0.30,0.2074737206600883,1.185575470735664,-0.42332052416184274
w3,mom_only:0.20+momcons:0.50+amihud:0.30,0.20745389378000811,0.9741783178806762,-0.5389829974470354
eq5,champ+champ_n5+champ_n20+champ_qtr+lowvol,0.20745188403154247,1.414469506411685,-0.29454948477993714
w3,champ:0.34+champ_mid:0.33+lowvol:0.33,0.2074155543653462,1.512039289456842,-0.2804117307624987
w3,champ_tail:0.34+champ_mid:0.33+amihud:0.33,0.20741437072606606,1.1615344862440569,-0.42082964129805
w3,champ_n20:0.20+champ_mid:0.50+lowvol:0.30,0.20740744001192013,1.4884871013965928,-0.2854183394822357
eq5,champ_large+mom_only+prox52+momcons+amihud,0.20738951176504394,1.0488164244875617,-0.5105475108240392
eq4,champ_qtr+mom_fast+lowvol+amihud,0.20737906077736223,1.1183327127930387,-0.4427705756710144
eq4,champ_n5+champ_large+champ_tail+momcons,0.20735714132487715,1.2978065264513605,-0.33082270371328204
eq5,champ_n5+champ_qtr+champ_mid+lowvol+momcons,0.20734839120224624,1.3997938634638998,-0.3083389607804953
eq4,champ_qtr+champ_large+champ_tail+momcons,0.2073425368137869,1.3024394480422588,-0.3437375905560288
eq4,champ_n5+mom_fast+lowvol+amihud,0.20733859662669651,1.1142356447659783,-0.42097413800813266
eq5,champ_n20+champ_qtr+champ_mid+lowvol+momcons,0.2073314088097309,1.4086776294956067,-0.3161618337798312
w3,champ_large:0.20+champ_mid:0.20+prox52:0.60,0.20731398836469705,1.1257256015605597,-0.4613907854303252
w3,champ_large:0.50+mom_only:0.20+prox52:0.30,0.20730110001792723,1.1230404250631265,-0.4072131776359639
eq5,champ_n5+champ_n20+champ_mid+lowvol+momcons,0.2072940282541884,1.4009813126261077,-0.3055907689409004
w2,prox52:0.5+momcons,0.20728146809697345,1.0640831169532916,-0.5136204725631609
eq2,prox52+momcons,0.20728146809697345,1.0640831169532916,-0.5136204725631609
eq5,champ_n20+champ_tail+mom_fast+lowmax+momcons,0.2072712721182972,1.2367521168376376,-0.35040193813194553
w2,champ_n5:0.8+amihud,0.20726320067203718,1.163605346014271,-0.3142372585526113
eq3,champ_tail+champ_mid+amihud,0.20723990061934683,1.158300098223652,-0.4224901984462641
w3,champ_n20:0.34+mom_fast:0.20+amihud:0.46,0.2072148103143876,0.9612426826869599,-0.5588293560622035
eq5,champ+champ_large+champ_mid+momcons+amihud,0.20716054563404707,1.2054512186951165,-0.37369974693303765
w3,champ_n20:0.50+momcons:0.33+amihud:0.17,0.20714966470602958,1.1796338023815283,-0.4047698291599573
eq4,champ_n20+champ_qtr+champ_large+momcons,0.20713815355273724,1.2594244018377696,-0.34567968556356377
eq5,champ_n20+mom_fast+lowvol+prox52+amihud,0.20712555208613792,1.1107251880452627,-0.47440615893738614
eq5,champ_n5+champ_tail+champ_mid+lowvol+momcons,0.2071205406594545,1.4292669165325393,-0.3056493654937582
eq5,champ_qtr+champ_tail+champ_mid+lowvol+momcons,0.20711854109852057,1.4350774869868759,-0.31590798806633935
eq4,champ_n20+champ_large+champ_tail+momcons,0.20711020845285266,1.2961759768333019,-0.3430472841208331
eq5,champ_n5+champ_n20+champ_qtr+momcons+amihud,0.20709146868177442,1.204068124375159,-0.3929665716372751
eq4,champ_n5+champ_n20+champ_large+momcons,0.20709086288070733,1.2528540654319082,-0.332827993546289
w3,champ_qtr:0.34+champ_large:0.20+momcons:0.46,0.20708282380397702,1.2033943055455443,-0.36187873544887317
w3,champ_large:0.20+champ_tail:0.50+prox52:0.30,0.20708067744043013,1.2763722110604367,-0.3682093663892444
eq5,champ_n5+champ_mid+mom_only+lowmax+momcons,0.2070710125969384,1.2559756507003,-0.3366587873307324
eq5,champ_qtr+champ_mid+mom_only+lowmax+momcons,0.2070657325773677,1.2595771300486829,-0.3469896906254897
eq4,champ_n5+champ_qtr+champ_large+momcons,0.20705126856941036,1.2475512318915336,-0.3346292660182679
w3,champ_n5:0.50+momcons:0.33+amihud:0.17,0.20703854915499842,1.1629842533905252,-0.3716557202726113
eq5,champ_n5+champ_qtr+champ_tail+momcons+amihud,0.20701173705914755,1.2236558668843251,-0.3947312887589207
eq5,champ_mid+mom_only+lowvol+prox52+amihud,0.20699809397657987,1.147438933157416,-0.4536808268622514
w3,champ_n5:0.50+champ_mid:0.20+amihud:0.30,0.20699566611908127,1.1628776014076043,-0.37879979964335975
eq3,champ+champ_mid+lowvol,0.20698470209616393,1.5113500726303593,-0.28006128121421936
w3,champ_tail:0.20+champ_mid:0.50+lowvol:0.30,0.20697635614360022,1.50446489868384,-0.2855333324313407
eq5,champ_n5+champ_qtr+mom_fast+prox52+lowmax,0.20697502963602332,1.2179410160862685,-0.3848214019422863
w3,champ_n20:0.50+champ_mid:0.20+amihud:0.30,0.20693956484803544,1.1740169095424975,-0.4120778960566782
w3,champ_n5:0.34+champ_large:0.20+momcons:0.46,0.20689907416843,1.1916472976411552,-0.34476901748366684
eq4,champ_n20+mom_fast+lowvol+amihud,0.20689302935733345,1.1075775258695015,-0.43706416640188495
eq5,champ_n20+champ_tail+champ_mid+lowvol+momcons,0.20689022221665576,1.4255877477959127,-0.3162146090610052
eq4,champ+champ_qtr+prox52+amihud,0.20688055272488248,1.1479195602734615,-0.48542546532206665
w3,mom_only:0.20+lowvol:0.20+prox52:0.60,0.20687677243916114,1.0843232983926205,-0.5033578373497458
w3,champ_n20:0.34+champ_large:0.20+momcons:0.46,0.20686632491905477,1.2001639595181655,-0.3605491253840688
eq4,champ_large+mom_only+momcons+amihud,0.20683477246953164,1.0247589763143168,-0.4876218139345255
eq5,champ_n5+champ_n20+champ_tail+momcons+amihud,0.20681174197415642,1.2189467506140899,-0.38915674704979175
eq5,champ+mom_only+lowvol+momcons+amihud,0.20681064505463498,1.1554980376786548,-0.4174376219732645
eq5,champ_n5+champ_large+mom_only+lowvol+momcons,0.20680438148526292,1.2550624323083879,-0.3193922007817328
eq5,champ_n5+champ_n20+mom_fast+prox52+lowmax,0.20680002472427894,1.2141987455836365,-0.3792406295990933
eq5,champ_n20+champ_qtr+mom_fast+prox52+lowmax,0.20679515060834985,1.2173569014350454,-0.39823046725485933
eq5,champ_qtr+champ_large+mom_only+lowvol+momcons,0.20678796288326096,1.2581496152978666,-0.32998151917653484
eq4,champ+champ_n5+prox52+amihud,0.20678486825213072,1.1417839163009922,-0.4676730695945295
eq5,champ_n20+champ_qtr+champ_tail+momcons+amihud,0.20678276591403,1.2212876597432043,-0.4078005851741706
w3,champ:0.34+champ_qtr:0.33+amihud:0.33,0.20678221721051715,1.1556120514305122,-0.44075695955862937
eq5,champ_large+champ_mid+mom_fast+lowvol+amihud,0.20678037031426122,1.172307484554394,-0.3802918126804685
w3,champ_n20:0.34+champ_qtr:0.50+lowvol:0.16,0.20677957523021506,1.3954935577327905,-0.3123496481675043
w2,champ:0.5+champ_large,0.2067751501140127,1.2416064148633807,-0.32007928555027887
eq2,champ+champ_large,0.2067751501140127,1.2416064148633807,-0.32007928555027887
eq5,champ_n20+champ_mid+mom_only+lowmax+momcons,0.20677240978513511,1.2506335889590672,-0.34422037746138967
w3,mom_fast:0.20+lowvol:0.33+momcons:0.47,0.2067092221869402,1.1861880278304022,-0.3428486515921354
w3,champ_n5:0.34+champ_n20:0.50+lowvol:0.16,0.20664344955347613,1.3823389108105317,-0.29150778786210785
w3,champ:0.20+mom_only:0.33+lowvol:0.47,0.20662836828197584,1.3124571333564201,-0.28913421576597376
eq5,champ_tail+mom_fast+lowvol+prox52+amihud,0.20662664599930225,1.11339917567312,-0.47474482476476587
eq4,champ+champ_n20+prox52+amihud,0.2066073154203003,1.1424288344792728,-0.48222253860603814
w3,champ_large:0.20+champ_tail:0.33+momcons:0.47,0.20658240162985875,1.228929587263578,-0.35885695092256853
w2,champ:0.6+amihud,0.2065669614878709,1.1014619906655039,-0.46275648668418656
eq5,champ_n20+champ_large+mom_only+lowvol+momcons,0.20655676579680837,1.251746910207918,-0.3279403531029307
w3,champ_n5:0.20+champ_n20:0.50+champ_large:0.30,0.20655634614133866,1.2827105309818232,-0.3155477392554227
w3,champ_n20:0.50+champ_qtr:0.20+champ_large:0.30,0.20654933337650405,1.2864059368743825,-0.3261062106492867
eq4,champ_mid+mom_only+lowvol+amihud,0.2065249887527303,1.1474151468618208,-0.4086383284611962
w3,champ:0.34+champ_n20:0.33+amihud:0.33,0.2065239173570741,1.1513665517044536,-0.4332541830385771
eq5,champ_n5+champ_tail+mom_fast+prox52+lowmax,0.206522867338093,1.226961333558842,-0.381554661560469
eq4,champ_n5+champ_qtr+mom_fast+lowmax,0.20650826960607116,1.2393961548154842,-0.3291548961398615
eq5,champ_large+champ_tail+mom_only+lowvol+momcons,0.20650643336495245,1.275879201541988,-0.32692338456473113
w3,champ:0.34+champ_n5:0.33+amihud:0.33,0.2064998323291558,1.1426938335124044,-0.4124259655646867
eq5,champ_qtr+champ_tail+mom_fast+prox52+lowmax,0.20647875154058593,1.2287731130353416,-0.400546260713582
eq5,champ_n5+champ_qtr+champ_mid+lowvol+prox52,0.20645659400222094,1.3876369331954732,-0.30734939719509513
w3,champ_n20:0.20+champ_qtr:0.50+champ_large:0.30,0.20643396699575844,1.276351847364783,-0.32972540954664353
eq4,champ_n20+champ_qtr+mom_fast+lowmax,0.20641609646746684,1.2438752679365614,-0.3447721955190026
eq5,champ_tail+champ_mid+mom_only+lowmax+momcons,0.20641015127057094,1.2614401772534682,-0.34391952668075376
eq5,champ_n20+champ_qtr+champ_mid+lowvol+prox52,0.20640431407751025,1.394268386478278,-0.3151946597835542
eq5,champ_n5+champ_n20+champ_mid+lowvol+prox52,0.206392734721083,1.3882597397311973,-0.30441830963799854
w3,mom_only:0.34+momcons:0.20+amihud:0.46,0.20638405863389164,0.8955439778435795,-0.6014946383204391
eq4,champ_n5+champ_n20+mom_fast+lowmax,0.20635903270751066,1.2371392158461945,-0.32616408882151315
eq3,champ+champ_qtr+amihud,0.20631683346927887,1.1512531727305704,-0.443089919926448
w2,mom_fast:0.4+lowvol,0.20631074656295412,1.2024546592018375,-0.2890885811823467
w2,champ_n20:0.7+champ_large,0.20630428365284903,1.2789836764663798,-0.32530670600030076
eq5,champ_n5+champ_mid+mom_only+prox52+lowmax,0.2062963388043182,1.2513586068540226,-0.35400644152266714
eq5,champ_qtr+champ_mid+mom_only+prox52+lowmax,0.2062653326066044,1.253865658901543,-0.37226679557835185
eq4,champ+champ_tail+prox52+amihud,0.2062520528347338,1.1546553563807256,-0.48240092164575077
eq4,champ_n5+champ_large+champ_tail+prox52,0.20624057705578358,1.2851693719386652,-0.3294776886572284
w3,champ_n5:0.20+champ_qtr:0.50+champ_large:0.30,0.20623070322120696,1.260743861502816,-0.3220014004793589
eq4,champ_qtr+champ_large+champ_tail+prox52,0.20618550461936702,1.287856666254319,-0.35243740721845007
eq4,champ_tail+mom_fast+lowvol+amihud,0.2061827353210277,1.1085271725884642,-0.43923002770332287
w3,champ_n5:0.34+champ_qtr:0.50+lowvol:0.16,0.20618198302702884,1.3474812401528646,-0.29895227556308324
eq5,champ_n5+champ_tail+champ_mid+lowvol+prox52,0.20617754610812145,1.4133582123119153,-0.30407036089870665
w2,prox52:0.6+momcons,0.20617642411951076,1.046071820832136,-0.5337318909208977
eq5,champ_qtr+champ_tail+champ_mid+lowvol+prox52,0.20614973234818645,1.4173966445826915,-0.31487135783819253
w3,champ_mid:0.50+mom_fast:0.20+lowmax:0.30,0.20614755437949728,1.2890449137812214,-0.32835162205989943
eq5,champ_n20+champ_tail+mom_fast+prox52+lowmax,0.20613009843797658,1.21841449741882,-0.3955246363083177
w3,champ_tail:0.34+mom_fast:0.20+amihud:0.46,0.20607408641364877,0.9579005289734092,-0.5594972579481353
eq5,champ+champ_large+champ_mid+prox52+amihud,0.20607239041302594,1.1901811213161688,-0.41863138829974833
eq3,champ+champ_n20+amihud,0.20605128445592236,1.1468527954904992,-0.4355461086340944
w3,champ_qtr:0.34+champ_tail:0.50+lowvol:0.16,0.20604802865513427,1.4539586787088283,-0.30924608812909016
eq4,champ_n20+champ_qtr+champ_large+prox52,0.2060477640470728,1.2486150030827763,-0.35046002687451006
eq4,champ_n5+champ_n20+champ_large+prox52,0.20604090289987487,1.2438041125501336,-0.3299346725203761
w2,champ_qtr:0.7+champ_large,0.20603522389179196,1.25630527925374,-0.33256815312111376
w3,champ:0.34+champ_tail:0.33+amihud:0.33,0.20603507021719625,1.1675394905114902,-0.43569124973547646
eq5,champ_n5+champ_n20+champ_qtr+prox52+amihud,0.20603250224520808,1.1899096476884434,-0.4372813199638227
eq3,champ+champ_n5+amihud,0.20603177601222744,1.1383183736010116,-0.4145847197045641
eq5,champ_n5+champ_large+mom_only+lowvol+prox52,0.2060226780215053,1.2501248495324524,-0.33283727150250275
eq4,champ_n5+champ_qtr+champ_large+prox52,0.20601623417471315,1.2391580055185536,-0.3365641821298856
w3,champ_n5:0.34+champ_tail:0.50+lowvol:0.16,0.20600442870499247,1.4406151707477375,-0.29090384576450123
w3,mom_only:0.34+lowmax:0.20+momcons:0.46,0.20600338842797639,1.0620828261885231,-0.41697598637344324
eq4,champ_n5+champ_tail+mom_fast+lowmax,0.20599572590057957,1.2538016583061182,-0.32622280396226055
eq4,champ_qtr+champ_tail+mom_fast+lowmax,0.20599153906689516,1.2583734618292672,-0.33993319340842754
eq5,champ_qtr+champ_large+mom_only+lowvol+prox52,0.2059804772821916,1.2521192694347396,-0.3531574121889487
eq5,champ_n20+champ_mid+mom_only+prox52+lowmax,0.20596250218245693,1.2446100516742327,-0.37022679266911307
w3,champ_n5:0.20+mom_only:0.50+lowmax:0.30,0.20595945005333105,1.0892976876686429,-0.38608614610309067
w3,champ_n5:0.50+champ_n20:0.20+champ_large:0.30,0.2059573363283418,1.2472484413172344,-0.30299209398429205
eq4,champ_n20+champ_large+champ_tail+prox52,0.2059389156913427,1.2810977843740237,-0.3448466604949997
eq5,champ_n20+champ_tail+champ_mid+lowvol+prox52,0.20591227231664067,1.407622467179075,-0.31198786938718415
eq5,champ_n5+champ_qtr+champ_tail+prox52+amihud,0.20591084500055623,1.2073399210311113,-0.438465845574888
w3,champ_qtr:0.20+mom_only:0.50+lowmax:0.30,0.20589996098511376,1.0900716072375,-0.40755001734508267
w3,champ:0.20+champ_qtr:0.50+amihud:0.30,0.20588836893328666,1.1697246751292543,-0.43339411749268875
w2,champ_n5:0.2+prox52,0.20583503957579596,1.0287269485551938,-0.5384094141905504
w3,champ_tail:0.50+momcons:0.33+amihud:0.17,0.20580929874836817,1.18601692983847,-0.41041661577901145
w2,champ_qtr:0.2+prox52,0.20578066123237737,1.029372830320031,-0.5509983845847322
w3,champ_n20:0.50+champ_qtr:0.33+lowvol:0.17,0.20576889254519326,1.402862563417453,-0.3088612903808521
w3,champ_n5:0.50+champ_qtr:0.20+champ_large:0.30,0.20574714536851912,1.235969242445948,-0.30593437701810455
eq5,champ+champ_n20+champ_qtr+lowvol+momcons,0.20574063451086722,1.384029446493565,-0.31755622300151776
eq5,champ_n20+champ_large+mom_only+lowvol+prox52,0.20573986155119717,1.2453887880754928,-0.3471574721910202
eq5,champ+mom_only+lowvol+prox52+amihud,0.2057394147824516,1.1424458766912997,-0.461637511663736
eq5,champ+champ_qtr+champ_tail+lowvol+momcons,0.2057066587343137,1.420049072868276,-0.31721107032621554
eq5,champ_n5+champ_n20+champ_tail+prox52+amihud,0.20570163652176143,1.2024429040883553,-0.43394569602745703
w3,champ:0.20+champ_large:0.20+prox52:0.60,0.20569730666029074,1.1108382662078118,-0.4700536944708199
w3,champ_n20:0.34+champ_tail:0.50+lowvol:0.16,0.20569521711877603,1.4394260654855426,-0.3091995968951212
eq5,champ_n5+champ_large+champ_mid+mom_fast+lowmax,0.20568634801440067,1.2694079822615425,-0.322804019535588
eq5,champ_qtr+champ_large+champ_mid+mom_fast+lowmax,0.2056776994179097,1.2729927753937396,-0.3333341366335816
eq5,champ+champ_n5+champ_tail+lowvol+momcons,0.20565259831508476,1.4110460417534263,-0.30647358674355396
eq5,champ_large+champ_tail+mom_only+lowvol+prox52,0.20564728057636694,1.2674963050117978,-0.3492508377019604
eq5,champ_n20+champ_qtr+champ_tail+prox52+amihud,0.20564721637796746,1.20374813168997,-0.4508787715720327
eq5,champ+champ_n5+champ_n20+lowvol+momcons,0.2056471398765396,1.3736209958591605,-0.3068435256909695
eq5,champ+champ_n5+champ_qtr+lowvol+momcons,0.2056149640114442,1.3677613249593923,-0.30976258925583267
w3,champ_large:0.34+champ_mid:0.20+momcons:0.46,0.20560232495908815,1.199130203812656,-0.35790770547647976
w3,champ_qtr:0.50+prox52:0.33+amihud:0.17,0.20559953734814407,1.1581999042885378,-0.48534949678092754
w3,champ:0.34+lowvol:0.20+momcons:0.46,0.20558508486977,1.2866936865992722,-0.334179877573894
eq5,champ+champ_qtr+mom_only+lowmax+momcons,0.20557464757405208,1.2448796940711278,-0.34832966344953564
w3,champ:0.20+champ_n20:0.50+amihud:0.30,0.20557087910387883,1.165386981743637,-0.4216183445160264
eq4,champ_n20+champ_tail+mom_fast+lowmax,0.20557069651411775,1.2449895705992633,-0.3418241856680926
eq5,champ+champ_n20+champ_tail+lowvol+momcons,0.20556503966558703,1.4159941905875584,-0.3159550711229079
eq5,champ_tail+champ_mid+mom_only+prox52+lowmax,0.20555852966402854,1.253587866349514,-0.3697626856297701
eq3,champ+champ_tail+amihud,0.20554301805563435,1.1625442515010205,-0.43800944009181053
eq5,champ+champ_n5+mom_only+lowmax+momcons,0.20552385668561457,1.2391989822412919,-0.3380307376829993
w3,champ_qtr:0.50+champ_tail:0.33+lowvol:0.17,0.20551094748824394,1.4493524645843645,-0.3107797650559072
w2,champ_tail:0.8+amihud,0.20550991449910194,1.209049261997145,-0.3783109419210152
w3,champ_n20:0.20+mom_only:0.50+lowmax:0.30,0.20550295335106106,1.0817714934084146,-0.41168908534860826
w2,champ_n20:0.2+prox52,0.20549322070274756,1.0247694845141075,-0.5487352801497847
w3,champ_qtr:0.34+momcons:0.50+amihud:0.16,0.20548832448223275,1.1330140562004107,-0.4358626205529167
w3,champ_large:0.20+champ_mid:0.50+amihud:0.30,0.20547306682383648,1.1704821410385051,-0.3824771895349164
eq4,champ_large+mom_only+prox52+amihud,0.20544640126780211,1.012118321526548,-0.534668706920542
eq5,champ_n20+champ_large+champ_mid+mom_fast+lowmax,0.20542277649610563,1.2652931795392777,-0.3327453850427372
eq4,champ_qtr+champ_mid+mom_only+lowmax,0.20541935301076308,1.2796985949864665,-0.3355693944618384
eq4,champ_n5+champ_mid+mom_only+lowmax,0.20540300774416953,1.2739070946074225,-0.3226995119992422
eq4,champ+champ_large+champ_mid+amihud,0.20537137441961595,1.2024695487784243,-0.36414002361828224
eq5,champ+champ_n20+mom_only+lowmax+momcons,0.20536824382125252,1.2395574028451501,-0.3455640325068927
w3,champ:0.34+champ_n20:0.20+champ_large:0.46,0.20535991629797357,1.2492601641085181,-0.3220111300447548
w2,champ_large:0.3+champ_tail,0.2053435441009741,1.338401266500307,-0.3254251865702994
w3,champ:0.34+champ_qtr:0.20+champ_large:0.46,0.20532554840603767,1.2447946865059276,-0.3238527755913886
eq4,champ_n20+champ_qtr+champ_mid+lowvol,0.2052955476214715,1.4635044624906832,-0.29598661438780016
eq5,champ+champ_mid+mom_fast+lowmax+amihud,0.20529474978800777,1.15257905000554,-0.40998685227089715
w3,champ_n5:0.34+momcons:0.50+amihud:0.16,0.2052943792705817,1.1229865344362127,-0.40561130018758984
eq5,champ+champ_large+mom_fast+lowvol+amihud,0.2052919913601552,1.1598318228839537,-0.391684227684149
w3,champ:0.20+champ_n5:0.50+amihud:0.30,0.20527016482035654,1.143522150432482,-0.3894765530750861
w3,champ:0.34+champ_n5:0.20+champ_large:0.46,0.2052566564301903,1.238548884873622,-0.31317707743916057
eq4,champ_n5+champ_n20+champ_qtr+amihud,0.20524765752425855,1.1994334482315714,-0.38951846269412005
w3,champ_tail:0.50+champ_mid:0.20+amihud:0.30,0.20524057209263957,1.1683801232406044,-0.41643113380202124
w3,champ_n20:0.50+champ_tail:0.33+lowvol:0.17,0.20524045398515578,1.4441686348549014,-0.30810689592567997
w3,champ_large:0.50+champ_tail:0.20+champ_mid:0.30,0.20523083446724488,1.323725379455743,-0.3198652187198088
eq4,champ_n5+champ_n20+champ_mid+lowvol,0.2052127525664169,1.4500825890880102,-0.2821690529720099
eq5,champ_large+champ_tail+champ_mid+mom_fast+lowmax,0.20520780817433004,1.283324928396977,-0.3328201309817391
eq4,champ_n5+champ_qtr+champ_mid+lowvol,0.2051887295697623,1.4423204963993475,-0.2859359757012955
eq5,champ+champ_tail+mom_only+lowmax+momcons,0.2051849046211076,1.2575094481578117,-0.34524076549350435
w3,champ_mid:0.34+lowvol:0.20+prox52:0.46,0.20517958849683948,1.2520141279456565,-0.3800954698951756
w3,champ_n5:0.50+prox52:0.33+amihud:0.17,0.20516926566967997,1.1382741586635778,-0.44764486258305314
w2,champ_tail:0.2+prox52,0.20514898915915203,1.029603623336223,-0.548780474270214
w3,champ_qtr:0.34+champ_large:0.33+champ_tail:0.33,0.20514413915222174,1.3374036770835476,-0.3270253420766165
w3,champ_n20:0.50+prox52:0.33+amihud:0.17,0.20513615332753043,1.1493781676085086,-0.47707741932220105
eq5,champ_n5+mom_only+mom_fast+lowvol+lowmax,0.20513263498966672,1.2017014433476747,-0.322678187768095
w2,champ_mid:0.1+prox52,0.2051298784113018,0.9833999964525835,-0.5732193386691395
eq4,champ_n5+champ_qtr+champ_tail+amihud,0.20512705446581236,1.2234459738607701,-0.3911279780282557
eq5,champ_qtr+mom_only+mom_fast+lowvol+lowmax,0.2051227825396409,1.2046150522795631,-0.3433617593008126
w3,champ_tail:0.20+mom_only:0.50+lowmax:0.30,0.20512264811460024,1.087169930649865,-0.4033104360561508
w3,champ_n5:0.50+champ_n20:0.33+lowvol:0.17,0.205117817723512,1.3502435903294732,-0.2840411917429406
w3,champ_n5:0.34+champ_large:0.33+champ_tail:0.33,0.2051167131197431,1.3281062210802383,-0.3088010987762225
w3,champ_n5:0.20+champ_large:0.50+champ_mid:0.30,0.20510269402772652,1.2802386429063168,-0.3114913709206244
w3,champ_n5:0.50+champ_tail:0.33+lowvol:0.17,0.20509997302186966,1.4087678766736762,-0.2833778942547307
eq4,champ_n5+champ_large+mom_only+lowvol,0.20509505168592046,1.2738945680550924,-0.3000889978395235
eq4,champ_qtr+champ_large+mom_only+lowvol,0.2050941361414984,1.2788415337554104,-0.31365693554218876
eq5,mom_only+mom_fast+lowmax+momcons+amihud,0.20508006951301616,0.9949866518280834,-0.5058998848475739
w3,champ_n20:0.34+momcons:0.50+amihud:0.16,0.2050722483447185,1.1244607239215523,-0.42778222628864027
w3,mom_only:0.34+prox52:0.20+amihud:0.46,0.20507187511768765,0.8861755428709728,-0.6335717729732807
w3,champ_qtr:0.20+champ_large:0.50+champ_mid:0.30,0.20507096289540905,1.2828666299199187,-0.3222175430092714
eq4,champ_n20+champ_mid+mom_only+lowmax,0.20507054942653302,1.268550035681511,-0.33226708372611036
eq5,champ_n5+champ_qtr+mom_only+lowvol+amihud,0.20502706507110546,1.2006204323264564,-0.38449139123377274
w3,champ_large:0.50+mom_only:0.33+lowvol:0.17,0.20501909002268226,1.1592399605260084,-0.3234244562835903
w3,champ_qtr:0.50+champ_large:0.33+champ_tail:0.17,0.20499816936765303,1.3023581698284308,-0.3295527026713114
eq4,champ+mom_only+lowvol+amihud,0.20498905940762024,1.1422985041078184,-0.4192824445527451
w3,champ_n5:0.20+champ_large:0.33+champ_tail:0.47,0.20496784140186275,1.3493867144671257,-0.31478205071457876
w3,champ_n20:0.20+champ_large:0.50+champ_mid:0.30,0.2049677095450979,1.2816754049370571,-0.32100855205989187
eq4,champ_qtr+champ_tail+champ_mid+lowvol,0.20496743624005864,1.497977231595738,-0.29558006391301483
eq3,champ_qtr+champ_large+champ_tail,0.2049467942242118,1.3364606408776596,-0.3269414395183715
eq4,champ_n5+champ_tail+champ_mid+lowvol,0.20494614993226223,1.487784032754105,-0.28179644204429066
eq3,champ_n5+champ_large+champ_tail,0.20492897463673998,1.327796474638464,-0.30907474459737483
w3,champ_n20:0.34+champ_large:0.33+champ_tail:0.33,0.204925436413381,1.3329367606571416,-0.3252243640018062
eq4,champ_n5+champ_n20+champ_tail+amihud,0.20492393354837035,1.2192319042179796,-0.38498854795682746
w3,champ_n20:0.50+champ_large:0.33+champ_tail:0.17,0.2049173789986356,1.3075832352942207,-0.32515388058730665
w2,champ_n5:0.7+champ_large,0.20490728476304,1.201272355818302,-0.2950779340077102
eq4,champ_n20+champ_qtr+champ_tail+amihud,0.20490355212627898,1.2227727672668494,-0.407839322655023
w3,champ_qtr:0.20+champ_large:0.33+champ_tail:0.47,0.20486426708165895,1.3488815214331036,-0.32499660598750413
eq5,champ+champ_n20+champ_qtr+lowvol+prox52,0.20486062630570245,1.3726224325479508,-0.3165992245621615
eq4,champ_n20+champ_large+mom_only+lowvol,0.20484225623036378,1.2719130319189549,-0.31002499455369126
w3,champ:0.50+champ_large:0.33+amihud:0.17,0.20483988772883532,1.2134138647833288,-0.34131212346904927
eq5,champ+champ_qtr+mom_only+prox52+lowmax,0.2048213742260654,1.2410657181049711,-0.38326590150487116
eq5,champ_n5+champ_n20+mom_only+lowvol+amihud,0.20481441381353505,1.1956391021925772,-0.3788218618514252
eq5,champ+champ_n5+mom_only+prox52+lowmax,0.20479634148234305,1.236441805861423,-0.36396344613854026
eq5,champ_n20+champ_qtr+mom_only+lowvol+amihud,0.20479421358275807,1.1981269055091446,-0.3977334080978182
eq5,champ+champ_n5+champ_n20+lowvol+prox52,0.2047929650630389,1.363841569788132,-0.3058562856300767
eq5,champ+champ_qtr+champ_tail+lowvol+prox52,0.20478460914114804,1.4054001086760743,-0.3162526719213312
eq4,champ_mid+prox52+momcons+amihud,0.20478232324102108,1.0878264804158537,-0.5075474667537063
w3,champ_n20:0.34+champ_qtr:0.33+champ_large:0.33,0.2047784098586345,1.2711483240035149,-0.3274494369110592
eq5,champ_n20+mom_only+mom_fast+lowvol+lowmax,0.2047710603519497,1.1946403777754084,-0.34221436552895534
eq5,champ+champ_n5+champ_qtr+lowvol+prox52,0.2047703315231597,1.358580272914598,-0.3087833214652056
eq4,champ_large+champ_tail+mom_only+lowvol,0.20476742277460014,1.3042834537334977,-0.3096022012982207
eq5,champ+champ_n5+champ_tail+lowvol+prox52,0.20475640086967983,1.3981764074875385,-0.3054848686276447
w3,champ_n5:0.50+champ_qtr:0.33+lowvol:0.17,0.20474849610822,1.3251291776403573,-0.2890143223400712
eq3,champ_n20+champ_large+champ_tail,0.20472782440856263,1.3318510781006074,-0.32523613048544553
eq4,champ_n20+champ_tail+champ_mid+lowvol,0.20472011198509854,1.4869250344466882,-0.2954048444026335
eq5,champ_n5+champ_qtr+champ_large+champ_mid+amihud,0.20467099967981417,1.2312090041662607,-0.33913711116066136
w2,prox52:0.7+momcons,0.20466954257198,1.0204427410176355,-0.5533101715858866
w3,champ_n20:0.20+champ_large:0.33+champ_tail:0.47,0.20465139784801223,1.341784270695019,-0.3253124613168845
w3,champ_n5:0.34+champ_n20:0.33+champ_large:0.33,0.2046361991595007,1.2584237432202448,-0.3094363410622867
eq5,champ+champ_n20+champ_tail+lowvol+prox52,0.2046337886431182,1.400876459830696,-0.3133730113829334
w3,champ_n5:0.50+champ_large:0.33+champ_tail:0.17,0.20461543703608864,1.2748361602864935,-0.30276372287703235
eq5,champ+champ_n20+mom_only+prox52+lowmax,0.20460541253340647,1.235386658751271,-0.38270823217121575
w3,champ_qtr:0.20+champ_large:0.20+momcons:0.60,0.204590252721782,1.1455544514339806,-0.3720966419687093
eq3,champ_n20+champ_qtr+champ_large,0.20457778787358216,1.2694736242229405,-0.3275126184801841
w3,champ_n5:0.20+champ_large:0.20+momcons:0.60,0.20457131406510354,1.1421960348720783,-0.3622229021490696
eq5,champ_n5+champ_tail+mom_only+lowvol+amihud,0.2045564398583013,1.2085805518625903,-0.3809001898341762
eq5,champ_n5+champ_n20+champ_large+champ_mid+amihud,0.20455523084858473,1.2295977698958536,-0.33747600983856363
w3,mom_only:0.20+mom_fast:0.20+amihud:0.60,0.2045381449239041,0.8269529013038684,-0.650373501763118
eq5,champ_n20+champ_qtr+champ_large+champ_mid+amihud,0.20453658087871007,1.232409981673436,-0.35322251754130063
eq5,champ_n5+champ_large+champ_tail+champ_mid+amihud,0.20453466671076925,1.2538722009426568,-0.33685637758765985
eq4,champ_tail+champ_mid+mom_only+lowmax,0.20450921459643867,1.278374200086297,-0.33257605004157476
w3,champ_qtr:0.34+champ_large:0.20+prox52:0.46,0.20449851375019268,1.166286982346542,-0.4359699171696493
eq5,champ_qtr+champ_tail+mom_only+lowvol+amihud,0.2044969098378202,1.2097464661199906,-0.3998210580412801
eq5,champ_qtr+champ_large+champ_tail+champ_mid+amihud,0.20447652115209203,1.2552768722739374,-0.3552493294443956
w3,champ_large:0.50+champ_mid:0.33+momcons:0.17,0.20447535285440566,1.2606528585974743,-0.3340676504668333
eq3,champ_n5+champ_n20+champ_large,0.2044497860256982,1.257658813869127,-0.3097141500290347
w2,champ:0.1+prox52,0.2044435564388154,0.9801381687528847,-0.5764187253201678
w3,champ_large:0.20+champ_tail:0.20+momcons:0.60,0.20442942635584926,1.1618972930723905,-0.36983603045633995
w3,champ_n5:0.34+champ_large:0.20+prox52:0.46,0.2044158134129168,1.1587477890130446,-0.4063954864654128
w3,champ_tail:0.34+momcons:0.50+amihud:0.16,0.20439910706186493,1.1346704417247646,-0.43125100779352543
w3,champ_n20:0.20+champ_large:0.20+momcons:0.60,0.20439427611212646,1.1417521250598357,-0.3713269671702386
eq5,champ+champ_tail+mom_only+prox52+lowmax,0.20438003406991467,1.2515305359058648,-0.38034547116355444
w3,champ_n5:0.34+champ_qtr:0.33+champ_large:0.33,0.20437120666636122,1.242424856941112,-0.3142387602333959
eq5,champ_qtr+champ_mid+lowvol+prox52+momcons,0.20435066312082584,1.3378283375653464,-0.3299722315557617
w2,champ:0.8+lowmax,0.20434105176921857,1.3540317741042935,-0.31695705657490647
eq5,champ_n5+champ_mid+lowvol+prox52+momcons,0.20433407070505694,1.332219176918585,-0.31941593782245425
w3,champ:0.20+champ_tail:0.50+amihud:0.30,0.20431956927547756,1.1743819577030177,-0.4258108699411818
eq5,champ_tail+mom_only+mom_fast+lowvol+lowmax,0.2043191058639411,1.2005096033657245,-0.340730664975205
w3,champ_n20:0.34+champ_large:0.20+prox52:0.46,0.2042458444728419,1.1620784459951776,-0.4267692667251761
eq5,champ_n20+champ_large+champ_tail+champ_mid+amihud,0.20418736453748565,1.2464347752491565,-0.34938751851512584
eq3,champ_n5+champ_qtr+champ_large,0.20418636544941116,1.2416730974929444,-0.314562858584423
w3,champ:0.20+champ_large:0.33+momcons:0.47,0.2041456435964275,1.1722896898074295,-0.35990547455005184
eq5,champ_n20+champ_mid+lowvol+prox52+momcons,0.2041353448249561,1.330621190959268,-0.3271352884061385
eq5,champ_n20+champ_tail+mom_only+lowvol+amihud,0.20411098464126476,1.1983522860233902,-0.3947487758660394
w2,champ_n20:0.9+lowmax,0.204097875147069,1.3329188240996714,-0.32467313197816183
w3,champ_mid:0.34+momcons:0.33+amihud:0.33,0.20406659495341728,1.0764585645976665,-0.4692934477302686
eq5,champ_qtr+mom_fast+prox52+lowmax+momcons,0.20405057502274992,1.1570151662078203,-0.43119970044625644
eq5,champ_n5+mom_fast+prox52+lowmax+momcons,0.2040504233975846,1.1541393586057875,-0.4133231763722752
eq3,champ_large+mom_only+amihud,0.20404940889086687,0.9730661972616176,-0.5111566492039763
eq5,champ+champ_qtr+champ_large+mom_fast+lowmax,0.2040048838471089,1.250077967821381,-0.33472549702416565
eq5,mom_fast+lowvol+prox52+momcons+amihud,0.2039767950144593,1.055648282955214,-0.5027266000555387
eq5,champ+champ_n5+champ_large+mom_fast+lowmax,0.2039574157522135,1.2444219389614635,-0.32422823962200553
w3,champ:0.50+champ_tail:0.20+lowvol:0.30,0.20391368815944477,1.4968018703077652,-0.2867907331591675
w3,champ:0.50+champ_n20:0.20+lowvol:0.30,0.20389758951976256,1.449816115488425,-0.28715746036600254
w3,champ:0.50+champ_qtr:0.20+lowvol:0.30,0.20385748381230862,1.4421180680107812,-0.2901474820764326
eq5,champ+champ_n20+champ_large+mom_fast+lowmax,0.20383673143532244,1.246218941593981,-0.3336981072523081
eq5,mom_only+mom_fast+prox52+lowmax+amihud,0.203800559400648,0.9824238620550513,-0.5456918910501614
eq5,champ+champ_large+champ_tail+mom_fast+lowmax,0.20380020612979144,1.2712644002176257,-0.3325944372180062
w3,champ_large:0.50+champ_mid:0.33+prox52:0.17,0.20379248816189688,1.2554439569866827,-0.3306680238007691
eq5,champ_tail+champ_mid+lowvol+prox52+momcons,0.20378797100978008,1.3455533661781325,-0.3268290617860051
w3,champ_large:0.34+mom_only:0.33+amihud:0.33,0.20375973134723213,0.9748007118274914,-0.508918726030976
w3,champ_large:0.34+champ_mid:0.50+lowvol:0.16,0.20375186353995112,1.3886603609077048,-0.300029098901864
eq5,champ_n20+mom_fast+prox52+lowmax+momcons,0.20372432765208393,1.1489621696274328,-0.4260796763925815
w3,champ_large:0.20+champ_tail:0.33+prox52:0.47,0.20371460980914713,1.1807613213549208,-0.4334885211463889
w3,champ:0.50+champ_n5:0.20+lowvol:0.30,0.2036834728324488,1.4249956014975937,-0.2790678002613852
w3,mom_only:0.20+prox52:0.50+amihud:0.30,0.20366327577280563,0.9367051028158836,-0.6259153427553471
w2,champ_qtr:0.9+lowmax,0.2036283641165293,1.293561100111418,-0.33458644907186963
w3,champ_tail:0.50+prox52:0.33+amihud:0.17,0.20362665304221395,1.1495198178201615,-0.4783595660567559
w2,champ_large:0.1+momcons,0.2035964840531308,1.038129704084367,-0.40480393159943495
eq4,champ+champ_qtr+mom_only+lowmax,0.20359437150633708,1.2620266075437556,-0.33704197693327786
eq4,champ+champ_n5+mom_only+lowmax,0.20349058598292835,1.2528096551627101,-0.323937132886325
eq5,champ_n5+champ_qtr+prox52+momcons+amihud,0.2034875986699114,1.1391040896185334,-0.46745217615971457
eq3,champ_mid+momcons+amihud,0.20347806597374163,1.0709460826919819,-0.47232035458333843
w3,champ:0.34+champ_large:0.50+champ_tail:0.16,0.20338695612983715,1.2696954224944361,-0.321183988933872
eq4,champ+champ_n20+mom_only+lowmax,0.20338115668139323,1.2568502361054867,-0.33511307924207123
eq4,champ+champ_n20+champ_qtr+lowvol,0.20331587938581364,1.4295393316454732,-0.29777453588425395
eq5,champ_tail+mom_fast+prox52+lowmax+momcons,0.2033156604874049,1.1552570842387029,-0.4280267203846003
eq5,champ_n5+champ_n20+prox52+momcons+amihud,0.2033004788905879,1.1355890446177448,-0.46271016970270884
eq5,champ_n20+champ_qtr+prox52+momcons+amihud,0.20329028703336438,1.137992378323873,-0.4788677014510625
eq4,champ+champ_qtr+champ_tail+lowvol,0.20326683343274876,1.4815569698695903,-0.2973308098167843
eq4,champ_qtr+champ_large+prox52+momcons,0.20325835102798262,1.1898669988900092,-0.39401076015581704
eq4,champ_n5+champ_large+prox52+momcons,0.2032438526119471,1.1853936330075403,-0.37092205837930103
eq5,champ_mid+mom_only+prox52+lowmax+momcons,0.20323038209760402,1.1799765764287322,-0.4018741121172029
eq5,champ+champ_large+champ_mid+mom_only+lowmax,0.20316559119622335,1.2813311339017974,-0.3292097195075888
eq4,champ+champ_n5+champ_tail+lowvol,0.20315815829841832,1.46555464038883,-0.28352670275730874
eq4,champ+champ_n20+champ_tail+lowvol,0.20315462761429348,1.480339082133181,-0.2950535440492492
w3,mom_fast:0.20+lowvol:0.33+prox52:0.47,0.20315454853320825,1.1221167741128686,-0.45120189114252873
eq4,champ+champ_n5+champ_n20+lowvol,0.20314559684293432,1.4115486574581226,-0.28401036205214303
w3,champ:0.50+champ_n20:0.33+lowmax:0.17,0.2031425985870987,1.3602858175296768,-0.31877317033481667
eq4,champ+prox52+momcons+amihud,0.20311833544390856,1.0793577028323411,-0.5162216436741441
eq5,champ_n5+champ_n20+champ_qtr+mom_only+lowmax,0.2031126131422376,1.280286152090827,-0.32757068788203947
eq4,champ+champ_tail+mom_only+lowmax,0.20309902098055255,1.278812004831893,-0.3331175851633318
w3,champ_qtr:0.50+champ_large:0.33+momcons:0.17,0.20309787687981484,1.2336351528343277,-0.3421956405080906
eq5,champ_n5+champ_tail+prox52+momcons+amihud,0.2030861636611203,1.147607256711365,-0.464116936760408
w3,champ_n20:0.50+champ_large:0.33+momcons:0.17,0.20306391649592448,1.2398469465434314,-0.33928849733161803
eq5,champ_large+mom_only+lowvol+prox52+momcons,0.20305018318757817,1.181956441916315,-0.38314432110632013
eq4,champ_n20+champ_large+prox52+momcons,0.2030463482983662,1.185621191127404,-0.3868248349044391
eq4,champ_large+champ_tail+prox52+momcons,0.20303860088100723,1.213463043427744,-0.3890746961845216
eq5,champ_n5+champ_qtr+champ_tail+mom_only+lowmax,0.20303789924407156,1.3062775954766732,-0.3272086838885844
eq5,champ_qtr+champ_tail+prox52+momcons+amihud,0.20303670393933815,1.1488926797941006,-0.4805311091453418
w3,champ:0.50+champ_qtr:0.33+lowmax:0.17,0.20303199991768417,1.3475803881480672,-0.3234989500912536
w3,champ:0.50+champ_tail:0.33+lowmax:0.17,0.20300990389636775,1.4145969314802753,-0.31821675774068126
eq4,champ+champ_n5+champ_qtr+lowvol,0.2029868055659534,1.3961645142893555,-0.28777076341036956
w3,champ_large:0.34+champ_mid:0.20+prox52:0.46,0.202958770610155,1.1598258061966218,-0.40910629550795286
w3,champ:0.50+mom_fast:0.20+lowmax:0.30,0.20295265429792209,1.2733641243422005,-0.33752040929385163
eq5,champ+champ_n5+champ_large+champ_tail+amihud,0.2029441454835108,1.2349171864531743,-0.34732927431425054
eq5,champ+champ_qtr+champ_large+champ_tail+amihud,0.20294217689411642,1.2384745500813412,-0.36723270143889053
eq4,champ_qtr+mom_fast+lowmax+momcons,0.20293529743335448,1.1628266948128216,-0.381236025702655
eq5,champ_large+champ_mid+mom_fast+lowmax+momcons,0.2029065325449646,1.2050238672678477,-0.3477632911157075
eq4,champ_qtr+champ_mid+lowvol+momcons,0.20289403076443957,1.3922522897163239,-0.3149262077891479
eq4,champ_n5+mom_fast+lowmax+momcons,0.20287066946573207,1.1570353437648158,-0.3569273837796493
eq5,champ_n5+champ_n20+champ_tail+mom_only+lowmax,0.20286686574598023,1.301616080753048,-0.3243676948916524
w3,champ:0.34+lowvol:0.20+prox52:0.46,0.20286103378727716,1.235628819854944,-0.3959382824380472
eq5,champ+champ_n20+champ_qtr+champ_large+amihud,0.20282408524902884,1.2095964407047755,-0.3665131869988768
eq5,champ_n20+champ_qtr+champ_tail+mom_only+lowmax,0.20281795217228327,1.3037614442982106,-0.33490388399886684
eq5,champ+champ_n5+champ_qtr+champ_large+amihud,0.2028159348971461,1.2032374517514794,-0.3536254160707528
eq5,champ+champ_qtr+lowvol+prox52+momcons,0.20280730107905942,1.3178320513736494,-0.33506952809341917
w3,champ_mid:0.34+mom_only:0.20+lowvol:0.46,0.20280587577539033,1.4101441877395746,-0.28069592874496196
eq4,champ_n5+champ_mid+lowvol+momcons,0.20280363841456084,1.3800943246241055,-0.30146027315828416
eq5,champ+champ_n5+champ_n20+champ_large+amihud,0.2027865094595802,1.2048885172626769,-0.3473570889643438
eq4,mom_fast+lowvol+momcons+amihud,0.20278170437665044,1.0363276821207736,-0.47574338920951276
eq5,champ+champ_qtr+champ_large+champ_mid+lowvol,0.20276788284027414,1.4021373383272895,-0.3005718114753333
w2,prox52:0.8+momcons,0.2027624220952826,0.988809091021302,-0.5724944529189229
eq5,champ+champ_n20+champ_large+champ_tail+amihud,0.20273952804068673,1.2333226673067184,-0.361366617113586
eq5,champ+champ_large+champ_tail+champ_mid+lowvol,0.20273545125516645,1.4463584120757602,-0.29752869829401885
eq5,champ+champ_n5+lowvol+prox52+momcons,0.20273477034794474,1.3097437833956025,-0.3208288151768732
eq5,champ+champ_n20+champ_large+champ_mid+lowvol,0.20271042447635668,1.4032784256501851,-0.2976242854322264
eq5,champ+champ_n5+champ_large+champ_mid+lowvol,0.20270381820089933,1.3927485376744058,-0.28959180843721033
eq4,champ_n20+champ_mid+lowvol+momcons,0.20268137646940332,1.38522674172896,-0.3141485026658827
eq5,champ+champ_n20+lowvol+prox52+momcons,0.20267850056983638,1.3151051126517856,-0.33917573866566375
eq5,champ_n20+champ_tail+prox52+momcons+amihud,0.20267660542600896,1.1398962015831353,-0.4758511588212283
w3,champ:0.50+champ_n5:0.33+lowmax:0.17,0.202625978489839,1.3189826420807347,-0.30591301353869194
eq5,champ_n5+champ_n20+champ_qtr+champ_tail+lowvol,0.20262317297242216,1.4409403730677832,-0.29556539783365854
w3,champ_n5:0.50+champ_large:0.33+momcons:0.17,0.20262105049743906,1.2066871058916984,-0.31592538481934807
w3,champ_mid:0.50+lowvol:0.33+momcons:0.17,0.20258802376708673,1.4408800755112383,-0.29554987468412575
eq4,champ_n20+mom_fast+lowmax+momcons,0.2025496150155921,1.1532134282150022,-0.3795557083978771
eq5,champ+champ_tail+lowvol+prox52+momcons,0.20250945041867308,1.338861520468531,-0.33089040729889696
w3,champ_qtr:0.50+champ_large:0.33+prox52:0.17,0.20245660854223035,1.230256405574246,-0.34143905770323624
w3,champ_large:0.34+champ_tail:0.50+momcons:0.16,0.20241034193680552,1.2996975854596802,-0.33698533834985245
w3,champ_n20:0.50+champ_large:0.33+prox52:0.17,0.2024028190396714,1.2356402434191844,-0.3366102649750755
w2,champ_large:0.6+champ_mid,0.20238968809747493,1.2605879830876523,-0.3199796724620856
eq5,champ_n5+champ_large+champ_mid+momcons+amihud,0.20223891735944277,1.1805670606225962,-0.3694021342852667
eq5,champ_qtr+champ_large+champ_mid+momcons+amihud,0.2022249416958486,1.1832429266574638,-0.38861950082021
eq4,champ_tail+champ_mid+lowvol+momcons,0.2022081048765807,1.4050600511053926,-0.31426785827326376
w2,champ_n20:0.8+lowvol,0.20214668189206875,1.3859866225042485,-0.30506694962949377
eq4,champ_n5+champ_qtr+momcons+amihud,0.20207963200238455,1.13513314214067,-0.4303047622766748
eq4,mom_only+mom_fast+lowmax+amihud,0.20204693409965513,0.9440883308486627,-0.530696336146014
w3,champ_n5:0.50+champ_large:0.33+prox52:0.17,0.20203526098363822,1.2054708730025652,-0.3151060200970415
w2,champ_n5:0.1+prox52,0.20201559388091428,0.9709880012519693,-0.5752326618361814
w3,champ_qtr:0.34+prox52:0.50+amihud:0.16,0.20200796380589958,1.0807452784509106,-0.5344715470961057
eq4,champ_tail+mom_fast+lowmax+momcons,0.2019808847832285,1.1594364981089937,-0.3772698992995812
eq4,champ_n20+champ_qtr+momcons+amihud,0.20195940373437593,1.1376178388450917,-0.4454326555630489
eq5,champ_n20+champ_large+champ_mid+momcons+amihud,0.20195805046614534,1.176507606799803,-0.3830081927658603
w2,champ_qtr:0.1+prox52,0.20195063934224655,0.970569952135084,-0.5810936216829339
w3,champ_n5:0.34+prox52:0.50+amihud:0.16,0.20192230169373904,1.0747833696766078,-0.5127093679641646
eq4,champ_n5+champ_n20+momcons+amihud,0.20191104235553325,1.1327143104141795,-0.423839565357066
eq5,champ_n5+mom_only+lowvol+momcons+amihud,0.20188351029119977,1.1316125480120722,-0.413427268939106
eq5,champ+mom_only+prox52+lowmax+momcons,0.20187408599405798,1.1713341057508786,-0.41202333974337957
eq5,champ_qtr+mom_only+lowvol+momcons+amihud,0.2018680016568326,1.133868989716854,-0.43129293404711777
w3,champ_large:0.20+mom_fast:0.33+lowvol:0.47,0.20184928614322373,1.2178118325598586,-0.2982179002300709
w3,champ_large:0.50+mom_fast:0.33+lowmax:0.17,0.20182928382206455,1.0987766274443302,-0.35262981172571983
w3,champ:0.34+momcons:0.33+amihud:0.33,0.20182896259148286,1.0656957850504465,-0.4831609731542369
w2,champ_qtr:0.8+lowvol,0.20182275944516825,1.350446549724778,-0.3126853091853432
eq5,champ_large+champ_mid+mom_fast+prox52+lowmax,0.2018060109912525,1.1885961557935367,-0.3758614811712314
eq5,champ_large+champ_tail+champ_mid+momcons+amihud,0.2018053208133328,1.1928336448772052,-0.3850331735866601
w2,champ_n20:0.1+prox52,0.20178044457954059,0.9681233472991703,-0.5800555659901003
w3,champ_mid:0.50+lowvol:0.33+prox52:0.17,0.2017593693599995,1.4244889524940516,-0.29372252751115346
w3,champ:0.50+champ_large:0.20+amihud:0.30,0.20174127341963,1.1389131104720072,-0.4108041431398636
w3,champ_large:0.34+champ_tail:0.50+prox52:0.16,0.2017141469195749,1.2919594055539887,-0.33303465727370696
w3,champ_n5:0.20+mom_only:0.33+lowvol:0.47,0.2016726922582721,1.283103593649047,-0.2824439698728638
w3,champ_qtr:0.20+mom_only:0.33+lowvol:0.47,0.2016618201515885,1.2868450083673506,-0.2935417953732782
w3,champ_mid:0.34+prox52:0.33+amihud:0.33,0.20165283253164357,1.0431549294552809,-0.538042245716908
eq4,champ_n5+champ_tail+momcons+amihud,0.20164552362982247,1.1479683769716362,-0.42614446578244103
eq5,mom_only+mom_fast+lowvol+lowmax+momcons,0.20164188119213478,1.124863390478908,-0.3739635881009782
eq4,champ_qtr+champ_mid+lowvol+prox52,0.20164092554884316,1.3685389892063111,-0.3137058372381899
w2,champ_tail:0.1+prox52,0.20163999434500668,0.9705711990939592,-0.5800460333262673
eq4,champ_qtr+champ_tail+momcons+amihud,0.20163259150678559,1.1511803533890133,-0.4476928696040594
eq4,champ_mid+mom_only+lowmax+momcons,0.2016102682064247,1.1821790005487323,-0.34992320392611076
eq4,champ_n5+champ_mid+lowvol+prox52,0.20159078352636572,1.3591922215277,-0.300192087037926
w3,champ_n20:0.34+prox52:0.50+amihud:0.16,0.20155337197013767,1.0721401653697897,-0.5307851162483688
w3,champ:0.20+champ_large:0.33+prox52:0.47,0.2015255084309462,1.1365339807696282,-0.4266859858335691
w3,champ_qtr:0.50+champ_mid:0.33+lowmax:0.17,0.20152115142128801,1.3686648025262809,-0.3247962673880047
eq5,champ_n20+mom_only+lowvol+momcons+amihud,0.20150454352695912,1.1250408643427945,-0.4262013680648332
w3,champ:0.34+champ_large:0.50+momcons:0.16,0.20150197268618975,1.204968101878511,-0.33539676335534074
w3,champ_qtr:0.34+mom_only:0.20+amihud:0.46,0.20148397818625408,0.9679157803338677,-0.558368492865497
w2,champ_n5:0.9+lowmax,0.20144996454308384,1.1886224560685699,-0.2863932459159766
eq4,champ_large+mom_only+lowvol+momcons,0.20144790449563676,1.1870320700462818,-0.3295546655116798
eq4,champ_qtr+mom_fast+prox52+lowmax,0.20142876966609413,1.1402449293238948,-0.4364157849542911
w3,champ_mid:0.50+prox52:0.33+lowmax:0.17,0.2014282853625271,1.2701835016209364,-0.3551646253618348
w3,champ_n5:0.34+mom_only:0.20+amihud:0.46,0.20142029918896664,0.9643173790183122,-0.5378356184666973
eq4,champ_n20+champ_mid+lowvol+prox52,0.20141382870268942,1.3609726397754447,-0.31007701241165053
eq4,champ_n5+mom_fast+prox52+lowmax,0.20140412608002745,1.136023475205104,-0.4145922916656237
w2,champ_large:0.8+mom_fast,0.2014010153622634,1.0941550275352352,-0.34120470906817557
w3,champ_n20:0.20+mom_only:0.33+lowvol:0.47,0.201380250868888,1.2772370828109683,-0.2905581055737727
w3,mom_only:0.50+prox52:0.20+lowmax:0.30,0.20135469436963227,1.02167895145026,-0.4826309740152045
w3,champ_n20:0.50+champ_mid:0.33+lowmax:0.17,0.20134109909081177,1.3691517683148244,-0.31871599193266964
eq5,champ+champ_large+mom_fast+lowmax+momcons,0.20132147939018674,1.187704092161045,-0.3516657542345035
w3,champ_qtr:0.34+champ_large:0.33+momcons:0.33,0.20129704410672677,1.1970967978976954,-0.3532582600129833
eq3,champ+momcons+amihud,0.20128573756228807,1.0604471656856282,-0.4857777543948709
w3,champ:0.20+champ_n20:0.33+champ_large:0.47,0.20127981391780403,1.2293926583541344,-0.3242739446590056
w3,champ:0.20+champ_qtr:0.33+champ_large:0.47,0.20122260369782863,1.222121868795809,-0.32672595835644413
eq4,champ_n20+champ_tail+momcons+amihud,0.2011937251233522,1.1400915736574164,-0.4424678391148942
eq5,champ_n5+champ_large+champ_mid+prox52+amihud,0.2011693927138114,1.166064758111864,-0.4146092856998054
w2,momcons:0.9+amihud,0.20116166077782327,1.0007456504018664,-0.45995044713416267
w3,champ:0.34+champ_n20:0.50+lowmax:0.16,0.2011529828671168,1.3499257507580753,-0.31979575970998786
w3,champ_n5:0.34+champ_large:0.33+momcons:0.33,0.20114535608948647,1.1860635138741986,-0.3359107225854483
w3,champ_n20:0.34+champ_large:0.33+momcons:0.33,0.20114053096947315,1.1959653558621495,-0.3519156981480961
eq5,champ_qtr+champ_large+champ_mid+prox52+amihud,0.20112995388877386,1.167757362408773,-0.4324945990878213
eq5,champ_tail+mom_only+lowvol+momcons+amihud,0.20111532103659768,1.1314727672784302,-0.4282751079341669
w3,champ_mid:0.20+lowvol:0.20+momcons:0.60,0.2010950548835082,1.2115655707104858,-0.3460934088049564
eq3,champ_qtr+champ_large+momcons,0.20105424898095015,1.1947454470065995,-0.3535310701957559
w3,champ_large:0.20+prox52:0.20+momcons:0.60,0.20104533882845943,1.0912929498809227,-0.4271870222688152
w3,mom_fast:0.50+lowvol:0.20+lowmax:0.30,0.20103955890179415,1.0459265533569837,-0.3847176939933774
w3,champ:0.20+champ_n5:0.33+champ_large:0.47,0.20103462359337088,1.2092380883489176,-0.30909408882895195
eq3,champ_mid+prox52+amihud,0.20102886902775352,1.0373822885309363,-0.5413002314007944
eq4,champ_n20+mom_fast+prox52+lowmax,0.20102873093622287,1.130643056489251,-0.4307772143101932
w3,champ_tail:0.20+mom_only:0.33+lowvol:0.47,0.20101600024540822,1.2895604133172143,-0.2902215938362823
eq3,champ_large+champ_tail+momcons,0.2010066573973266,1.2379973303123395,-0.349678623521679
w3,champ_n5:0.50+champ_mid:0.33+lowmax:0.17,0.20097723548234359,1.3266193840612892,-0.2979800337523433
w3,champ:0.34+champ_qtr:0.50+lowmax:0.16,0.20096816625614133,1.3299955410624524,-0.32693904487873815
w3,champ:0.34+champ_large:0.50+prox52:0.16,0.20093196817872117,1.2030253317227948,-0.33221637653296454
eq4,champ+champ_qtr+lowvol+momcons,0.2009145684172826,1.3615231316707423,-0.31667514207010505
eq3,champ_n5+champ_large+momcons,0.20091338068172782,1.184248451592723,-0.33653311564373056
eq3,champ_n20+champ_large+momcons,0.20089686582531585,1.193493304480661,-0.35221550667086743
eq5,champ+champ_large+champ_mid+lowvol+momcons,0.2008849823904817,1.3560669824404161,-0.312981256618427
eq4,champ_tail+champ_mid+lowvol+prox52,0.20087627302465672,1.3759514720206274,-0.3096957312480788
w3,champ_n20:0.20+champ_qtr:0.50+amihud:0.30,0.20087350036446106,1.1476211343176619,-0.4422224337525338
w3,champ_n5:0.20+champ_qtr:0.50+amihud:0.30,0.20086904273932227,1.142368839168183,-0.42990438051206403
eq5,champ_n20+champ_large+champ_mid+prox52+amihud,0.20085394021628322,1.1609190280001003,-0.4272593774205138
eq4,champ+champ_n20+lowvol+momcons,0.20083679500823193,1.3623922736885274,-0.3138578665351205
eq5,champ_n5+mom_only+lowvol+prox52+amihud,0.20083080511274565,1.119222397149318,-0.4586266085655176
eq5,champ_qtr+mom_only+lowvol+prox52+amihud,0.20079000204166442,1.1206314924544276,-0.47340779985544534
eq4,mom_fast+lowvol+prox52+amihud,0.20078233854831162,1.0097919451944974,-0.5266265732777127
w3,champ:0.34+champ_mid:0.20+amihud:0.46,0.20078188363299865,1.0413835003091412,-0.492720022238763
w3,champ_n5:0.20+champ_large:0.20+prox52:0.60,0.2007657843343762,1.0878204141142622,-0.4668000450370009
w3,champ_large:0.50+champ_tail:0.33+champ_mid:0.17,0.2007655406345379,1.3051558617477719,-0.3224502483692102
w3,champ_large:0.20+prox52:0.33+momcons:0.47,0.20074961921093792,1.0943439203836902,-0.45319041094818313
w3,champ_n20:0.34+mom_only:0.20+amihud:0.46,0.2007472456331325,0.9570610762372143,-0.5549683744106357
w3,mom_fast:0.50+lowmax:0.33+amihud:0.17,0.2007452609624938,0.9382107838673948,-0.5025828772549445
w3,champ_qtr:0.50+champ_tail:0.20+amihud:0.30,0.20073795844751507,1.1632006949905953,-0.4434734995763493
eq4,champ+champ_n5+lowvol+momcons,0.20073695665690616,1.3453457515760783,-0.3032613776593346
eq5,champ_n5+champ_n20+champ_qtr+lowvol+momcons,0.20072262633007565,1.3488071945476896,-0.31112949895450526
w3,champ_qtr:0.20+champ_large:0.20+prox52:0.60,0.2007080659687328,1.088614346176587,-0.48275114960047905
w3,champ_tail:0.34+prox52:0.50+amihud:0.16,0.20070614656040076,1.076058118669579,-0.531160636845496
eq5,champ_n5+champ_qtr+champ_tail+lowvol+momcons,0.2007036892186571,1.3842909562619836,-0.3107624178696322
w3,champ_n5:0.20+champ_n20:0.50+amihud:0.30,0.20069498440019373,1.142593335962872,-0.41801930670750465
w3,champ_n20:0.50+champ_qtr:0.20+amihud:0.30,0.20068952823440767,1.1452374993300432,-0.43534692815679377
w2,champ_qtr:0.7+amihud,0.20067551854997578,1.1389922509192454,-0.4471542048766759
w3,champ_large:0.34+champ_tail:0.33+momcons:0.33,0.2006710863121144,1.2363984638534768,-0.34951841858969845
eq5,champ_large+champ_tail+champ_mid+prox52+amihud,0.20065946553209946,1.175161697578396,-0.4291479676181873
eq4,champ+champ_tail+lowvol+momcons,0.2006421705852084,1.3981890786537159,-0.31393886421355466
eq4,champ_n5+champ_qtr+prox52+amihud,0.20062167063368808,1.115390041251156,-0.4822080183887345
eq5,champ_n5+champ_n20+champ_tail+lowvol+momcons,0.20061946689796972,1.3837158192247176,-0.3095499346157242
eq5,champ_n20+champ_qtr+champ_tail+lowvol+momcons,0.2006179737429341,1.3892733682661755,-0.3197602095897597
eq5,champ_n5+champ_qtr+mom_only+lowmax+momcons,0.2005866587866021,1.2159360860946824,-0.3421658534535076
eq5,mom_only+mom_fast+lowvol+prox52+lowmax,0.20055903648376394,1.1117046011760436,-0.4201641977621984
w3,champ:0.34+mom_only:0.20+lowvol:0.46,0.20055614364199625,1.3935575340699757,-0.28223914188565014
eq4,champ_mid+mom_only+prox52+lowmax,0.20053971469629328,1.1730295357596574,-0.40738894924803104
eq5,champ+champ_qtr+champ_large+momcons+amihud,0.20051328067636054,1.162279361781208,-0.4016945554990673
w3,champ_n20:0.20+champ_large:0.20+prox52:0.60,0.200484672835068,1.0845070350560975,-0.4782626409101495
eq5,champ+champ_n5+champ_large+momcons+amihud,0.2004711844707301,1.1579062638161348,-0.38359200805047966
w2,prox52:0.9+momcons,0.20045704317161883,0.9529071169018158,-0.5912146732511778
w2,champ_tail:0.9+lowmax,0.2004504800903819,1.293491218918866,-0.3253890314068446
eq4,champ_n20+champ_qtr+prox52+amihud,0.2004473250687231,1.1160965254301825,-0.49634357705047405
eq4,champ_n5+champ_n20+prox52+amihud,0.20043849279757686,1.1126366774036904,-0.47910071876893323
eq5,champ_n5+champ_n20+mom_only+lowmax+momcons,0.2004379253298476,1.212945901875696,-0.3393711971798402
eq5,champ_n20+champ_qtr+mom_only+lowmax+momcons,0.20043317594165688,1.2163548523132495,-0.3496672687805058
eq5,champ_n20+mom_only+lowvol+prox52+amihud,0.20041735219041779,1.111774491185032,-0.47071465357829767
w3,champ_n5:0.50+champ_n20:0.20+amihud:0.30,0.20039615187143278,1.1259364625906791,-0.3989154149117745
eq4,champ_tail+mom_fast+prox52+lowmax,0.20039541127199456,1.1343813839040675,-0.43328337803251793
w3,champ_large:0.20+champ_tail:0.20+prox52:0.60,0.2003940181743371,1.0982712874047704,-0.47938734842030417
w3,champ_n5:0.50+champ_qtr:0.20+amihud:0.30,0.20038624852560383,1.1234861648385457,-0.40394501599932686
eq5,champ_n5+champ_mid+mom_fast+lowmax+amihud,0.2003818026199542,1.1288386045614998,-0.40705628955823536
w3,champ:0.34+champ_tail:0.50+lowmax:0.16,0.20037819570131177,1.3979712739649754,-0.31902734322308757
w2,champ_n20:0.6+champ_large,0.20037677570334833,1.2346020842937415,-0.32650125019509313
eq5,champ_qtr+champ_mid+mom_fast+lowmax+amihud,0.2003743640049993,1.1313460219307592,-0.4239159193052997
eq5,champ_n5+champ_large+mom_fast+lowvol+amihud,0.20037083211274842,1.13567607753779,-0.38748643265556015
eq4,champ_large+mom_only+lowvol+prox52,0.20036662272737416,1.1773554486142248,-0.3759711898307997
w3,champ_n5:0.50+champ_tail:0.20+amihud:0.30,0.2003590689311765,1.1435440316678942,-0.4000807566992869
eq5,champ+champ_large+champ_tail+momcons+amihud,0.2003579093837018,1.1806170276204448,-0.3963158168889944
eq5,champ_qtr+champ_large+mom_fast+lowvol+amihud,0.20035229714824454,1.1378493723747214,-0.40617524038957087
eq5,champ+champ_n20+champ_large+momcons+amihud,0.20033274957472336,1.1586790832477207,-0.39604583545884975
w3,champ:0.20+champ_mid:0.33+amihud:0.47,0.20029388716735208,1.0312706357522359,-0.4945556872083313
eq5,champ_n5+champ_tail+mom_only+lowmax+momcons,0.20027016149248622,1.2309831879214348,-0.3390267998021872
eq5,champ+champ_large+mom_fast+prox52+lowmax,0.20026820809157098,1.1732990098419034,-0.38984615223837515
w2,champ_n20:0.7+amihud,0.20024630031441903,1.1335532979619953,-0.4309960247876754
eq5,champ_qtr+champ_tail+mom_only+lowmax+momcons,0.2002262935584045,1.2329967459886106,-0.3493464791637193
w2,champ_qtr:0.6+champ_large,0.20021441400361928,1.218858020078556,-0.3316209516378611
w3,champ:0.34+champ_n5:0.50+lowmax:0.16,0.20018555749121236,1.2804407345809512,-0.3002576559427734
eq4,champ_large+champ_mid+mom_fast+lowmax,0.2001807487843945,1.2065968574972217,-0.33495246355213804
w2,champ_large:0.2+momcons,0.20017357103448563,1.053171039148544,-0.3892032000680804
w3,champ_qtr:0.34+champ_large:0.50+champ_mid:0.16,0.20016194806424492,1.2374794591590657,-0.32617175954132926
w3,mom_fast:0.20+lowmax:0.20+momcons:0.60,0.20015829580642563,1.059129659516795,-0.4177999249469604
w3,champ_n20:0.50+champ_tail:0.20+amihud:0.30,0.20013174247690335,1.14916043061859,-0.4323567632584907
w2,champ_large:0.4+champ_tail,0.20012332097155894,1.3088929534017002,-0.3256225400120153
w2,champ_n5:0.8+lowvol,0.20011868011027545,1.2507929637162185,-0.2687329353063359
eq5,champ+champ_mid+mom_fast+lowvol+lowmax,0.20010949095829966,1.3288484852140088,-0.30931213732186236
eq4,champ_n5+champ_tail+prox52+amihud,0.20010830290233073,1.1250924079992373,-0.4791626914739303
w3,mom_only:0.20+mom_fast:0.20+lowvol:0.60,0.20010026949213477,1.2320562144737686,-0.2840903751304211
w3,champ_n20:0.34+champ_large:0.50+champ_mid:0.16,0.2000938722750225,1.2400330390950631,-0.3241336716976956
w3,champ_n5:0.34+champ_large:0.50+champ_mid:0.16,0.20005873565663013,1.2270430046481682,-0.30795818743277825
eq4,champ_qtr+champ_tail+prox52+amihud,0.20005583669517257,1.1268692889923964,-0.49720325776726604
w3,champ:0.20+champ_large:0.50+champ_tail:0.30,0.20003852052934556,1.2797726501662885,-0.3222266485202946
eq5,champ_n20+champ_large+mom_fast+lowvol+amihud,0.20002717970781925,1.1299961117979795,-0.40078223438951555
eq5,champ+champ_large+champ_mid+lowvol+prox52,0.19999380061286054,1.3439300903670082,-0.3118071418537677
eq5,champ_n20+champ_mid+mom_fast+lowmax+amihud,0.19998726484528317,1.121756817490283,-0.420413659104812
eq5,champ_tail+mom_only+lowvol+prox52+amihud,0.1999869277841817,1.116720077795445,-0.47122639458638904
eq4,champ+mom_only+lowmax+momcons,0.1999220288806487,1.171435239677491,-0.3578450556548983
eq5,champ_n20+champ_tail+mom_only+lowmax+momcons,0.19990457131414874,1.222880133285045,-0.3465974465045524
eq5,champ_n5+champ_n20+champ_qtr+lowvol+prox52,0.19986077052993623,1.3384878877606001,-0.31014717075741516
w3,mom_fast:0.20+momcons:0.33+amihud:0.47,0.1998538916834094,0.8827457269466606,-0.601838230549067
eq5,champ_n5+champ_qtr+mom_only+prox52+lowmax,0.19985108072107893,1.21272538565329,-0.37912695310159117
w3,champ_tail:0.50+champ_mid:0.33+lowmax:0.17,0.1998047588673324,1.372906856614005,-0.319047842788308
eq5,champ_n5+champ_qtr+champ_tail+lowvol+prox52,0.19980002720876677,1.3708945929094165,-0.30977859463277924
eq5,champ_large+champ_tail+mom_fast+lowvol+amihud,0.19978455146882879,1.1413541572354604,-0.4028123513503433
eq5,champ_large+champ_mid+mom_only+lowvol+amihud,0.19974745666749905,1.167507184731749,-0.3745636277580069
eq4,champ+champ_qtr+lowvol+prox52,0.19973484885411397,1.3426969666561175,-0.315816472771956
w3,champ_qtr:0.34+champ_large:0.33+prox52:0.33,0.19972783832811358,1.1789552223975548,-0.39061379492565473
w3,champ_tail:0.34+mom_only:0.20+amihud:0.46,0.1997243322030282,0.9555965289184216,-0.5560653283182142
eq5,champ_n5+champ_n20+champ_tail+lowvol+prox52,0.19970652202533312,1.3697792133553637,-0.3068686416763201
eq5,champ_n5+champ_n20+mom_only+prox52+lowmax,0.19969271393107269,1.2093759656345662,-0.37401193544054756
eq5,champ_n20+champ_qtr+champ_tail+lowvol+prox52,0.19967936728203917,1.3736533999204026,-0.3176339035727693
eq5,champ_n20+champ_qtr+mom_only+prox52+lowmax,0.19966239144793585,1.2117515919896389,-0.3928491509657165
w3,champ_n5:0.34+champ_large:0.33+prox52:0.33,0.19964866707770423,1.1708733025375684,-0.3598464033715878
eq4,champ+champ_n20+lowvol+prox52,0.1996425196055418,1.342723629080178,-0.3287831578349373
eq4,champ_n20+champ_tail+prox52+amihud,0.19960315942194207,1.1159298470868582,-0.4937483740681575
eq4,champ+champ_n5+lowvol+prox52,0.19959755367321752,1.329225943915326,-0.30200945066851204
w3,champ:0.20+lowvol:0.20+momcons:0.60,0.19959366181657723,1.1968629707508112,-0.3474353689568691
w3,champ_qtr:0.34+mom_fast:0.33+lowmax:0.33,0.19955132657846542,1.1516671217173622,-0.3708276935403819
w2,champ_n5:0.7+amihud,0.19954935674818164,1.0967333606898146,-0.386608102268442
w3,champ:0.34+prox52:0.33+amihud:0.33,0.19954787988249345,1.035658900252627,-0.5483187002072232
w3,champ_n20:0.34+champ_large:0.33+prox52:0.33,0.19954537529675043,1.176913502916353,-0.3816174048862354
w3,champ_qtr:0.34+mom_fast:0.20+lowvol:0.46,0.199542522301424,1.3563709270698048,-0.2906003931421368
w3,champ_n5:0.20+champ_tail:0.50+amihud:0.30,0.19948560788663006,1.1524622756626,-0.42203394200982125
w2,champ_n5:0.6+champ_large,0.19948379204169697,1.1815058327486487,-0.2995038529699856
eq5,champ_n5+champ_tail+mom_only+prox52+lowmax,0.199483142988786,1.225669967637689,-0.3760382185353418
w3,mom_fast:0.34+lowvol:0.20+amihud:0.46,0.19946965738905087,0.8906180693022171,-0.5732984840885
eq5,champ+champ_qtr+champ_large+prox52+amihud,0.1994656602806426,1.1488191085924122,-0.44319135055794234
eq3,champ_qtr+champ_large+prox52,0.19946295045459772,1.1762459857051557,-0.39185116574946943
eq5,champ+champ_n5+champ_large+prox52+amihud,0.19944906844975807,1.1454265787760016,-0.42569302272627496
eq5,champ_tail+champ_mid+mom_fast+lowmax+amihud,0.19943439690476472,1.123220590603174,-0.42151839167736405
eq5,champ_qtr+champ_tail+mom_only+prox52+lowmax,0.19941368618930388,1.2265994611315012,-0.3951938987493895
w3,mom_fast:0.34+lowvol:0.33+amihud:0.33,0.1994024409078985,0.974499969900621,-0.49806132764646094
eq3,champ_n5+champ_large+prox52,0.1993938626517353,1.1686567494098687,-0.36175288572712494
eq4,champ+champ_tail+lowvol+prox52,0.19938292780306166,1.3732683586233398,-0.31200638080547216
w3,champ_n5:0.34+mom_fast:0.33+lowmax:0.33,0.19938239635933375,1.1412606318909313,-0.33690169396588443
w3,champ_qtr:0.20+champ_tail:0.50+amihud:0.30,0.1993823194657538,1.152026033833452,-0.4394125870088852
w3,champ_qtr:0.50+lowvol:0.20+momcons:0.30,0.19937743692640542,1.3074961661566722,-0.3306089979878357
eq5,champ+champ_qtr+champ_mid+lowvol+amihud,0.19937143028675997,1.2954468473660652,-0.325603635583844
w3,champ_large:0.20+prox52:0.50+momcons:0.30,0.1993391702309546,1.0709904183181067,-0.4869834307197659
w3,champ_n5:0.34+mom_fast:0.20+lowvol:0.46,0.19932948744741097,1.3360467858349567,-0.2725729115021246
eq5,champ+champ_n5+champ_mid+lowvol+amihud,0.19930658844194937,1.2879310571621163,-0.31355402723468717
eq3,champ_n20+champ_large+prox52,0.19927988070049207,1.1741027630143077,-0.382485198104361
eq5,champ+champ_n20+champ_large+prox52+amihud,0.1992759395256043,1.1450086227246508,-0.437954898662979
w2,champ_mid:0.6+lowvol,0.19927263713371413,1.474493120704972,-0.2734877533844463
eq3,champ_large+champ_tail+prox52,0.19927231485417418,1.2121456703933975,-0.3820060969150686
w3,mom_only:0.20+lowvol:0.33+momcons:0.47,0.19926152976234102,1.167685866123779,-0.33741672554006663
eq5,champ+champ_large+champ_tail+prox52+amihud,0.1992590094531761,1.1648001707258746,-0.439640288451583
eq3,champ_qtr+mom_fast+lowmax,0.19924730197520457,1.147626493451419,-0.3719418538172521
w3,champ_n20:0.34+mom_fast:0.20+lowvol:0.46,0.19922912740245535,1.345939118308113,-0.2911253319803131
eq4,champ_qtr+champ_large+champ_mid+amihud,0.19921267716904167,1.174462396261068,-0.3830192353491644
w3,champ_n20:0.50+lowvol:0.20+momcons:0.30,0.1992118568877579,1.3084913135542184,-0.3273707933199468
eq4,champ_n5+champ_large+champ_mid+amihud,0.19920970671363158,1.170446572393535,-0.35869646694579227
w3,champ_qtr:0.20+champ_large:0.33+momcons:0.47,0.19919007030849722,1.1493148907793898,-0.3635873189794099
w3,champ_n5:0.20+champ_large:0.33+momcons:0.47,0.19918951268781382,1.1463510193088473,-0.35357602821033296
w2,champ_tail:0.8+lowvol,0.19918209717946467,1.3624156606541205,-0.3056789518445713
eq5,champ+champ_n20+champ_mid+lowvol+amihud,0.19918139385636136,1.2898334146306627,-0.3239556741674783
w3,champ_mid:0.20+momcons:0.50+amihud:0.30,0.19917797986133912,1.0287376505189259,-0.4900706202981485
w3,champ:0.50+lowvol:0.33+momcons:0.17,0.19910331802670345,1.404228910303545,-0.29717243121896075
eq3,champ_n5+mom_fast+lowmax,0.19908933068045598,1.1377541281761407,-0.338747655621892
eq5,champ_n20+champ_tail+mom_only+prox52+lowmax,0.1990826740094913,1.216200239416583,-0.39011112967637096
w3,champ_n20:0.34+mom_fast:0.33+lowmax:0.33,0.19905808484080212,1.1396007903896233,-0.37872461496253096
w3,champ_n20:0.20+champ_large:0.33+momcons:0.47,0.19902958833023843,1.1464305818476386,-0.3628100972274424
eq5,champ+champ_qtr+mom_fast+lowmax+amihud,0.19902690698743264,1.1233461483610252,-0.4341804080504058
eq5,champ_n5+champ_qtr+champ_large+mom_fast+lowmax,0.1990234265808457,1.2207472403661614,-0.32843376474686103
w3,champ_qtr:0.34+champ_mid:0.33+lowvol:0.33,0.19898291018696246,1.4625303890767996,-0.28791788394676066
eq5,champ+champ_n5+mom_fast+lowmax+amihud,0.1989786301151042,1.1192185723558659,-0.41643145757666256
eq3,champ+prox52+amihud,0.19896789051363517,1.0300802168153778,-0.5513032313282309
w3,champ_large:0.34+champ_tail:0.33+prox52:0.33,0.19896330911962323,1.2111586512433274,-0.3807201055125814
w3,champ_n20:0.20+champ_tail:0.50+amihud:0.30,0.1989605402609942,1.1406154878410684,-0.43517665208306766
eq4,champ+mom_only+prox52+lowmax,0.19892479627425308,1.1648080078639833,-0.41779722296855815
eq5,champ_n5+champ_n20+champ_large+mom_fast+lowmax,0.19891268966983788,1.2192505700567389,-0.3266146335531228
eq4,champ_n20+champ_large+champ_mid+amihud,0.19890508742467827,1.166916968761618,-0.37589924753871207
eq5,champ_n20+champ_qtr+champ_large+mom_fast+lowmax,0.1989046919762485,1.2225846917802594,-0.33699664024177234
eq5,champ_n5+champ_large+champ_tail+mom_fast+lowmax,0.19889125769976035,1.2442356342891892,-0.32632329060471976
eq5,champ+champ_tail+champ_mid+lowvol+amihud,0.19886744870861528,1.3054214944878777,-0.32401962020296415
eq5,champ_qtr+champ_large+champ_tail+mom_fast+lowmax,0.19884413090543696,1.2461562637273513,-0.3363343651612991
w3,champ:0.50+champ_large:0.33+lowvol:0.17,0.1988389836905753,1.308619728470744,-0.3020620185546198
eq4,champ_qtr+mom_only+lowvol+amihud,0.19881915142519446,1.115192709706587,-0.43626839157642583
eq4,champ_n5+mom_only+lowvol+amihud,0.1988186289178271,1.1119109014912536,-0.4152661926763517
w3,champ_n20:0.34+champ_mid:0.33+lowvol:0.33,0.19879923031205604,1.4585631970287403,-0.28584056531556734
w3,champ_n5:0.50+lowvol:0.20+momcons:0.30,0.19878624071332052,1.2682538917066797,-0.304042260874577
w3,champ_large:0.34+champ_tail:0.20+momcons:0.46,0.19878169109487787,1.1732652681581712,-0.36063259090773003
w3,champ_n5:0.34+champ_mid:0.33+lowvol:0.33,0.19876822656202342,1.4362616822691325,-0.2688935525408397
eq3,champ_n20+mom_fast+lowmax,0.19875654372317642,1.1356592579215612,-0.3795913321124774
w3,champ_mid:0.50+mom_only:0.20+lowmax:0.30,0.19874814802208607,1.2755933468249645,-0.32859492211372177
eq5,champ+champ_n20+mom_fast+lowmax+amihud,0.1987263440935274,1.116423268465005,-0.4291942969540449
eq3,champ_qtr+champ_mid+lowvol,0.19872083873810764,1.4628240510729351,-0.2874240013743765
eq4,champ_large+champ_tail+champ_mid+amihud,0.19867065730840872,1.1859258335584302,-0.37854552584589074
eq4,champ_mid+lowvol+prox52+momcons,0.19866890534510562,1.2841019215003135,-0.33832316922393335
w2,lowvol:0.1+momcons,0.19864120039357513,1.0418703003264067,-0.39653390982689807
eq5,champ_n20+champ_large+champ_tail+mom_fast+lowmax,0.1985606048884172,1.237209006127435,-0.33662669293981307
eq3,champ_n20+champ_mid+lowvol,0.19853656463623715,1.45861559513264,-0.28544526074364585
eq3,champ_n5+champ_mid+lowvol,0.19851755591842157,1.437464610004822,-0.2687647634714335
w3,champ_large:0.50+champ_mid:0.20+momcons:0.30,0.1984341761670514,1.1891835244951852,-0.3472315159535765
w3,champ:0.50+lowvol:0.33+prox52:0.17,0.19837394375612605,1.3945003707811674,-0.2963226260462781
eq4,mom_only+mom_fast+lowvol+lowmax,0.19837274396650662,1.0996078023098297,-0.36850966451887535
eq4,champ_n20+mom_only+lowvol+amihud,0.19836108722214973,1.1043212386177295,-0.43131078167280845
eq5,champ+champ_tail+mom_fast+lowmax+amihud,0.19835143288471957,1.1232838116955786,-0.4312109900411253
w3,champ_tail:0.34+mom_fast:0.20+lowvol:0.46,0.1983281448593064,1.3561616060772346,-0.2912997549328211
w3,champ_qtr:0.50+momcons:0.20+amihud:0.30,0.19832714612628854,1.0996206546050833,-0.47243543565852875
eq5,champ_large+champ_mid+prox52+momcons+amihud,0.19832394736554693,1.1117069411367113,-0.458720165177936
eq5,champ+champ_mid+mom_only+lowmax+amihud,0.19829421800326186,1.147541629644884,-0.40612421247951747
eq5,champ_n5+champ_large+champ_mid+mom_only+lowmax,0.19825903445449833,1.2539299215908348,-0.3228593341767485
eq5,champ+champ_large+mom_only+lowvol+amihud,0.1982514242700848,1.1539711101022931,-0.3860547179320377
eq5,champ_qtr+champ_large+champ_mid+mom_only+lowmax,0.19822511507931528,1.2565186814397218,-0.33341320397512286
w3,champ_mid:0.34+mom_only:0.33+lowmax:0.33,0.198214091145829,1.1826181727070282,-0.33883642331160924
eq4,champ+champ_large+mom_fast+lowmax,0.19820912256653567,1.1846645979404784,-0.3444488056481725
w2,champ:0.4+champ_large,0.19820841355100982,1.1829970621627444,-0.32279629008003097
w3,champ_n20:0.34+champ_qtr:0.33+amihud:0.33,0.19817598832915628,1.1159329477500688,-0.4557567732825405
w3,champ_n5:0.34+champ_qtr:0.33+amihud:0.33,0.19814035550044773,1.1068762487460848,-0.4351764906399591
w3,champ:0.50+prox52:0.33+lowmax:0.17,0.19808210560942752,1.2471950304484265,-0.3872974031470522
w3,champ_n5:0.34+champ_n20:0.33+amihud:0.33,0.19804296504308327,1.107469164051886,-0.42741610773848504
w3,champ_qtr:0.50+champ_mid:0.20+lowvol:0.30,0.19803395500164123,1.4282903842950458,-0.2952532966308883
w3,champ_tail:0.34+mom_fast:0.33+lowmax:0.33,0.19803258433010917,1.1397138401546705,-0.36653444889250286
eq3,mom_fast+lowvol+amihud,0.19803203577982265,0.9716478641061649,-0.49839411838875125
eq5,champ_n5+champ_qtr+champ_large+champ_tail+amihud,0.19802250399799703,1.2116424870390439,-0.36287111200948474
eq5,champ_n20+champ_large+champ_mid+mom_only+lowmax,0.19798746141151624,1.249265461992299,-0.33059140265521036
w3,champ_tail:0.50+lowvol:0.20+momcons:0.30,0.19798210652526005,1.3267913513069107,-0.3276371435492833
w3,champ_mid:0.20+mom_fast:0.20+amihud:0.60,0.19795849579703595,0.8594315044533548,-0.6121668226373278
w3,champ_tail:0.34+champ_mid:0.33+lowvol:0.33,0.1979450980366897,1.4769457439015978,-0.286047800473024
w3,champ_n20:0.50+champ_mid:0.20+lowvol:0.30,0.19793330334315562,1.4343481802196065,-0.29138099055299727
eq5,champ_n5+champ_n20+champ_qtr+champ_large+amihud,0.1978898571375587,1.1829952594618582,-0.3622117526858568
eq3,champ_n20+champ_qtr+amihud,0.19787888790979347,1.1123410119145707,-0.45774206056128175
eq5,champ_n5+champ_n20+champ_large+champ_tail+amihud,0.19787733549026187,1.2088231222833539,-0.3568915640049528
w3,champ_qtr:0.50+lowvol:0.20+prox52:0.30,0.19787654430657353,1.282805222786645,-0.3606730071063242
eq3,champ_n5+champ_qtr+amihud,0.19785529855770867,1.1038652084174596,-0.4376343443338492
eq5,champ_large+champ_tail+champ_mid+mom_only+lowmax,0.1978397814187538,1.270982246704701,-0.3302716345448874
w3,champ_n5:0.50+momcons:0.20+amihud:0.30,0.1978392416236534,1.0800226533660207,-0.43120329645664945
w3,prox52:0.34+momcons:0.50+amihud:0.16,0.1978359963127525,1.0109088049764867,-0.5427617800178923
eq5,champ_n20+champ_qtr+champ_large+champ_tail+amihud,0.19782017754735848,1.2101374880945552,-0.3765611194394739
eq5,champ_n5+champ_large+champ_tail+champ_mid+lowvol,0.19781612502998058,1.413655321026979,-0.2909529003226089
w3,champ:0.20+momcons:0.50+amihud:0.30,0.19781218806449785,1.021414355740584,-0.4984528969087011
eq5,champ_n5+champ_qtr+lowvol+prox52+momcons,0.19779252873893194,1.2841764804652058,-0.33064446441854733
eq5,champ_qtr+champ_large+champ_tail+champ_mid+lowvol,0.19778542778563812,1.4178154022357812,-0.3016397339753071
eq5,champ_n20+champ_qtr+champ_large+champ_mid+lowvol,0.1977848014161434,1.3769691692188804,-0.30198135361836353
w2,mom_only:0.4+amihud,0.19777960908040404,0.8139331135336146,-0.648896452801728
eq5,champ_n5+champ_qtr+champ_large+champ_mid+lowvol,0.19777679416350402,1.3664773812666515,-0.2939822768696114
eq5,champ_n5+champ_n20+champ_large+champ_mid+lowvol,0.19777624761283463,1.3709134170824848,-0.29100389523250736
w3,champ_n20:0.50+momcons:0.20+amihud:0.30,0.1977761193546701,1.0891014935124668,-0.4612459487332452
eq4,champ_tail+mom_only+lowvol+amihud,0.19775837190396062,1.1085469975050986,-0.4326737048780044
eq3,champ_tail+mom_fast+lowmax,0.19775535343340978,1.135861704893625,-0.3677451876315154
eq3,champ_n5+champ_n20+amihud,0.19774908691696602,1.104228893864248,-0.4298364354761678
eq5,champ_n20+champ_qtr+lowvol+prox52+momcons,0.19773795117676274,1.2895343637705845,-0.3447708640360233
eq5,champ_n5+champ_n20+lowvol+prox52+momcons,0.19772090793469177,1.2842425008988356,-0.32423751977095094
eq3,champ_tail+champ_mid+lowvol,0.19770501290128695,1.4771144689908122,-0.28564756153669046
w3,champ_n20:0.50+lowvol:0.20+prox52:0.30,0.19767631672099562,1.2820322455377922,-0.3579713385326929
w3,champ_mid:0.50+lowmax:0.20+momcons:0.30,0.19766021647065468,1.2889218050933164,-0.33761519676252616
w3,champ_qtr:0.34+champ_tail:0.33+amihud:0.33,0.19762966471196264,1.1295818678756977,-0.45828737194553537
eq5,champ_n20+champ_large+champ_tail+champ_mid+lowvol,0.19761227865146314,1.411411755327092,-0.30175303733525904
w3,champ_n5:0.34+champ_tail:0.33+amihud:0.33,0.1975991151560792,1.1239181404028529,-0.4296521344557387
eq3,champ_mid+mom_only+lowmax,0.19759020219335177,1.177285115014938,-0.3412464825364001
eq5,champ_n5+champ_tail+lowvol+prox52+momcons,0.1975673662034978,1.3079510098769367,-0.32626610094712305
eq5,champ_qtr+champ_tail+lowvol+prox52+momcons,0.1975453424922058,1.3116022305609176,-0.3468169375281328
w3,mom_only:0.50+lowmax:0.20+amihud:0.30,0.1975443835082229,0.9096359813946318,-0.5487030707716631
w2,champ_tail:0.7+amihud,0.19751515402576092,1.1142644076592152,-0.43791204465189537
eq3,champ_large+mom_only+lowvol,0.19749384563009054,1.1884860532670471,-0.3063492885401049
w3,champ_n5:0.50+champ_mid:0.20+lowvol:0.30,0.19745814832928787,1.376685691496957,-0.2674057834607253
w3,champ_n5:0.50+lowvol:0.20+prox52:0.30,0.19738242787309646,1.2496956963435282,-0.3106775858788632
eq4,champ_n5+champ_qtr+mom_only+lowmax,0.1973285921642589,1.2229586181092134,-0.32919714443649306
eq3,champ_qtr+champ_tail+amihud,0.1973064417526187,1.1254531762528215,-0.46007911725967265
eq5,champ_large+mom_only+mom_fast+lowmax+amihud,0.19730457971878446,0.9979814592823943,-0.47700447562747794
eq5,champ_n20+champ_tail+lowvol+prox52+momcons,0.19730133135719052,1.3028543575379026,-0.3407897330473745
eq3,champ_n5+champ_tail+amihud,0.1972854525012251,1.1202283336416428,-0.4321016998493028
eq5,mom_only+lowvol+prox52+momcons+amihud,0.1972760674489613,1.0528729682266067,-0.49951888218787044
eq4,champ+champ_large+champ_mid+lowvol,0.19727439192028307,1.393703708802004,-0.29162392190152364
w3,champ_large:0.20+mom_only:0.33+amihud:0.47,0.19723810397599917,0.8874370280933525,-0.5796104932295942
eq4,champ_n20+champ_qtr+mom_only+lowmax,0.19722204581089176,1.2270319607762792,-0.33873588902878204
eq4,mom_fast+prox52+lowmax+momcons,0.1972112946306639,1.057713551716763,-0.4693631030528095
eq4,champ_n5+champ_n20+mom_only+lowmax,0.19720501128134726,1.2215856539545402,-0.3256353720010309
w3,champ_large:0.34+mom_only:0.33+lowvol:0.33,0.1972038331117978,1.187748881218987,-0.30654644954752863
w3,mom_fast:0.34+lowvol:0.50+amihud:0.16,0.19718682467673854,1.0972053370035573,-0.3854100800014306
eq2,champ_mid+amihud,0.19717943450646014,0.9918411734609799,-0.5074426468790029
w2,champ_mid:0.5+amihud,0.19717943450646014,0.9918411734609799,-0.5074426468790029
w3,champ_qtr:0.34+lowvol:0.20+momcons:0.46,0.19714224686532122,1.2430091420300935,-0.34059107256850407
w3,champ_qtr:0.50+prox52:0.20+amihud:0.30,0.19712875668403274,1.0836587549931969,-0.5106447801870182
eq5,champ_large+mom_fast+lowvol+momcons+amihud,0.19710094124342414,1.0735925145565557,-0.4340308714574028
eq4,champ+champ_qtr+champ_large+amihud,0.19704415360288619,1.1470733484841833,-0.3990057633439986
w3,champ_n20:0.34+champ_tail:0.33+amihud:0.33,0.1970413240660296,1.115129441991027,-0.4511480811327573
w3,champ_large:0.50+champ_mid:0.20+prox52:0.30,0.19702834224748145,1.173126416363805,-0.3488694442045803
eq5,champ_mid+mom_fast+lowmax+momcons+amihud,0.19701885260434326,1.0654854892816816,-0.4511920717784872
eq4,champ_n5+champ_n20+champ_qtr+lowvol,0.197005784791638,1.3794694556784899,-0.28951040444062226
eq4,champ_n5+champ_qtr+champ_tail+lowvol,0.196980299164903,1.4300182428823849,-0.28903138132826334
eq4,champ_n20+champ_qtr+champ_tail+lowvol,0.1969790914614411,1.4447188620681142,-0.2999288836357852
w3,champ_n20:0.34+champ_qtr:0.20+champ_large:0.46,0.19696396087918244,1.2107253316660878,-0.32802430554799533
eq4,champ_n5+champ_n20+champ_tail+lowvol,0.19695715690586968,1.4349257737017451,-0.28680357572204496
eq4,champ+champ_n5+champ_large+amihud,0.19695376653361474,1.1404936614099073,-0.3762197927626093
eq5,champ_n5+mom_only+prox52+lowmax+momcons,0.19694903251116425,1.1458427210874353,-0.40797432924143007
eq4,champ_n5+champ_tail+mom_only+lowmax,0.19694749622827823,1.2436754943639285,-0.32519287210186354
eq4,champ_qtr+prox52+momcons+amihud,0.1969470816530854,1.0533692158070442,-0.5294740195290311
eq4,champ_n5+prox52+momcons+amihud,0.19693092540865198,1.050259786191195,-0.512886764346541
eq5,champ_qtr+mom_only+prox52+lowmax+momcons,0.19692369886633054,1.1480259168941027,-0.42600881216636755
eq4,champ+champ_large+champ_tail+amihud,0.19691379201119297,1.1722382959928126,-0.39273632666607394
w3,champ_n5:0.34+lowvol:0.20+momcons:0.46,0.19691209280871447,1.2265513822429674,-0.3230151228695173
eq4,champ_qtr+champ_tail+mom_only+lowmax,0.19690350840993798,1.2468306884469935,-0.3383309682282375
eq5,champ+champ_mid+lowvol+momcons+amihud,0.19689971871158174,1.2316878283867776,-0.35651233314342345
eq4,champ+lowvol+prox52+momcons,0.19689813191360894,1.2674523212263358,-0.3536347498681559
w3,champ_n20:0.34+lowvol:0.20+momcons:0.46,0.19689679184175835,1.237714060115095,-0.33923669842831805
w3,champ_mid:0.20+lowvol:0.20+prox52:0.60,0.19687879882955284,1.131587162668938,-0.4502456914957975
w3,champ:0.20+mom_fast:0.20+amihud:0.60,0.19687175784875688,0.8573825296257985,-0.6170226699917936
eq4,champ+champ_n20+champ_large+amihud,0.19687103367294356,1.144363102394891,-0.3918388785988671
w3,mom_fast:0.20+prox52:0.33+amihud:0.47,0.19682997627691967,0.8565261584156582,-0.6543091688918345
w3,champ_n5:0.34+champ_n20:0.20+champ_large:0.46,0.19682353579252143,1.1972384844192894,-0.3106073226754189
eq5,champ+champ_large+prox52+momcons+amihud,0.1967469389898704,1.0970401482848409,-0.46879295638653184
eq3,champ_n20+champ_tail+amihud,0.19672156105299687,1.1111527787422009,-0.4531121239552487
w3,champ_n5:0.50+prox52:0.20+amihud:0.30,0.19670454513711255,1.066508546573478,-0.4756363454794593
w3,champ_n5:0.34+champ_qtr:0.20+champ_large:0.46,0.19669302610243022,1.189392687992147,-0.31296393649629795
w3,champ:0.34+champ_n20:0.33+lowvol:0.33,0.1966863150616005,1.4295963296000924,-0.2852137487551265
w3,champ:0.34+champ_qtr:0.33+lowvol:0.33,0.1966309864019884,1.4173560806169654,-0.29008830476228487
eq5,champ_n20+mom_only+prox52+lowmax+momcons,0.1966150269263751,1.1401188607288895,-0.4211643813350612
w3,champ_n5:0.20+champ_large:0.33+prox52:0.47,0.1966135764566388,1.1123911838920397,-0.4228716473506893
eq5,champ+champ_n20+champ_qtr+champ_mid+lowmax,0.1965817359090054,1.3592620730290366,-0.3210875235287298
w3,mom_only:0.34+lowvol:0.50+momcons:0.16,0.19656429956436305,1.201072861176656,-0.30239517293255325
w3,champ_n20:0.50+prox52:0.20+amihud:0.30,0.1965550975644712,1.0728741419084393,-0.5037481893546047
w3,champ_qtr:0.20+champ_large:0.33+prox52:0.47,0.1965540108803452,1.1132447261016314,-0.4394708904033553
w3,mom_only:0.50+lowmax:0.33+momcons:0.17,0.19655142851981133,1.0084379080511177,-0.43431293915242597
eq5,champ+champ_qtr+champ_large+mom_only+lowmax,0.19654631858138427,1.2323290147543642,-0.3347900874213028
eq4,champ_n20+prox52+momcons+amihud,0.19652900509172366,1.045150499719913,-0.5263085816135186
eq5,champ+champ_n5+champ_large+mom_only+lowmax,0.1965244106093913,1.2275728848204501,-0.3242689054018363
eq4,champ_n20+champ_tail+mom_only+lowmax,0.1965103411670781,1.2336932816347634,-0.33484174372946496
eq5,champ+champ_n5+champ_n20+champ_mid+lowmax,0.19650640302550793,1.3495376745965741,-0.31041124735758563
w2,champ_large:0.3+momcons,0.19648384433027988,1.0635010580710014,-0.380060097429356
eq5,champ+champ_n5+champ_qtr+champ_mid+lowmax,0.19648262093638458,1.3439440005113688,-0.31331294990031355
w3,champ_tail:0.50+champ_mid:0.20+lowvol:0.30,0.19647100935673123,1.4450894606481186,-0.2917117696228695
w3,champ:0.20+champ_n20:0.50+lowvol:0.30,0.196464454115725,1.413870170911258,-0.2911330564545349
w3,mom_only:0.20+lowvol:0.33+prox52:0.47,0.1964607770005764,1.124897003817916,-0.44741767815612343
eq5,champ+champ_qtr+champ_tail+champ_mid+lowmax,0.19645052563541876,1.3902868322371706,-0.3207547905342196
eq5,champ+champ_large+champ_tail+mom_only+lowmax,0.19642450029393288,1.2578316913454113,-0.33162952617451347
eq5,champ+champ_n5+champ_tail+champ_mid+lowmax,0.19641431178644808,1.3821758403238733,-0.31005385762736626
w3,champ:0.20+champ_large:0.50+momcons:0.30,0.19639522919725994,1.1555366557869096,-0.34859584137296395
eq5,champ+champ_n20+champ_large+mom_only+lowmax,0.19639484601025226,1.2290166514571998,-0.3319720623573492
w3,champ_n5:0.20+champ_n20:0.33+champ_large:0.47,0.19638592388550613,1.2033499767890328,-0.3175991265227559
eq5,champ_n5+champ_large+mom_fast+lowmax+momcons,0.19638437670639308,1.1611710012707332,-0.3426910433732576
eq5,champ_qtr+champ_large+mom_fast+lowmax+momcons,0.19638125667404105,1.1642352828088822,-0.35465260994585723
w3,champ_n20:0.20+champ_large:0.33+prox52:0.47,0.19637201027693485,1.109900477075489,-0.43280331743747946
w3,champ:0.34+champ_tail:0.33+lowvol:0.33,0.19636457233154014,1.4843866582048124,-0.2853426001140493
w3,champ_large:0.20+champ_mid:0.50+lowvol:0.30,0.19635445510348148,1.4246261958918696,-0.2859308791322628
w3,champ:0.20+champ_qtr:0.50+lowvol:0.30,0.19635053136536817,1.3941067622504253,-0.2966910147166526
w3,champ_n20:0.20+champ_qtr:0.33+champ_large:0.47,0.19633419233209648,1.2028606066827983,-0.32867503929131414
eq5,champ+champ_n20+champ_tail+champ_mid+lowmax,0.19630176270205224,1.3856510917951896,-0.31790024675054507
w3,champ_tail:0.50+lowvol:0.20+prox52:0.30,0.1962932311395853,1.291228438478891,-0.3515571088553394
w3,champ_tail:0.34+lowvol:0.20+momcons:0.46,0.19628647274321986,1.2576385137075548,-0.33918870010912383
w3,champ:0.34+champ_n5:0.33+lowvol:0.33,0.19627746005160795,1.3847861605828262,-0.27171920484223844
eq5,champ_tail+mom_only+prox52+lowmax+momcons,0.19627440550776543,1.1490105267139903,-0.42279887508405434
w3,champ_tail:0.50+momcons:0.20+amihud:0.30,0.19624152152690133,1.0875847595543437,-0.46653775970876554
w3,champ_n5:0.20+champ_qtr:0.33+champ_large:0.47,0.1962354331478624,1.1926655747362371,-0.3203597068587062
eq5,champ+champ_qtr+champ_large+champ_tail+lowvol,0.196186081883869,1.3894060087098496,-0.30304881681649354
eq5,champ+champ_n5+champ_large+champ_tail+lowvol,0.19616098752090827,1.382063045423878,-0.2920800011331114
eq3,champ+champ_n20+lowvol,0.19615545886918562,1.42822534719228,-0.2850266937963998
eq5,champ_n20+champ_large+mom_fast+lowmax+momcons,0.19612002144308205,1.157604268978681,-0.3593070595230313
w3,champ_large:0.34+champ_tail:0.20+prox52:0.46,0.1961139168640611,1.1328946992805682,-0.430516799830722
eq3,champ+champ_qtr+lowvol,0.1961011216172337,1.4159404118923253,-0.2898391075134804
eq5,champ+champ_n20+champ_large+champ_tail+lowvol,0.19609885623473988,1.3886912612402322,-0.30149539445442386
w2,champ_large:0.1+prox52,0.19609638411495744,0.9442173940813385,-0.5792468749393302
w3,champ:0.34+mom_only:0.33+lowmax:0.33,0.1960644387642978,1.1727862517273737,-0.3571388979132346
eq5,champ+champ_n20+champ_qtr+champ_large+lowvol,0.19600830791281432,1.3404922642241446,-0.30341399941481395
eq4,champ_tail+prox52+momcons+amihud,0.195994910034488,1.049943689098326,-0.5268384863600608
eq5,champ_large+champ_tail+mom_fast+lowmax+momcons,0.19596701708736508,1.1739650259390761,-0.35099102410409866
eq5,champ_qtr+champ_large+champ_mid+lowvol+momcons,0.195948480455026,1.3293179114007339,-0.3170500358429842
eq5,champ+champ_n5+champ_n20+champ_large+lowvol,0.19594392257520932,1.3318405338894808,-0.29247053355701025
eq5,champ_n5+champ_large+champ_mid+lowvol+momcons,0.19593506432197838,1.3235423053179856,-0.30629685584788513
w3,mom_only:0.34+lowvol:0.50+prox52:0.16,0.19590523990309094,1.1956572488678683,-0.34896521755962195
eq5,champ+champ_n5+champ_qtr+champ_large+lowvol,0.19585876119120016,1.3230677294354773,-0.2954447966255862
eq3,champ+champ_tail+lowvol,0.195817678071454,1.4827279044564319,-0.28515833765346
eq5,champ_n20+champ_large+champ_mid+lowvol+momcons,0.19579737319118262,1.3251353504398269,-0.3166820232588199
eq4,champ_large+champ_mid+momcons+amihud,0.19575996583356603,1.1045449208374456,-0.4185773610918261
eq5,champ+mom_fast+lowmax+momcons+amihud,0.19575886368683615,1.0602578360422341,-0.46087633141835205
eq3,champ+champ_n5+lowvol,0.19574350516990457,1.3829475894724328,-0.27127614382695187
eq5,champ+champ_mid+lowvol+prox52+amihud,0.19573984559285496,1.210695236092404,-0.4045043701529566
eq5,champ_large+mom_fast+lowvol+prox52+amihud,0.1957260256900677,1.0539509619914533,-0.4747999424680356
w3,champ_mid:0.34+lowvol:0.33+momcons:0.33,0.1957134462090404,1.3493473999582157,-0.3108079971058294
eq5,champ_large+champ_tail+champ_mid+lowvol+momcons,0.1957052687316465,1.355982938493691,-0.31675524759462126
w3,prox52:0.50+momcons:0.33+amihud:0.17,0.19565843620116774,0.9852829091160901,-0.575869062244004
eq5,champ_mid+mom_fast+prox52+lowmax+amihud,0.19565116049349562,1.0464673223323622,-0.49573521844841195
w3,champ:0.20+champ_n5:0.50+lowvol:0.30,0.19563601395582975,1.337790388667559,-0.268930061827488
eq5,champ_n5+champ_qtr+champ_large+momcons+amihud,0.1955654043897448,1.1359477345335638,-0.39764954956831755
w3,mom_only:0.50+lowvol:0.33+lowmax:0.17,0.1955371702740616,1.0941251866006114,-0.3729606126779421
w3,champ:0.50+mom_only:0.20+lowmax:0.30,0.1955321504697396,1.257760969066404,-0.32966077311476216
w3,champ:0.20+lowvol:0.20+prox52:0.60,0.19551902826900602,1.1229168383260644,-0.45848016871718666
eq3,champ+mom_only+lowmax,0.19548491882862118,1.167700100318507,-0.3590567951169592
eq5,champ_n5+champ_large+champ_tail+momcons+amihud,0.19548214760586902,1.1561626973172279,-0.3921047713903659
eq5,champ_large+champ_mid+mom_only+lowmax+momcons,0.19547642131344922,1.18687300317374,-0.3452384734756829
w3,champ:0.20+champ_tail:0.50+lowvol:0.30,0.19544670324562774,1.4557348739153027,-0.29140069081438613
w3,champ_n5:0.20+champ_mid:0.33+amihud:0.47,0.19544615497455742,1.0110947871302693,-0.49203484361847283
eq5,champ_n5+champ_n20+champ_large+momcons+amihud,0.19544220051864203,1.1342745621427626,-0.3918934711235995
eq5,champ_qtr+champ_large+champ_tail+momcons+amihud,0.19542979344383316,1.1574830519560795,-0.41070512607094445
eq5,champ_n20+champ_qtr+champ_large+momcons+amihud,0.19542900127453455,1.136762493872664,-0.4098061130800078
w3,champ_large:0.34+prox52:0.20+momcons:0.46,0.19542159863632347,1.0970835667631753,-0.40737745481494214
w3,champ_qtr:0.20+champ_mid:0.33+amihud:0.47,0.19542057410739022,1.0124083660821295,-0.5055632200075966
eq5,champ_n5+champ_large+mom_fast+prox52+lowmax,0.19534982946162716,1.1475637229277906,-0.382193459703286
eq5,champ_qtr+champ_large+mom_fast+prox52+lowmax,0.19532116555606205,1.1496335991696005,-0.4010469006594424
w2,champ:0.6+lowvol,0.19522934170115347,1.4365029814489547,-0.276007099705174
eq5,champ_qtr+champ_mid+mom_fast+lowvol+lowmax,0.19518374228141888,1.3029004324713862,-0.3131370164461905
w3,champ_mid:0.20+prox52:0.50+amihud:0.30,0.19517234804384098,0.976311288088035,-0.5853818315510713
w3,champ_n5:0.20+champ_large:0.50+champ_tail:0.30,0.1951716210221428,1.2532532565074779,-0.31550674455237826
eq5,champ_n5+champ_mid+mom_fast+lowvol+lowmax,0.1951638804840301,1.2971342528157264,-0.3028646611957635
eq3,champ_large+prox52+momcons,0.19514887294208094,1.093239366695151,-0.43446767024944755
eq5,champ_n20+champ_large+champ_tail+momcons+amihud,0.195134470349287,1.1497481366721742,-0.40532647920223186
eq3,champ_mid+lowvol+momcons,0.19509056318763318,1.3456677828162773,-0.31087098753659903
w3,champ_qtr:0.20+champ_large:0.50+champ_tail:0.30,0.19508222196653913,1.2533196365578818,-0.32611246004825445
eq5,champ_n5+champ_large+champ_mid+lowvol+prox52,0.195062003261524,1.3124564485444123,-0.3053028884236876
w3,champ:0.20+champ_large:0.50+prox52:0.30,0.19506044797190047,1.1426472550903966,-0.367354690317895
eq5,champ_n20+champ_large+mom_fast+prox52+lowmax,0.19505075028375995,1.1428830070018126,-0.39702771346205923
eq5,champ_qtr+champ_large+champ_mid+lowvol+prox52,0.19504974744055437,1.3167101722329602,-0.3160865511271058
w3,champ_n20:0.20+champ_mid:0.33+amihud:0.47,0.19500059460242514,1.0046797749469376,-0.5035019868975876
w3,champ_n20:0.20+champ_large:0.50+champ_tail:0.30,0.1949346728021668,1.2500509514517688,-0.325734619360034
w3,champ_qtr:0.34+champ_large:0.50+champ_tail:0.16,0.1949336115895821,1.2250287755456801,-0.3281141036977513
w2,momcons:0.8+amihud,0.19492865468240628,0.9686874204828528,-0.49906616722759034
w3,champ_tail:0.50+prox52:0.20+amihud:0.30,0.19491903246218145,1.0684060208577217,-0.5047834337499424
eq5,champ_n20+champ_mid+mom_fast+lowvol+lowmax,0.19491279915972193,1.2927734625546892,-0.3134354290180893
eq5,champ_n20+champ_large+champ_mid+lowvol+prox52,0.1948894333172635,1.312113573136721,-0.31319602217362863
w3,champ_n5:0.34+champ_large:0.50+champ_tail:0.16,0.19488339482098627,1.216556559007549,-0.3099164119226614
w3,champ_large:0.34+prox52:0.33+momcons:0.33,0.19488022209930245,1.0931956698375678,-0.43278585631103206
eq5,champ_large+champ_tail+mom_fast+prox52+lowmax,0.1948558868621455,1.1571809885783781,-0.3974831954090804
w3,mom_fast:0.34+lowmax:0.33+momcons:0.33,0.1948375137454561,1.0335936924685238,-0.4206751317845081
w3,champ_mid:0.50+lowvol:0.20+amihud:0.30,0.1948268194891285,1.1756046535193891,-0.3698600977177211
w3,champ_n20:0.34+champ_large:0.50+champ_tail:0.16,0.19482487236321355,1.2258875354818206,-0.32642324825261027
eq5,champ_large+champ_tail+champ_mid+lowvol+prox52,0.19475568676952415,1.339804779413186,-0.31287063244454016
eq5,champ+champ_qtr+champ_mid+lowmax+momcons,0.1947030818886113,1.3104851786664873,-0.3357686953170923
eq5,champ_large+champ_mid+mom_only+prox52+lowmax,0.19469400367139267,1.1817078402105998,-0.3688872697537725
eq4,champ_n20+champ_qtr+lowvol+momcons,0.19468235192528627,1.3295015969975839,-0.3186191720981816
w3,champ_qtr:0.20+lowvol:0.20+momcons:0.60,0.19465847960798,1.1729391770058075,-0.3511490253232763
eq2,champ_large+champ_tail,0.1946401884674882,1.2655494707656063,-0.32585021060049224
w2,champ_large:0.5+champ_tail,0.1946401884674882,1.2655494707656063,-0.32585021060049224
eq5,champ+champ_n5+champ_mid+lowmax+momcons,0.19462294608917619,1.3014204362646091,-0.3253107951325168
w3,champ_n5:0.20+lowvol:0.20+momcons:0.60,0.19461137334226897,1.1678621555603166,-0.3410057183662387
eq4,champ_n5+champ_n20+lowvol+momcons,0.1945917238189243,1.3181728705740565,-0.3058470782642656
eq4,champ_n5+champ_qtr+lowvol+momcons,0.19458069518888865,1.312630558541261,-0.3086317175500012
eq5,champ+champ_n20+champ_mid+lowmax+momcons,0.19457639056893217,1.3076740654877044,-0.3329603262359909
eq5,champ_n5+champ_qtr+champ_large+prox52+amihud,0.19453624019518645,1.1232412494500288,-0.43941881922938875
w3,champ_large:0.50+mom_fast:0.20+amihud:0.30,0.1945124929302504,0.9803565003108269,-0.4769369843898318
w3,champ:0.34+champ_qtr:0.20+amihud:0.46,0.1944977618499817,1.013943993486883,-0.5104078019276137
eq4,champ_qtr+champ_tail+lowvol+momcons,0.19445088014471246,1.3622595936000133,-0.31870074127554315
w3,champ_n20:0.20+lowvol:0.20+momcons:0.60,0.194446027649275,1.1677328029582354,-0.3503650295676143
eq5,champ+mom_fast+prox52+lowmax+amihud,0.19443809658450095,1.0424257617908066,-0.502463894044282
w3,champ_tail:0.20+champ_mid:0.33+amihud:0.47,0.19442887059222613,1.004642090780349,-0.503922544772186
w3,champ:0.34+champ_n5:0.20+amihud:0.46,0.1944276786020407,1.0105082408874762,-0.4970786315607534
eq5,champ_tail+champ_mid+mom_fast+lowvol+lowmax,0.19442218096937047,1.2999520316432007,-0.3135278956380726
eq4,champ_n5+champ_tail+lowvol+momcons,0.19442113201838307,1.3534910413164432,-0.30590242621650143
eq5,champ_n5+champ_qtr+champ_mid+lowvol+amihud,0.19441481932999927,1.2640601506985758,-0.3215274084573023
w3,champ_mid:0.34+prox52:0.50+lowmax:0.16,0.19441121313599852,1.1520411639294585,-0.43318311763847084
eq5,champ_n5+champ_n20+champ_large+prox52+amihud,0.19440375713148095,1.121308100451617,-0.4340825119657219
eq5,champ_n5+champ_large+champ_tail+prox52+amihud,0.19440184495334312,1.141108742573207,-0.43569982075126334
w3,champ_qtr:0.34+lowvol:0.20+prox52:0.46,0.19439336487888892,1.191564127865073,-0.4202810918747383
eq2,champ_n20+champ_large,0.19438079667788433,1.187611936743576,-0.3277066032641953
w2,champ_n20:0.5+champ_large,0.19438079667788433,1.187611936743576,-0.3277066032641953
eq5,champ_n20+champ_qtr+champ_large+prox52+amihud,0.19436525036970975,1.1228807796688864,-0.4513761065085481
eq5,champ+champ_tail+champ_mid+lowmax+momcons,0.19435255531671647,1.3299656992462037,-0.3326448512094028
eq5,champ_qtr+champ_large+champ_tail+prox52+amihud,0.1943241738460122,1.1414906689801223,-0.45301019470694226
eq2,champ_qtr+champ_large,0.19430190420790616,1.1774214433954284,-0.3306857833071195
w2,champ_qtr:0.5+champ_large,0.19430190420790616,1.1774214433954284,-0.3306857833071195
eq5,champ_n20+champ_qtr+champ_mid+lowvol+amihud,0.194291638994881,1.2660214650416834,-0.3363234694212949
eq5,champ_n5+champ_n20+champ_mid+lowvol+amihud,0.19428203421853296,1.261250620481968,-0.3176350400996484
eq2,champ+amihud,0.1942642569269799,0.9844682290395138,-0.5231378251588708
w2,champ:0.5+amihud,0.1942642569269799,0.9844682290395138,-0.5231378251588708
eq4,mom_only+lowvol+momcons+amihud,0.19426333261914586,1.027816250704587,-0.47020500854966685
w3,champ_n5:0.34+lowvol:0.20+prox52:0.46,0.19426332624242448,1.1807422022176681,-0.39009835683622374
eq4,champ_large+champ_mid+prox52+amihud,0.19423255957425956,1.0829604067101115,-0.4705166636089081
w3,champ:0.34+champ_n20:0.20+amihud:0.46,0.19422796917648188,1.0094361726606356,-0.5082053278078437
w3,champ_tail:0.20+lowvol:0.20+momcons:0.60,0.19420306184258473,1.181452671902961,-0.3492044256564758
eq4,champ_n20+champ_tail+lowvol+momcons,0.19419288293082304,1.3523665592198895,-0.3190842270967448
eq5,champ+champ_large+champ_tail+lowvol+momcons,0.1941918207610398,1.3349127536731156,-0.3165114842929112
eq5,champ+champ_qtr+champ_large+lowvol+momcons,0.19417226706235224,1.2955126909268555,-0.3184576534085628
w3,champ:0.50+lowmax:0.20+momcons:0.30,0.19416038612502384,1.2571315672543786,-0.34094581187984463
w3,champ_n20:0.34+lowvol:0.20+prox52:0.46,0.19411219443078442,1.1853684202294477,-0.4120516301757806
eq5,champ+champ_n20+champ_large+lowvol+momcons,0.19410694624044122,1.2959827389838223,-0.31746571011485625
eq5,champ+champ_n5+champ_large+lowvol+momcons,0.1941031526214816,1.2873691507336582,-0.30773784501815404
eq5,champ_n5+champ_qtr+mom_fast+lowmax+amihud,0.19408633960665167,1.0980391469790718,-0.43027979421037077
w3,champ_large:0.20+mom_only:0.50+lowmax:0.30,0.19407863856821073,1.0257688311129307,-0.41272146109339847
w2,champ_large:0.2+prox52,0.19403549745440807,0.9723391244722704,-0.5475257993391911
eq5,champ_n20+champ_large+champ_tail+prox52+amihud,0.19401994424482782,1.1337028403313443,-0.44799197784094336
eq5,champ_n5+champ_tail+champ_mid+lowvol+amihud,0.19398406934183843,1.2770814261189736,-0.31775006179306853
w3,champ:0.34+champ_tail:0.20+amihud:0.46,0.19396032853210032,1.016342719945057,-0.5083764948643335
eq5,champ_qtr+champ_tail+champ_mid+lowvol+amihud,0.19395471229139716,1.2801685575032573,-0.3380988002161328
w3,champ:0.20+prox52:0.50+amihud:0.30,0.1939247833860307,0.9716808994785726,-0.5908591290097296
w2,champ_large:0.8+mom_only,0.19389327666978762,1.07175759234593,-0.3387293038870466
w2,champ_n5:0.5+champ_large,0.19388812554625257,1.154493648851973,-0.3039369188364066
eq2,champ_n5+champ_large,0.19388812554625257,1.154493648851973,-0.3039369188364066
eq5,champ+champ_large+mom_only+lowmax+momcons,0.19388471274477714,1.1686066023081736,-0.3465920377192393
eq5,champ+champ_qtr+champ_mid+prox52+lowmax,0.19385843926179214,1.3009758044391677,-0.33481238469707353
eq5,champ_n5+champ_n20+mom_fast+lowmax+amihud,0.1938434554655999,1.0929397798461846,-0.42560988580888315
eq5,champ_n20+champ_qtr+mom_fast+lowmax+amihud,0.1938366118725361,1.0953317529882323,-0.4427277812191116
w3,champ_mid:0.34+lowvol:0.33+prox52:0.33,0.1938352861748338,1.306298787163027,-0.3151007715323326
eq5,champ+champ_n5+champ_mid+prox52+lowmax,0.19380395678946338,1.2933937509283793,-0.3243246650498751
eq5,champ+champ_qtr+mom_fast+lowvol+lowmax,0.19376857508212297,1.2886896208446093,-0.31404685887872297
eq4,champ_qtr+mom_only+lowmax+momcons,0.19375167824784612,1.142148910937005,-0.37448655345051374
eq4,champ+champ_large+momcons+amihud,0.1937274494073431,1.0842935724156502,-0.4340178793733003
eq4,champ_n5+mom_only+lowmax+momcons,0.19372715100915094,1.1374767304739328,-0.34992125788834383
eq5,champ+champ_n20+champ_mid+prox52+lowmax,0.1937224038105716,1.297716315135685,-0.34354079678675076
eq5,champ+champ_n5+mom_fast+lowvol+lowmax,0.19369331175128446,1.280333394370458,-0.30328371677787136
eq5,champ_n20+champ_tail+champ_mid+lowvol+amihud,0.1936500817311162,1.2688311769491427,-0.3329368228470976
w3,champ_large:0.50+champ_mid:0.33+amihud:0.17,0.19360559640783626,1.1691778480306239,-0.3435615698190493
eq5,champ+champ_n20+mom_fast+lowvol+lowmax,0.19358370659141744,1.283057397800078,-0.31559349119712954
eq5,champ_n5+champ_tail+mom_fast+lowmax+amihud,0.19348473790892395,1.1000165532324273,-0.427205912142534
eq4,champ_n20+champ_qtr+lowvol+prox52,0.19347674658099434,1.3091658866916371,-0.3275461944390732
w3,champ_qtr:0.34+momcons:0.33+amihud:0.33,0.19346887078723518,1.0309543369015328,-0.5040331194512455
eq5,champ+champ_tail+champ_mid+prox52+lowmax,0.19345714112606816,1.3173203714630957,-0.3316794610293612
eq5,champ_qtr+champ_tail+mom_fast+lowmax+amihud,0.19343911175672068,1.1013112460504106,-0.44482191014964134
w3,mom_only:0.20+momcons:0.33+amihud:0.47,0.19343097441199464,0.8751318056243611,-0.6001615296516516
eq4,champ_n5+champ_qtr+lowvol+prox52,0.1934297514177239,1.295814977960364,-0.30976592403603476
w3,champ_mid:0.34+momcons:0.20+amihud:0.46,0.19342891541179785,0.9751332625784624,-0.523975593295219
eq5,champ_n5+champ_mid+mom_only+lowmax+amihud,0.19342782662227287,1.1236533267309228,-0.4028269173606853
eq4,champ_n5+champ_n20+lowvol+prox52,0.19342606635145732,1.3004115162991716,-0.30371738747716326
eq3,mom_fast+lowmax+momcons,0.1934081380748951,1.0313677222604198,-0.42017300439565686
eq5,champ_qtr+champ_mid+mom_only+lowmax+amihud,0.19339514930345159,1.1255014771184186,-0.4191877901833211
eq4,champ_n20+mom_only+lowmax+momcons,0.19339353311651286,1.133024370974308,-0.3677005910631641
eq5,champ_n5+champ_large+mom_only+lowvol+amihud,0.19337706725194326,1.1296769453821884,-0.3818369675068717
eq5,champ_large+mom_only+mom_fast+lowvol+lowmax,0.19336370050078,1.1297565772171305,-0.3400141323303524
w3,champ:0.20+champ_n20:0.20+champ_large:0.60,0.1933422898982078,1.1641649023281297,-0.32585370444894224
w3,champ_tail:0.34+lowvol:0.20+prox52:0.46,0.19334226644973795,1.1960901081128132,-0.4143781417172776
w3,champ:0.20+champ_qtr:0.20+champ_large:0.60,0.19333683649466393,1.1612299144234934,-0.32666880878973226
eq5,champ_qtr+champ_large+mom_only+lowvol+amihud,0.19333341685036043,1.131152230518601,-0.4006928510419616
w3,champ:0.20+champ_n5:0.20+champ_large:0.60,0.19332354068674507,1.1576461350779588,-0.31610280302454374
eq5,champ+champ_qtr+champ_large+lowvol+prox52,0.1933203959501748,1.28581336788817,-0.3175043751676354
w3,champ_n5:0.34+momcons:0.33+amihud:0.33,0.19331627424310605,1.0237969091302628,-0.4778245327338916
eq5,champ+champ_large+champ_tail+lowvol+prox52,0.19328873906069455,1.3216987905067448,-0.3142691085304872
w3,champ_large:0.50+champ_tail:0.33+momcons:0.17,0.1932886989510716,1.218577365080421,-0.3387368361959179
w3,champ:0.34+lowvol:0.33+momcons:0.33,0.19328549565122533,1.3223658550902961,-0.31073263586763156
eq5,champ+champ_n5+champ_large+lowvol+prox52,0.19327698117726655,1.279103978925226,-0.3067542387502219
eq5,champ+champ_tail+mom_fast+lowvol+lowmax,0.19327032919910847,1.2993125893329764,-0.3132882019782671
eq5,champ+champ_n20+champ_large+lowvol+prox52,0.19324581894410042,1.285796972068808,-0.31809729669307774
eq4,champ_n5+champ_tail+lowvol+prox52,0.19319095897873395,1.3307683714727796,-0.3037945452402653
eq3,champ_mid+lowvol+prox52,0.19318755639829055,1.3019315669325575,-0.31657242565545807
eq4,champ_qtr+champ_tail+lowvol+prox52,0.19318073539311897,1.3367941687558023,-0.3302301384063996
w3,champ_large:0.34+prox52:0.50+momcons:0.16,0.1931539769596209,1.0598764231325792,-0.46819128731071746
eq5,champ+champ_large+mom_only+prox52+lowmax,0.19314913496838493,1.165191090783059,-0.38064047054099637
eq3,champ_qtr+momcons+amihud,0.1930940822266045,1.0265146752988366,-0.5061534630538602
w3,champ_qtr:0.34+champ_large:0.50+momcons:0.16,0.19306977129216119,1.1627532172869623,-0.34187025309350416
w2,prox52:0.9+amihud,0.19306692538558345,0.9051941276095247,-0.6234431471414837
eq5,champ_n20+champ_mid+mom_only+lowmax+amihud,0.19302595977950254,1.1158868685785392,-0.4163701903964345
eq5,champ_n20+champ_large+mom_only+lowvol+amihud,0.19302579337731984,1.1233941137294141,-0.39523344534960236
eq5,champ_n20+champ_tail+mom_fast+lowmax+amihud,0.19302447616302998,1.0910218597849093,-0.44026386180299526
w3,champ_n20:0.34+champ_large:0.50+momcons:0.16,0.19299079727290502,1.1644961165370011,-0.34051075229219063
w3,champ_n5:0.34+champ_large:0.50+momcons:0.16,0.19295955748305338,1.153419778558885,-0.32420815472225606
eq3,champ_n5+momcons+amihud,0.19295226253333286,1.0197565451492172,-0.48057330044155433
w3,champ_n20:0.34+momcons:0.33+amihud:0.33,0.19294274178432147,1.0211918451573185,-0.4976456993510847
eq4,champ_tail+mom_only+lowmax+momcons,0.19293153157820764,1.1430448488300606,-0.3708085570829651
w3,champ_qtr:0.20+momcons:0.50+amihud:0.30,0.19291585184687077,1.0018151052936315,-0.5104679505465648
w3,champ_n5:0.20+momcons:0.50+amihud:0.30,0.1929100882580923,0.9997833135640927,-0.49534249973191447
eq4,champ_n20+champ_tail+lowvol+prox52,0.1929087164984391,1.3265233357578712,-0.3224493100633219
w2,champ_large:0.7+champ_mid,0.19288673953602742,1.1824796301188545,-0.3234314702526109
eq5,champ_large+champ_tail+mom_only+lowvol+amihud,0.1928501017944051,1.1376912876212717,-0.39729039182533965
eq5,champ+champ_n20+champ_qtr+lowvol+amihud,0.19283641676321683,1.2506379295228112,-0.3477820703277511
eq5,champ_large+champ_mid+lowvol+prox52+momcons,0.1928339536056698,1.2588036421712354,-0.328025747569918
eq5,champ+champ_n5+champ_qtr+lowvol+amihud,0.19281838220089065,1.2423050743290527,-0.333744173605635
eq5,champ+champ_n5+champ_n20+lowvol+amihud,0.1927712921664193,1.2434994788512355,-0.32776905564149184
eq4,mom_only+lowvol+prox52+amihud,0.19276302929789524,1.0107185228174322,-0.5224931054122581
eq4,champ_n5+mom_only+prox52+lowmax,0.19275763052166828,1.131725408139869,-0.4102243611263108
w3,champ_n20:0.34+champ_qtr:0.50+lowmax:0.16,0.19275249079825585,1.300455757520004,-0.32923973272119755
w3,mom_only:0.20+lowmax:0.20+momcons:0.60,0.19274884546849091,1.038558517107064,-0.4130085475464187
eq4,champ_qtr+mom_only+prox52+lowmax,0.19274237933780602,1.1349809527774013,-0.4301446769451506
eq5,champ+champ_mid+mom_only+lowvol+lowmax,0.1927238714660775,1.3165933732046964,-0.3083661811799643
eq3,champ+lowvol+momcons,0.19270977354598973,1.31915402098359,-0.31077854797581306
eq5,champ+champ_qtr+champ_tail+lowvol+amihud,0.1926765343000112,1.2730126071095011,-0.3498626369729284
eq5,champ+champ_n5+champ_tail+lowvol+amihud,0.19265043744705324,1.2672862028508969,-0.3294473636252172
eq4,champ_large+mom_fast+lowvol+amihud,0.19263493644854757,1.0362464604720476,-0.43993997046482647
w3,champ_n5:0.34+champ_n20:0.50+lowmax:0.16,0.19262384971475965,1.2887655393424275,-0.3088531618897411
w3,champ_large:0.50+champ_tail:0.33+prox52:0.17,0.19258793517771244,1.212360308647348,-0.33470296027467117
eq3,champ_n20+momcons+amihud,0.1925708122556049,1.016862384808582,-0.499925240071589
w3,champ_n20:0.20+momcons:0.50+amihud:0.30,0.19254999162307973,0.9953002501862576,-0.5068194665366058
eq5,champ_tail+champ_mid+mom_only+lowmax+amihud,0.19254181122940706,1.1196475103216392,-0.4176268980987461
w2,champ_large:0.4+momcons,0.19252986758922663,1.0679192318470323,-0.3735977164093416
w3,mom_fast:0.34+prox52:0.33+lowmax:0.33,0.1925033136500589,1.0028671224986065,-0.49113071627169713
w3,champ_qtr:0.34+champ_large:0.50+prox52:0.16,0.1924882990091319,1.1602276933748588,-0.33933773151624225
w3,champ_qtr:0.34+champ_mid:0.20+amihud:0.46,0.19246550851245026,1.0081134782089498,-0.5114123506820385
eq5,champ+champ_n20+champ_tail+lowvol+amihud,0.1924577072562177,1.2658837638183986,-0.344040765216865
eq4,champ+champ_mid+lowvol+amihud,0.1924564459107918,1.2325454174844948,-0.343063310685352
w3,champ_qtr:0.50+champ_large:0.33+amihud:0.17,0.19243200382458592,1.1519987577233701,-0.3696551905681775
eq5,champ_mid+mom_fast+lowvol+lowmax+momcons,0.19241949816107384,1.2224151825001799,-0.3282857563701921
w3,champ_n5:0.34+champ_large:0.50+prox52:0.16,0.19241324023954598,1.152171506338191,-0.3214317456998931
eq4,champ_mid+mom_fast+lowmax+amihud,0.19240068301391244,1.0237760470760933,-0.46494158515200545
w3,champ_n20:0.34+champ_large:0.50+prox52:0.16,0.19239676966174057,1.161502164784179,-0.3345680031987286
w3,champ:0.50+champ_large:0.20+lowvol:0.30,0.1923762237179849,1.3548757769158193,-0.28805717569688893
eq4,champ_n20+mom_only+prox52+lowmax,0.19236952140901842,1.1254685016180652,-0.4291113889548339
w3,champ_n5:0.34+champ_mid:0.20+amihud:0.46,0.1923517071064298,1.0023559784618208,-0.48859059138940253
eq5,champ_large+mom_fast+prox52+lowmax+momcons,0.1923111953814205,1.0868684401077315,-0.42886587779058816
eq4,champ+champ_large+prox52+amihud,0.19227381987782222,1.0653926523429753,-0.4825810726782579
w3,champ_n20:0.50+champ_large:0.33+amihud:0.17,0.19223075139085588,1.1514296340541292,-0.35430065808003197
w3,champ_n5:0.34+champ_qtr:0.50+lowmax:0.16,0.19220014493546933,1.2585686676295775,-0.3161239551915268
w3,champ_tail:0.20+momcons:0.50+amihud:0.30,0.192185555013076,0.9997523992485658,-0.5085544136056914
w3,champ:0.34+prox52:0.50+lowmax:0.16,0.19213750844192634,1.1377147014909295,-0.44710614670500304
w3,champ_qtr:0.34+mom_only:0.20+lowvol:0.46,0.192133042483557,1.3439795400794396,-0.28975649569679085
w2,mom_only:0.4+lowvol,0.19211395866783842,1.1910634017713508,-0.2976877998127977
w3,champ_tail:0.34+momcons:0.33+amihud:0.33,0.19209516969499285,1.024305408416318,-0.5008407313870108
w3,champ_n5:0.20+mom_fast:0.20+amihud:0.60,0.19205730440538482,0.8413346491835126,-0.615077565838021
eq4,champ_qtr+champ_large+mom_fast+lowmax,0.1920425907852703,1.1545660446776753,-0.3410833560600992
eq5,champ+champ_qtr+mom_only+lowmax+amihud,0.19203930371026257,1.1167167978041512,-0.4289187274710876
eq4,champ_n5+champ_large+mom_fast+lowmax,0.192023152370286,1.149885717944673,-0.32791007591605315
w3,champ_n5:0.50+champ_large:0.33+amihud:0.17,0.19201781260844708,1.1301847095733115,-0.3249666642566964
eq5,champ+champ_n5+mom_only+lowmax+amihud,0.19201654063352436,1.1131556612825961,-0.4115318648404983
w3,champ_qtr:0.20+mom_fast:0.20+amihud:0.60,0.19201314595488772,0.8417058349920522,-0.625376732202462
w3,champ_large:0.34+champ_tail:0.50+amihud:0.16,0.1920089469289772,1.1989573079055527,-0.35029730370518597
eq5,champ_qtr+champ_mid+lowvol+momcons+amihud,0.19200086989473686,1.2077746365559616,-0.37181252079663174
eq5,champ_n5+champ_mid+lowvol+momcons+amihud,0.191986555074239,1.2033989118744621,-0.35210031775282824
w3,champ_mid:0.34+prox52:0.20+amihud:0.46,0.19196822334347674,0.9582374912698349,-0.5625047794109808
w3,champ_n5:0.34+mom_only:0.20+lowvol:0.46,0.19196392391686268,1.325155098103948,-0.270744905610774
w3,champ_qtr:0.34+champ_tail:0.50+lowmax:0.16,0.1919443520898203,1.3476627640696832,-0.3262080381696346
w3,champ_n5:0.34+champ_tail:0.50+lowmax:0.16,0.1919173122254485,1.3366687929986907,-0.30799194864915025
w3,champ_n20:0.34+champ_mid:0.20+amihud:0.46,0.19186697847845058,0.9973621847270656,-0.5078119712252781
eq5,champ_n5+champ_large+prox52+momcons+amihud,0.1918618715346636,1.0735599231622248,-0.4651500026217341
w3,champ_n20:0.34+mom_only:0.20+lowvol:0.46,0.19184791948621527,1.3346035768966125,-0.2862329685146463
eq4,champ_tail+mom_only+prox52+lowmax,0.19184302226330252,1.1331306249152497,-0.4277460089113275
w3,champ_mid:0.20+mom_only:0.20+amihud:0.60,0.19183526089635872,0.8545544385446963,-0.6086812948874611
eq5,champ_qtr+champ_large+prox52+momcons+amihud,0.19182811579851644,1.0750784706595176,-0.4815009755503503
w2,mom_only:0.6+lowmax,0.19177043649108638,0.9624587706593223,-0.45796155079262424
eq5,champ+champ_n20+mom_only+lowmax+amihud,0.1917560992197469,1.1099218175607004,-0.4247650492142392
eq3,champ_tail+momcons+amihud,0.1917457827752349,1.019975612860927,-0.5030386575191008
eq4,champ_n20+champ_large+mom_fast+lowmax,0.19174368788110696,1.147114184365096,-0.3540825258877125
w3,champ:0.50+lowvol:0.20+amihud:0.30,0.19173479877939403,1.163255358197857,-0.3935683035320121
w2,champ_qtr:0.6+amihud,0.1917304549177723,1.0374805989793867,-0.5003270446145702
eq5,champ_n20+champ_mid+lowvol+momcons+amihud,0.19171825000072085,1.1990424163544655,-0.36628047595849156
w3,champ_large:0.50+champ_tail:0.20+momcons:0.30,0.19169845278334496,1.1645039801743002,-0.3500064885819232
eq5,champ_n5+champ_n20+champ_qtr+champ_mid+lowmax,0.19162764545914435,1.3246223882330674,-0.3146772248750519
eq5,champ+champ_mid+prox52+lowmax+momcons,0.1916249305610207,1.2434849888183717,-0.3610681865276676
eq5,champ_n5+champ_qtr+champ_large+mom_only+lowmax,0.19161359925826815,1.2031165388181877,-0.3284929763116682
w3,champ_n20:0.50+champ_qtr:0.20+lowvol:0.30,0.19158008888325773,1.3877334519158429,-0.2950514376177249
w2,champ_large:0.3+prox52,0.19157516833010657,0.9971879799819134,-0.5138039074673613
w3,champ_n20:0.34+champ_tail:0.50+lowmax:0.16,0.19157327221038067,1.3332413789933728,-0.3252714422674682
eq5,champ_n5+champ_large+champ_tail+mom_only+lowmax,0.1915635740760675,1.2309284233373838,-0.3252812349512374
eq5,champ_n20+champ_large+prox52+momcons+amihud,0.1915458935242973,1.0691024472503776,-0.4766992550623115
w3,champ_n5:0.20+champ_n20:0.50+lowvol:0.30,0.191545253147835,1.379404511316923,-0.2845251244729553
w3,champ:0.34+lowvol:0.33+prox52:0.33,0.1915382397425971,1.2873630782502128,-0.34056587220519596
w3,champ_mid:0.50+lowvol:0.33+amihud:0.17,0.19152435526053102,1.3072869053738672,-0.3059599317673152
eq5,champ_n5+champ_n20+champ_large+mom_only+lowmax,0.19151913537362808,1.202212391203251,-0.32564536024374735
eq5,champ_n5+champ_qtr+champ_tail+champ_mid+lowmax,0.19151177241942086,1.355362868300051,-0.3143225999595495
eq4,champ_large+champ_tail+mom_fast+lowmax,0.1915090759907414,1.1664091851168297,-0.3398003949150571
w3,champ_n20:0.20+champ_qtr:0.50+lowvol:0.30,0.19150632101143983,1.3755267213339277,-0.2980874770039854
w3,champ:0.34+champ_large:0.50+amihud:0.16,0.1914937991326242,1.1313424204644762,-0.3443253090519617
eq5,champ_qtr+champ_large+champ_tail+mom_only+lowmax,0.19149143033997906,1.2318115491850123,-0.33582347448306504
eq5,champ_n20+champ_qtr+champ_large+mom_only+lowmax,0.1914860080020584,1.2046052282714823,-0.3361634507204718
w3,champ_n5:0.20+champ_large:0.50+momcons:0.30,0.19148583977343403,1.1295461640456195,-0.34215235013727674
w3,champ_qtr:0.20+champ_large:0.50+momcons:0.30,0.19146265769209636,1.1317434319074975,-0.35234558379826053
w3,champ_qtr:0.50+champ_tail:0.20+lowvol:0.30,0.1914618438084803,1.4158519782364412,-0.29772776798616374
eq5,champ+champ_tail+mom_only+lowmax+amihud,0.19144888602792332,1.1193899663162858,-0.42613279848378516
w3,champ_n20:0.20+mom_fast:0.20+amihud:0.60,0.1914438372706042,0.8357625736655265,-0.6239103756846625
eq5,champ_n5+champ_n20+champ_tail+champ_mid+lowmax,0.19141996528787697,1.3542898826229217,-0.3114379866959105
eq5,champ_large+champ_tail+prox52+momcons+amihud,0.1914131538028092,1.0822568651997453,-0.4783354371558215
eq5,champ_n20+champ_qtr+champ_tail+champ_mid+lowmax,0.19140116273636054,1.3588978386151753,-0.3221363048917676
w3,champ_n20:0.20+champ_large:0.50+momcons:0.30,0.19134812536013723,1.130340906898966,-0.3515584903058334
w3,champ:0.34+momcons:0.20+amihud:0.46,0.19134139376223458,0.967824942965349,-0.5342500191317194
w2,champ_n20:0.7+lowvol,0.19131120168190918,1.3750361518102527,-0.2953689185180285
w3,champ_n5:0.20+champ_qtr:0.50+lowvol:0.30,0.1912907164703308,1.3516169602778962,-0.2900806077371523
eq5,champ_tail+champ_mid+lowvol+momcons+amihud,0.1912898728248975,1.2068401683167145,-0.3683945450133962
w3,champ_n20:0.50+champ_tail:0.20+lowvol:0.30,0.1912869096842127,1.4168195853229386,-0.2954468363614733
eq5,champ_mid+mom_fast+lowvol+prox52+lowmax,0.19124772665738266,1.2003137924624083,-0.3590965982919747
eq5,champ_n5+champ_qtr+champ_large+champ_tail+lowvol,0.1912405194957827,1.3540102967018934,-0.29646102120377504
eq5,champ_n20+champ_large+champ_tail+mom_only+lowmax,0.19122522595794678,1.2232162976123768,-0.33302236250752704
eq5,champ_n5+champ_n20+champ_large+champ_tail+lowvol,0.19121001005077942,1.356760925152807,-0.29495246346047654
eq5,champ+champ_large+lowvol+prox52+momcons,0.1911908367582289,1.2346483098544965,-0.336181244324001
eq5,champ_n20+champ_qtr+champ_large+champ_tail+lowvol,0.19118007698392936,1.360634948846819,-0.30538459822128683
w3,champ_qtr:0.34+prox52:0.33+amihud:0.33,0.19117224127033405,1.0009118470962295,-0.565036952535463
w2,champ_qtr:0.7+lowvol,0.1911391809660521,1.3478393902464019,-0.3010529833787715
eq4,champ_qtr+champ_large+champ_mid+lowvol,0.19111557122456846,1.358163170586437,-0.29710602781699147
w2,champ_n20:0.6+amihud,0.19110104272532102,1.027048248662612,-0.4898186802853375
eq5,champ+mom_fast+lowvol+lowmax+momcons,0.1910909807790644,1.2132944536334265,-0.3340534748086036
w3,champ_n5:0.34+prox52:0.33+amihud:0.33,0.19109002142685383,0.9959314358026168,-0.5446775262218571
eq4,champ_n5+champ_large+champ_mid+lowvol,0.19107046964527208,1.348373329900603,-0.2832762126151249
w3,champ_tail:0.34+mom_only:0.20+lowvol:0.46,0.191063346791557,1.3522720346876993,-0.28640423042452634
eq3,mom_fast+prox52+lowmax,0.19105961051121345,1.0002714180990233,-0.49138411247862634
eq5,champ_n5+champ_n20+champ_qtr+champ_large+lowvol,0.19104851642287146,1.3060250140771232,-0.2968486065328514
w3,lowvol:0.20+prox52:0.20+momcons:0.60,0.19104497720305735,1.1064858536674753,-0.4107613991966026
eq4,champ_large+champ_mid+mom_only+lowmax,0.19102060448150393,1.1880344970908014,-0.3329658726453363
w2,champ_n5:0.6+amihud,0.19100089612029003,1.0136334024468154,-0.45522829055492653
w2,lowvol:0.1+prox52,0.19099160062770748,0.9396890030533799,-0.5750851967897272
eq4,champ_n20+champ_large+champ_mid+lowvol,0.19098800974389385,1.3560971429290793,-0.29596451840758153
w3,champ_n5:0.50+champ_tail:0.20+lowvol:0.30,0.1909850987990227,1.3684593115376256,-0.26990679386648453
eq3,champ+lowvol+prox52,0.19093634839793427,1.2833789925550814,-0.3414501747189964
eq4,champ+mom_fast+lowmax+amihud,0.1909355754823796,1.0198452132283151,-0.4737838018721373
w3,mom_only:0.20+prox52:0.33+amihud:0.47,0.1909341546495289,0.8544178217045103,-0.6513225592060523
w3,champ_n5:0.50+champ_n20:0.20+lowvol:0.30,0.19093201330162968,1.3267284388909206,-0.27033135587929225
w3,champ_n20:0.50+champ_qtr:0.33+lowmax:0.17,0.19086635273981067,1.2997480071261227,-0.32688163472020015
eq5,champ_n5+mom_fast+lowmax+momcons+amihud,0.19086485028592715,1.0372896912977319,-0.4571148930710235
eq5,champ_qtr+mom_fast+lowmax+momcons+amihud,0.19086272701533957,1.039457435479217,-0.47368230753846086
eq4,champ_large+champ_tail+champ_mid+lowvol,0.19084839352824456,1.3991622198321256,-0.2960721653943127
eq5,champ_n5+champ_mid+lowvol+prox52+amihud,0.19084554087903993,1.1834629372674936,-0.4016220080866174
eq4,champ_n5+champ_qtr+champ_large+amihud,0.19084196396701714,1.1129327444722419,-0.39396373799443674
eq5,champ_qtr+champ_mid+lowvol+prox52+amihud,0.1908346378051735,1.1865927727768597,-0.41752238573874223
eq4,champ_n5+champ_large+champ_tail+amihud,0.19082362889218496,1.1408568643852228,-0.3874295779608773
w3,mom_fast:0.20+lowvol:0.50+momcons:0.30,0.19082120013008086,1.2126849057041662,-0.3102131796303653
w3,champ_tail:0.20+mom_fast:0.20+amihud:0.60,0.19080953121579425,0.8341644322237411,-0.6242187251378039
w3,champ_tail:0.34+champ_mid:0.20+amihud:0.46,0.19077939768098795,0.9946708476673961,-0.5085878256938785
eq4,champ_qtr+champ_large+champ_tail+amihud,0.19076668189442536,1.142751883091466,-0.4107793446361635
eq4,champ_n20+champ_qtr+champ_large+amihud,0.19076192445997986,1.1168100534108856,-0.40911781180019813
eq3,champ_qtr+prox52+amihud,0.190760942989749,0.9961517777477006,-0.5675909716277758
eq4,champ_n5+champ_n20+champ_large+amihud,0.19075779386343128,1.1131368093366618,-0.38662772999990525
w3,champ_n5:0.50+champ_qtr:0.20+lowvol:0.30,0.1907513262054834,1.3123137209540647,-0.2733998222253091
w3,champ:0.20+mom_only:0.20+amihud:0.60,0.19073776674898735,0.8523059360054772,-0.613829980246348
eq4,champ_qtr+lowvol+prox52+momcons,0.19071782977984908,1.2340518034602475,-0.37286942833126624
w3,lowvol:0.20+prox52:0.33+momcons:0.47,0.19069929013918352,1.1085514239527605,-0.43801123057231584
eq3,champ_n5+prox52+amihud,0.1906887550864993,0.9915151584771069,-0.5477495441225056
eq4,champ_n5+lowvol+prox52+momcons,0.19065944588618056,1.2262947587430562,-0.348227223681396
w3,champ_n20:0.34+prox52:0.33+amihud:0.33,0.19062120728474352,0.9912777406625969,-0.5617019872052044
w3,champ_n5:0.20+lowvol:0.20+prox52:0.60,0.19059586509603732,1.0972708587861346,-0.4555011130553601
w3,champ_qtr:0.50+champ_tail:0.33+lowmax:0.17,0.1905711023080643,1.338703739798096,-0.3287516861726647
w3,champ_n5:0.20+champ_tail:0.50+lowvol:0.30,0.1905683170524768,1.4223070867769902,-0.2847511198369206
w3,champ_qtr:0.20+lowvol:0.20+prox52:0.60,0.19056703294409783,1.0990755204445182,-0.47037663671825036
w3,champ_qtr:0.50+mom_fast:0.20+lowmax:0.30,0.1905494338983469,1.2074677895154904,-0.340003986163983
eq5,champ+champ_qtr+lowvol+momcons+amihud,0.1905461061198117,1.193581104717479,-0.38342806210282465
eq5,champ_n20+champ_mid+lowvol+prox52+amihud,0.19054301925516404,1.1778762189030407,-0.41489527857918496
w3,champ_qtr:0.20+champ_tail:0.50+lowvol:0.30,0.19050610918174193,1.4246084558367629,-0.29531952270260275
eq4,champ_n20+lowvol+prox52+momcons,0.1904799464866207,1.2273483117107808,-0.3654991505472617
eq5,champ+champ_n5+lowvol+momcons+amihud,0.19047642393100883,1.1871248525683242,-0.3643003620452636
eq5,champ_n20+mom_fast+lowmax+momcons+amihud,0.19047039573597746,1.0312623989417167,-0.469032852837445
eq4,champ_n20+champ_large+champ_tail+amihud,0.1904146687133712,1.133621594909356,-0.40402664565738433
eq5,champ+champ_n20+lowvol+momcons+amihud,0.19034916839837424,1.1884966873010654,-0.3777002669332711
w3,champ_n20:0.20+lowvol:0.20+prox52:0.60,0.19032752580338896,1.093803499903923,-0.46726996352197214
w3,champ_mid:0.34+lowmax:0.20+momcons:0.46,0.19031283382836084,1.1941258176817815,-0.3533050537162271
w3,champ_large:0.50+champ_tail:0.20+prox52:0.30,0.19027464343320322,1.1475366635852466,-0.37041166781594836
w3,champ_n20:0.50+champ_tail:0.33+lowmax:0.17,0.1902692102299388,1.3319060090043493,-0.3251992988245438
w2,lowvol:0.2+momcons,0.19026161582434575,1.064545877552512,-0.3713836639754461
w3,champ_n5:0.50+champ_n20:0.33+lowmax:0.17,0.19026033861839253,1.2540257016812617,-0.3026270268752742
w3,champ_n20:0.20+champ_tail:0.50+lowvol:0.30,0.1902577094697051,1.4121190094676344,-0.295662194792212
eq3,champ_n20+prox52+amihud,0.1902130382793341,0.9866431346557715,-0.564346698164423
w3,champ_n5:0.50+champ_tail:0.33+lowmax:0.17,0.19019032917635803,1.3037598843608222,-0.3019792006448919
w3,champ_n5:0.20+champ_large:0.50+prox52:0.30,0.19017795154009054,1.1175992679780067,-0.36318235704175195
w3,champ_n20:0.50+mom_fast:0.20+lowmax:0.30,0.19015560406457044,1.198524056867717,-0.3566770148546212
w3,champ_qtr:0.20+champ_large:0.50+prox52:0.30,0.19011635254447046,1.1184444479800042,-0.38148250421886676
eq5,champ_large+mom_only+lowvol+momcons+amihud,0.19010648563504917,1.0639985874352247,-0.4289361630775176
eq5,champ+champ_tail+lowvol+momcons+amihud,0.1900975401814753,1.2035350443544437,-0.3797775789475222
eq5,champ_tail+champ_mid+lowvol+prox52+amihud,0.19007404015174956,1.1835399578509262,-0.41526094584154083
w3,champ:0.20+champ_qtr:0.33+amihud:0.47,0.19007133684451216,0.9891622754905632,-0.5233983100312449
eq5,champ_mid+mom_only+lowmax+momcons+amihud,0.1900649726753174,1.0565463000669313,-0.44783437289568184
eq4,champ_tail+lowvol+prox52+momcons,0.19004074634164336,1.2428416855036895,-0.36817873734356665
w3,champ_n5:0.50+mom_fast:0.20+lowmax:0.30,0.19003263419765504,1.1771804418014065,-0.313740543467651
eq5,champ+champ_n20+champ_qtr+champ_tail+lowmax,0.19002748589329377,1.3451528073091457,-0.32349541417531824
eq5,champ+champ_n5+champ_qtr+champ_tail+lowmax,0.1899972742469025,1.3333463345052559,-0.31571067690493304
w3,champ_mid:0.20+mom_fast:0.20+lowvol:0.60,0.18999279057806717,1.3408016820415196,-0.27331124016388664
eq5,champ+champ_n5+champ_n20+champ_tail+lowmax,0.18999098475584852,1.3373839803151015,-0.3128298966043461
w3,champ_n20:0.20+champ_large:0.50+prox52:0.30,0.18998808002581513,1.116609034408737,-0.37406880303733936
eq5,champ_tail+mom_fast+lowmax+momcons+amihud,0.18998209633514795,1.0335765957793406,-0.4709371617335961
eq5,champ+mom_fast+lowvol+prox52+lowmax,0.18996577859834707,1.1932584502899433,-0.37329376330914055
w3,champ_tail:0.20+lowvol:0.20+prox52:0.60,0.18996226160894936,1.10096301307424,-0.46779164034219967
w3,champ:0.34+prox52:0.20+amihud:0.46,0.189960374992181,0.9524464394497493,-0.5720935050137902
w3,champ_large:0.20+mom_only:0.33+lowvol:0.47,0.1899449805634741,1.2016677484148452,-0.29153416968291523
eq5,champ+champ_n5+champ_n20+champ_qtr+lowmax,0.1899365427128239,1.2942214715237712,-0.31608840445845354
w3,champ_n5:0.50+champ_qtr:0.33+lowmax:0.17,0.18991824756657016,1.2322667888239685,-0.3074771616364458
w3,champ:0.20+champ_n5:0.33+amihud:0.47,0.18988213115148156,0.9821662487182127,-0.501657068301362
w2,champ_n5:0.7+lowvol,0.1898810184165145,1.2618525929046995,-0.26213068289214714
w3,champ_large:0.50+mom_only:0.33+lowmax:0.17,0.18986241169636697,1.0727910532994664,-0.34464624415234346
w3,champ_large:0.34+champ_mid:0.50+lowmax:0.16,0.18976220098560703,1.2928625209560551,-0.3167314989301562
eq5,champ_n5+champ_qtr+champ_mid+lowmax+momcons,0.18973354267855047,1.2760619948522745,-0.32949591138996637
w2,lowmax:0.1+momcons,0.1897227110372326,0.9964485145078801,-0.4161844570434572
eq5,champ_n20+champ_qtr+champ_mid+lowmax+momcons,0.1896886688200532,1.2823159826490818,-0.3371134826271299
eq5,champ_n5+champ_n20+champ_mid+lowmax+momcons,0.18966368170375691,1.2762167353446032,-0.32665807418105053
w3,champ_tail:0.34+prox52:0.33+amihud:0.33,0.18966026535560698,0.9913210978177731,-0.5621732927993934
w3,champ:0.20+champ_n20:0.33+amihud:0.47,0.18961772033121793,0.9818065020694026,-0.519648610962659
eq3,champ_large+champ_mid+amihud,0.18960347118759513,1.0674561981194892,-0.4212368720880566
w2,champ:0.3+champ_large,0.18958759597194486,1.1223442223244293,-0.3255514926010148
eq4,champ+champ_qtr+champ_mid+lowmax,0.18956649410239823,1.3324222150930665,-0.32108136504669826
eq5,champ_n5+mom_fast+prox52+lowmax+amihud,0.18956351222243062,1.0201681687379744,-0.4998674234432757
eq5,champ_qtr+mom_fast+prox52+lowmax+amihud,0.18953634173850853,1.0215928998782327,-0.513325766592274
eq4,champ+champ_n20+champ_mid+lowmax,0.18947684643648888,1.3326017581144867,-0.317497990245178
eq5,champ_n5+champ_tail+champ_mid+lowmax+momcons,0.18945541679336175,1.2985403554623705,-0.3263211603505225
eq5,champ_qtr+champ_tail+champ_mid+lowmax+momcons,0.18944166365538018,1.3029094649277846,-0.33680049778332555
eq5,champ+champ_qtr+lowvol+prox52+amihud,0.1894265808237663,1.1746042190618655,-0.4277313922141559
eq4,champ+champ_n5+champ_mid+lowmax,0.18941768756394128,1.317091920953227,-0.3077243733168743
w3,champ_large:0.34+champ_mid:0.33+amihud:0.33,0.18941377454526154,1.0682837487781167,-0.41962471293761006
w3,champ_qtr:0.50+champ_large:0.20+amihud:0.30,0.18939949843444603,1.0819135213391229,-0.4445958776033093
eq5,champ+champ_n5+lowvol+prox52+amihud,0.1893821643861977,1.1694301596886065,-0.4098679907647792
eq5,champ_n5+champ_large+champ_tail+lowvol+momcons,0.18928757873518043,1.3029029897410238,-0.31010448408033997
eq3,champ_tail+prox52+amihud,0.18927577792692807,0.9867404216893048,-0.564801279895466
eq5,champ_qtr+champ_large+champ_tail+lowvol+momcons,0.1892626190160005,1.3066399229203576,-0.32032799989976823
w3,lowvol:0.20+prox52:0.50+momcons:0.30,0.18923256058898352,1.0798087783251966,-0.4736077144059685
eq5,champ+champ_n20+lowvol+prox52+amihud,0.18922056980365132,1.1693521610224675,-0.4227592567287005
eq5,champ_n20+champ_qtr+champ_large+lowvol+momcons,0.18920219745225575,1.2697571889538937,-0.321342122322241
eq5,champ_n20+champ_tail+champ_mid+lowmax+momcons,0.18920029362504964,1.293715749663273,-0.336070327963903
eq5,champ_n5+champ_qtr+champ_large+lowvol+momcons,0.189196973289826,1.261202708467839,-0.3120329873353137
eq5,champ_n5+champ_n20+champ_large+lowvol+momcons,0.18918823020942432,1.2644508278163304,-0.31074371296128267
w3,champ_mid:0.20+lowvol:0.33+momcons:0.47,0.1891676238452551,1.2483414625897746,-0.3239606644230473
eq5,champ_n20+mom_fast+prox52+lowmax+amihud,0.1891350926939135,1.0135263663381344,-0.5111429770768672
eq4,champ+champ_tail+champ_mid+lowmax,0.18913248744799493,1.3603425367899555,-0.31710166528911043
eq5,champ_n20+champ_large+champ_tail+lowvol+momcons,0.1890824747952322,1.3007557498288616,-0.32063213864666773
w3,champ_n5:0.20+prox52:0.50+amihud:0.30,0.18907272861357005,0.9517349116530136,-0.5888446429951559
eq5,champ_large+mom_only+lowvol+prox52+amihud,0.1890492746608501,1.05194650731931,-0.46972253053879676
eq4,champ+champ_large+mom_only+lowmax,0.18903856649056805,1.1643791161707349,-0.3346932849983546
w3,champ_qtr:0.20+prox52:0.50+amihud:0.30,0.18901639196548303,0.9522259528492344,-0.5998348675332639
eq5,champ_mid+mom_only+prox52+lowmax+amihud,0.18901464858679362,1.0449294316738345,-0.49227028992189115
eq5,champ_n5+champ_large+mom_only+lowmax+momcons,0.18899604730263708,1.1422121191008476,-0.34029124635330055
eq4,champ+champ_large+champ_tail+lowvol,0.18898897415745686,1.3713303325886863,-0.29574612603055983
w3,champ_n5:0.50+champ_large:0.20+amihud:0.30,0.18898517766748246,1.0636745912596233,-0.40110980032348464
w3,champ_n20:0.50+champ_large:0.20+amihud:0.30,0.1889851041117121,1.0749613713555894,-0.43164900102384607
eq5,champ_qtr+champ_large+mom_only+lowmax+momcons,0.1889677551598996,1.1444428973067207,-0.3505929262187891
eq5,champ+champ_tail+lowvol+prox52+amihud,0.188927964313228,1.1819860449948418,-0.4243254978330526
w3,mom_only:0.34+lowvol:0.20+amihud:0.46,0.18892128977863232,0.8835935187116726,-0.5678838354346726
w2,champ_tail:0.7+lowvol,0.18891122201610688,1.3641160407313222,-0.29587165664356607
eq5,champ_n5+champ_qtr+champ_mid+prox52+lowmax,0.18890692082520966,1.2675233916020137,-0.3285146592463515
w2,champ_large:0.6+champ_tail,0.18889798867230967,1.2106005842713388,-0.326108154223934
w3,champ:0.20+champ_tail:0.33+amihud:0.47,0.1888577676701786,0.9855145846895844,-0.5201476096583604
eq4,champ+champ_n20+champ_large+lowvol,0.18885322729036513,1.314241199510477,-0.29567769428996415
eq5,champ_large+champ_mid+mom_fast+lowmax+amihud,0.1888515095106582,1.0674939414622433,-0.4212409844194659
eq4,champ+champ_qtr+champ_large+lowvol,0.18884747174872718,1.3085792614206597,-0.2989151607409314
w2,champ_tail:0.6+amihud,0.18883644430326352,1.0139351790917053,-0.49354339700490735
w3,champ:0.34+champ_mid:0.20+lowvol:0.46,0.1888319293277514,1.456292151939142,-0.26857087293734094
eq5,champ_n5+champ_n20+champ_mid+prox52+lowmax,0.18882763843762862,1.2671989734536704,-0.3256689658136527
eq5,champ_n20+champ_qtr+champ_mid+prox52+lowmax,0.18882715765365465,1.2718650213582605,-0.34083637429625235
w3,mom_fast:0.20+lowvol:0.50+prox52:0.30,0.18880360669478224,1.1697298113895525,-0.37156427365797107
eq5,champ_n5+champ_qtr+mom_fast+lowvol+lowmax,0.18879618394544995,1.2546200626811705,-0.30757976218134664
eq5,champ+mom_only+lowmax+momcons+amihud,0.18879596251672948,1.0507686566491024,-0.45595621726894997
eq5,champ_n20+champ_large+mom_only+lowmax+momcons,0.1887237670623063,1.138226115155433,-0.3495513353417179
w2,champ_large:0.4+prox52,0.18871784104455513,1.0168707830200776,-0.4824013001202916
eq4,champ+champ_n5+champ_large+lowvol,0.18871570455489728,1.2950787305533642,-0.28513896257796933
w3,champ:0.20+mom_fast:0.20+lowvol:0.60,0.18869420537370152,1.3317282534934152,-0.2730858396801211
eq5,champ_n20+champ_qtr+mom_fast+lowvol+lowmax,0.18868853764013327,1.2573838954499355,-0.31702891169584757
eq5,champ_n5+champ_n20+mom_fast+lowvol+lowmax,0.18866829753944558,1.251909559703633,-0.30680520877174067
eq5,champ_large+champ_tail+mom_only+lowmax+momcons,0.1886371377129068,1.1574236551461485,-0.3480173194590127
w3,champ_n20:0.20+prox52:0.50+amihud:0.30,0.18862861927601848,0.9460681448051014,-0.5980664726748264
eq5,champ_tail+mom_fast+prox52+lowmax+amihud,0.1886060840228032,1.0146412955464208,-0.5114205182206537
eq4,champ_large+champ_mid+lowvol+momcons,0.18858174575329034,1.2894197846115032,-0.3148432392084983
eq5,champ_n5+champ_tail+champ_mid+prox52+lowmax,0.1885781751348221,1.28693803686636,-0.32533059307839396
eq4,mom_only+prox52+lowmax+momcons,0.18856391982413268,1.0472620944825515,-0.4650511727762867
eq5,champ_qtr+champ_tail+champ_mid+prox52+lowmax,0.18853894100819057,1.2898060714825066,-0.3358398958193567
w3,champ_tail:0.50+mom_fast:0.20+lowmax:0.30,0.18850489807776083,1.193804170235894,-0.3368611850754052
w3,champ_n5:0.20+champ_n20:0.20+champ_large:0.60,0.1884770636421611,1.1386455686711532,-0.319189217463432
w3,champ_n20:0.20+champ_qtr:0.20+champ_large:0.60,0.1884353594883823,1.1402552571412572,-0.32972524640109657
w3,champ_n5:0.20+champ_qtr:0.20+champ_large:0.60,0.18841534784873493,1.1337983219822085,-0.32001521381799103
eq5,champ_n5+champ_large+champ_tail+lowvol+prox52,0.18840259083094324,1.2907666415313976,-0.3077667942057246
w3,mom_only:0.34+lowvol:0.33+amihud:0.33,0.18839394233484819,0.9691139718619158,-0.4922058368293326
eq5,champ_n5+champ_tail+mom_fast+lowvol+lowmax,0.18837082598122667,1.2683144580635606,-0.30685661056571767
w3,champ_large:0.50+prox52:0.20+momcons:0.30,0.1883674327309255,1.0853275197562917,-0.38464348244544044
eq5,champ_n5+champ_qtr+champ_large+lowvol+prox52,0.18836303968719403,1.2524612606179388,-0.31105436071161574
eq5,champ_qtr+champ_tail+mom_fast+lowvol+lowmax,0.18835246622729374,1.2720766848413392,-0.31709704011921513
eq5,champ_qtr+champ_large+champ_tail+lowvol+prox52,0.18835209973767797,1.292996151713947,-0.3185389605108295
w3,champ:0.20+champ_mid:0.33+lowvol:0.47,0.18834632712361277,1.4610413349106275,-0.2675863769803877
eq5,champ_n5+champ_n20+champ_large+lowvol+prox52,0.18834496290140335,1.2551985535424213,-0.30813751321837024
w3,champ_n20:0.34+champ_qtr:0.33+lowvol:0.33,0.18834152966366835,1.3814489059558241,-0.2924691829475986
eq5,champ_n20+champ_qtr+champ_large+lowvol+prox52,0.18833341597198716,1.259115390530913,-0.3188849959575323
w3,champ:0.50+lowvol:0.33+amihud:0.17,0.18832240388041854,1.2881173876013339,-0.30537967282151846
w2,champ_n20:0.4+champ_large,0.18831767717579595,1.1386967316281944,-0.32892270478266283
eq2,champ_large+momcons,0.18831436913358757,1.0653454890562473,-0.36709106938859837
w2,champ_large:0.5+momcons,0.18831436913358757,1.0653454890562473,-0.36709106938859837
w2,mom_fast:0.3+amihud,0.1883101935339515,0.7561724630493755,-0.6787509580914529
w2,champ_qtr:0.4+champ_large,0.18829930046641552,1.1327116359436538,-0.3305447823201685
eq5,champ_n20+champ_tail+champ_mid+prox52+lowmax,0.18828849577722773,1.2803260130127394,-0.33830738039238484
eq5,champ_n5+champ_large+mom_only+prox52+lowmax,0.18827788301389137,1.1393343197516912,-0.37638363103135086
eq4,champ_large+mom_fast+lowmax+momcons,0.18827145584416982,1.0736027166688855,-0.37813413909484905
w3,prox52:0.20+momcons:0.50+amihud:0.30,0.18824800649918605,0.939151009664025,-0.5678136790122285
eq5,champ_qtr+champ_large+mom_only+prox52+lowmax,0.18822414009133626,1.1406212724055937,-0.3954089958102682
w3,champ_tail:0.20+prox52:0.50+amihud:0.30,0.18816302955005582,0.9477128331515304,-0.5982278224726394
eq5,champ_n20+champ_large+champ_tail+lowvol+prox52,0.18816295975209973,1.2867467552397522,-0.31566951076203553
eq5,champ+champ_n20+champ_qtr+lowmax+momcons,0.18813851126100523,1.2608012521194685,-0.3384713882171251
w3,champ_n5:0.34+champ_n20:0.33+lowvol:0.33,0.18812514554653958,1.3567709384531736,-0.27387479424639793
w2,champ_n5:0.4+champ_large,0.18812289068327814,1.120666968437282,-0.3093743203497863
eq5,champ+champ_qtr+champ_tail+lowmax+momcons,0.18806787704080374,1.2899459534243758,-0.33813582678244547
w2,momcons:0.7+amihud,0.18806193555199258,0.92527582383758,-0.535837114736526
eq5,champ+champ_n5+champ_n20+lowmax+momcons,0.18805830169601112,1.2522683300947237,-0.32804839118373474
eq5,champ_n20+champ_tail+mom_fast+lowvol+lowmax,0.18805333140335723,1.2605223540096873,-0.31740512218991834
eq5,champ+champ_n5+champ_qtr+lowmax+momcons,0.18804278789443218,1.2479467648712208,-0.33088237534688036
eq5,champ_mid+lowvol+prox52+momcons+amihud,0.1880360119623805,1.1214422631507535,-0.4452307038196298
eq5,champ+champ_n5+champ_tail+lowmax+momcons,0.1880264650433614,1.282762696281447,-0.32768868929071104
w3,champ_large:0.20+champ_tail:0.50+amihud:0.30,0.1879860799380486,1.0896236645864492,-0.4365875247550316
eq3,champ_n20+champ_qtr+lowvol,0.18797656758697845,1.3806520423730315,-0.2921741504838059
eq5,champ_n20+champ_large+mom_only+prox52+lowmax,0.18797080215553286,1.1340934141887622,-0.38985558614217775
eq5,champ+champ_large+champ_mid+lowvol+amihud,0.18796836829840635,1.221120205780864,-0.32453067439204397
w3,champ_qtr:0.34+champ_tail:0.33+lowvol:0.33,0.18795245576914765,1.429093142572356,-0.2920618260567539
w3,champ_n5:0.34+champ_qtr:0.33+lowvol:0.33,0.18791239103416824,1.3358607565640297,-0.27872638894408175
eq5,champ+champ_n20+champ_tail+lowmax+momcons,0.1879120292485199,1.285480584314005,-0.3358236490689863
eq5,champ_n5+champ_n20+champ_qtr+lowvol+amihud,0.18791010154860577,1.2198216604830194,-0.3437590673395402
w3,champ:0.34+lowmax:0.20+momcons:0.46,0.18787590775264307,1.1716843162428021,-0.3555596752083653
w3,champ_n5:0.34+champ_tail:0.33+lowvol:0.33,0.18784697046917698,1.4095847089746625,-0.27395577734013776
eq5,champ_large+champ_tail+mom_only+prox52+lowmax,0.1878424451315419,1.1516481309926088,-0.39180344402932976
w3,champ_large:0.34+mom_fast:0.20+amihud:0.46,0.1878280545452271,0.8825176230773968,-0.5571950680229851
eq5,champ_n5+champ_mid+mom_only+lowvol+lowmax,0.1878264630933839,1.2849248870732368,-0.30194926752430573
eq5,champ_qtr+champ_mid+mom_only+lowvol+lowmax,0.18782114320639476,1.2896107832687695,-0.3126606283354667
eq5,champ+mom_only+prox52+lowmax+amihud,0.18779225027415003,1.040395801750985,-0.49954456252284296
w3,champ_large:0.50+champ_mid:0.33+lowvol:0.17,0.18778268435077328,1.268520608683318,-0.30319218660693703
eq3,champ_n5+champ_n20+lowvol,0.18777351234605133,1.3572134334205919,-0.2739082776695583
eq5,champ_n5+champ_qtr+champ_tail+lowvol+amihud,0.18776559440013774,1.2420948443098085,-0.34538483788099406
w3,champ_large:0.50+mom_fast:0.20+lowvol:0.30,0.18775524217594297,1.1707829691537404,-0.30814534395442905
w2,prox52:0.8+amihud,0.18773727092957282,0.8857981456372048,-0.6374816420529424
w3,champ:0.20+lowvol:0.33+momcons:0.47,0.18771034044163804,1.2324597847856096,-0.3244097577252777
w3,champ_large:0.50+mom_only:0.20+amihud:0.30,0.18770644858712937,0.970879356994029,-0.4719906897879892
w3,champ_n20:0.34+champ_tail:0.33+lowvol:0.33,0.1876868103075806,1.4187422481429062,-0.29259788101446793
w3,champ_qtr:0.34+mom_only:0.33+lowmax:0.33,0.18768546726421453,1.1313280079528842,-0.3671734513009298
w3,mom_fast:0.20+momcons:0.20+amihud:0.60,0.18761414826915068,0.8026134069155736,-0.644189389436776
eq4,champ_qtr+champ_large+momcons+amihud,0.18760560186914876,1.0569681741513068,-0.4501377736677643
eq5,champ_n5+champ_n20+champ_tail+lowvol+amihud,0.18760381177455931,1.237826596496833,-0.3399266108530592
eq4,champ_n5+champ_large+momcons+amihud,0.18759442370452328,1.0536238164780998,-0.42919389362955307
w3,champ_n5:0.34+mom_only:0.33+lowmax:0.33,0.18758896040743078,1.1226415220165789,-0.3273774291145043
eq5,champ_n20+champ_qtr+champ_tail+lowvol+amihud,0.18757516196673096,1.2407947649505076,-0.35961782478430393
eq3,champ_qtr+champ_tail+lowvol,0.18757418514863278,1.4284784452937738,-0.29172242381334124
eq5,champ_n20+champ_mid+mom_only+lowvol+lowmax,0.18756739875439554,1.2798727182868797,-0.30981849210934875
eq3,champ_n5+champ_qtr+lowvol,0.18756331406641746,1.3362825538070997,-0.2786973775560756
w3,champ_large:0.50+prox52:0.33+momcons:0.17,0.18754855980467844,1.072879432728757,-0.41399401990070617
w3,champ:0.34+champ_large:0.33+amihud:0.33,0.18754627508777788,1.0462378407585324,-0.43873929795486477
eq3,champ_n5+champ_tail+lowvol,0.18747893789745684,1.4098872074965514,-0.27399253199833995
eq5,champ+champ_large+mom_fast+lowmax+amihud,0.18740259870133302,1.0564303243607582,-0.4318561059187723
eq4,champ_large+champ_mid+lowvol+prox52,0.18735949312489608,1.2683698629123068,-0.31120035302798066
eq5,champ+champ_n20+champ_qtr+prox52+lowmax,0.18732337538384103,1.252877799668869,-0.35579194016930293
eq3,champ_n20+champ_tail+lowvol,0.1873088097561717,1.4179280489644424,-0.2922743423864326
eq4,champ_n20+champ_large+momcons+amihud,0.1872879604806823,1.0505594217353045,-0.443702652030438
eq3,champ_qtr+mom_only+lowmax,0.18727443333459526,1.1271620468366705,-0.3688657509045228
eq5,champ+champ_n5+champ_n20+prox52+lowmax,0.18726866434834166,1.2457201119396073,-0.33763253442289354
eq5,champ+champ_n5+champ_qtr+prox52+lowmax,0.1872626142672753,1.2418892804255706,-0.3299112981608243
eq3,mom_only+lowvol+amihud,0.18724459854208364,0.9662413102277471,-0.4926331288563728
w3,champ_n20:0.34+mom_only:0.33+lowmax:0.33,0.18724098018193458,1.1199732841711703,-0.37254598873274625
eq5,champ+champ_qtr+champ_tail+prox52+lowmax,0.18721121103963023,1.2794244434421163,-0.34452681881573477
eq5,champ+champ_n5+champ_tail+prox52+lowmax,0.187195316335953,1.2737383202421497,-0.32670827936226743
eq3,champ_n5+mom_only+lowmax,0.18718809254967694,1.1189960345219871,-0.3291468638823536
eq4,champ_large+champ_tail+momcons+amihud,0.1871497367045145,1.0676015411120618,-0.4448171426760221
eq5,champ_n5+champ_qtr+mom_only+lowmax+amihud,0.18714544850058212,1.0911789864908836,-0.42505613265244047
eq5,champ_tail+champ_mid+mom_only+lowvol+lowmax,0.1871450167214188,1.2910396334939245,-0.3100674015646875
eq5,champ+champ_n20+champ_tail+prox52+lowmax,0.18704623161742506,1.2745409851081804,-0.3529991262791248
eq5,mom_only+mom_fast+lowvol+lowmax+amihud,0.1870265927664101,0.9928136791977065,-0.4648942363041445
eq4,champ+champ_mid+lowmax+momcons,0.18700510362961476,1.2647167193985356,-0.3359117770312492
w2,champ_mid:0.7+lowmax,0.18694172989613822,1.301662549443293,-0.3160775246754616
eq5,champ_n5+champ_n20+mom_only+lowmax+amihud,0.1869195332256952,1.0862899136426794,-0.4215804269319078
eq4,champ_mid+mom_fast+lowvol+lowmax,0.1869135036020091,1.2228442269616535,-0.3108553157578302
eq3,champ+champ_large+amihud,0.1868889205416886,1.0409981146042113,-0.4410167545454692
eq5,champ_n20+champ_qtr+mom_only+lowmax+amihud,0.18688758719887266,1.0880446365925938,-0.43792791401876086
eq3,champ_n20+mom_only+lowmax,0.18683201981061281,1.115877121396835,-0.3741264373602632
eq4,champ_large+mom_fast+prox52+lowmax,0.1867991535916469,1.0535320381680382,-0.433541259416397
eq5,champ_qtr+champ_mid+prox52+lowmax+momcons,0.18672001358086665,1.2175676055079516,-0.36636832571728073
eq5,champ_n5+champ_mid+prox52+lowmax+momcons,0.18671549330010961,1.2132184875793113,-0.34648187001144914
eq5,champ+lowvol+prox52+momcons+amihud,0.18671413375704948,1.113345165047531,-0.45407351792800543
w3,champ_qtr:0.50+lowvol:0.33+momcons:0.17,0.18670992864896419,1.3276457117582061,-0.3079642115577641
w3,champ_large:0.34+champ_tail:0.50+lowvol:0.16,0.1866653007107133,1.313517848011068,-0.3101467466038853
eq5,champ_n5+champ_tail+mom_only+lowmax+amihud,0.18662820134397284,1.0959497056231566,-0.4221095649656539
w3,champ_n20:0.50+lowvol:0.33+momcons:0.17,0.18660287099330874,1.3324068335125434,-0.30538123877574774
eq5,champ_qtr+champ_tail+mom_only+lowmax+amihud,0.1865575771743253,1.096536695403338,-0.43987755996661904
eq5,champ_n20+champ_mid+prox52+lowmax+momcons,0.18649148179399688,1.2104676231959417,-0.3685307013764706
w3,champ_n20:0.50+champ_large:0.33+lowvol:0.17,0.18647757197086712,1.2483875681194296,-0.3089248084624785
eq4,champ+champ_large+lowvol+momcons,0.18644748500763852,1.2518382501331102,-0.31643579784915177
w3,champ_qtr:0.50+champ_large:0.33+lowvol:0.17,0.18643659031504156,1.2371934850884825,-0.3128645823562066
w3,champ_tail:0.34+mom_only:0.33+lowmax:0.33,0.18640866291850777,1.1267167175394097,-0.35930729791797245
eq5,champ+champ_qtr+mom_only+lowvol+lowmax,0.18639863643018817,1.274098209525519,-0.3140722261924831
eq4,champ_qtr+champ_mid+lowvol+amihud,0.18635555008048987,1.2018329340324083,-0.3625219326574898
eq5,champ+champ_n5+mom_only+lowvol+lowmax,0.1863488446172923,1.2667010066736837,-0.3032839310593579
eq4,champ_n5+champ_mid+lowvol+amihud,0.18630900746935408,1.194943361964806,-0.3380454486554294
eq5,champ_n5+champ_large+lowvol+prox52+momcons,0.18627525786301224,1.2042749211487285,-0.33018467624796954
eq5,champ_qtr+champ_large+lowvol+prox52+momcons,0.1862686377474454,1.207979583774382,-0.34935248170398514
eq5,champ+champ_n20+mom_only+lowvol+lowmax,0.1862303869238544,1.2690472606168872,-0.3111739118802964
eq5,champ_qtr+mom_fast+lowvol+lowmax+momcons,0.18618774739794186,1.1878848499276717,-0.3368185835131463
eq4,champ_n5+champ_large+prox52+amihud,0.186169976578765,1.0358272598083185,-0.4781545978134072
eq5,champ_n5+mom_fast+lowvol+lowmax+momcons,0.18616260192834844,1.1830365398163052,-0.321802572123144
w3,champ_mid:0.20+lowvol:0.33+prox52:0.47,0.18616249109139793,1.1821416142835965,-0.38885308756655546
eq5,champ_n20+champ_tail+mom_only+lowmax+amihud,0.18616088126328023,1.086127051352731,-0.4352988064824017
eq4,champ_qtr+champ_large+prox52+amihud,0.1861418801464101,1.0379213361298947,-0.49802476904707027
w3,champ_n5:0.50+lowvol:0.33+momcons:0.17,0.18612570897994618,1.2811926374882954,-0.28058556549537983
w3,champ:0.20+champ_mid:0.50+lowmax:0.30,0.18611928426162017,1.3202937954890845,-0.3156883869849675
eq5,champ_tail+champ_mid+prox52+lowmax+momcons,0.18611186467687157,1.221377172742658,-0.3627388248243014
eq5,champ_n20+champ_large+lowvol+prox52+momcons,0.18610126398067028,1.2037525829761067,-0.3438917478481768
eq5,champ_large+champ_tail+lowvol+prox52+momcons,0.186028169531939,1.2288239017218683,-0.34402198470344025
eq4,champ_n20+champ_mid+lowvol+amihud,0.1860233399600426,1.1913286070754359,-0.3562115433661315
eq3,champ_tail+mom_only+lowmax,0.18602204821170698,1.1226007612613582,-0.3611789501405005
w3,champ_n5:0.34+champ_qtr:0.20+amihud:0.46,0.18602178302131156,0.9731055019318813,-0.5065349085082762
eq5,champ+champ_tail+mom_only+lowvol+lowmax,0.18598416494785308,1.2896837794045952,-0.31083511801340713
w3,mom_only:0.20+mom_fast:0.33+lowmax:0.47,0.18597249693320217,0.9755114951662979,-0.4237208746183676
w3,champ_n5:0.50+champ_large:0.33+lowvol:0.17,0.18596746127263786,1.2052697036843434,-0.28553696190500566
w3,champ_n5:0.20+mom_only:0.20+amihud:0.60,0.1859662069986039,0.8360566138100785,-0.6119328541870348
w3,champ_qtr:0.50+lowvol:0.33+prox52:0.17,0.18596442277693725,1.316861862001247,-0.30712487215869944
eq5,mom_fast+prox52+lowmax+momcons+amihud,0.18594910261103847,0.9628418243311847,-0.5375024478260265
eq5,champ_n20+mom_fast+lowvol+lowmax+momcons,0.18591065229571258,1.179258562448182,-0.3418952206270408
w3,champ_qtr:0.20+mom_only:0.20+amihud:0.60,0.18589704307131338,0.8361442872354932,-0.6222252261780061
w3,champ:0.34+champ_large:0.50+lowvol:0.16,0.18587696505719542,1.205443923510239,-0.3064259447936645
eq4,champ+champ_mid+prox52+lowmax,0.18586670929273508,1.2485638074691958,-0.3563909688528901
w3,champ_n5:0.34+champ_n20:0.20+amihud:0.46,0.18584925520235296,0.9708420071284425,-0.5042228303424471
w3,champ_n20:0.50+lowvol:0.33+prox52:0.17,0.18583791649554193,1.3203339236039846,-0.30629152273164606
eq4,champ_n20+champ_large+prox52+amihud,0.18581026573857384,1.031402830661708,-0.4921668243841619
w3,mom_fast:0.20+prox52:0.20+amihud:0.60,0.18578860411860854,0.7892647547751279,-0.6733927512548346
w3,champ_n20:0.34+champ_qtr:0.20+amihud:0.46,0.18578066106490088,0.9734076671210576,-0.5248507846965131
w3,champ_qtr:0.50+prox52:0.33+lowmax:0.17,0.18567217385008616,1.1789755141842235,-0.40976755346445703
w3,champ_mid:0.20+momcons:0.33+amihud:0.47,0.18566376780593252,0.9147589048092478,-0.5564151101762975
w3,champ_qtr:0.34+champ_tail:0.20+amihud:0.46,0.18565687671961673,0.9820801450056664,-0.5273925883016997
w3,champ_n5:0.34+champ_tail:0.20+amihud:0.46,0.18560840363782782,0.9778571322494234,-0.5042735921235091
eq4,champ_large+champ_tail+prox52+amihud,0.18560746367675263,1.0457258712198134,-0.4941971537236781
eq5,champ_n5+champ_qtr+lowvol+momcons+amihud,0.18560623004122045,1.1633935282887455,-0.37928871119227203
w3,mom_only:0.34+lowvol:0.50+amihud:0.16,0.1856001675202532,1.0920765442118103,-0.3774322343088231
w3,prox52:0.50+momcons:0.20+amihud:0.30,0.1855490391674055,0.9067853124849933,-0.6191378074745658
eq5,champ_tail+mom_fast+lowvol+lowmax+momcons,0.1854834048062186,1.1870599401645132,-0.333175036580873
eq5,champ_n20+champ_qtr+lowvol+momcons+amihud,0.18548101569664355,1.164809261329321,-0.39251736157970263
w2,champ_large:0.5+prox52,0.1854663368706233,1.029305077151419,-0.45116403843505815
eq2,champ_large+prox52,0.1854663368706233,1.029305077151419,-0.45116403843505815
eq5,champ_n5+champ_n20+lowvol+momcons+amihud,0.1854661973965861,1.160665900025075,-0.3734512199535509
w3,champ_large:0.34+momcons:0.50+amihud:0.16,0.18545075856264126,1.0168973489379363,-0.4360621598633935
w3,champ_n5:0.50+lowvol:0.33+prox52:0.17,0.18543483895451374,1.2742106714260595,-0.27967978049172626
w3,champ_n20:0.50+prox52:0.33+lowmax:0.17,0.1854227983484138,1.1760753076399808,-0.40482328383869837
eq4,champ_tail+champ_mid+lowvol+amihud,0.18536098312422333,1.1958738376502238,-0.3586431408617007
w3,champ_n20:0.20+mom_only:0.20+amihud:0.60,0.18534626664614562,0.8301115559942255,-0.6206021627820922
eq4,champ+mom_fast+lowvol+lowmax,0.18534113009551412,1.2147671776504634,-0.32220712654111217
eq5,champ+champ_qtr+champ_large+champ_mid+lowmax,0.1853155014093486,1.2801661338286252,-0.32196643651391543
eq4,champ+champ_large+lowvol+prox52,0.1852980977223848,1.2354285412672725,-0.32499598496372684
w3,champ_tail:0.50+lowvol:0.33+momcons:0.17,0.18527871325217116,1.3487721442296576,-0.30566607313710237
eq5,champ+champ_n5+champ_large+champ_mid+lowmax,0.18526434944263692,1.272501534866516,-0.31128279371961354
eq5,champ+champ_n20+champ_large+champ_mid+lowmax,0.18524272687708887,1.280240044308404,-0.3191048811929086
eq5,champ_large+mom_only+prox52+lowmax+momcons,0.1852372434367482,1.0752643644610491,-0.4236225043748325
eq5,champ+champ_large+champ_tail+champ_mid+lowmax,0.18523037192849778,1.3156468981397247,-0.3187701406726813
eq5,champ_n5+champ_tail+lowvol+momcons+amihud,0.18523016745570708,1.1758040799250513,-0.3754546357432733
w3,champ_n5:0.50+prox52:0.33+lowmax:0.17,0.18521766995023015,1.1518889419169942,-0.36279156868622364
eq5,champ+champ_qtr+prox52+lowmax+momcons,0.185216628865003,1.2000472285015786,-0.3782433738370946
eq5,champ_qtr+champ_tail+lowvol+momcons+amihud,0.1852063536620796,1.1785592558558593,-0.39453311796526636
w3,champ_n5:0.20+champ_qtr:0.33+amihud:0.47,0.18517778112297556,0.9670800598262755,-0.5209238590710334
eq5,champ+champ_n5+prox52+lowmax+momcons,0.18515706195471737,1.1934848498599004,-0.3587852597279997
eq2,champ_mid+lowvol,0.18512052142006663,1.4361800628779875,-0.2654669945519882
w2,champ_mid:0.5+lowvol,0.18512052142006663,1.4361800628779875,-0.2654669945519882
eq5,champ_n5+champ_n20+champ_qtr+champ_tail+lowmax,0.18511865502772906,1.310791296155343,-0.3170867308973391
eq5,champ_mid+mom_only+lowvol+lowmax+momcons,0.1850790561101623,1.2062780652074137,-0.32473879438471287
eq5,champ+champ_n20+prox52+lowmax+momcons,0.18507344228698352,1.1968876906145154,-0.3826612810272918
eq5,champ_n5+mom_fast+lowvol+prox52+lowmax,0.18505634898620515,1.1641149944360272,-0.3651936076253811
eq5,champ_qtr+mom_fast+lowvol+prox52+lowmax,0.1850562006502181,1.167698413466963,-0.384534319122507
w3,prox52:0.34+momcons:0.33+amihud:0.33,0.18504548308274438,0.9129315745176487,-0.6020944631289843
w3,champ_n20:0.34+champ_tail:0.20+amihud:0.46,0.18501153447373753,0.9704029782772945,-0.5230497561885756
w3,champ_n20:0.20+champ_qtr:0.33+amihud:0.47,0.18496973064954547,0.9658361733794786,-0.5315180271970181
w3,champ_qtr:0.34+lowvol:0.33+momcons:0.33,0.18491143214659167,1.2737629724269204,-0.31768668957530966
eq5,champ_n20+champ_tail+lowvol+momcons+amihud,0.18489570318256976,1.1686906788023748,-0.3890475029151492
eq5,champ+champ_tail+prox52+lowmax+momcons,0.18486962229107196,1.2155651876405216,-0.374383041837029
eq4,champ_qtr+mom_fast+lowmax+amihud,0.18483950400157423,0.994179755837872,-0.4886332923312018
eq3,prox52+momcons+amihud,0.1848377244578825,0.9115447913016208,-0.6020797168698215
w3,champ_n5:0.20+champ_n20:0.33+amihud:0.47,0.18481849552903684,0.9618253782875535,-0.5172724328009949
eq4,champ_n5+mom_fast+lowmax+amihud,0.18481847635202175,0.9912090415122914,-0.47034288211267994
w3,champ:0.20+lowvol:0.33+prox52:0.47,0.1848147249876324,1.1721044692849674,-0.3981063065122581
w3,champ_tail:0.20+mom_only:0.20+amihud:0.60,0.18478017382627399,0.8292887705423241,-0.6212613883899436
eq5,champ_n20+mom_fast+lowvol+prox52+lowmax,0.18477005131728141,1.159065394550708,-0.3806633212473278
w3,champ_n20:0.34+lowvol:0.33+momcons:0.33,0.18470697088598897,1.269412038730942,-0.3174011537279491
w3,champ_n5:0.34+lowvol:0.33+momcons:0.33,0.184683867721404,1.2536311152621147,-0.2994666137918025
w2,champ_n20:0.8+lowmax,0.18464185001302713,1.262370455378526,-0.32522447562447354
eq4,champ+champ_qtr+lowvol+amihud,0.18458698044820743,1.185322074834204,-0.3765664983245157
eq5,champ_n5+champ_qtr+lowvol+prox52+amihud,0.18450539390661413,1.145488707311852,-0.42394451979159986
eq3,champ_qtr+lowvol+momcons,0.18450394370848477,1.2715296498740143,-0.3175081167287369
eq4,champ+champ_n5+lowvol+amihud,0.18445438571981687,1.1750891022326773,-0.35221172783394605
w3,champ_tail:0.50+lowvol:0.33+prox52:0.17,0.18442774133561413,1.3306850940008812,-0.3003356095848586
w3,champ:0.20+momcons:0.33+amihud:0.47,0.18441308966878367,0.9099964255862565,-0.5620627574235461
eq4,champ+champ_n20+lowvol+amihud,0.18438792180195862,1.1806836533902862,-0.3697289862558525
w2,champ_qtr:0.8+lowmax,0.18438699507151313,1.2343886529152293,-0.3337313387810015
w3,mom_only:0.50+lowmax:0.33+amihud:0.17,0.18438089602199548,0.9208755262491471,-0.5038000173943233
eq5,champ_n5+champ_n20+lowvol+prox52+amihud,0.18435619628971933,1.1425034228783961,-0.4199796663209646
eq5,champ_n20+champ_qtr+lowvol+prox52+amihud,0.18434594721401232,1.1454731199296584,-0.436516281601509
eq4,champ_n20+mom_fast+lowmax+amihud,0.18433671388053607,0.9844637724159571,-0.48522890042858324
eq5,champ_tail+mom_fast+lowvol+prox52+lowmax,0.18430208303446216,1.164735434418399,-0.38121444867010124
eq3,champ_n20+lowvol+momcons,0.18429914650715973,1.2670300339292535,-0.31733579083736607
eq3,champ_n5+lowvol+momcons,0.18428783650697378,1.2521659571778376,-0.29975474070634944
w3,mom_only:0.34+mom_fast:0.20+lowmax:0.46,0.18423675815485274,0.9749799718380167,-0.43560252198587734
eq5,champ_mid+mom_only+lowvol+prox52+lowmax,0.1842229378214777,1.1970021495112033,-0.3609790950982179
w3,champ:0.50+champ_mid:0.20+lowmax:0.30,0.18416251956335006,1.3057905241644578,-0.3168115509410886
eq4,champ_large+mom_only+lowvol+amihud,0.1841539453522425,1.0285689841144527,-0.43335670974273066
w3,champ_n5:0.20+champ_tail:0.33+amihud:0.47,0.18408560031120969,0.9658765918669032,-0.517658984589914
eq5,champ_n5+champ_tail+lowvol+prox52+amihud,0.18407941336114342,1.1552990625020652,-0.42059688371706794
w3,champ:0.50+champ_large:0.33+lowmax:0.17,0.18407175869347792,1.2140480936536193,-0.320259209317838
w3,champ_large:0.20+champ_mid:0.33+amihud:0.47,0.1840389991947775,0.9589795238552598,-0.5007508311410425
eq5,champ_qtr+champ_tail+lowvol+prox52+amihud,0.1840305284275221,1.1568829254865607,-0.4380347212630442
w3,champ_tail:0.34+lowvol:0.33+momcons:0.33,0.18402990782109763,1.290828078079703,-0.3175532754161263
eq4,champ+champ_tail+lowvol+amihud,0.18400046278122084,1.1971740307542482,-0.3719930301334413
w3,champ_qtr:0.20+champ_tail:0.33+amihud:0.47,0.18399761259429903,0.9657763414717186,-0.5308268367410683
w3,champ_tail:0.50+prox52:0.33+lowmax:0.17,0.1839837464539169,1.1798492506042266,-0.40195502269277605
eq4,champ_mid+mom_only+lowmax+amihud,0.1839834760593777,1.0167120172805728,-0.4603442550815803
eq5,champ_n5+mom_only+lowmax+momcons+amihud,0.1839483524351786,1.0276517889818373,-0.45275426547742204
eq5,champ_qtr+mom_only+lowmax+momcons+amihud,0.18392109750969765,1.0292582687218035,-0.46889068971474257
w2,mom_fast:0.3+lowvol,0.1838921562197382,1.206762759186324,-0.27340913621007357
w2,lowvol:0.2+prox52,0.18385501570626794,0.9666905398060478,-0.5380701672411878
w2,champ_large:0.6+momcons,0.18384023901394841,1.0549824364212634,-0.3605401387451195
w3,champ_qtr:0.20+mom_fast:0.20+lowvol:0.60,0.18379094869780221,1.3028584301065391,-0.2770716118171326
w3,mom_only:0.50+lowvol:0.20+lowmax:0.30,0.18379053515438826,1.0238982743785614,-0.4050846969073918
eq5,champ_large+champ_mid+mom_fast+lowvol+lowmax,0.18376406454339245,1.2234643276594577,-0.31401815412074296
w3,champ_n5:0.20+mom_fast:0.20+lowvol:0.60,0.18375443598478158,1.2954601398982468,-0.2663332495199707
eq5,champ+mom_only+lowvol+lowmax+momcons,0.1837425360477849,1.1962351518139482,-0.3261293275567173
w3,champ_qtr:0.34+prox52:0.50+lowmax:0.16,0.18373877299074115,1.0952950920435764,-0.46758732425456295
eq5,champ_n20+champ_tail+lowvol+prox52+amihud,0.18371109640576933,1.147108066846595,-0.4335038831290926
eq3,champ_tail+lowvol+momcons,0.18364282272478105,1.2883718914890268,-0.31748354969401926
w3,champ_n5:0.34+prox52:0.50+lowmax:0.16,0.18363450398967895,1.0870055497461755,-0.44213057833556335
eq4,champ_tail+mom_fast+lowmax+amihud,0.18358140602891648,0.9834033059165782,-0.48600416447709316
w3,champ_n20:0.20+mom_fast:0.20+lowvol:0.60,0.1835655890670882,1.2939627015603072,-0.2773962344962754
eq5,champ_n20+mom_only+lowmax+momcons+amihud,0.1835466453517094,1.0211217897040448,-0.4651860437927777
w2,champ_mid:0.4+amihud,0.1835422408373375,0.8801343711128464,-0.5667458489536421
w3,champ_n20:0.20+champ_tail:0.33+amihud:0.47,0.18353298510676286,0.9573094264733387,-0.5286860384383354
w3,mom_only:0.20+lowvol:0.50+momcons:0.30,0.1834742241035363,1.195618826778585,-0.30541884465451263
w3,champ_qtr:0.20+champ_mid:0.33+lowvol:0.47,0.18345976278815757,1.4305636576580292,-0.27160367143386066
w3,champ_n20:0.34+prox52:0.50+lowmax:0.16,0.1834228690847335,1.088766731272966,-0.46291696641284785
w3,champ_n5:0.20+champ_mid:0.33+lowvol:0.47,0.18342223372820854,1.4203073978334424,-0.26077876564736613
eq4,champ_n20+champ_qtr+champ_mid+lowmax,0.1833936625577084,1.2994536776431465,-0.32278642138880087
eq5,champ+champ_large+champ_mid+lowmax+momcons,0.1833607359513043,1.233658554729385,-0.3349952915492561
w3,champ_mid:0.20+lowmax:0.20+momcons:0.60,0.18336049228627904,1.1009484439245636,-0.36712179437929726
eq4,champ_n5+champ_qtr+champ_mid+lowmax,0.1833324864165884,1.2840716709440587,-0.31306346021590103
eq4,champ_n5+champ_n20+champ_mid+lowmax,0.1833308038448509,1.2891731722734574,-0.30943302838162523
w3,champ_n20:0.20+champ_mid:0.33+lowvol:0.47,0.1833097497369851,1.4245539214099607,-0.2719336949435588
w2,champ_large:0.8+champ_mid,0.18322080970342003,1.1007840403517928,-0.3269012886022682
eq5,champ_n5+champ_n20+champ_qtr+lowmax+momcons,0.18319961561608777,1.2271967211463748,-0.3322217178617045
w3,champ_qtr:0.50+mom_only:0.20+lowmax:0.30,0.18318720243382303,1.1895933975444355,-0.3400668256170897
w3,champ_qtr:0.34+champ_large:0.50+amihud:0.16,0.18314642655855962,1.0904862356976794,-0.3643161521574456
w3,champ_qtr:0.34+lowvol:0.33+prox52:0.33,0.18314527190156227,1.2381882568221099,-0.3592879648464409
eq5,champ_n5+champ_qtr+champ_tail+lowmax+momcons,0.1831439422487089,1.2559275411050788,-0.3318647557881512
eq5,champ_tail+mom_only+lowmax+momcons+amihud,0.18312615284508893,1.0253384304936286,-0.46611267813429946
w3,champ_tail:0.20+mom_fast:0.20+lowvol:0.60,0.1831106205712274,1.3041303407920966,-0.2774847439127551
eq5,champ_n5+champ_large+champ_mid+lowvol+amihud,0.18310956162199887,1.1925547699290813,-0.3181857067713262
eq5,champ_qtr+champ_large+champ_mid+lowvol+amihud,0.18309563855360578,1.1959088389333208,-0.3386971897912767
w3,champ_n5:0.34+champ_large:0.50+amihud:0.16,0.18307415294111395,1.0834097335996842,-0.333272435385779
w3,champ_qtr:0.34+momcons:0.20+amihud:0.46,0.18306569949210383,0.9351366150860133,-0.5519011961866029
eq5,champ_n5+champ_n20+champ_tail+lowmax+momcons,0.18304472331819333,1.2545208608484082,-0.3295833182753748
eq5,champ_n20+champ_qtr+champ_tail+lowmax+momcons,0.18303147260527353,1.2586870217272503,-0.3395365632339443
w3,champ_mid:0.20+prox52:0.33+amihud:0.47,0.18302645924025374,0.8864365998934215,-0.6135890176905798
w3,champ_large:0.20+lowvol:0.20+momcons:0.60,0.18301977904217237,1.097268971487845,-0.3526533048368288
eq4,champ_qtr+champ_tail+champ_mid+lowmax,0.18301363908515822,1.3242625989750754,-0.32239399797232504
eq4,champ_n5+champ_tail+champ_mid+lowmax,0.18301104622040176,1.3169125356287243,-0.3090023862134471
w3,champ_n5:0.34+lowvol:0.33+prox52:0.33,0.18298910421667158,1.223004053711902,-0.3256749982435445
eq5,champ_n5+mom_only+prox52+lowmax+amihud,0.18296276663682498,1.0178327027480163,-0.49676668208643626
w3,champ_n20:0.34+champ_large:0.50+amihud:0.16,0.18296165251511654,1.0885017240736707,-0.35382493749155075
w3,champ_n5:0.34+momcons:0.20+amihud:0.46,0.18294408473496615,0.9301135324100569,-0.5306078941535923
w3,champ:0.34+champ_large:0.20+amihud:0.46,0.18294197387249533,0.9562019166466882,-0.5073776130254926
eq5,champ+mom_only+lowvol+prox52+lowmax,0.18293264363621597,1.1890196593204365,-0.3706368599621861
eq4,champ_n5+champ_large+mom_only+lowmax,0.1829277362225521,1.1296408831945888,-0.32680624608401065
w3,champ_n20:0.34+lowvol:0.33+prox52:0.33,0.18291538637209315,1.2328151296427037,-0.353447829017252
eq4,champ_mid+lowvol+momcons+amihud,0.18291403800242856,1.116837952949042,-0.3987410415327516
eq5,champ_qtr+mom_only+prox52+lowmax+amihud,0.1829105537897564,1.018717395527897,-0.5104735169134653
eq4,champ_qtr+champ_large+mom_only+lowmax,0.18290787684896403,1.1330529074373061,-0.33991576874265006
w2,champ_large:0.7+champ_tail,0.18290071843587818,1.1470861689081373,-0.3277539118571653
w3,champ_tail:0.20+champ_mid:0.33+lowvol:0.47,0.1828819201022236,1.4418624369380273,-0.2720415521859133
eq5,champ_n20+champ_large+champ_mid+lowvol+amihud,0.18286795585959204,1.1890149997087662,-0.3325688044362426
eq4,champ_n5+champ_large+champ_tail+lowvol,0.18285616202177857,1.3266623305316696,-0.2874928358183305
eq4,champ_qtr+champ_large+champ_tail+lowvol,0.18284137211050688,1.3329807154903082,-0.3006399199690444
w3,champ_n20:0.50+mom_only:0.20+lowmax:0.30,0.18283449134470975,1.1820322943507962,-0.3463529321519344
w3,champ_qtr:0.20+lowvol:0.33+momcons:0.47,0.18281390517118612,1.205876153427275,-0.328231399520435
w3,champ_n5:0.20+lowvol:0.33+momcons:0.47,0.18276726980630809,1.1995746153017457,-0.3177659168714291
w2,champ_n5:0.8+lowmax,0.18275485854509244,1.147403037846764,-0.2909631599083783
eq4,champ_n20+champ_tail+champ_mid+lowmax,0.18274535044820794,1.3133599505260467,-0.3208276345826352
eq4,champ_n20+champ_qtr+champ_large+lowvol,0.18274378483450904,1.2796527610230743,-0.30068195829835564
w3,champ_n5:0.50+mom_only:0.20+lowmax:0.30,0.18273606117142438,1.1609881674172764,-0.31374266489002667
eq3,champ_qtr+lowvol+prox52,0.1827118686061988,1.2352077552116936,-0.36025871119407427
w3,mom_only:0.34+lowmax:0.33+momcons:0.33,0.1827054037074849,1.0072281510832306,-0.4121144752466436
eq4,champ_n5+champ_n20+champ_large+lowvol,0.18269795741948824,1.2708754441589414,-0.28745070896602987
w3,champ_mid:0.20+mom_only:0.20+lowvol:0.60,0.18267118198965915,1.3307231769960126,-0.2682688299930863
eq4,champ_n20+champ_large+champ_tail+lowvol,0.18266823038701352,1.3279081497256875,-0.30104185817961293
w2,champ_large:0.9+mom_fast,0.18265589814987693,1.0266610706763029,-0.3375411725449926
eq5,champ_large+champ_tail+champ_mid+lowvol+amihud,0.18265182141507585,1.2071618818546153,-0.33485379663051873
eq4,champ_n20+champ_large+mom_only+lowmax,0.1826355234464998,1.1262195365248928,-0.34110455227204384
w3,champ_n20:0.20+lowvol:0.33+momcons:0.47,0.18262613141252926,1.200509764758335,-0.32779183475029194
w3,champ_tail:0.34+prox52:0.50+lowmax:0.16,0.18261746755971675,1.0956411123284042,-0.463290112635499
w3,champ:0.20+champ_mid:0.20+amihud:0.60,0.18261406019090143,0.8805495370153082,-0.572115900887572
eq4,champ_n5+champ_qtr+champ_large+lowvol,0.1826047365192296,1.2607769876994555,-0.2906540347152433
eq3,champ_n5+lowvol+prox52,0.18256642093062525,1.2207321998871954,-0.3273339875974668
eq5,champ_n5+champ_large+mom_fast+lowmax+amihud,0.18256056874161253,1.0329987823656253,-0.42790017734553687
eq5,champ+champ_large+champ_mid+prox52+lowmax,0.1825342717474998,1.2250404788395666,-0.3404485511277028
eq5,champ_qtr+champ_large+mom_fast+lowmax+amihud,0.18253026354072643,1.0345351074908364,-0.44538511031182826
eq5,champ_n20+mom_only+prox52+lowmax+amihud,0.1825269779379477,1.0105304654546663,-0.508222176752489
eq4,champ_large+champ_tail+mom_only+lowmax,0.1825045724037524,1.1503402357313548,-0.3360080320962182
eq4,champ+mom_only+lowmax+amihud,0.1825034537483452,1.0121123937309746,-0.4698877295893511
eq3,champ_n20+lowvol+prox52,0.18248191120055868,1.2297209940975973,-0.3540676742759905
w3,champ_n20:0.34+momcons:0.20+amihud:0.46,0.18245767831463677,0.9256369554710744,-0.5484467880028702
w3,champ_large:0.50+champ_tail:0.33+amihud:0.17,0.18241384537436756,1.1225942143343026,-0.3587245775934639
eq5,champ_n5+champ_n20+champ_qtr+prox52+lowmax,0.18240224334337385,1.220146296057609,-0.3381307510221583
w3,champ:0.34+champ_qtr:0.20+lowvol:0.46,0.18238288864346397,1.3952464135098914,-0.27454208563692484
w2,champ:0.7+lowmax,0.1823778223629826,1.2687900830976535,-0.3182457865663062
eq2,mom_fast+lowmax,0.18237588154082296,0.9390169430504643,-0.42693954264888023
w2,mom_fast:0.5+lowmax,0.18237588154082296,0.9390169430504643,-0.42693954264888023
w3,champ:0.34+champ_n20:0.20+lowvol:0.46,0.18237581778451584,1.4002972334454291,-0.27230556446786436
w3,champ_tail:0.20+lowvol:0.33+momcons:0.47,0.1823426873969174,1.2160762581251612,-0.3278605688273619
eq4,champ_large+prox52+momcons+amihud,0.18231912085054525,0.9740843450647308,-0.5270366070326151
eq5,champ_n5+champ_qtr+champ_tail+prox52+lowmax,0.18230527191070478,1.2464128096014693,-0.3400689033189387
w3,champ:0.34+champ_n5:0.20+lowvol:0.46,0.1822521920627247,1.3790591476511622,-0.26323514248342095
eq5,champ+champ_large+mom_fast+lowvol+lowmax,0.18224863025968796,1.2045529184583983,-0.31381889022348997
w3,champ:0.34+champ_tail:0.20+lowvol:0.46,0.1822464570935287,1.440786424739805,-0.27236994594534913
w2,prox52:0.9+lowmax,0.18224391158812758,0.9013961669218615,-0.5902332968133562
w2,champ_qtr:0.3+champ_large,0.1822082268777916,1.0854972773130807,-0.3313611597306261
eq5,champ_n5+champ_n20+champ_tail+prox52+lowmax,0.18219684328852392,1.2445449931880326,-0.33422449636855256
eq5,champ_n20+champ_large+mom_fast+lowmax+amihud,0.18219359700556614,1.027189567328835,-0.4403985735973335
w2,champ_n5:0.3+champ_large,0.18219076003656687,1.0808125508940363,-0.3155319730851256
w2,champ_n20:0.3+champ_large,0.1821887560331097,1.0885232221580197,-0.33014949397114246
eq5,champ_n20+champ_qtr+champ_tail+prox52+lowmax,0.18215826150565473,1.2472858406674507,-0.3546461775661185
w3,champ_tail:0.34+lowvol:0.33+prox52:0.33,0.1821249633505142,1.246246533494685,-0.3528251416063426
w3,champ_large:0.34+prox52:0.50+amihud:0.16,0.18207167793539947,0.9721602086215945,-0.5288100032023859
eq5,champ_tail+mom_only+prox52+lowmax+amihud,0.18206579965109082,1.0135185590570457,-0.5084971680131214
eq5,mom_fast+lowvol+prox52+lowmax+momcons,0.18205525795480137,1.0947642577319707,-0.41315186116111247
w2,champ_qtr:0.5+amihud,0.18205091547628593,0.9354311884544211,-0.549071524407269
eq2,champ_qtr+amihud,0.18205091547628593,0.9354311884544211,-0.549071524407269
w3,mom_only:0.20+lowvol:0.50+prox52:0.30,0.18193086855747276,1.1706040788717265,-0.3662313737408196
eq5,champ_large+champ_mid+mom_only+lowmax+amihud,0.18192286504751642,1.0590322187232628,-0.4158004449958026
eq5,champ_large+champ_tail+mom_fast+lowmax+amihud,0.18191751335774287,1.035690165703082,-0.4422864921336548
w3,champ:0.20+lowmax:0.20+momcons:0.60,0.18189862900800402,1.0879848397635936,-0.36843049737210476
w3,champ:0.20+prox52:0.33+amihud:0.47,0.18185288183913184,0.8829663174402188,-0.6185951157489135
eq5,champ_n5+lowvol+prox52+momcons+amihud,0.18183696380802816,1.0869897064315373,-0.4504394249393874
eq5,champ_qtr+lowvol+prox52+momcons+amihud,0.18183149375318308,1.089716456333283,-0.4671089520624897
w3,champ_qtr:0.50+lowmax:0.20+momcons:0.30,0.1818286266786624,1.1885084265232801,-0.35116638806479383
w2,champ_large:0.6+prox52,0.18182384958387154,1.032497220592892,-0.4183542442148629
eq2,champ+lowvol,0.18178146984977017,1.4023962410031852,-0.2661236508452206
w2,champ:0.5+lowvol,0.18178146984977017,1.4023962410031852,-0.2661236508452206
w2,prox52:0.7+amihud,0.18177616892790693,0.8567746358427246,-0.6515382619925214
eq5,champ+champ_qtr+champ_mid+lowmax+amihud,0.18177024313489065,1.175814154284557,-0.36972221499480185
eq5,champ+champ_n5+champ_mid+lowmax+amihud,0.18171821249660347,1.1697925074411941,-0.35044998329840105
eq3,champ_tail+lowvol+prox52,0.1817133641705646,1.2431288486623497,-0.3539292908906688
w3,champ_qtr:0.34+prox52:0.20+amihud:0.46,0.18167540116135128,0.9197684418140513,-0.5879250812779641
eq2,champ_n5+amihud,0.18163671780618196,0.9235641754023123,-0.5177598874974647
w2,champ_n5:0.5+amihud,0.18163671780618196,0.9235641754023123,-0.5177598874974647
w3,champ_n20:0.50+lowmax:0.20+momcons:0.30,0.18162516431183007,1.1874491803875857,-0.34795088079388337
w2,lowvol:0.3+momcons,0.18161808111661992,1.0867015982590067,-0.34881473937719454
w3,champ_n5:0.34+prox52:0.20+amihud:0.46,0.18159589389452235,0.9157811947879158,-0.5686173356377447
w2,champ_tail:0.8+lowmax,0.18157144367659095,1.2323552312961716,-0.325813116631951
eq5,champ+champ_n20+champ_mid+lowmax+amihud,0.1815666130092617,1.1701770001363057,-0.36471952452318357
eq5,champ_n20+lowvol+prox52+momcons+amihud,0.18153382026482334,1.0821598816964086,-0.4623577925447856
w3,mom_only:0.20+momcons:0.20+amihud:0.60,0.18152728004989482,0.7954313362217924,-0.6421627863103248
eq3,mom_only+lowmax+momcons,0.18150931944847803,1.0050531703261376,-0.41176663664925606
w3,champ_tail:0.34+momcons:0.20+amihud:0.46,0.1814807122939064,0.9247060815321334,-0.5497285399060061
eq4,champ+champ_n20+champ_qtr+lowmax,0.1814769430959604,1.2708693834120741,-0.3245161940752973
eq5,champ_n5+champ_qtr+mom_only+lowvol+lowmax,0.1814746071651665,1.2399880367773688,-0.3075992655382451
eq5,champ+champ_qtr+champ_large+lowvol+amihud,0.18145562834350337,1.1724767768195286,-0.3535201454524324
eq5,champ+champ_n5+champ_large+lowvol+amihud,0.18141443788474132,1.1670113772738264,-0.33397164772904697
w3,champ_large:0.34+mom_only:0.20+amihud:0.46,0.1814102494535732,0.8751466616287715,-0.5530086686399056
eq4,champ+champ_qtr+champ_tail+lowmax,0.18137109047412636,1.3107986157861145,-0.3240878358152517
w3,champ:0.20+mom_only:0.20+lowvol:0.60,0.1813647007709267,1.3203741002901466,-0.2685278242936181
eq5,champ_n5+champ_n20+mom_only+lowvol+lowmax,0.1813629366337144,1.2379482712663645,-0.30467056515993685
eq5,champ_n20+champ_qtr+mom_only+lowvol+lowmax,0.18135813190972572,1.2423792399549651,-0.31545622889026603
w3,champ_tail:0.50+mom_only:0.20+lowmax:0.30,0.18135608327263708,1.184439703099948,-0.3323398795196878
eq4,champ+champ_n5+champ_n20+lowmax,0.18132832479142458,1.2565665816320077,-0.3112145005890923
eq5,champ+champ_n20+champ_large+lowvol+amihud,0.1813128875064658,1.1694865325345163,-0.34736119526005493
eq2,champ_n20+amihud,0.18131215234609788,0.9243355793179237,-0.5437879706039498
w2,champ_n20:0.5+amihud,0.18131215234609788,0.9243355793179237,-0.5437879706039498
w2,champ:0.4+amihud,0.1813014355874103,0.8749094770718777,-0.5777101447653883
eq4,champ+champ_n5+champ_tail+lowmax,0.18128284460425825,1.298493496591268,-0.31074750314517774
eq4,champ+lowvol+momcons+amihud,0.18127934255009426,1.1068509282385208,-0.41232193368532877
eq4,champ_mid+lowvol+prox52+amihud,0.18127830512292098,1.0875028479993887,-0.4578781654826184
w3,champ_n5:0.50+lowmax:0.20+momcons:0.30,0.18127549521422281,1.1553505458179387,-0.32531875093351914
eq5,champ+champ_large+champ_tail+lowvol+amihud,0.1812719254743489,1.1947797908489364,-0.3470782500426456
w3,champ_qtr:0.20+champ_mid:0.50+lowmax:0.30,0.18125861014309086,1.2932769375983275,-0.3198722078116075
w3,mom_only:0.34+prox52:0.33+lowmax:0.33,0.1812579264737333,0.9960629646743048,-0.4938041992257105
w3,mom_fast:0.34+lowmax:0.20+amihud:0.46,0.18124696608899438,0.8158483557619454,-0.6036677557735183
w3,champ_n5:0.20+champ_mid:0.50+lowmax:0.30,0.18124289732474108,1.286958573562596,-0.309398065436135
eq4,champ+champ_n20+champ_tail+lowmax,0.1812356364597496,1.3081306740867409,-0.3205370268367751
w3,champ_large:0.20+momcons:0.50+amihud:0.30,0.18123350902328617,0.9417547947109599,-0.5081630742399537
eq5,champ+champ_tail+champ_mid+lowmax+amihud,0.18122017204736363,1.1816765485722531,-0.36642231909124345
eq4,champ+champ_n5+champ_qtr+lowmax,0.1811974893905126,1.244789770674831,-0.3148387419799302
eq5,champ_n5+champ_tail+mom_only+lowvol+lowmax,0.18113230305660588,1.2586614587420355,-0.3043095606305013
eq5,champ_tail+lowvol+prox52+momcons+amihud,0.18112799437191196,1.0883822024797625,-0.4640824065829242
eq5,champ_qtr+champ_tail+mom_only+lowvol+lowmax,0.18108901589658366,1.2612869661920496,-0.3151199740861974
w3,champ_n20:0.20+champ_mid:0.50+lowmax:0.30,0.18106188292618652,1.2860130150845592,-0.31718417528040566
w3,champ_n20:0.34+prox52:0.20+amihud:0.46,0.18105253925335552,0.9103658129898028,-0.5848442109962599
w2,champ:0.2+champ_large,0.18091470023926615,1.060504141887826,-0.32831958786081405
eq4,champ_qtr+champ_mid+lowmax+momcons,0.1809062063344613,1.2312427594274424,-0.3410749234270348
eq4,champ_n5+champ_mid+lowmax+momcons,0.18083578109655218,1.2220060948546452,-0.32806266737973344
eq5,champ_n20+champ_tail+mom_only+lowvol+lowmax,0.18080712903074936,1.2499704940264347,-0.3127093117569606
eq4,champ_n20+champ_mid+lowmax+momcons,0.18067213475133603,1.2240033219444793,-0.33917610428878986
w3,champ_tail:0.20+champ_mid:0.50+lowmax:0.30,0.18058462218228843,1.2949285456801267,-0.31744849825954746
eq5,champ_large+champ_mid+lowvol+momcons+amihud,0.18057788282372256,1.1343098594911882,-0.36909241133505966
w2,momcons:0.6+amihud,0.180573226635671,0.873462180214646,-0.5703610133113135
w3,champ_qtr:0.34+champ_mid:0.20+lowvol:0.46,0.18049579457276166,1.4017144645874657,-0.2761779026935166
eq5,champ+champ_large+mom_only+lowmax+amihud,0.18046625597764487,1.0470927832592967,-0.42650928336793936
w2,champ_n20:0.6+lowvol,0.18042833484609733,1.356050694472441,-0.28556889856282397
eq5,champ_n5+champ_qtr+champ_large+champ_mid+lowmax,0.1804027702645501,1.245965099849588,-0.31555804192798553
eq5,champ_n5+champ_large+champ_tail+champ_mid+lowmax,0.18038857334443126,1.2841197155163493,-0.31230980044740897
eq5,champ_n5+champ_n20+champ_large+champ_mid+lowmax,0.1803861536328033,1.2489837863416957,-0.31266644451632963
eq5,champ_n20+champ_qtr+champ_large+champ_mid+lowmax,0.1803826774907742,1.2536672540312421,-0.3233473615975211
w2,champ_qtr:0.6+lowvol,0.18037478047418398,1.3371982873448034,-0.28926226194205695
w3,champ_large:0.50+mom_only:0.20+lowvol:0.30,0.18037056625770287,1.1504229315996133,-0.3051799822320088
eq5,champ_qtr+champ_large+champ_tail+champ_mid+lowmax,0.1803464789767928,1.287036851565228,-0.3230151935489528
w3,champ_n20:0.34+champ_mid:0.20+lowvol:0.46,0.1803443666556641,1.3997690157359086,-0.2755720787973124
eq4,champ_qtr+champ_large+lowvol+momcons,0.18032208327754984,1.2170980349279614,-0.32128436751730527
w3,champ_tail:0.50+lowmax:0.20+momcons:0.30,0.1803206880889019,1.197952509325158,-0.3472009325963502
w3,champ_large:0.20+mom_fast:0.20+amihud:0.60,0.18029519505292746,0.7964165190292554,-0.621880139083456
eq5,champ_n5+champ_qtr+prox52+lowmax+momcons,0.18028106610939987,1.1678944445440322,-0.3740673999331955
w3,champ_n5:0.34+champ_mid:0.20+lowvol:0.46,0.1802789551163031,1.373797157137853,-0.2568761666067707
eq4,champ_n5+champ_large+lowvol+momcons,0.18026883150173645,1.2090799849197933,-0.3080158166404209
eq5,champ_n20+champ_qtr+prox52+lowmax+momcons,0.18019926348069992,1.1713029080183064,-0.3873639377023824
eq5,champ_n5+champ_n20+prox52+lowmax+momcons,0.18019429465243686,1.1672111117515185,-0.3681327308043304
eq4,champ_n20+champ_large+lowvol+momcons,0.1801828631411968,1.2147452609682243,-0.3202718564257102
eq4,mom_fast+lowmax+momcons+amihud,0.180171161895204,0.9209240203039156,-0.5199775637743427
eq5,champ_n20+champ_large+champ_tail+champ_mid+lowmax,0.18015966745308987,1.2804361032301232,-0.32201032297846843
eq4,champ_tail+champ_mid+lowmax+momcons,0.1801496564401277,1.2368428608342703,-0.3390781998583954
eq4,champ_large+champ_tail+lowvol+momcons,0.18013733925420028,1.2523636600950403,-0.3197991264530574
w3,champ_n20:0.50+champ_large:0.20+lowvol:0.30,0.18004409032062663,1.2891690372811693,-0.29594648494328124
eq3,mom_only+prox52+lowmax,0.1800379946404469,0.9934483136145964,-0.4939770021969795
w3,champ_qtr:0.50+champ_large:0.20+lowvol:0.30,0.18003203040950733,1.2775546416456174,-0.2990107781563667
w3,mom_only:0.20+prox52:0.20+amihud:0.60,0.1800178968898376,0.784811666348874,-0.670279716532594
w3,champ_tail:0.34+prox52:0.20+amihud:0.46,0.180007631248559,0.9080640407551569,-0.585377367633334
eq5,champ_n5+champ_tail+prox52+lowmax+momcons,0.18000589576854775,1.185877379912541,-0.3700208010604791
eq5,champ_qtr+champ_tail+prox52+lowmax+momcons,0.17997243425980924,1.1884806141378002,-0.38926851743265134
w3,champ_n5:0.20+lowvol:0.33+prox52:0.47,0.17991673800387775,1.1424477145407612,-0.39482037933811764
w3,champ_qtr:0.20+lowvol:0.33+prox52:0.47,0.17990419200820162,1.1454746445187134,-0.4120291713679406
eq3,champ_large+champ_mid+lowvol,0.1798779364516352,1.3211940960092863,-0.28636559558670804
eq3,champ_large+mom_fast+lowmax,0.1797767065761493,1.0289909051783501,-0.3748622215656926
eq4,champ_qtr+champ_mid+prox52+lowmax,0.17975657243063448,1.2144890545845128,-0.3550192583554491
w3,champ_large:0.34+champ_mid:0.33+lowvol:0.33,0.17975253390741863,1.3177555757388788,-0.2867811851452141
w3,champ_large:0.34+mom_fast:0.20+lowvol:0.46,0.1797388670740836,1.199065208939767,-0.2921763059003323
w2,mom_only:0.3+amihud,0.1797373574560297,0.7471300520753846,-0.6747235241191565
eq4,champ_n5+champ_mid+prox52+lowmax,0.17972574241455086,1.2074972951682381,-0.3309946253763162
eq4,champ+lowvol+prox52+amihud,0.17971603296507443,1.0801448147662889,-0.4668813528092397
eq5,champ_n20+champ_tail+prox52+lowmax+momcons,0.17971570547398952,1.1800967834363312,-0.38368846155708214
w3,champ_n20:0.20+lowvol:0.33+prox52:0.47,0.17969535625142052,1.139892788755171,-0.4077906204273647
w3,champ_large:0.34+mom_fast:0.33+lowmax:0.33,0.1796863826237025,1.0301509363410812,-0.37390078597941245
w3,champ_n5:0.20+momcons:0.33+amihud:0.47,0.17959733916111653,0.8905849186385969,-0.5598931060812358
w3,champ_qtr:0.20+momcons:0.33+amihud:0.47,0.17958030830424376,0.8916784895994626,-0.5717090433400339
w3,champ_qtr:0.34+lowmax:0.20+momcons:0.46,0.17954685872065967,1.1282650867618784,-0.3617956098333328
w3,champ_n5:0.50+champ_large:0.20+lowvol:0.30,0.17952107253599503,1.2373333854620652,-0.27123521130569794
eq4,champ_n20+champ_mid+prox52+lowmax,0.17950819382961325,1.2067703869066098,-0.36642327611534997
w3,champ_tail:0.34+champ_mid:0.20+lowvol:0.46,0.17949643269996152,1.418711576828943,-0.27577020653003037
w2,champ_n5:0.6+lowvol,0.17949263360716294,1.266685363163863,-0.2554988609381301
eq2,champ_tail+amihud,0.17948939976874279,0.9155744933691992,-0.5453483624378701
w2,champ_tail:0.5+amihud,0.17948939976874279,0.9155744933691992,-0.5453483624378701
w3,champ_qtr:0.50+lowvol:0.20+amihud:0.30,0.17948265367416005,1.1015148976936164,-0.4291249751131445
eq5,champ_large+champ_mid+lowvol+prox52+amihud,0.17943284525065484,1.1149328728355408,-0.4143734345656147
eq5,mom_only+prox52+lowmax+momcons+amihud,0.17934899719566744,0.9566737763671079,-0.5348245433036002
w3,champ_n5:0.34+lowmax:0.20+momcons:0.46,0.17934003697706635,1.114687928063125,-0.3447167285452941
w3,champ_tail:0.20+lowvol:0.33+prox52:0.47,0.1793170616120241,1.1490875838749668,-0.4084889675815221
w3,champ_n20:0.34+lowmax:0.20+momcons:0.46,0.17927759220809025,1.122512341290821,-0.36047384923947756
w3,champ_large:0.20+champ_tail:0.50+lowvol:0.30,0.17927307890618982,1.340492276416139,-0.29620894735131686
w3,champ_qtr:0.34+champ_large:0.33+amihud:0.33,0.1792567295227936,1.008889029088191,-0.4604015471121269
eq5,champ+champ_mid+lowmax+momcons+amihud,0.17923528581098203,1.1156787261064813,-0.3986892753603859
eq4,champ_qtr+mom_fast+lowvol+lowmax,0.17923286314327114,1.1814604527895909,-0.3186585670639399
eq5,champ_large+mom_fast+lowmax+momcons+amihud,0.17922725452581711,0.9753360233903124,-0.47157290551729547
w3,mom_fast:0.34+lowvol:0.50+lowmax:0.16,0.17918678886630257,1.1290029837819016,-0.30840096678523954
w3,champ_n5:0.34+champ_large:0.33+amihud:0.33,0.17918364703566758,1.0032532282934061,-0.43228637549778626
eq4,champ_large+mom_only+lowmax+momcons,0.17917393922209834,1.0498456434485357,-0.3712978212494332
eq4,champ_n5+mom_fast+lowvol+lowmax,0.17916989100520775,1.1736890321152758,-0.3025446735709888
eq4,champ_qtr+champ_large+lowvol+prox52,0.1791612062011827,1.2001686858152092,-0.3367525547657524
w3,champ_n20:0.20+momcons:0.33+amihud:0.47,0.17915212538318537,0.8855057416820925,-0.5700266857653069
eq4,champ_n5+champ_large+lowvol+prox52,0.179147640299131,1.194308507086335,-0.3122636682265083
w2,champ_large:0.7+momcons,0.1791105259051664,1.0364678556743778,-0.3539449110262777
w3,champ_n20:0.50+lowvol:0.20+amihud:0.30,0.1790275570044364,1.0917232777685373,-0.41734872611000084
eq5,champ+champ_large+lowvol+momcons+amihud,0.1790234640728896,1.1164833496688675,-0.3836072341194884
eq4,champ_n20+champ_large+lowvol+prox52,0.17900783939688303,1.1971981200899304,-0.3347362138883072
w3,champ_n5:0.50+lowvol:0.20+amihud:0.30,0.17900315413631773,1.077604843810024,-0.38466145472817825
w3,champ_large:0.20+lowvol:0.20+prox52:0.60,0.17899869925185397,1.0302034954959445,-0.46657723234786896
eq4,champ+champ_qtr+lowmax+momcons,0.17898984877434554,1.2054759385679839,-0.3427668404677412
eq4,champ_tail+champ_mid+prox52+lowmax,0.1789223961766362,1.2158679747444199,-0.3513397968226104
eq4,champ_n20+mom_fast+lowvol+lowmax,0.17890908225260627,1.1710027648669594,-0.33215640883244957
w3,champ_mid:0.34+lowvol:0.50+momcons:0.16,0.17890236576396168,1.3717246235323166,-0.28130723240908273
eq4,champ_large+champ_tail+lowvol+prox52,0.17889792159604623,1.2300477149020987,-0.3266301394287242
eq4,champ+champ_n20+lowmax+momcons,0.17888837705279137,1.2049071339597075,-0.34086230577906995
w3,champ_n20:0.34+champ_large:0.33+amihud:0.33,0.17888425547019549,1.0022336597756485,-0.45170998039348675
w2,champ_large:0.9+mom_only,0.17887045346744657,1.0127178135843873,-0.33630666167968026
eq5,champ_qtr+mom_only+lowvol+lowmax+momcons,0.17886227979495395,1.1699473032844827,-0.331011436043681
eq5,champ_n5+mom_only+lowvol+lowmax+momcons,0.17886222189912981,1.1660200464927468,-0.31976607588182615
w3,mom_fast:0.20+prox52:0.50+lowmax:0.30,0.17884097294944956,0.9693590966865022,-0.5194725159791582
eq4,champ+champ_n5+lowmax+momcons,0.17883393616897503,1.1927430913249815,-0.3298051018652619
eq5,champ+champ_qtr+champ_large+champ_tail+lowmax,0.17878753779511225,1.2622897151914616,-0.3243874591486887
eq5,champ+champ_n5+champ_large+champ_tail+lowmax,0.17877472384491488,1.2565270084944504,-0.3137149807525542
eq3,champ_qtr+champ_large+amihud,0.1787669270214085,1.0044901413185086,-0.46217704295990647
eq3,champ_n5+champ_large+amihud,0.178703716424369,0.9992372150635545,-0.43470766074044775
w3,champ_tail:0.20+momcons:0.33+amihud:0.47,0.1786867950324169,0.8866182079197201,-0.5706637292625643
eq5,champ+champ_n20+champ_large+champ_tail+lowmax,0.17868549246154575,1.26070113181324,-0.3217656141226003
eq5,champ+champ_n20+champ_qtr+champ_large+lowmax,0.17864906246872403,1.2215477067339857,-0.3247425579553497
eq4,champ+champ_tail+lowmax+momcons,0.17863961579386167,1.2311886364440456,-0.33892789742138363
w3,champ_tail:0.34+lowmax:0.20+momcons:0.46,0.17861336433865604,1.136609986177606,-0.35845182046738533
eq5,champ_n20+mom_only+lowvol+lowmax+momcons,0.17860236359109316,1.1617182510475261,-0.331501221129057
eq5,champ+champ_n5+champ_n20+champ_large+lowmax,0.17859758694613181,1.2144996956071672,-0.314094770244875
w2,champ_tail:0.6+lowvol,0.178535085435938,1.3566402001612503,-0.28597106992249977
eq5,champ+champ_n5+champ_qtr+champ_large+lowmax,0.1785296387738089,1.207545805286717,-0.3169824174587579
w3,champ:0.34+champ_mid:0.33+lowmax:0.33,0.17849367434285957,1.2863624622109746,-0.3162936985779936
eq5,champ_qtr+champ_large+champ_mid+lowmax+momcons,0.178490289832703,1.2068676580833873,-0.3387855091269898
eq5,champ_n5+champ_large+champ_mid+lowmax+momcons,0.1784889157668066,1.2024115347837279,-0.3284281237564415
w3,champ_large:0.50+champ_mid:0.20+amihud:0.30,0.17846601335325252,1.0166701833333496,-0.41791622815629714
w3,lowvol:0.34+prox52:0.20+momcons:0.46,0.17843267762675907,1.1317356448623195,-0.3771563455176393
eq3,lowvol+prox52+momcons,0.178411362085793,1.122590003576699,-0.4081710114632182
eq4,champ_n5+champ_qtr+lowvol+amihud,0.17839810503891096,1.144691660934779,-0.37145321395862474
eq5,champ_mid+mom_fast+lowvol+lowmax+amihud,0.17839732637080208,1.0663950590327937,-0.4067129523217101
eq3,champ_n20+champ_large+amihud,0.17839584217467386,0.9978644845595406,-0.45368979278149857
eq4,champ_n20+champ_qtr+lowvol+amihud,0.17833435738354786,1.1502776782034823,-0.3884299942150299
eq5,champ_n20+champ_large+champ_mid+lowmax+momcons,0.17832529231994632,1.202371479273184,-0.3379935402936549
eq4,mom_fast+prox52+lowmax+amihud,0.17828864997430305,0.8994372564379748,-0.5678706882371488
eq4,champ_n5+champ_n20+lowvol+amihud,0.17828717356554868,1.1437915006396653,-0.36494220718886516
w3,champ_mid:0.50+prox52:0.20+lowmax:0.30,0.17826383289752235,1.2228398062028225,-0.3333653733776959
eq4,champ_tail+mom_fast+lowvol+lowmax,0.17824923429035944,1.175612416593593,-0.31584167476671665
eq5,champ_tail+mom_only+lowvol+lowmax+momcons,0.1782424528680293,1.1726905859921515,-0.3275680252293488
eq5,champ_large+champ_tail+champ_mid+lowmax+momcons,0.17819771914081706,1.2269418492462871,-0.33662104957431827
eq4,champ_large+mom_only+prox52+lowmax,0.17819290515189645,1.0435129379662573,-0.42924111197765824
eq3,champ_large+champ_tail+amihud,0.17815825099878002,1.017266526790289,-0.4558890397450729
eq5,champ+champ_mid+prox52+lowmax+amihud,0.1781436896966362,1.0988370337359061,-0.44565187770643633
w3,champ_mid:0.34+lowvol:0.50+prox52:0.16,0.1781217563991373,1.3538684547936253,-0.2767302896751771
w3,champ_large:0.34+champ_tail:0.33+amihud:0.33,0.17809026309702247,1.0186844969670525,-0.4540352935017864
w3,champ_large:0.50+momcons:0.33+amihud:0.17,0.1780800685387145,1.0052371401087554,-0.4182220413040576
eq5,champ_n5+mom_only+lowvol+prox52+lowmax,0.1780699669523651,1.1595530729227,-0.35944255077247045
eq5,champ_qtr+mom_only+lowvol+prox52+lowmax,0.17804483286187534,1.162319606302764,-0.37873464839480686
eq5,champ+champ_large+lowvol+prox52+amihud,0.17792488344748292,1.0992916849661296,-0.42528984794276103
eq4,champ_n5+champ_tail+lowvol+amihud,0.17792437334218913,1.160459361315147,-0.36690391859823235
eq5,champ_large+mom_fast+prox52+lowmax+amihud,0.1779237975360477,0.9589845155097069,-0.5099594630399225
eq4,champ+champ_qtr+prox52+lowmax,0.17791221325801776,1.1926252003749753,-0.3713321158240783
eq4,champ_qtr+champ_tail+lowvol+amihud,0.17791149213702995,1.1647135066042558,-0.3906084327510486
eq4,champ_mid+mom_only+lowvol+lowmax,0.1778933643676206,1.2084461070496249,-0.30817478961281897
w3,champ_n5:0.20+champ_mid:0.20+amihud:0.60,0.17784894220367486,0.8624520648602224,-0.5699688307930861
w3,champ:0.20+champ_qtr:0.33+lowvol:0.47,0.1778436400676635,1.368900918174768,-0.2764556180338279
w3,champ:0.20+champ_n20:0.33+lowvol:0.47,0.17783126937881533,1.3771106557760577,-0.27432878074429123
w3,lowvol:0.34+prox52:0.33+momcons:0.33,0.17781088270946577,1.1235532637925578,-0.4058756615862914
w3,champ_qtr:0.20+champ_mid:0.20+amihud:0.60,0.1778097822611262,0.8630518397918073,-0.5814554069949303
eq4,champ+champ_n20+prox52+lowmax,0.1777963305320871,1.1913805210533006,-0.3834295889668916
eq4,champ+champ_n5+prox52+lowmax,0.17779595827054862,1.1820403653686116,-0.3491673109287665
w2,champ_large:0.7+prox52,0.17779394043142505,1.0249248243674312,-0.3839136063895825
eq3,champ+champ_mid+lowmax,0.177780340669907,1.2828528146961922,-0.3163146664031088
eq5,champ_n20+mom_only+lowvol+prox52+lowmax,0.17777569032561535,1.1537973200699054,-0.37980183813385093
w3,champ:0.34+champ_large:0.33+lowvol:0.33,0.17770119875290913,1.263575001234543,-0.2868972210045301
w3,champ:0.50+champ_n20:0.20+lowmax:0.30,0.17769364437317536,1.255082473965447,-0.3195772938591167
eq5,champ_n5+champ_large+champ_mid+prox52+lowmax,0.17768018767719096,1.1946491187039858,-0.3265522255947435
w3,champ:0.50+champ_qtr:0.20+lowmax:0.30,0.17767841595998712,1.2501831926181541,-0.32243769787001364
eq5,champ_qtr+champ_large+champ_mid+prox52+lowmax,0.17765621776285512,1.1978046488401664,-0.33777327819532
w3,champ:0.50+champ_tail:0.20+lowmax:0.30,0.177654134821575,1.289395382620714,-0.3192258328367886
w3,champ:0.20+champ_n5:0.33+lowvol:0.47,0.17755344778944648,1.3376063645192249,-0.25775749266491443
eq4,champ_n20+champ_tail+lowvol+amihud,0.1775356436777158,1.1523563389386968,-0.3844485405994279
w3,champ_qtr:0.34+champ_large:0.50+lowvol:0.16,0.1775331490562959,1.1587913702780308,-0.3131320181334065
w3,champ:0.50+champ_n5:0.20+lowmax:0.30,0.17752601572037774,1.2370703463508175,-0.31180290367058006
w3,champ_n20:0.34+champ_large:0.50+lowvol:0.16,0.17750253286199902,1.1629334408459833,-0.31173605875189503
w3,champ_mid:0.20+mom_fast:0.33+lowmax:0.47,0.17750086704514212,1.0472739816287067,-0.3740402630276469
eq4,champ+champ_tail+prox52+lowmax,0.17748358857373425,1.2136847396754276,-0.3679896088036039
eq5,champ_n20+champ_large+champ_mid+prox52+lowmax,0.1774820817633609,1.1929341685883283,-0.348123817921296
w3,champ_n5:0.34+champ_large:0.50+lowvol:0.16,0.17742495488128984,1.147951822920058,-0.2947774339222877
w3,champ_large:0.20+prox52:0.50+amihud:0.30,0.17739733752699016,0.8961272903799904,-0.5962787177550484
eq5,champ_tail+mom_only+lowvol+prox52+lowmax,0.1773751134792383,1.1627914310146337,-0.3756489926064144
eq5,champ_n5+champ_large+mom_fast+lowvol+lowmax,0.17737461540171662,1.1738117524975233,-0.30740218655898055
eq5,champ_qtr+champ_large+mom_fast+lowvol+lowmax,0.1773712883245493,1.1776886560662487,-0.31763882776699237
w3,champ_tail:0.50+lowvol:0.20+amihud:0.30,0.17735267561252344,1.0850921360719126,-0.4219623634089644
w3,champ_n20:0.20+champ_mid:0.20+amihud:0.60,0.1773399832394731,0.8567897469098796,-0.5797399028361461
w3,champ_large:0.34+lowvol:0.20+momcons:0.46,0.17732891526176253,1.1032932927419092,-0.343194047147273
eq5,champ_large+champ_tail+champ_mid+prox52+lowmax,0.1773133716862607,1.2149743612886417,-0.3351037572896298
w3,champ:0.20+champ_tail:0.33+lowvol:0.47,0.17730585220356376,1.4189605584353224,-0.27447690011146975
eq5,champ+mom_fast+lowvol+lowmax+amihud,0.17720122724233311,1.0621765445237832,-0.41623860547822045
w3,champ_mid:0.50+lowmax:0.20+amihud:0.30,0.17717044085128464,1.0657200418399868,-0.41355749264317765
eq5,champ_n20+champ_large+mom_fast+lowvol+lowmax,0.17714893884729688,1.1708802014287516,-0.3205163672646081
w3,mom_fast:0.20+lowmax:0.33+momcons:0.47,0.1770844073693454,1.0072677713400773,-0.41292390327747375
w3,champ_n5:0.20+prox52:0.33+amihud:0.47,0.1770696434963721,0.8644222345954115,-0.6166988622060381
w3,champ_qtr:0.20+lowmax:0.20+momcons:0.60,0.1770302393042016,1.0641829283524495,-0.3809286827627507
w3,champ_qtr:0.20+prox52:0.33+amihud:0.47,0.177012308325043,0.8647414186777108,-0.6269575794096534
w3,champ_n5:0.20+lowmax:0.20+momcons:0.60,0.1769955306076132,1.0601684302291428,-0.36221532149812763
eq3,champ+champ_large+lowvol,0.17698494299300682,1.260126097994579,-0.2866992893225455
eq5,champ_large+champ_tail+mom_fast+lowvol+lowmax,0.17693298510847977,1.1892336866840607,-0.318000634910946
eq5,champ_n5+champ_qtr+champ_mid+lowmax+amihud,0.176892342175075,1.1457377529706347,-0.36587329048552764
w3,champ_n20:0.20+lowmax:0.20+momcons:0.60,0.1768047925172107,1.0590727899241053,-0.375196304970431
eq5,champ+champ_qtr+champ_large+lowmax+momcons,0.17675704701520112,1.1772396436012977,-0.340156903032268
w3,champ_large:0.50+champ_tail:0.33+lowvol:0.17,0.17674804100513786,1.2244854923250772,-0.3095744726649484
eq5,champ_n5+champ_n20+champ_mid+lowmax+amihud,0.1767451946030918,1.142566552652606,-0.3607676631248782
eq5,champ_n20+champ_qtr+champ_mid+lowmax+amihud,0.1767428766844752,1.1461844755766972,-0.37979094044002104
w3,champ_tail:0.20+champ_mid:0.20+amihud:0.60,0.17673556192989448,0.8554777569341344,-0.5801002081008889
eq5,champ+champ_large+champ_tail+lowmax+momcons,0.1767235968744969,1.208669083979327,-0.3377902180246033
eq5,champ+champ_n5+champ_large+lowmax+momcons,0.17670085628668208,1.1706438562236527,-0.3298290471408305
eq4,champ_mid+prox52+lowmax+momcons,0.17668407732736768,1.1352361537320161,-0.39178154223648765
eq5,champ+champ_n20+champ_large+lowmax+momcons,0.17667667997537384,1.176862475518208,-0.33935834698656797
w2,champ_large:0.8+champ_tail,0.17665252514630536,1.0782831054742927,-0.32977219236582833
w3,champ:0.20+champ_large:0.50+amihud:0.30,0.1766355500509904,0.9953264578877191,-0.43201750829987406
w3,champ:0.34+lowvol:0.50+momcons:0.16,0.17657292446407924,1.3445348595410582,-0.2809014782182584
eq5,champ_n5+champ_qtr+champ_large+lowvol+amihud,0.1765709840335261,1.1421573477687057,-0.34916737627484595
w3,champ_n20:0.20+prox52:0.33+amihud:0.47,0.17656999060256795,0.8587943492115054,-0.6253638063082576
w3,champ:0.20+champ_qtr:0.20+amihud:0.60,0.17656090200022656,0.85831171803571,-0.5868990007301265
w3,champ:0.20+champ_n5:0.20+amihud:0.60,0.17654527319296753,0.8568892631141879,-0.5755931425980116
w3,champ_tail:0.20+lowmax:0.20+momcons:0.60,0.17652853186509154,1.0693903776148128,-0.3747044701044834
w3,champ_qtr:0.20+mom_only:0.20+lowvol:0.60,0.17648452867790665,1.2902423486781172,-0.2730293571019371
eq5,champ_n5+champ_n20+champ_large+lowvol+amihud,0.17648448641982606,1.1415534515082886,-0.3428924021774824
w3,champ_n5:0.20+mom_only:0.20+lowvol:0.60,0.17647296089771003,1.2839767591941327,-0.2616582294189592
eq5,champ_n20+champ_qtr+champ_large+lowvol+amihud,0.1764713201968553,1.1446561942323916,-0.3622370720210266
eq5,champ_n5+champ_large+champ_tail+lowvol+amihud,0.17645833440831837,1.1667290665577006,-0.3425364182357631
eq4,champ_n5+mom_only+lowmax+amihud,0.1764575168309359,0.9830338693364429,-0.466239743695798
eq5,champ_large+champ_mid+mom_only+lowvol+lowmax,0.17645538459138432,1.2070939613432028,-0.3106881432941514
eq4,champ_qtr+mom_only+lowmax+amihud,0.17643934462153377,0.9852529337949043,-0.4843019008283669
eq5,champ_n5+champ_tail+champ_mid+lowmax+amihud,0.17641463629531917,1.1542988840506507,-0.36239133028500614
eq5,champ_qtr+champ_large+champ_tail+lowvol+amihud,0.17640664888420177,1.1683816642287763,-0.36265041841756696
eq5,champ_qtr+champ_tail+champ_mid+lowmax+amihud,0.17637399495502581,1.1564160095985474,-0.38144126321296834
w2,lowvol:0.3+prox52,0.1763534621964402,0.994909717916891,-0.4983673948125257
eq4,champ+mom_only+lowvol+lowmax,0.17630799470807723,1.1989262529559268,-0.31220100756109925
w3,champ:0.20+mom_fast:0.33+lowmax:0.47,0.1762916109703656,1.042600423035441,-0.38783465427945885
w3,champ_n20:0.20+mom_only:0.20+lowvol:0.60,0.17627584963626064,1.2818416910127284,-0.2723803774949204
eq4,champ_large+lowvol+prox52+momcons,0.17624917449402155,1.1295174570700337,-0.37128498333615534
w3,champ_large:0.50+prox52:0.33+amihud:0.17,0.17619489669008148,0.9822221593634711,-0.48172520886820813
w3,champ:0.20+champ_n20:0.20+amihud:0.60,0.17617590724256105,0.8533650797426124,-0.5851269531381311
eq5,champ_n20+champ_large+champ_tail+lowvol+amihud,0.17615078966615982,1.1601985586693342,-0.3567762840209875
w2,champ_n5:0.2+champ_large,0.176094471399026,1.0359894304902622,-0.3216713599742539
w3,champ_qtr:0.50+lowvol:0.33+amihud:0.17,0.1760628632425696,1.2158866865467708,-0.3373605264170547
eq5,champ_n20+champ_tail+champ_mid+lowmax+amihud,0.17605744129219314,1.1458834281985502,-0.3766736868596602
w3,champ_tail:0.20+prox52:0.33+amihud:0.47,0.1760388642379278,0.858620388474918,-0.6255745219636906
w2,champ_qtr:0.2+champ_large,0.17603032497519533,1.03655146782698,-0.3321914205186206
w2,champ_n20:0.2+champ_large,0.17599537987580338,1.0377136636619335,-0.3313869096990666
w3,lowvol:0.34+prox52:0.50+momcons:0.16,0.1759949100977456,1.0766744822752683,-0.44437103918445464
eq5,champ+champ_qtr+champ_large+prox52+lowmax,0.1759691222682085,1.1705770368556192,-0.35321317875318603
eq4,champ_n20+mom_only+lowmax+amihud,0.17596430436428778,0.975489685209547,-0.4813803220259141
eq5,champ+champ_n5+champ_large+prox52+lowmax,0.1759383017269407,1.1652018358397251,-0.33465224694896045
w3,champ_tail:0.20+mom_only:0.20+lowvol:0.60,0.17588812922970876,1.296741741545243,-0.2724668108546143
eq5,champ+champ_large+champ_tail+prox52+lowmax,0.17588504727666399,1.1991854649748095,-0.3499996812704892
eq5,champ+champ_n20+champ_large+prox52+lowmax,0.1758795711092933,1.1697819024725618,-0.36286659941283794
w3,champ:0.34+lowvol:0.50+prox52:0.16,0.17585465315453286,1.3314414111738917,-0.27908134039860466
w3,champ_n20:0.50+lowvol:0.33+amihud:0.17,0.17579171861756904,1.2112933771526553,-0.32244839229788724
w3,champ:0.20+champ_tail:0.20+amihud:0.60,0.17574612978087667,0.8547241709097573,-0.5853612212047508
eq5,champ_n5+champ_large+mom_only+lowmax+amihud,0.17567029121353905,1.0235049947451724,-0.42253363343691586
eq5,champ_qtr+champ_large+mom_only+lowmax+amihud,0.17561524472318313,1.0244048636903882,-0.44017779843150395
eq4,champ+champ_large+champ_mid+lowmax,0.17555590709804503,1.236233007141181,-0.31860093027976966
w3,champ_n5:0.50+lowvol:0.33+amihud:0.17,0.175541717217661,1.1794790484455087,-0.2891150342729625
eq4,mom_fast+lowvol+lowmax+momcons,0.17547614130879285,1.0829809749734463,-0.3567108004947145
eq5,champ_large+champ_mid+prox52+lowmax+momcons,0.17537395432626401,1.1418209969104278,-0.36555758975409647
eq5,champ+champ_n5+champ_qtr+lowmax+amihud,0.17533656945949372,1.1266884517886282,-0.37734090476083104
eq5,champ+champ_n20+champ_qtr+lowmax+amihud,0.17532626889735914,1.1327358054371839,-0.39038119687731054
eq4,champ_tail+mom_only+lowmax+amihud,0.17531528686114783,0.9770000394888076,-0.4820364924463132
eq5,champ_n20+champ_large+mom_only+lowmax+amihud,0.1752959708545907,1.0171617011079248,-0.4351288258736019
eq4,champ_n5+champ_n20+champ_qtr+lowmax,0.17529048970043193,1.2239673464127103,-0.31653495323713576
eq5,champ+champ_n5+champ_n20+lowmax+amihud,0.17527395536649482,1.1270312631037445,-0.371736782507445
eq4,champ_qtr+lowvol+momcons+amihud,0.17521326669060766,1.0768309416702895,-0.42979970035183224
eq4,champ_n5+champ_qtr+champ_tail+lowmax,0.1752080471791142,1.262819775192483,-0.3160723544874039
w2,prox52:0.6+amihud,0.17519394177158243,0.819612954516903,-0.665414712114077
eq4,champ_n20+champ_qtr+champ_tail+lowmax,0.1751634108591147,1.272388159574083,-0.32581086336292764
eq4,champ_n5+champ_n20+champ_tail+lowmax,0.17516017691064056,1.2653631177692701,-0.31251114130390245
eq4,champ_n5+lowvol+momcons+amihud,0.17515897407693837,1.0712065078114814,-0.40735116145228034
eq5,champ+champ_qtr+champ_tail+lowmax+amihud,0.17513191681575413,1.1501567187358999,-0.39229344665766397
eq5,champ+champ_n5+champ_tail+lowmax+amihud,0.17511799561311991,1.1457465498646178,-0.37357959882636704
eq5,champ_large+champ_tail+mom_only+lowmax+amihud,0.17508620604576408,1.0280609355009203,-0.43704189720307507
eq5,mom_only+lowvol+prox52+lowmax+momcons,0.17506663713320658,1.085466966757628,-0.40775835595249477
eq5,champ+champ_qtr+champ_mid+lowvol+lowmax,0.17501683907013565,1.331191227635849,-0.30092035753257607
w3,champ:0.50+prox52:0.20+lowmax:0.30,0.1750097943683031,1.1993293928427264,-0.36648241686751715
w3,champ_mid:0.34+lowvol:0.20+amihud:0.46,0.1749844028300067,0.9612236865103738,-0.4852115483090431
eq4,champ+prox52+lowmax+momcons,0.17497286756589503,1.1211317386121384,-0.4058160311552058
eq5,champ+champ_n5+champ_mid+lowvol+lowmax,0.1749384093278712,1.319529151729304,-0.2899666469197152
eq5,champ+champ_large+mom_only+lowvol+lowmax,0.1749333269063742,1.186849355031159,-0.31211694382780264
eq5,champ+champ_n20+champ_mid+lowvol+lowmax,0.1749268002327733,1.3300258867845354,-0.2981066937460298
eq5,champ+champ_n20+champ_tail+lowmax+amihud,0.1748999923028549,1.1432492674100492,-0.38702341928142137
eq4,champ_n20+lowvol+momcons+amihud,0.17487131443655546,1.0680493095952022,-0.42327635968553434
w3,champ_qtr:0.34+champ_large:0.20+amihud:0.46,0.17470729313972688,0.9221211834946706,-0.5272458867600038
w3,champ_large:0.34+lowvol:0.20+prox52:0.46,0.17466536572995328,1.0603798450539441,-0.41980241803215856
eq5,champ_large+mom_fast+lowvol+lowmax+momcons,0.17465115639608775,1.1071133132824889,-0.3388737747516507
eq5,champ+champ_tail+champ_mid+lowvol+lowmax,0.17464146214247367,1.3550573863499265,-0.298187572913155
w3,champ_n5:0.34+champ_large:0.20+amihud:0.46,0.17463345743111636,0.9178457141393076,-0.5021266040058477
w3,prox52:0.20+momcons:0.33+amihud:0.47,0.17447035596313465,0.8346576177567124,-0.6249069359704138
eq5,champ_qtr+champ_mid+lowmax+momcons+amihud,0.17440291270265718,1.091771486739863,-0.4129811708826875
eq5,champ_n5+champ_mid+lowmax+momcons+amihud,0.17440052890808078,1.0884506900945212,-0.39477647836961016
eq4,champ_tail+lowvol+momcons+amihud,0.17430790403374385,1.0740792244750512,-0.42595236393293845
w3,champ_large:0.20+mom_only:0.20+amihud:0.60,0.1742231074151579,0.7893231247105986,-0.6188714361697129
w3,champ_tail:0.50+lowvol:0.33+amihud:0.17,0.17421596734396538,1.2093707657883148,-0.32829725248641295
w3,champ_n20:0.34+champ_large:0.20+amihud:0.46,0.17419270722480285,0.9139853142661196,-0.5204537262362114
eq5,champ_n5+champ_large+lowvol+momcons+amihud,0.17418167212625124,1.0889293319728806,-0.3794046595419991
eq5,champ_qtr+champ_large+lowvol+momcons+amihud,0.17417313926531564,1.0918129372470637,-0.3976845607311049
w3,champ:0.50+lowmax:0.20+amihud:0.30,0.17416750226082423,1.0545859109575157,-0.4337574831426617
w3,champ_mid:0.20+momcons:0.20+amihud:0.60,0.1741503921470582,0.8227851158321342,-0.6027850611872145
w2,champ_large:0.8+momcons,0.17412843384796473,1.0099728440296252,-0.3473053770003275
eq5,champ_n20+champ_mid+lowmax+momcons+amihud,0.17410814470996283,1.0835798116982285,-0.4085059801087052
w3,champ_n20:0.34+champ_qtr:0.20+lowvol:0.46,0.17409100532316302,1.3503967949109799,-0.27931067276357446
w3,prox52:0.34+momcons:0.20+amihud:0.46,0.1740737345731489,0.8285326632872116,-0.6436837927952173
eq5,champ_n20+champ_large+lowvol+momcons+amihud,0.1739389296991547,1.085818819758459,-0.39203158432896323
w3,champ_qtr:0.34+champ_tail:0.20+lowvol:0.46,0.1739225461324132,1.3823232297125019,-0.2791556117911169
eq5,champ_n5+champ_qtr+champ_large+champ_tail+lowmax,0.1739198178319541,1.2283861556940867,-0.3179809161654005
eq4,mom_fast+lowvol+prox52+lowmax,0.1738951243553164,1.055544479479916,-0.41459539108725074
w3,champ_n5:0.34+champ_n20:0.20+lowvol:0.46,0.17387483499380907,1.3202882137541891,-0.26077797532947766
eq5,champ_n5+champ_n20+champ_large+champ_tail+lowmax,0.17387373498079683,1.229863494051958,-0.3153908877650031
eq5,champ_n20+champ_qtr+champ_large+champ_tail+lowmax,0.17383239975819587,1.2325685149369863,-0.32577975880782917
w3,champ_n5:0.34+champ_qtr:0.20+lowvol:0.46,0.17378740067007636,1.309355695620697,-0.26294375742666587
eq5,champ_large+champ_tail+lowvol+momcons+amihud,0.17378373257270074,1.1023377156141305,-0.392000196800921
eq5,champ+champ_large+prox52+lowmax+momcons,0.17377201700823286,1.1206148435822738,-0.3798817237503963
w3,champ_n5:0.34+champ_tail:0.20+lowvol:0.46,0.17377110293280085,1.3584851456660985,-0.2608126675441106
eq5,champ_n5+champ_n20+champ_qtr+champ_large+lowmax,0.17376717889493776,1.1884260744945205,-0.31835787915551506
w3,champ_n20:0.34+champ_tail:0.20+lowvol:0.46,0.17372186139414003,1.3763489412031777,-0.2797221947850247
eq5,champ_tail+champ_mid+lowmax+momcons+amihud,0.17364920917385307,1.0885345066477567,-0.4107037947633163
eq4,champ_qtr+lowvol+prox52+amihud,0.1736407751305744,1.050090927397633,-0.4814685327618796
eq3,champ_large+momcons+amihud,0.1736296414302838,0.9222047079745909,-0.5041809256051263
eq4,champ_n5+lowvol+prox52+amihud,0.1736252978123789,1.0461426003444505,-0.4637093857536295
w3,champ_mid:0.50+lowmax:0.33+momcons:0.17,0.1736111362174313,1.2161538025578196,-0.32966452673375846
w3,champ_large:0.34+momcons:0.33+amihud:0.33,0.17361000254854275,0.924041743941435,-0.5021498645093397
eq5,champ_large+mom_fast+lowvol+prox52+lowmax,0.173540603419847,1.088957939928701,-0.382001222057627
w3,prox52:0.20+lowmax:0.20+momcons:0.60,0.17342266150248387,1.003703386776457,-0.44925331896016274
w2,champ_large:0.9+champ_mid,0.17339705639302272,1.0180432212555717,-0.3303887245477871
w2,champ_large:0.8+prox52,0.17338053254802666,1.0059200456631407,-0.3477829567832533
eq5,champ_n5+champ_mid+prox52+lowmax+amihud,0.17332739079168502,1.0724924300382992,-0.4429368399453383
eq5,champ_qtr+champ_mid+prox52+lowmax+amihud,0.1733048901457266,1.0747694279588471,-0.45776135134120655
eq4,champ_n20+lowvol+prox52+amihud,0.17328508255556296,1.0413914824460724,-0.4784935320052285
w2,mom_only:0.3+lowvol,0.17319347088640402,1.193455120919924,-0.2657795862823358
w3,champ_mid:0.34+lowvol:0.33+amihud:0.33,0.17317636743611997,1.077038200389375,-0.3961601364377454
w3,champ_large:0.50+champ_mid:0.33+lowmax:0.17,0.17312487265205356,1.170935495886274,-0.3222118164138006
eq5,champ_n5+champ_large+lowvol+prox52+amihud,0.1731014742812791,1.0726430891409107,-0.42135948779791155
eq5,champ_qtr+champ_large+lowvol+prox52+amihud,0.17306800371624886,1.0744941912117303,-0.4390467168719959
w3,prox52:0.34+lowmax:0.20+momcons:0.46,0.1730640399520944,1.0056013941679287,-0.4767390663817602
eq5,champ+champ_mid+lowvol+lowmax+momcons,0.17306166172568438,1.272633608156363,-0.31322486934263516
w3,champ:0.34+lowvol:0.20+amihud:0.46,0.17300431624689794,0.9552545342578594,-0.49651490647338137
eq5,champ_n20+champ_mid+prox52+lowmax+amihud,0.1730011913033922,1.0665671604999762,-0.4553718268702255
w3,champ_n20:0.20+champ_qtr:0.33+lowvol:0.47,0.1729966760119357,1.3438053386753692,-0.27811304523348657
w3,champ:0.20+momcons:0.20+amihud:0.60,0.1729872682051059,0.8193375355341912,-0.6077657761919775
eq5,champ+champ_qtr+lowmax+momcons+amihud,0.17298682568992074,1.0793310316623101,-0.42385370341243445
w3,champ_n5:0.20+champ_n20:0.33+lowvol:0.47,0.17295622742558492,1.3377203654354133,-0.2675765431670186
w3,champ_large:0.34+champ_mid:0.20+amihud:0.46,0.1729517467951034,0.9110508394112866,-0.5051570432800556
w3,champ_mid:0.20+lowvol:0.50+momcons:0.30,0.1729332772615555,1.280801742423618,-0.2949627783103759
eq5,champ+champ_n5+lowmax+momcons+amihud,0.17292996432380603,1.0741848146209294,-0.40642020173542104
w3,champ_n5:0.20+champ_qtr:0.33+lowvol:0.47,0.17287694346627736,1.3233773991075417,-0.2696645200295683
eq4,champ_n20+champ_qtr+lowmax+momcons,0.17283709634377442,1.1719487590114166,-0.345544228206372
eq5,champ_n20+champ_large+lowvol+prox52+amihud,0.17282493420920209,1.0684065869855575,-0.43380175731537496
w3,champ_large:0.34+champ_tail:0.50+lowmax:0.16,0.1727911085770335,1.2117607884531723,-0.32623213501152004
eq4,champ_n5+champ_qtr+lowmax+momcons,0.17278058139332964,1.1599494483752248,-0.33499958507787286
eq5,champ+champ_n20+lowmax+momcons+amihud,0.1727765666563792,1.0742986395978842,-0.41851015528822333
eq4,champ_n5+champ_n20+lowmax+momcons,0.17276643168289874,1.1633732064171731,-0.33272096094451087
w2,lowvol:0.4+momcons,0.1727173969198268,1.1068873219202378,-0.33120357135455536
eq4,champ_tail+lowvol+prox52+amihud,0.1726593275867523,1.0447589578402994,-0.4788904662407051
eq5,champ_large+champ_tail+lowvol+prox52+amihud,0.17262903318371903,1.0826492790696065,-0.43565250377518583
w3,champ_large:0.20+champ_tail:0.33+amihud:0.47,0.172618078960054,0.9102871910527479,-0.5277589200755404
w2,lowmax:0.2+momcons,0.17259931910390924,0.9660989482648651,-0.41188367170869455
w3,champ_mid:0.20+prox52:0.20+amihud:0.60,0.17255660005785112,0.8086410761256817,-0.6346322281536492
eq4,champ_qtr+champ_tail+lowmax+momcons,0.1725525572074058,1.1956326404712947,-0.34403528460476485
eq4,champ_n5+champ_tail+lowmax+momcons,0.1725415371423693,1.1893612872859711,-0.3310402715557099
eq5,champ_tail+champ_mid+prox52+lowmax+amihud,0.17250215437820104,1.0697892385057652,-0.4557002046997519
eq5,champ+champ_tail+lowmax+momcons+amihud,0.1724918521323875,1.0855247837742386,-0.4204429747713161
w2,momcons:0.5+amihud,0.1724751759239822,0.8165671133214134,-0.6047904909413845
eq2,momcons+amihud,0.1724751759239822,0.8165671133214134,-0.6047904909413845
w3,champ_n5:0.20+champ_tail:0.33+lowvol:0.47,0.17245677334743093,1.3795763771204446,-0.2676963306292178
w3,champ_qtr:0.20+champ_tail:0.33+lowvol:0.47,0.17243176509140334,1.3850065158735516,-0.27846663405122807
w3,champ_large:0.34+mom_only:0.20+lowvol:0.46,0.17242387404576465,1.1806314190514862,-0.28730181598405735
eq5,champ_n5+mom_fast+lowvol+lowmax+amihud,0.17236787218198257,1.036127030107723,-0.41217704584751524
eq5,champ_qtr+mom_fast+lowvol+lowmax+amihud,0.17236567455300178,1.0387772259187529,-0.43011345721078476
eq5,champ_large+mom_only+lowmax+momcons+amihud,0.17233712329914685,0.9628927850715758,-0.4667331807737345
w3,mom_only:0.20+prox52:0.50+lowmax:0.30,0.17232753769003617,0.9660165685541746,-0.516615870441978
w3,champ_large:0.20+champ_mid:0.33+lowvol:0.47,0.17231585065645572,1.3440581292636762,-0.27247577030725567
w3,champ_large:0.20+mom_fast:0.20+lowvol:0.60,0.17231407326051995,1.208859811290685,-0.27800438407618644
eq3,champ_mid+lowvol+amihud,0.17231371240422044,1.07058862089961,-0.3987682393909229
eq4,champ_n20+champ_tail+lowmax+momcons,0.1722741116682176,1.1861110853390318,-0.34375202285450723
w3,champ_n20:0.20+champ_tail:0.33+lowvol:0.47,0.17223461194559464,1.3749779129254247,-0.27881333453229806
eq4,champ_large+champ_mid+lowvol+amihud,0.1722180237064268,1.1100853662108994,-0.3583705426809428
w2,champ:0.1+champ_large,0.17219172926398896,0.9982696560562969,-0.331100305116534
eq5,champ+champ_mid+lowvol+prox52+lowmax,0.17216278317783162,1.2577463607032597,-0.3226665960102276
w3,champ:0.34+champ_large:0.50+lowmax:0.16,0.1721261787625603,1.1200886137085682,-0.32427112950466597
eq5,champ_n20+mom_fast+lowvol+lowmax+amihud,0.17201408913215,1.0298521971847014,-0.42513122815627313
w3,champ_qtr:0.50+champ_mid:0.20+lowmax:0.30,0.17194243595028236,1.2307939670929153,-0.32734328551310976
eq5,champ+champ_qtr+prox52+lowmax+amihud,0.17193479669372458,1.0641831894440077,-0.4653260916958806
eq5,champ+champ_n5+prox52+lowmax+amihud,0.171902865865865,1.0601069300552244,-0.45053872676297535
eq5,champ_n5+champ_large+champ_tail+lowmax+momcons,0.1718969302386606,1.1779169560426996,-0.33123069859360743
w3,champ_n5:0.20+champ_large:0.50+amihud:0.30,0.17186330988132914,0.9729041362080384,-0.4281090787318784
eq5,champ_qtr+champ_large+champ_tail+lowmax+momcons,0.17186055758571683,1.1805484822661678,-0.34157020160434126
eq5,champ_n5+champ_qtr+champ_large+lowmax+momcons,0.17186015427731083,1.1444209348903294,-0.333639228929108
eq5,champ_n20+champ_qtr+champ_large+lowmax+momcons,0.17183753581788808,1.1505895173368494,-0.34312892912980664
eq5,champ_n5+champ_n20+champ_large+lowmax+momcons,0.1718356112248529,1.146506373731395,-0.3328299488263826
w3,champ_n20:0.50+champ_large:0.33+lowmax:0.17,0.1718160991721256,1.1513558855298278,-0.3275203235562909
eq4,mom_only+lowmax+momcons+amihud,0.1718133436977911,0.9079369423789079,-0.5165060918718403
w3,champ_qtr:0.50+champ_large:0.33+lowmax:0.17,0.1718093228068105,1.1428723984415863,-0.3308195550964306
w3,champ_qtr:0.20+champ_large:0.50+amihud:0.30,0.17180026734865228,0.9733899457245694,-0.4450398572320743
w3,champ_n20:0.50+champ_mid:0.20+lowmax:0.30,0.1717840220082858,1.2320942519263867,-0.3219668060148223
w3,champ_n5:0.20+champ_qtr:0.20+amihud:0.60,0.17176797252610632,0.8393761288454248,-0.5848816252309794
eq4,champ_n20+champ_qtr+prox52+lowmax,0.17173360550945982,1.157820337245036,-0.3818159052142621
eq4,champ_n5+champ_qtr+prox52+lowmax,0.1717309506904805,1.1486049993959757,-0.36489414768625483
w3,champ_large:0.50+champ_tail:0.20+amihud:0.30,0.1717302564897163,0.9885989681335652,-0.4389092707423182
eq5,champ+champ_n20+prox52+lowmax+amihud,0.17171553619080782,1.0589990748908362,-0.4626618951286213
w3,prox52:0.50+lowmax:0.20+momcons:0.30,0.1717128031366486,0.9818212779554196,-0.509851231269143
eq4,champ_n5+champ_n20+prox52+lowmax,0.17170224028727898,1.1513006586265793,-0.35845852821270496
eq5,champ_n20+champ_large+champ_tail+lowmax+momcons,0.17166701638958948,1.174606158670004,-0.3407942871119234
w2,champ_qtr:0.4+amihud,0.171656059778442,0.8388245401790652,-0.5960249764524128
w3,champ_n20:0.20+champ_large:0.50+amihud:0.30,0.17157130466056025,0.9693159462886618,-0.4397818153266395
eq5,champ_mid+mom_only+lowvol+lowmax+amihud,0.17155364460079214,1.060183960152121,-0.4026117421726382
w3,champ:0.20+lowvol:0.50+momcons:0.30,0.17153360753148905,1.2639203610446763,-0.2947372968016778
w2,champ_n5:0.4+amihud,0.1714772968138547,0.8338619184663786,-0.5737520648542346
eq5,champ_tail+mom_fast+lowvol+lowmax+amihud,0.17146816696627853,1.0309978024853055,-0.4271715882320134
w3,champ_qtr:0.20+mom_fast:0.33+lowmax:0.47,0.1714474694859962,1.0191941545977263,-0.38747167486995115
w3,champ_n5:0.20+mom_fast:0.33+lowmax:0.47,0.17144490895108322,1.016531545586475,-0.36813300817239525
w3,champ_n5:0.20+champ_n20:0.20+amihud:0.60,0.1714399158334683,0.8353612264082425,-0.5830553313219133
w3,champ:0.20+prox52:0.20+amihud:0.60,0.17143972649551187,0.8057849698181323,-0.6392948258779682
w3,champ_n5:0.50+champ_mid:0.20+lowmax:0.30,0.1714228769668935,1.1910301483213273,-0.30061391910171265
eq4,champ_n5+champ_tail+prox52+lowmax,0.17141380936923611,1.1735332531204217,-0.35981200434053284
w3,champ_n20:0.20+champ_qtr:0.20+amihud:0.60,0.1714016632585269,0.8359289775497111,-0.5941979617448776
eq5,champ+champ_tail+prox52+lowmax+amihud,0.17139035428379956,1.0682878880765707,-0.46282831697408167
eq4,champ_qtr+champ_tail+prox52+lowmax,0.1713855059165439,1.1776269386303733,-0.3842756754493494
w3,champ_large:0.34+prox52:0.33+amihud:0.33,0.17137971147659514,0.8982138294308625,-0.5592294113805343
w3,champ_n5:0.50+champ_large:0.33+lowmax:0.17,0.17137128865113205,1.1150326981177274,-0.3041212161333817
eq3,champ_large+prox52+amihud,0.17136240288714433,0.8960078187644573,-0.5618935090161221
eq5,champ_large+mom_only+prox52+lowmax+amihud,0.1713464772446356,0.9532748879849502,-0.5065798480432746
w3,lowvol:0.20+momcons:0.50+amihud:0.30,0.17134513754794667,0.9400768553874589,-0.4949863900399214
w3,champ_large:0.20+lowvol:0.33+momcons:0.47,0.17131571566741255,1.1213953001171006,-0.32978014315607274
w3,champ_mid:0.20+lowvol:0.50+prox52:0.30,0.17125956472160353,1.238843369899918,-0.30405946984981624
w3,champ:0.34+lowvol:0.33+amihud:0.33,0.17112010586184767,1.0686768592038307,-0.4110154383182286
w3,champ_n20:0.20+mom_fast:0.33+lowmax:0.47,0.1711099335228352,1.0111100337877719,-0.395117247672651
eq4,champ_n20+champ_tail+prox52+lowmax,0.17109316988738055,1.1677420538496102,-0.3776254424328159
eq5,champ_n5+champ_qtr+champ_large+prox52+lowmax,0.17108978376509643,1.1385227645934255,-0.3447762490425452
eq5,champ_n5+champ_large+champ_tail+prox52+lowmax,0.1710760913455287,1.1693079364325774,-0.3371291450352004
w3,champ:0.34+champ_large:0.20+lowvol:0.46,0.17106567859786015,1.2983608379970701,-0.2728740423334801
eq5,champ_n5+champ_n20+champ_large+prox52+lowmax,0.17105598237060748,1.1401821122705618,-0.34228663306317086
eq5,champ_n20+champ_qtr+champ_large+prox52+lowmax,0.17103271803089282,1.1430765281893065,-0.36034068171118727
w3,champ_n5:0.20+champ_tail:0.20+amihud:0.60,0.1710262349579874,0.8368547564587953,-0.5832304928736374
eq5,champ_qtr+champ_large+champ_tail+prox52+lowmax,0.17101451254701616,1.170654277583336,-0.3574122537932839
w3,champ:0.20+champ_large:0.33+amihud:0.47,0.17098116580553713,0.8927588695007463,-0.5193214629089886
w2,champ_mid:0.4+lowvol,0.17095943416076498,1.3825422409132837,-0.2573943064978407
w3,champ_qtr:0.20+champ_tail:0.20+amihud:0.60,0.1709497894448777,0.8368579458194749,-0.5944207550556888
w2,champ_n20:0.4+amihud,0.17089686394739156,0.8293420311370372,-0.5925280046942822
w3,mom_only:0.34+lowmax:0.20+amihud:0.46,0.17086051299952087,0.8046212119145476,-0.5990153969114109
eq5,champ_n20+champ_large+champ_tail+prox52+lowmax,0.17081204224381752,1.164374524175767,-0.3575998915040336
w3,mom_fast:0.20+lowvol:0.33+amihud:0.47,0.1707683181199806,0.8559488504636744,-0.5465581407079998
w3,champ_mid:0.50+lowvol:0.33+lowmax:0.17,0.17076681587618525,1.3375237235488526,-0.28349649282185074
w3,champ_tail:0.20+mom_fast:0.33+lowmax:0.47,0.17056251934315392,1.0120503672710204,-0.3850250890658564
eq5,champ+champ_large+champ_mid+lowmax+amihud,0.17053658787216985,1.1043698662274908,-0.36696425612449257
eq4,champ+champ_mid+lowmax+amihud,0.17051824757641132,1.0850836766428877,-0.39758826516776624
eq5,champ_n5+champ_n20+champ_qtr+lowmax+amihud,0.17047822432543702,1.1031677353737088,-0.3866753193410273
w3,champ_n20:0.20+champ_tail:0.20+amihud:0.60,0.1704536181034444,0.8303258957525212,-0.5928058642462906
eq5,champ_mid+prox52+lowmax+momcons+amihud,0.17044848244620336,1.0142372631570336,-0.4836652671374101
eq4,mom_only+prox52+lowmax+amihud,0.17042024365153785,0.89463345479992,-0.564644809851268
eq4,champ_large+mom_fast+lowmax+amihud,0.17037355739369953,0.9168432799040235,-0.48610096918952306
w3,champ:0.20+champ_n20:0.50+lowmax:0.30,0.17037302722295067,1.2156922533841887,-0.3220499132159036
eq5,champ+mom_only+lowvol+lowmax+amihud,0.17034860969735743,1.0553608073364087,-0.41129404084578536
w3,champ:0.20+champ_qtr:0.50+lowmax:0.30,0.17032118523969797,1.2030618165188967,-0.3287251452949683
eq5,champ_large+lowvol+prox52+momcons+amihud,0.17031375945042027,1.0169482450139624,-0.46488854275937475
eq3,champ+lowvol+amihud,0.17030083291171505,1.0624421192543978,-0.4131748819412463
eq5,champ_n5+champ_qtr+champ_tail+lowmax+amihud,0.17029916035200787,1.1205292915528098,-0.38840663050324553
eq4,champ+champ_large+lowvol+amihud,0.17029432245262055,1.087607680009949,-0.3762460786074673
w3,mom_fast:0.20+lowvol:0.20+amihud:0.60,0.1702903951248138,0.7794337129515918,-0.6148746092967148
w3,champ:0.50+lowmax:0.33+momcons:0.17,0.1702814962025605,1.1875925303180452,-0.33231893149313574
w3,champ_large:0.20+champ_mid:0.50+lowmax:0.30,0.17027761315616274,1.224759547704432,-0.3175204713042036
w3,champ_qtr:0.34+champ_mid:0.33+lowmax:0.33,0.1702464489230342,1.2368253937997689,-0.32347749537046033
eq4,champ_qtr+mom_only+lowvol+lowmax,0.1702350089985023,1.1639567675957263,-0.32012339026489967
w3,champ_tail:0.50+champ_mid:0.20+lowmax:0.30,0.17021569888215038,1.2309129546729698,-0.3222776693722619
eq4,champ_n5+mom_only+lowvol+lowmax,0.1702111602938121,1.1575508112160608,-0.3005697924968458
w3,champ_large:0.50+lowvol:0.20+momcons:0.30,0.17020938923261686,1.0872523551049582,-0.33227219130847163
w2,champ_large:0.9+champ_tail,0.17015770235868843,1.0072129356560378,-0.3318187745229304
eq5,champ_n5+champ_n20+champ_tail+lowmax+amihud,0.17012351185496022,1.1161165221914973,-0.383140417109036
eq5,champ_n5+champ_qtr+champ_mid+lowvol+lowmax,0.17011394511126854,1.290348148891078,-0.2943336116732004
eq5,champ_n5+champ_large+mom_only+lowvol+lowmax,0.17010699717937827,1.1561645074501934,-0.30561604931092723
eq5,champ_n20+champ_qtr+champ_mid+lowvol+lowmax,0.17010387751243017,1.3007796061484955,-0.3023113791842831
eq5,champ_n20+champ_qtr+champ_tail+lowmax+amihud,0.17008357023776455,1.1181423314389243,-0.4015742115670514
eq5,champ_n5+champ_n20+champ_mid+lowvol+lowmax,0.17007962836646962,1.2929291380119003,-0.29155280917342274
eq5,champ_qtr+champ_large+mom_only+lowvol+lowmax,0.17007899486065492,1.1590185351903513,-0.31640799520489016
w3,champ_n5:0.34+champ_mid:0.33+lowmax:0.33,0.17006950083315897,1.2179963553939825,-0.3052917094224351
w3,champ_n20:0.34+champ_mid:0.33+lowmax:0.33,0.1700222522125725,1.2309337916847025,-0.3196547902816653
w3,mom_fast:0.34+prox52:0.20+lowmax:0.46,0.16994285095604278,0.9466821781018622,-0.460860567927717
eq4,champ_n20+mom_only+lowvol+lowmax,0.16993764477981266,1.1540410015934643,-0.32432012294822854
w3,champ:0.20+lowvol:0.50+prox52:0.30,0.16992858264156196,1.2267219071312818,-0.31958987951564644
eq5,champ_n20+champ_large+mom_only+lowvol+lowmax,0.16987331897120828,1.1527000565384913,-0.3139052201887317
w2,champ_n5:0.1+champ_large,0.1698368257652716,0.9874145200571215,-0.32779198832149337
eq4,lowvol+prox52+momcons+amihud,0.16983320824304737,0.974569700057386,-0.5127547758704335
w3,champ:0.20+champ_mid:0.20+lowvol:0.60,0.16982602250897205,1.3840841612466623,-0.25712086400353196
w3,mom_only:0.20+lowmax:0.33+momcons:0.47,0.1698186664164938,0.9856414274462799,-0.40792008459617646
eq5,champ_n5+champ_tail+champ_mid+lowvol+lowmax,0.1698098645234387,1.3179399504726177,-0.2916168873653826
eq5,champ_qtr+champ_tail+champ_mid+lowvol+lowmax,0.1697960243794352,1.3235810830953716,-0.3020688960382736
w2,champ_qtr:0.1+champ_large,0.16976725301928242,0.9866103897202606,-0.3330355104156284
w2,champ_n20:0.1+champ_large,0.1697389026725189,0.9868260169316344,-0.3326348904878649
eq5,champ_large+champ_tail+mom_only+lowvol+lowmax,0.16972312047108273,1.1749171141740506,-0.31331490500947257
eq3,champ_qtr+champ_mid+lowmax,0.1697000258809156,1.234294008548147,-0.32335806501282416
w3,champ:0.20+champ_n5:0.50+lowmax:0.30,0.1696661855061561,1.159029074885886,-0.3020790694166622
eq5,champ_n20+champ_tail+champ_mid+lowvol+lowmax,0.1695930394869678,1.314166143888947,-0.30239111754124315
w3,mom_fast:0.34+lowmax:0.33+amihud:0.33,0.1695599309574578,0.8329398588448701,-0.5553496594436691
eq3,champ_n5+champ_mid+lowmax,0.16953392185923644,1.2162390703609638,-0.30552985224897966
w2,champ_qtr:0.5+lowvol,0.16953349631882486,1.3162833886686498,-0.277311461950295
eq2,champ_qtr+lowvol,0.16953349631882486,1.3162833886686498,-0.277311461950295
eq2,champ_n20+lowvol,0.1695012309257331,1.3273448867017923,-0.27566612722418504
w2,champ_n20:0.5+lowvol,0.1695012309257331,1.3273448867017923,-0.27566612722418504
eq4,champ_qtr+champ_large+champ_mid+lowmax,0.16949951193107227,1.2006296941434391,-0.32390337894976473
w2,champ_tail:0.4+amihud,0.16949070390284282,0.8236010681117547,-0.5937249925631158
eq3,champ_n20+champ_mid+lowmax,0.16947574772796226,1.228251869653138,-0.3196114464048494
eq4,champ_n5+champ_large+champ_mid+lowmax,0.16947365943487358,1.193343492246035,-0.3105389830838242
w3,champ_large:0.50+champ_mid:0.20+lowvol:0.30,0.16945056407365966,1.1991001079394557,-0.2928739418822991
w3,champ_qtr:0.34+champ_large:0.33+lowvol:0.33,0.16940729018895873,1.2116967028265238,-0.29417486527678915
eq4,champ_tail+mom_only+lowvol+lowmax,0.16938326097542356,1.163887752879622,-0.31384976027584344
w3,champ_n20:0.34+champ_large:0.33+lowvol:0.33,0.16935170643316844,1.2155518451505416,-0.29342109989702503
eq4,champ_n20+champ_large+champ_mid+lowmax,0.16934937152018192,1.1974614156100187,-0.32191821448821967
w3,champ_mid:0.34+mom_fast:0.20+lowmax:0.46,0.16931867751130603,1.1095332348244902,-0.33847530770057943
w3,mom_fast:0.20+lowvol:0.50+amihud:0.30,0.16931752800441457,0.9758469924946784,-0.4405979770497379
w2,champ_mid:0.3+amihud,0.16931518321368055,0.7791724089494694,-0.619362834965069
w3,champ_n5:0.34+champ_large:0.33+lowvol:0.33,0.16926070808774085,1.1957335238467084,-0.2752325554645819
w3,champ:0.20+champ_tail:0.50+lowmax:0.30,0.1692398242970754,1.239379024252759,-0.32198786475159
eq5,champ+prox52+lowmax+momcons+amihud,0.16916344603134736,1.0070035199652505,-0.49125306667376845
eq4,champ_large+champ_tail+champ_mid+lowmax,0.16915525200970438,1.2296717177885763,-0.32151193673167955
w3,champ_tail:0.34+champ_mid:0.33+lowmax:0.33,0.16908566081304532,1.2377610407505115,-0.31984783994924115
eq5,mom_fast+lowvol+lowmax+momcons+amihud,0.16907492235934662,0.9718604743600445,-0.4570506527015259
w3,champ_large:0.50+momcons:0.20+amihud:0.30,0.16903408226230954,0.929864132314348,-0.47115023405411194
eq2,champ_n5+lowvol,0.16895910000811165,1.2624171301924296,-0.24883763456981844
w2,champ_n5:0.5+lowvol,0.16895910000811165,1.2624171301924296,-0.24883763456981844
eq5,champ_n5+champ_large+prox52+lowmax+momcons,0.16893418187416742,1.0913543010604922,-0.37341738337695096
eq5,champ_qtr+champ_large+prox52+lowmax+momcons,0.16891583536610089,1.094098715662371,-0.3918744289121232
w2,champ_large:0.9+momcons,0.16889731884080716,0.9762098414285599,-0.34062153170800247
eq4,champ_qtr+prox52+lowmax+momcons,0.16889651404771744,1.0880802695288563,-0.4234894078496443
eq3,champ_qtr+champ_large+lowvol,0.16885838378654605,1.2092396685495261,-0.29374794404971394
eq4,champ_n5+prox52+lowmax+momcons,0.16885746794449186,1.082327589313801,-0.40078788178129743
eq3,champ_n20+champ_large+lowvol,0.16880100852930813,1.2128539935014357,-0.29310592528183643
w3,champ_large:0.50+lowvol:0.20+prox52:0.30,0.1687832591991072,1.068838272339087,-0.3634635246958656
w3,champ_mid:0.34+lowvol:0.50+amihud:0.16,0.16874590955720836,1.2401174110370101,-0.29134009048170495
eq5,champ_n20+champ_large+prox52+lowmax+momcons,0.16873490945721548,1.089720728755604,-0.3871188630227298
eq3,champ_large+champ_tail+lowvol,0.1687271972189408,1.2709367404318124,-0.29323232462441196
eq3,champ_n5+champ_large+lowvol,0.16872234792771756,1.1939916445727097,-0.2751699929108431
w3,champ_large:0.34+champ_tail:0.33+lowvol:0.33,0.16871793336702257,1.268261927601712,-0.2935764801103349
eq4,champ_n20+prox52+lowmax+momcons,0.1686378754847393,1.0814151081236678,-0.41687574406423444
eq5,champ_large+champ_tail+prox52+lowmax+momcons,0.16862628019655213,1.1096363532661675,-0.38670517419106076
eq5,champ+champ_n20+champ_qtr+lowvol+lowmax,0.16862338348917993,1.2772618273358463,-0.3037418713410641
w3,lowvol:0.34+momcons:0.50+amihud:0.16,0.16861829053770339,1.0342477521147297,-0.4058201311655977
w2,champ_large:0.9+prox52,0.16858790483099062,0.975902061784603,-0.3358154462089291
eq3,champ_tail+champ_mid+lowmax,0.16856244879109994,1.235194220322239,-0.31979973736884093
eq5,champ+champ_n5+champ_n20+lowvol+lowmax,0.1685448831826455,1.2662988952119076,-0.2928243711239408
eq5,champ+champ_n5+champ_qtr+lowvol+lowmax,0.16849526681271865,1.2585134504657125,-0.295793981781451
w2,lowvol:0.4+prox52,0.1684947014678715,1.0233526663499355,-0.4556823470774324
eq5,champ+champ_qtr+champ_tail+lowvol+lowmax,0.16848910062794942,1.3113119907092705,-0.303390142951934
w3,champ_large:0.20+lowvol:0.33+prox52:0.47,0.16845787750531716,1.067182622965155,-0.41131534423119653
eq5,champ+champ_n5+champ_tail+lowvol+lowmax,0.16844874975667157,1.3019844600581043,-0.29244733702187786
eq5,champ+champ_n20+champ_tail+lowvol+lowmax,0.16837019496632433,1.3080093272480058,-0.3021319724618656
w2,champ:0.4+lowvol,0.16831271059854314,1.3540716502133694,-0.25689290341970816
w3,champ_qtr:0.34+lowvol:0.50+momcons:0.16,0.1682934425769851,1.2889981130838761,-0.2876134457767491
w3,champ_n5:0.20+momcons:0.20+amihud:0.60,0.16824162128573983,0.8016093153112999,-0.6057969597390116
eq5,champ_qtr+champ_mid+lowvol+lowmax+momcons,0.1682284806020491,1.2431738268476855,-0.31741361021625536
w3,champ_qtr:0.20+momcons:0.20+amihud:0.60,0.16820766624255667,0.8021645516519825,-0.6164037477982554
eq5,champ_n5+champ_mid+lowvol+lowmax+momcons,0.16819934123253888,1.235955733382565,-0.3068073205636669
eq4,champ_tail+prox52+lowmax+momcons,0.16814928559297893,1.0914149858083122,-0.41924638029092365
w3,champ_n20:0.34+lowvol:0.50+momcons:0.16,0.16814151299648716,1.2870371352422565,-0.2881476154671154
eq5,champ_n5+champ_qtr+lowmax+momcons+amihud,0.16812568459717525,1.0504466080247041,-0.4199249980518044
w3,champ_n5:0.34+lowvol:0.50+momcons:0.16,0.16806967099810177,1.264036439790748,-0.2695080538111636
eq2,champ_tail+lowvol,0.1680580288420892,1.3372120392165467,-0.2759767546387347
w2,champ_tail:0.5+lowvol,0.1680580288420892,1.3372120392165467,-0.2759767546387347
eq5,champ_n20+champ_mid+lowvol+lowmax+momcons,0.16804707100735983,1.2365372178073029,-0.31733161885409034
w3,champ_large:0.20+momcons:0.33+amihud:0.47,0.16801607744956448,0.8376727914652774,-0.568569468561924
w3,champ:0.34+champ_n20:0.33+lowmax:0.33,0.1680086312068827,1.2087825165366097,-0.3208487847805114
w2,prox52:0.5+amihud,0.16800183851021222,0.776402352805381,-0.6790881344713189
eq2,prox52+amihud,0.16800183851021222,0.776402352805381,-0.6790881344713189
w3,champ:0.34+champ_qtr:0.33+lowmax:0.33,0.1679978139552536,1.2016243108995397,-0.3255553562037682
eq5,champ_n20+champ_qtr+lowmax+momcons+amihud,0.16797444633500724,1.050610645384523,-0.432350317164487
eq5,champ_n5+champ_n20+lowmax+momcons+amihud,0.16797156223804421,1.0474767673205427,-0.41473663091545143
w3,champ_large:0.34+mom_only:0.33+lowmax:0.33,0.16797122087441574,1.0030909758583835,-0.37660146030973873
eq3,champ_large+mom_only+lowmax,0.1679528744335037,1.001881873521085,-0.37808435229393367
eq3,mom_fast+lowmax+amihud,0.16792906877199232,0.8282780008016102,-0.5561817242833862
w3,champ_large:0.50+prox52:0.20+amihud:0.30,0.16789018124036148,0.917310803913353,-0.5057513529560121
w3,champ_n20:0.20+momcons:0.20+amihud:0.60,0.1677333530625118,0.7966399950154004,-0.6149354760425487
eq5,mom_fast+lowvol+prox52+lowmax+amihud,0.16770354040680346,0.9518667394692369,-0.4997029553792357
w2,champ:0.3+amihud,0.1677027643942175,0.775544345012796,-0.6265338613474081
eq5,champ_n5+champ_tail+lowmax+momcons+amihud,0.1677023525125474,1.058807279169706,-0.4166369406924779
w3,champ:0.34+champ_n5:0.33+lowmax:0.33,0.16768471609746327,1.1773516167747853,-0.3079961603016138
eq5,champ_qtr+champ_tail+lowmax+momcons+amihud,0.16766723966481312,1.0607088057576328,-0.43422580904677843
eq5,champ_tail+champ_mid+lowvol+lowmax+momcons,0.167648957386078,1.250142576916299,-0.3174182798666041
w3,champ:0.34+champ_tail:0.33+lowmax:0.33,0.1675950281595977,1.2443670338888217,-0.3203108786782034
w3,champ_qtr:0.34+lowvol:0.50+prox52:0.16,0.16756533559347964,1.2753102727468533,-0.28659408736180425
w3,champ:0.20+champ_large:0.50+lowvol:0.30,0.16752666940606975,1.1571968205185255,-0.2943420145370592
w3,champ:0.50+lowvol:0.33+lowmax:0.17,0.1675049141256304,1.3072478454161789,-0.2851507366990227
w3,champ_n20:0.34+lowvol:0.50+prox52:0.16,0.1674012240814533,1.272558189781192,-0.28478860466407174
eq5,champ_large+mom_only+lowvol+lowmax+momcons,0.1673805977275551,1.0866582081757847,-0.33028740964823355
w3,champ_tail:0.34+lowvol:0.50+momcons:0.16,0.16737998788032793,1.308330234771401,-0.28831544740067483
w3,champ_n5:0.34+lowvol:0.50+prox52:0.16,0.16737588317248897,1.2531855067534234,-0.26752999236410635
eq4,champ+champ_large+champ_tail+lowmax,0.16735628362383093,1.20653699631612,-0.321660495415961
eq5,champ_n20+champ_tail+lowmax+momcons+amihud,0.16734493340183842,1.0516077452714772,-0.42997099906709724
w3,lowvol:0.20+prox52:0.50+amihud:0.30,0.16734428844974314,0.8859626468130217,-0.5885387882936532
eq5,champ_qtr+champ_mid+lowvol+prox52+lowmax,0.16732246931189598,1.2278512850408259,-0.3198748345232423
eq5,champ_n5+champ_mid+lowvol+prox52+lowmax,0.16731841851743345,1.2223421830607877,-0.3056402921853828
eq4,champ+champ_qtr+champ_large+lowmax,0.16729891172223033,1.1585853250106775,-0.32565360130649257
eq4,champ+champ_n20+champ_large+lowmax,0.16727985726380212,1.1620954031537802,-0.3236604215586095
w3,champ:0.34+mom_fast:0.20+lowmax:0.46,0.16722568326918053,1.0991388132291218,-0.36316927447844494
w3,mom_only:0.34+lowvol:0.50+lowmax:0.16,0.16722186798146899,1.112112172363294,-0.3205338766138539
eq3,champ+champ_n20+lowmax,0.1672000656657049,1.2046716887745024,-0.3209156246725833
w3,champ_tail:0.20+momcons:0.20+amihud:0.60,0.16719330235214502,0.7960110685196169,-0.6155517212368969
eq3,champ+champ_qtr+lowmax,0.16719107398279864,1.1975620080022447,-0.3256690811402744
eq4,champ+champ_n5+champ_large+lowmax,0.16718809711537608,1.1479863718569265,-0.31234112676010084
eq5,champ_n20+champ_mid+lowvol+prox52+lowmax,0.16713204187127162,1.220865333642484,-0.33054137281636675
eq5,champ_n5+champ_qtr+prox52+lowmax+amihud,0.1670919450220305,1.0361845007163863,-0.46257337914075025
eq5,champ_n5+champ_n20+prox52+lowmax+amihud,0.16692873299641264,1.0329962521343448,-0.46004348554876173
eq5,champ_n20+champ_qtr+prox52+lowmax+amihud,0.16690688048039637,1.035147271673088,-0.4744198404178288
eq3,champ+champ_n5+lowmax,0.1668746919947306,1.1730749010881305,-0.307932668484707
w2,mom_fast:0.2+amihud,0.16687101979784957,0.6855463154001045,-0.7017855309180536
eq4,champ_large+champ_mid+lowmax+momcons,0.16685883832567217,1.1340223485496939,-0.34204859805097876
w3,champ_mid:0.34+lowmax:0.33+momcons:0.33,0.16678789025779306,1.1328248526449505,-0.34454182862364346
eq3,champ+champ_tail+lowmax,0.1667689391383076,1.2397227119811116,-0.32037367369791814
eq5,champ+champ_qtr+lowvol+lowmax+momcons,0.16674806868046965,1.2215797902888796,-0.3188189658494315
w3,champ_n5:0.20+prox52:0.20+amihud:0.60,0.1667135267504034,0.7884737913269907,-0.6374881473466216
eq5,champ_tail+champ_mid+lowvol+prox52+lowmax,0.16669387491181364,1.231514265047491,-0.3173651571811654
w3,champ_qtr:0.20+lowvol:0.50+momcons:0.30,0.1666905946206707,1.2334032222961555,-0.2986277625354278
eq5,champ+champ_n5+lowvol+lowmax+momcons,0.166664811909377,1.2116008948522432,-0.3081250272254994
w3,champ_qtr:0.20+prox52:0.20+amihud:0.60,0.16665548294630095,0.7886663013639371,-0.6472002524769311
eq5,champ+champ_n20+lowvol+lowmax+momcons,0.1666506283238185,1.2200630501342078,-0.3174378540726094
w3,champ_n5:0.20+lowvol:0.50+momcons:0.30,0.16664477616059137,1.2252916226691617,-0.28816965278193407
eq5,champ_n5+champ_tail+prox52+lowmax+amihud,0.16661927716351044,1.0424411134103646,-0.46013299253322903
w3,champ:0.34+lowvol:0.50+amihud:0.16,0.16659409050327123,1.2253871502487617,-0.2909527215341966
w3,champ_tail:0.34+lowvol:0.50+prox52:0.16,0.16658548441578125,1.289233206809272,-0.28315066077658824
eq5,champ_large+mom_only+lowvol+prox52+lowmax,0.16658114124544343,1.0798402492097945,-0.38184040461704627
eq5,champ_qtr+champ_tail+prox52+lowmax+amihud,0.16655942369907395,1.0433637676580325,-0.47482868951441104
w3,champ_n20:0.20+lowvol:0.50+momcons:0.30,0.16653451533123387,1.2282949304265518,-0.2989379102010733
eq4,mom_only+lowvol+lowmax+momcons,0.1665148354272028,1.0612022515289272,-0.35219990712236793
w2,prox52:0.8+lowmax,0.1664880950666623,0.8827681141483237,-0.5704250054205834
w3,champ_large:0.20+champ_mid:0.20+amihud:0.60,0.16645514624183821,0.8141390971184809,-0.5774470243968617
w3,champ:0.50+champ_large:0.20+lowmax:0.30,0.16644989433992352,1.1682414845018878,-0.3204748265838554
eq5,champ+champ_tail+lowvol+lowmax+momcons,0.1664258678708257,1.2438815023171106,-0.31717299083683426
w3,champ_n5:0.20+champ_large:0.33+amihud:0.47,0.16624848436969963,0.8728003866607272,-0.5159813489638564
eq5,champ_n20+champ_tail+prox52+lowmax+amihud,0.1662284018516047,1.0343120892742241,-0.4722776818675377
w3,champ_tail:0.20+lowvol:0.50+momcons:0.30,0.16619969994630535,1.2457285330530956,-0.2990149681319323
w3,champ_qtr:0.20+champ_large:0.33+amihud:0.47,0.16618650791228462,0.8731045605490699,-0.5308366544049821
w3,champ_n20:0.20+prox52:0.20+amihud:0.60,0.1661727627726477,0.783254276989991,-0.6457322512510635
w3,champ_large:0.34+champ_tail:0.20+amihud:0.46,0.16614508283334284,0.8827958789195576,-0.5231439539335164
w3,champ_mid:0.20+mom_only:0.33+lowmax:0.47,0.16589961339824089,1.0242629903684168,-0.3839032087402713
eq5,champ+champ_qtr+lowvol+prox52+lowmax,0.1658875966085549,1.2092567959835687,-0.33515764410160953
eq3,champ_mid+lowmax+momcons,0.1658859129335084,1.126937452720152,-0.3449879326500904
w3,champ_n20:0.20+champ_large:0.33+amihud:0.47,0.1658490534681476,0.8680000108841422,-0.5265411907513621
eq5,champ+champ_n5+lowvol+prox52+lowmax,0.16582946136418553,1.2009399562119327,-0.3165752183175029
eq5,champ+champ_n20+lowvol+prox52+lowmax,0.16578108529217306,1.2072449214867347,-0.3455114409218488
eq5,champ_n5+champ_large+champ_mid+lowmax+amihud,0.16575503953318793,1.0767512849120011,-0.36256889202592024
eq4,champ_large+champ_mid+prox52+lowmax,0.1657383846988414,1.1191609844366488,-0.36198845219875697
eq5,champ_qtr+champ_large+champ_mid+lowmax+amihud,0.165729539476547,1.0791642143145617,-0.38188682953815467
w3,champ_tail:0.20+prox52:0.20+amihud:0.60,0.1655933168822883,0.7820624060736407,-0.6459748503513048
w3,champ_n20:0.50+champ_qtr:0.20+lowmax:0.30,0.16558629845377326,1.1890767611322683,-0.32589074967055653
w3,champ_n5:0.20+champ_n20:0.50+lowmax:0.30,0.1655697627413235,1.183355307078997,-0.3153827976184147
w3,champ_large:0.20+lowmax:0.20+momcons:0.60,0.16556530824048488,0.9921100739376317,-0.3816970594719514
eq5,champ_n5+mom_only+lowvol+lowmax+amihud,0.16556095316841946,1.028999978949537,-0.40800651915586184
w3,champ_n20:0.20+champ_qtr:0.50+lowmax:0.30,0.16554973634034154,1.1812653053183921,-0.3300794383941662
eq5,champ_qtr+mom_only+lowvol+lowmax+amihud,0.16553410876050423,1.030994414431946,-0.42475758976952205
eq5,champ+champ_tail+lowvol+prox52+lowmax,0.1655159375346409,1.227953722983997,-0.3324848353564961
w3,champ_large:0.20+prox52:0.33+amihud:0.47,0.16548948673596064,0.8128018410472304,-0.6234209578912474
eq5,champ_n20+champ_large+champ_mid+lowmax+amihud,0.16548908478049795,1.0725080389666828,-0.376214861211152
w3,champ_qtr:0.50+champ_tail:0.20+lowmax:0.30,0.16545172741370484,1.2099966801308693,-0.32973455568720744
eq4,mom_only+lowvol+prox52+lowmax,0.1654204043003762,1.0495928869326576,-0.42119158640473553
w2,mom_only:0.5+lowmax,0.16539304316532166,0.9086087007819833,-0.4522996310840395
eq2,mom_only+lowmax,0.16539304316532166,0.9086087007819833,-0.4522996310840395
w3,champ_n5:0.20+champ_qtr:0.50+lowmax:0.30,0.1653800975812565,1.1640768818943263,-0.3223855126866443
w3,champ_large:0.34+lowvol:0.33+momcons:0.33,0.16534287675316217,1.1185230969756526,-0.3200097319273094
eq3,champ_large+lowvol+momcons,0.1653261291547734,1.119419452666411,-0.31987350462711406
w2,champ_n20:0.7+lowmax,0.16529938269515188,1.177476157091644,-0.3285736188848962
eq5,champ_large+champ_tail+champ_mid+lowmax+amihud,0.1652396498967239,1.086281428225392,-0.37834154723851166
w3,champ_n20:0.50+champ_tail:0.20+lowmax:0.30,0.16522089146093166,1.2070919420546442,-0.3258858141275759
w2,champ_qtr:0.7+lowmax,0.165214152159463,1.1600441589497577,-0.33291607718496596
eq5,champ_n20+mom_only+lowvol+lowmax+amihud,0.16519983839542096,1.0220599886663044,-0.4213120945403236
w3,champ:0.20+champ_large:0.20+amihud:0.60,0.16510578425489508,0.8077803688182652,-0.583102943654271
w3,champ_mid:0.34+prox52:0.33+lowmax:0.33,0.16509315155029758,1.1039543549399522,-0.39157300189156863
w3,champ_qtr:0.20+lowvol:0.50+prox52:0.30,0.16507581958701012,1.1959929125423474,-0.33087722609688763
w3,champ_n5:0.20+lowvol:0.50+prox52:0.30,0.16506749171104174,1.1906414379313055,-0.31118544771505696
w3,champ_large:0.20+mom_only:0.20+lowvol:0.60,0.16506227610523538,1.19223780037913,-0.27299914099894174
eq5,champ_mid+lowvol+prox52+lowmax+momcons,0.16504300623266133,1.1601254353135841,-0.34845011839113016
w3,champ_n5:0.50+champ_n20:0.20+lowmax:0.30,0.1650316308975026,1.143794407582062,-0.3034389326310678
w3,champ_n5:0.50+champ_tail:0.20+lowmax:0.30,0.16502884928887696,1.1743867652068423,-0.3030317067286027
w3,champ_qtr:0.20+champ_mid:0.20+lowvol:0.60,0.1649962162352847,1.3506527746018226,-0.261182254963677
w3,champ_n5:0.20+champ_mid:0.20+lowvol:0.60,0.16495611419279577,1.3399872310520606,-0.25022255988232245
w3,lowvol:0.34+prox52:0.50+amihud:0.16,0.16495272623972124,0.9692806299921934,-0.5119411466531235
eq4,champ_large+mom_fast+lowvol+lowmax,0.1649179383561794,1.0774002364711086,-0.32832566098000593
w3,champ_n20:0.20+lowvol:0.50+prox52:0.30,0.16490642817244838,1.1904985806808426,-0.3274622970398974
w3,champ_n5:0.50+champ_qtr:0.20+lowmax:0.30,0.16487859588707865,1.133150449226497,-0.30637470706285586
w3,champ_n20:0.20+champ_mid:0.20+lowvol:0.60,0.1648655897681235,1.3458793919915282,-0.26152170384374873
w3,champ_qtr:0.34+lowvol:0.20+amihud:0.46,0.16483001226254568,0.9190662450553563,-0.5151475381681727
eq4,champ+champ_large+lowmax+momcons,0.16479001161871687,1.1024279181476393,-0.34375740796975796
eq5,champ_tail+mom_only+lowvol+lowmax+amihud,0.16472108161822208,1.0255349915851382,-0.4219345110362678
w3,champ_n5:0.34+lowvol:0.20+amihud:0.46,0.16471042219931076,0.9132078909605545,-0.4924813181384535
w3,champ:0.20+mom_only:0.33+lowmax:0.47,0.16467596694655606,1.018595392443577,-0.39281366005109064
eq4,champ_qtr+champ_mid+lowmax+amihud,0.16452060606325247,1.0544135153009027,-0.4144219033767039
w3,champ_tail:0.20+lowvol:0.50+prox52:0.30,0.1645118889092243,1.2027984169401371,-0.32622800595245693
w3,mom_only:0.20+lowvol:0.33+amihud:0.47,0.16450210078093042,0.8500146829273932,-0.5425885040373106
eq4,champ_n5+champ_mid+lowmax+amihud,0.16449310325876154,1.0494217003132416,-0.39394023404203393
w3,champ_n5:0.20+champ_tail:0.50+lowmax:0.30,0.1644769942264539,1.2080426022281412,-0.3155924980221858
w3,champ:0.34+lowmax:0.33+momcons:0.33,0.16446673109240217,1.1116628521612466,-0.3488877471603782
w3,champ_tail:0.20+champ_mid:0.20+lowvol:0.60,0.16444039227384266,1.3631820772812657,-0.2616239769835028
w3,champ_qtr:0.20+champ_tail:0.50+lowmax:0.30,0.16439885516999309,1.2087636371620474,-0.3257653232756754
w2,champ_mid:0.6+lowmax,0.16439875546295668,1.1932063372317048,-0.3178027157585189
eq5,champ_n5+prox52+lowmax+momcons+amihud,0.16436429394072816,0.9815505763064745,-0.48841931495167934
eq5,champ_qtr+prox52+lowmax+momcons+amihud,0.16434721510994632,0.9835350951044664,-0.5024094585866326
w3,mom_fast:0.34+lowvol:0.33+lowmax:0.33,0.16431175096134742,1.0303677203749475,-0.347530523004862
w3,mom_only:0.20+lowvol:0.20+amihud:0.60,0.1642922275510903,0.7726722637355046,-0.6114495762611911
w3,champ_n20:0.34+lowvol:0.20+amihud:0.46,0.16429009015189955,0.9093032699527471,-0.5114655485548887
eq4,champ_qtr+champ_large+lowvol+amihud,0.1642686222685481,1.0556964286158708,-0.3940209861039051
eq4,champ_n5+champ_large+lowvol+amihud,0.16425794856649034,1.0513648392995143,-0.3709570586805385
w3,champ_large:0.34+prox52:0.50+lowmax:0.16,0.16417955230536863,0.9730413862102132,-0.465261270400932
eq3,champ_mid+prox52+lowmax,0.16417007368015568,1.0976999816498187,-0.39361272407720627
eq4,champ_n20+champ_mid+lowmax+amihud,0.16416918032935235,1.0447040569893875,-0.41076393598464656
w3,champ_n20:0.20+champ_tail:0.50+lowmax:0.30,0.16413179214061802,1.1974998063331597,-0.32608864269015014
eq5,champ+champ_qtr+champ_large+lowmax+amihud,0.16413050701509357,1.0586704529144786,-0.39625108594749925
eq5,champ+champ_n5+champ_large+lowmax+amihud,0.16410177204681253,1.054387732385498,-0.3779548797230553
w2,champ_n5:0.7+lowmax,0.1640443637739648,1.0922137612953955,-0.2955570576688914
eq5,champ_n20+prox52+lowmax+momcons+amihud,0.16403773255317633,0.9764743128652532,-0.49985933458091103
eq4,champ_n20+champ_large+lowvol+amihud,0.1640110566126003,1.0493963231544277,-0.3868475739390239
eq5,champ+champ_n20+champ_large+lowmax+amihud,0.16397384077120347,1.0554184492098693,-0.39055254320054567
eq5,champ+champ_large+champ_mid+lowvol+lowmax,0.16389947702682894,1.2451555381333186,-0.29887826295686626
eq5,champ+champ_large+champ_tail+lowmax+amihud,0.16389709537659658,1.0754601171550702,-0.38974038795835875
w3,mom_fast:0.34+lowmax:0.50+momcons:0.16,0.1638880817342947,0.9369305505486112,-0.4155205459780852
w3,champ_qtr:0.34+champ_large:0.50+lowmax:0.16,0.16387092764428202,1.0735343963025281,-0.3308303207879687
w3,champ_n20:0.34+champ_large:0.50+lowmax:0.16,0.16381928645626065,1.0763705828605834,-0.32946123283393847
w2,momcons:0.4+amihud,0.1637813221179678,0.7576566315966022,-0.6369118529982585
w3,champ_n5:0.34+champ_large:0.50+lowmax:0.16,0.16378023728270508,1.0643215331339573,-0.31289160020069273
eq4,champ_large+champ_tail+lowvol+amihud,0.16377419378351665,1.068505762662566,-0.38742378641068864
eq5,champ_n5+champ_n20+champ_qtr+lowvol+lowmax,0.1637504438720958,1.2374830881687244,-0.2971791672026103
eq4,champ+champ_large+prox52+lowmax,0.16374103679054297,1.0912024699225984,-0.3799786691158591
eq5,champ+lowvol+prox52+lowmax+momcons,0.163692288156432,1.1474683385939586,-0.3629945644075845
w3,champ_large:0.34+lowvol:0.33+prox52:0.33,0.16363408690991732,1.089488018991933,-0.3613586807435647
eq5,champ_n5+champ_qtr+champ_tail+lowvol+lowmax,0.1636311352943136,1.2708304607391787,-0.2968049448450848
eq3,champ+lowmax+momcons,0.16361085724277102,1.106198825715787,-0.3498488955870196
eq5,champ_tail+prox52+lowmax+momcons+amihud,0.1636012617256346,0.9803860688573743,-0.50021479341366
eq3,champ_large+lowvol+prox52,0.16359098629725577,1.0896474361591237,-0.3622559918188164
eq5,champ_n5+champ_n20+champ_tail+lowvol+lowmax,0.16356775535115453,1.271446885130344,-0.29559404777197784
eq2,lowvol+momcons,0.16356650853849009,1.1228659972648707,-0.31414201488276416
w2,lowvol:0.5+momcons,0.16356650853849009,1.1228659972648707,-0.31414201488276416
eq5,champ_n20+champ_qtr+champ_tail+lowvol+lowmax,0.16355440278170286,1.2768436340895069,-0.305996838231137
w3,champ:0.20+champ_qtr:0.20+lowvol:0.60,0.16354686180674638,1.3256341888292438,-0.2609429931294599
w3,champ:0.20+champ_n20:0.20+lowvol:0.60,0.16349985029970915,1.327684765657931,-0.26127639940548963
eq4,champ_tail+champ_mid+lowmax+amihud,0.16346185204273267,1.0456822819216274,-0.4113499202954749
w3,champ:0.20+champ_n5:0.20+lowvol:0.60,0.16345278024342558,1.311327990898194,-0.24998981849431479
w3,lowvol:0.50+prox52:0.20+momcons:0.30,0.1634204115876603,1.1463940132158696,-0.3372342492696693
w3,champ_large:0.34+momcons:0.20+amihud:0.46,0.1633635779196989,0.8378899459188074,-0.5483205196267631
w3,champ:0.20+champ_tail:0.20+lowvol:0.60,0.16324754585638424,1.3590953833782824,-0.2613525034550356
w3,champ_tail:0.34+lowvol:0.20+amihud:0.46,0.1632176599872781,0.9061045282413313,-0.5122136632160408
eq5,champ_large+champ_mid+lowmax+momcons+amihud,0.16315062197167385,1.0215495192752861,-0.41048783085161666
w2,champ_large:0.9+amihud,0.16295906287855,0.9409287032545881,-0.3461738983292646
w3,champ_qtr:0.34+lowvol:0.33+amihud:0.33,0.1629306174192695,1.0263941682434226,-0.4347249069350443
w3,champ:0.34+prox52:0.33+lowmax:0.33,0.16289964658609746,1.0887852454904345,-0.4109292633175965
w3,champ_large:0.50+champ_tail:0.20+lowvol:0.30,0.16287453897198656,1.1723425063031916,-0.2969507944546379
w3,champ_qtr:0.50+prox52:0.20+lowmax:0.30,0.16282172106917536,1.124731807164192,-0.37585965564036306
w3,champ_qtr:0.34+champ_large:0.20+lowvol:0.46,0.16281260380547447,1.2424080700725872,-0.28002060947884255
eq4,champ+champ_qtr+lowmax+amihud,0.16281123232991423,1.0404231883983925,-0.42732840359641133
w3,champ_n5:0.34+lowvol:0.33+amihud:0.33,0.16278234408026115,1.0164629350993915,-0.405032028712106
w3,prox52:0.20+momcons:0.20+amihud:0.60,0.16277268494008346,0.7519092398218751,-0.6646267805798911
w2,champ_tail:0.7+lowmax,0.1627597084156296,1.1561528609034593,-0.326287348080497
w3,champ_n20:0.34+champ_large:0.20+lowvol:0.46,0.16273800830345553,1.2456409383467315,-0.28022486525948254
w3,mom_only:0.20+lowvol:0.50+amihud:0.30,0.16271378700817007,0.970838992825276,-0.43693253469138704
w3,champ_n5:0.20+champ_large:0.50+lowvol:0.30,0.1627130181227341,1.1253182187225703,-0.28739281612781586
eq4,champ+champ_n5+lowmax+amihud,0.16269940118506598,1.0326045591427004,-0.40553791828862273
w3,champ_qtr:0.20+champ_large:0.50+lowvol:0.30,0.16268992029269103,1.1282854788931076,-0.29834829736294854
w3,champ_mid:0.50+lowmax:0.33+amihud:0.17,0.16268070194726958,1.0951622285067706,-0.34464947932577805
w3,champ_n5:0.34+champ_large:0.20+lowvol:0.46,0.16263696134498407,1.221785949859655,-0.26134246056028043
w3,champ_n20:0.20+champ_large:0.50+lowvol:0.30,0.16262964526469825,1.128876577261636,-0.2975213106816138
w3,champ_mid:0.20+prox52:0.50+lowmax:0.30,0.1626234745710986,1.0086304430065214,-0.46431012393283655
w3,champ_n20:0.50+prox52:0.20+lowmax:0.30,0.1626218360461058,1.1236161693668965,-0.38462148918514927
eq4,champ+champ_n20+lowmax+amihud,0.1625906846842904,1.0355865730755445,-0.4210853378660525
eq4,champ+champ_mid+lowvol+lowmax,0.16258883707533878,1.2861477243751014,-0.29212511957020626
eq3,mom_fast+lowvol+lowmax,0.16257776432918547,1.0277025465917622,-0.3466151504589752
w3,champ_n20:0.34+lowvol:0.33+amihud:0.33,0.16251444662545067,1.0161485936163068,-0.4270242702231335
w3,lowvol:0.50+prox52:0.33+momcons:0.17,0.16249092895038886,1.1214603040826998,-0.3677121778675737
w3,champ_n5:0.50+prox52:0.20+lowmax:0.30,0.16235524958297298,1.0938982264718935,-0.3272767016932463
eq3,champ_qtr+lowvol+amihud,0.16227789771093715,1.0210927227461417,-0.4363435521963175
eq5,mom_only+lowvol+lowmax+momcons+amihud,0.1622678904544137,0.9607818400990163,-0.45273929185085837
w3,champ_large:0.50+champ_tail:0.33+lowmax:0.17,0.16216868588780642,1.1225910299786501,-0.32696764435020753
eq4,champ+champ_tail+lowmax+amihud,0.16215334285678806,1.0464409116293363,-0.42343324912491187
eq3,champ_n5+lowvol+amihud,0.16214013640744418,1.0116995251782035,-0.40736770884748175
w3,champ_mid:0.34+mom_only:0.20+lowmax:0.46,0.16213243816517675,1.0914857515941234,-0.3322362756281285
w3,champ_qtr:0.50+lowmax:0.20+amihud:0.30,0.16208150691514578,0.9933504935521306,-0.4668224516652103
eq5,champ_large+champ_mid+prox52+lowmax+amihud,0.16207291543733238,1.0059986788947624,-0.45329055142942287
eq4,champ_large+mom_only+lowmax+amihud,0.16205078392680194,0.9040963358234467,-0.4799336751935407
eq3,champ+prox52+lowmax,0.16202134935435897,1.0828654234978068,-0.41253157005438335
w3,champ_large:0.34+prox52:0.20+amihud:0.46,0.16201321133911728,0.8245828750956414,-0.5820465601753873
eq3,champ_n20+lowvol+amihud,0.16186365118171553,1.0109159088199882,-0.4289144686843972
eq5,champ_n5+champ_qtr+lowvol+lowmax+momcons,0.1618602140385097,1.1826516268970584,-0.3123972540726493
eq5,champ_n20+champ_qtr+lowvol+lowmax+momcons,0.16184759984650787,1.1910285435357177,-0.32129418074771077
eq5,champ_n5+champ_n20+lowvol+lowmax+momcons,0.16181817426543343,1.184268635321524,-0.31072543208722436
w2,champ_large:0.8+amihud,0.16169425120981962,0.9251527970740584,-0.39108318514901885
w3,champ_n5:0.50+lowmax:0.20+amihud:0.30,0.16163824038522656,0.9735454649735917,-0.4268502203443244
eq5,champ+champ_large+lowmax+momcons+amihud,0.16163609361778897,1.0059317063117643,-0.42452879767962626
eq5,champ_n5+champ_tail+lowvol+lowmax+momcons,0.16160861791960168,1.2078750756407122,-0.3107711928689345
eq5,champ_qtr+champ_tail+lowvol+lowmax+momcons,0.1616002645828598,1.2128337642752902,-0.32096558538640696
w3,champ_large:0.50+mom_fast:0.20+lowmax:0.30,0.16159787085315203,1.0042566682086356,-0.34963723439836103
w3,champ_n20:0.50+lowmax:0.20+amihud:0.30,0.16159278099520047,0.9835200447660906,-0.4570188894815078
w3,champ_tail:0.34+lowvol:0.33+amihud:0.33,0.1615066152942899,1.0153793736264747,-0.42998495222974664
eq5,champ_n20+champ_tail+lowvol+lowmax+momcons,0.16139071359717372,1.2044432693199902,-0.32127339187119697
w3,champ_large:0.34+champ_mid:0.20+lowvol:0.46,0.16138269569320252,1.238206805930176,-0.27655179103195593
eq4,champ_n5+champ_large+champ_tail+lowmax,0.16134413683292737,1.1643341643066554,-0.31360166485755314
w3,champ:0.20+prox52:0.50+lowmax:0.30,0.16132828886206618,1.0004719961134232,-0.4722782522844343
eq4,champ_qtr+champ_large+champ_tail+lowmax,0.16131131726124326,1.1685653548620583,-0.3269480244874393
w2,mom_only:0.2+amihud,0.16129983411438342,0.6779988255926168,-0.6994046376802767
w3,champ_large:0.20+champ_tail:0.33+lowvol:0.47,0.16128588579337855,1.288585088113165,-0.2793783659958139
eq4,champ_n20+champ_qtr+champ_large+lowmax,0.16127196814308298,1.1274300217901239,-0.32847006106412935
eq4,champ_n5+champ_n20+champ_large+lowmax,0.16124538857988857,1.1209242234821601,-0.31530267038415416
eq5,mom_only+lowvol+prox52+lowmax+amihud,0.16120691968842005,0.9480521491726164,-0.4965826488797832
eq4,champ_n5+champ_qtr+champ_large+lowmax,0.16117842325298515,1.1135861200477168,-0.31767580516611194
eq4,champ_n20+champ_large+champ_tail+lowmax,0.16111655480560794,1.1629045687433033,-0.3263346655698862
w3,champ_tail:0.50+prox52:0.20+lowmax:0.30,0.16111128268939567,1.123399667126611,-0.3682210328948291
w2,mom_fast:0.2+lowvol,0.16105856663456697,1.1872972145020593,-0.2574349091885244
eq5,champ_n5+champ_qtr+lowvol+prox52+lowmax,0.16101752048762874,1.171522414343643,-0.3238508773801436
eq4,champ_mid+lowmax+momcons+amihud,0.1609890554587743,0.9778127789154925,-0.4501445503881816
eq5,champ_n20+champ_qtr+lowvol+prox52+lowmax,0.1609708202337714,1.1777727430315754,-0.3428216357140793
eq5,champ_n5+champ_n20+lowvol+prox52+lowmax,0.16096633335736144,1.1725966822539933,-0.3244095903352421
eq5,champ_large+mom_fast+lowvol+lowmax+amihud,0.1609492771544696,0.9673909920873485,-0.42782212037124123
eq4,champ_large+lowvol+momcons+amihud,0.160895128172168,0.983440028066391,-0.42941469388931786
eq3,champ_tail+lowvol+amihud,0.16087984683775503,1.0102486145688767,-0.4317126773699018
eq5,champ_n5+champ_tail+lowvol+prox52+lowmax,0.16071661419279115,1.1932407392175455,-0.31913680433444647
eq5,champ_qtr+champ_tail+lowvol+prox52+lowmax,0.16068331068290553,1.1965382920507113,-0.3399363804945371
eq5,champ+champ_large+prox52+lowmax+amihud,0.16060413092142212,0.9921984371722251,-0.4629205411406987
w2,champ:0.6+lowmax,0.16057570581732583,1.1654502106784466,-0.3195727653535655
w2,champ_qtr:0.3+amihud,0.16056625978900207,0.7506003501475083,-0.6387430205175462
w2,champ_n5:0.3+amihud,0.16054461321500857,0.7491271306468483,-0.6238069184811117
eq5,champ_n20+champ_tail+lowvol+prox52+lowmax,0.16046495234522995,1.1878776780487172,-0.34028241338262777
w3,champ_n5:0.20+champ_large:0.20+amihud:0.60,0.16040922225020937,0.789737930721062,-0.5810922293489036
w3,champ_qtr:0.20+champ_large:0.20+amihud:0.60,0.1603482690469622,0.7899156937980443,-0.5922292062848098
w3,champ_mid:0.20+lowmax:0.33+momcons:0.47,0.1603006945557357,1.0449984791694185,-0.3585315553853108
eq2,lowvol+prox52,0.16028679156633974,1.050191251808093,-0.4097286548940636
w2,lowvol:0.5+prox52,0.16028679156633974,1.050191251808093,-0.4097286548940636
eq5,champ+champ_mid+lowvol+lowmax+amihud,0.16026006383421354,1.1191083144683232,-0.3497993430977109
w2,prox52:0.4+amihud,0.16021200436094207,0.7294263857643434,-0.6925373175791161
w3,champ_large:0.20+mom_fast:0.33+lowmax:0.47,0.16005652379360624,0.9500070432267093,-0.39230885531228077
w3,champ_large:0.34+lowmax:0.20+momcons:0.46,0.16002800787120663,0.9955496065889878,-0.3643553464487782
w3,champ:0.34+mom_only:0.20+lowmax:0.46,0.16002547981403592,1.0797488149766672,-0.3528997568303103
w3,champ_n20:0.20+champ_large:0.20+amihud:0.60,0.1599290287905375,0.7848642842613357,-0.5904015323943503
w3,champ_n5:0.20+mom_only:0.33+lowmax:0.47,0.15990587247678034,0.9923022892274449,-0.3761157565116279
w2,champ_n20:0.3+amihud,0.15987333788520575,0.7436213274992414,-0.6364891278354929
w3,champ_qtr:0.20+mom_only:0.33+lowmax:0.47,0.15986770257712557,0.9938425410562218,-0.3984083404385822
w3,champ_tail:0.50+lowmax:0.20+amihud:0.30,0.15985127845463265,0.9739865082439,-0.4606888787700506
w3,champ_n20:0.34+champ_qtr:0.33+lowmax:0.33,0.15984590575243507,1.1603776193487076,-0.32785750122765467
w3,champ_n5:0.34+champ_n20:0.33+lowmax:0.33,0.15966858301095077,1.14286882881359,-0.3099131487100588
w2,champ_large:0.7+amihud,0.15962925197309974,0.8914582724989505,-0.44618755820437195
w3,champ:0.50+lowmax:0.33+amihud:0.17,0.15962688485518672,1.0798301953661125,-0.37230767011772814
w3,champ_large:0.20+champ_tail:0.20+amihud:0.60,0.159597293895257,0.7871702780180863,-0.5907026519106797
w3,champ_mid:0.50+lowvol:0.20+lowmax:0.30,0.15958563518822189,1.2397692350693843,-0.2975619192183737
w3,champ_n20:0.20+mom_only:0.33+lowmax:0.47,0.1595587879007705,0.9860709919810177,-0.40204242880325514
w3,champ_n5:0.34+champ_qtr:0.33+lowmax:0.33,0.15950376894661122,1.1286140957916286,-0.3147038803270812
eq4,champ_mid+prox52+lowmax+amihud,0.15946199276448914,0.9550728366413201,-0.50451425637353
eq4,champ+lowmax+momcons+amihud,0.15941137878235212,0.9691604147448375,-0.4604170986763114
w2,champ_large:0.9+lowvol,0.15937634592710426,0.9619068839509897,-0.32275113874384864
w3,champ_qtr:0.34+champ_tail:0.33+lowmax:0.33,0.1593688173750245,1.190336048542976,-0.32746842805051335
eq4,champ_large+lowvol+prox52+amihud,0.15935719563617368,0.959943891180612,-0.47789131524112305
eq5,champ_n5+champ_qtr+champ_large+lowmax+amihud,0.15932343350680944,1.0295245142887737,-0.39214439242344556
w3,champ_n5:0.34+champ_tail:0.33+lowmax:0.33,0.15929815162086136,1.17736607794253,-0.3093134623141539
eq5,champ_n5+champ_n20+champ_large+lowmax+amihud,0.1592222560440384,1.028366139812279,-0.3863374287591138
eq3,champ_n20+champ_qtr+lowmax,0.1592027111674592,1.1569960126032308,-0.3279261347353546
eq5,champ_n20+champ_qtr+champ_large+lowmax+amihud,0.1591975086219457,1.0305877146011517,-0.40444124513581103
eq5,champ_n5+champ_large+champ_tail+lowmax+amihud,0.15916023948948022,1.0483101425741848,-0.38545739663931033
w3,champ:0.20+champ_large:0.33+lowvol:0.47,0.1591527182308532,1.2019743661741968,-0.27530574522890106
w3,champ_tail:0.20+mom_only:0.33+lowmax:0.47,0.1591222745282106,0.9905387108122607,-0.3940353351971678
eq5,champ_qtr+champ_large+champ_tail+lowmax+amihud,0.15909760116899685,1.0492335828465618,-0.4042894594195727
eq5,champ_qtr+champ_large+champ_mid+lowvol+lowmax,0.15909364522496783,1.2141457268318911,-0.3032214153281835
eq5,champ_n5+champ_large+champ_mid+lowvol+lowmax,0.1590926474526697,1.20848754363508,-0.29226261865371916
w3,champ_n20:0.34+champ_tail:0.33+lowmax:0.33,0.1590649402124933,1.1796452481053727,-0.3261442936812353
eq3,champ_n5+champ_n20+lowmax,0.15903681578890994,1.1404373412013156,-0.31019608017615363
w3,champ_qtr:0.34+mom_fast:0.20+lowmax:0.46,0.15902493313358668,1.053127593470153,-0.35867068788443957
eq5,champ_n20+champ_large+champ_mid+lowvol+lowmax,0.15896550346996174,1.2106019927183047,-0.3028671049415449
w3,champ:0.20+lowmax:0.33+momcons:0.47,0.15890689468793728,1.0324222503390716,-0.36683994729753866
eq3,champ_n5+champ_qtr+lowmax,0.1588753928511626,1.1262776599941131,-0.3150328633260958
eq5,champ_qtr+lowvol+prox52+lowmax+momcons,0.15887282230928856,1.1183314838375977,-0.3737442917937386
w3,champ_n5:0.34+mom_fast:0.20+lowmax:0.46,0.15886452267769302,1.0411323725891268,-0.3278455288667853
eq5,champ_n5+lowvol+prox52+lowmax+momcons,0.15886338511888431,1.113633404992478,-0.3540797355808142
w2,champ_tail:0.3+amihud,0.15885806150695014,0.740001682798717,-0.6373992270784379
eq5,champ_n20+champ_large+champ_tail+lowmax+amihud,0.15882945825536,1.0415249599893686,-0.398853299220687
w3,mom_only:0.34+lowmax:0.33+amihud:0.33,0.15882664528070345,0.8189074990682101,-0.5508320347059473
eq5,champ_large+champ_tail+champ_mid+lowvol+lowmax,0.1587756742493165,1.238662319824246,-0.3029461328201004
eq4,champ_qtr+champ_large+lowmax+momcons,0.15876708140929763,1.0680022710210768,-0.3484409114620174
eq4,champ_n5+champ_large+lowmax+momcons,0.1587331007580688,1.0620968299437328,-0.33563973829737737
eq3,champ_qtr+champ_tail+lowmax,0.15870948038660138,1.1867372000739258,-0.327391062065312
w3,champ_n20:0.20+champ_qtr:0.20+lowvol:0.60,0.15869991824794383,1.2947679488781632,-0.2653206372359922
eq5,champ_n20+lowvol+prox52+lowmax+momcons,0.15867577561026902,1.1121640911602224,-0.3704218646128906
w3,champ_n20:0.34+mom_fast:0.20+lowmax:0.46,0.1586602545739655,1.0433794570696817,-0.37584422971461895
w3,champ_n5:0.20+champ_n20:0.20+lowvol:0.60,0.1586595376651465,1.284731503066879,-0.25441220280187005
w3,champ_n5:0.20+champ_qtr:0.20+lowvol:0.60,0.1586515421642627,1.2786498497096277,-0.25407950466685836
eq3,champ_n5+champ_tail+lowmax,0.15864849674515047,1.1745123919595528,-0.30959297458860224
w2,champ_qtr:0.4+lowvol,0.1586192610894801,1.2828833238038926,-0.265198887803064
eq4,champ_n20+champ_large+lowmax+momcons,0.15860580372715316,1.0649182759035782,-0.3474586967626361
w3,mom_only:0.34+prox52:0.20+lowmax:0.46,0.15857851599976014,0.9308340006057043,-0.4744067714392274
w2,champ_n20:0.4+lowvol,0.15853302264017133,1.2873761607734846,-0.26565983874057075
eq4,champ_large+champ_tail+lowmax+momcons,0.15850465582236617,1.092914982573909,-0.3455387477699614
w3,champ_qtr:0.20+champ_tail:0.20+lowvol:0.60,0.15842517109872523,1.3234043658952634,-0.2653970206765036
w3,champ_n5:0.20+champ_tail:0.20+lowvol:0.60,0.15842251898283632,1.3156645780887557,-0.2544707352776264
eq3,champ_n20+champ_tail+lowmax,0.1584063857508209,1.1759581541022,-0.3261671946921879
w3,champ_qtr:0.34+lowvol:0.50+amihud:0.16,0.15839892155036406,1.173173685801851,-0.31358895965519185
eq5,champ_tail+lowvol+prox52+lowmax+momcons,0.15829899341252474,1.123141371200474,-0.3700604553780614
w2,champ_n5:0.4+lowvol,0.15828602186932073,1.2457112114813935,-0.24305648697077908
w3,champ_n20:0.20+champ_tail:0.20+lowvol:0.60,0.15826621703325872,1.3161327124506792,-0.2657467363292886
w3,champ_n5:0.34+lowvol:0.50+amihud:0.16,0.158213513666269,1.154543811751153,-0.27970225406109117
w3,lowvol:0.20+momcons:0.33+amihud:0.47,0.15816467801542666,0.8259489673913145,-0.5597520121958353
w3,champ_qtr:0.50+lowmax:0.33+momcons:0.17,0.15816141168098197,1.1126780270829861,-0.34264601101181424
w3,champ_n20:0.34+lowvol:0.50+amihud:0.16,0.15814427756923322,1.165562576410201,-0.3024648941016609
w3,champ_n20:0.50+lowmax:0.33+momcons:0.17,0.15799193778825482,1.1129664879209455,-0.34743968720603546
eq4,champ+prox52+lowmax+amihud,0.15795535856083975,0.9485534154022218,-0.5127874653202211
w3,champ_large:0.50+lowvol:0.33+momcons:0.17,0.15791160492539946,1.0865311738995655,-0.3087288672393388
eq4,champ_n5+champ_large+prox52+lowmax,0.15771157268849278,1.0521125809710694,-0.36558514187560565
eq4,champ_qtr+champ_large+prox52+lowmax,0.15770650286888088,1.0562759808149498,-0.38823597112324615
w3,champ_tail:0.34+mom_fast:0.20+lowmax:0.46,0.1576476123674142,1.0428620040419336,-0.35490668202679776
w3,champ_n5:0.50+lowmax:0.33+momcons:0.17,0.15763884728823596,1.0786030862885068,-0.31647786232666064
eq4,mom_fast+lowvol+lowmax+amihud,0.1576342188926252,0.9034087661372454,-0.47021531827159224
eq4,champ_n20+champ_large+prox52+lowmax,0.1575312155212112,1.052679044663524,-0.38897865234490325
w2,champ_tail:0.4+lowvol,0.1574843993140238,1.3031761318313528,-0.26588827560948136
w3,champ_mid:0.34+lowmax:0.20+amihud:0.46,0.15747402340231065,0.8674253222564029,-0.5212185337852353
eq5,champ+champ_qtr+champ_large+lowvol+lowmax,0.1574325922455997,1.1802782294181575,-0.30466533689131803
eq3,mom_only+lowmax+amihud,0.15741396800666463,0.8142729201470026,-0.5517522583704046
eq5,champ+champ_n20+champ_large+lowvol+lowmax,0.15738764998457078,1.1818768966917286,-0.3032223392850687
eq5,champ+champ_n5+champ_large+lowvol+lowmax,0.15737774265467364,1.1719639862926166,-0.29374062016299474
eq5,champ+champ_large+champ_tail+lowvol+lowmax,0.1573695564009594,1.2192859072057116,-0.3027030282001566
eq4,champ_large+champ_tail+prox52+lowmax,0.1573666588674969,1.077117438347914,-0.3808247159696633
w3,champ_tail:0.34+lowvol:0.50+amihud:0.16,0.15722303357790524,1.172025067256866,-0.30657675196642387
w3,champ_large:0.50+lowvol:0.33+prox52:0.17,0.157205579616156,1.078741046595106,-0.30219632350831216
eq3,lowvol+momcons+amihud,0.15716893823473832,0.9178818205861501,-0.48000140621770204
eq5,champ_large+champ_mid+lowvol+lowmax+momcons,0.1570872902036975,1.1566645934079118,-0.3184022008638291
eq5,champ_n5+champ_large+lowmax+momcons+amihud,0.15687157335959978,0.9793395899775774,-0.4205654879093583
w3,champ_large:0.50+prox52:0.33+lowmax:0.17,0.15686843963071695,0.9783701458555436,-0.4106944992248929
eq5,champ_qtr+champ_large+lowmax+momcons+amihud,0.15685145384974053,0.9814143788704657,-0.43766910538879955
w3,lowvol:0.34+momcons:0.33+amihud:0.33,0.15681970507380516,0.9201252230739243,-0.4772343037721951
w2,champ_mid:0.3+lowvol,0.15679370415882565,1.312020381975509,-0.24926967783077147
w2,champ_large:0.6+amihud,0.15676864596251905,0.844943987474631,-0.49763074197312296
eq4,champ_n5+champ_qtr+lowmax+amihud,0.1567452842942283,1.0022207553520164,-0.423121477816479
w3,champ_large:0.20+momcons:0.20+amihud:0.60,0.15674525502680514,0.7532388369324775,-0.6130075809764742
eq4,champ_n20+champ_qtr+lowmax+amihud,0.15663952132953574,1.0052073368265215,-0.4382544943911951
eq4,champ_n5+champ_n20+lowmax+amihud,0.15661138248116635,1.000533660808912,-0.4170820240562345
eq5,champ_n20+champ_large+lowmax+momcons+amihud,0.15660474183765616,0.9756845366798648,-0.43244114169830117
eq4,champ_qtr+champ_mid+lowvol+lowmax,0.15659121099150997,1.2457337224355223,-0.2975704949591327
w3,champ_tail:0.50+lowmax:0.33+momcons:0.17,0.15654989997587965,1.115932372526169,-0.3386521761392529
w3,champ_n5:0.20+prox52:0.50+lowmax:0.30,0.1565403820925071,0.9732756971533809,-0.46939984203258733
eq4,champ_n5+champ_mid+lowvol+lowmax,0.15652280880941283,1.2331037433690992,-0.28378231707653234
w3,champ_qtr:0.20+prox52:0.50+lowmax:0.30,0.15650700809071405,0.9748806555684926,-0.48385465445400666
eq5,champ_large+champ_tail+lowmax+momcons+amihud,0.15641566911282978,0.9882608963829946,-0.43190521665415726
eq4,champ_n20+champ_mid+lowvol+lowmax,0.1564151072299942,1.2396032022966306,-0.2968015168213297
w3,champ:0.50+lowvol:0.20+lowmax:0.30,0.15638259695112855,1.2126122927045737,-0.2994278739843249
w3,champ_mid:0.20+lowvol:0.20+amihud:0.60,0.1563451541766676,0.7963280515188045,-0.5697587105719116
w3,champ_qtr:0.34+lowmax:0.33+momcons:0.33,0.15627821845224088,1.0640048052961322,-0.35483382943246
w3,champ_n20:0.20+prox52:0.50+lowmax:0.30,0.1562718873153992,0.9695510549051114,-0.4812809154048082
eq5,champ_large+champ_mid+lowvol+prox52+lowmax,0.1561997227186196,1.1429001359550262,-0.3273850582625557
eq4,champ_n5+champ_tail+lowmax+amihud,0.15619851105004146,1.0115831826963981,-0.4189668316275268
eq4,champ_qtr+champ_tail+lowmax+amihud,0.15616781654024048,1.0143455484002126,-0.44045184022427264
w3,champ_n5:0.34+lowmax:0.33+momcons:0.33,0.1560884460461358,1.049870615726647,-0.33625068136913383
w3,champ_n20:0.34+lowmax:0.33+momcons:0.33,0.15603447118353664,1.0586064910090274,-0.36173642503580417
eq4,champ_large+mom_only+lowvol+lowmax,0.15600411586556762,1.054939177276383,-0.3275292532543046
eq5,champ_n5+champ_large+prox52+lowmax+amihud,0.15585760271377502,0.9663595718289372,-0.45921415848477287
w3,champ_tail:0.20+prox52:0.50+lowmax:0.30,0.15585004386760692,0.9742930729103151,-0.48143009637305156
eq5,champ_qtr+champ_large+prox52+lowmax+amihud,0.15581287095613816,0.9675659481403274,-0.47577175912142333
w3,champ_mid:0.20+lowvol:0.33+amihud:0.47,0.15580705745701207,0.885668440971492,-0.49428607580454686
eq4,champ_tail+champ_mid+lowvol+lowmax,0.15580303463515977,1.2511976465006827,-0.2969308273673247
eq4,champ_n20+champ_tail+lowmax+amihud,0.15577370862532436,1.003248038191867,-0.434707504728707
w3,lowvol:0.20+lowmax:0.20+momcons:0.60,0.15561304100715656,0.9996931289698462,-0.36244543672495744
eq3,champ_qtr+lowmax+momcons,0.15558870653580437,1.0595169254865366,-0.35577941897818954
eq5,champ_n20+champ_large+prox52+lowmax+amihud,0.15555736756694816,0.9617434136507067,-0.470917818279727
w3,champ:0.34+lowmax:0.20+amihud:0.46,0.15555251626528688,0.8617386891099331,-0.5320454884027088
w3,lowvol:0.20+prox52:0.33+amihud:0.47,0.15553078952844057,0.7972137609510066,-0.6164711339587342
eq5,champ+champ_large+lowvol+lowmax+momcons,0.15550967534103077,1.1304838804951054,-0.31981321364240345
eq5,champ_qtr+champ_mid+lowvol+lowmax+amihud,0.15549009457352359,1.0917914015945345,-0.36526246767519266
eq5,champ_n5+champ_mid+lowvol+lowmax+amihud,0.15548795969307205,1.0876345498378364,-0.34578778097920404
eq3,champ_n5+lowmax+momcons,0.15540983492439153,1.046016305286087,-0.33689989701433065
w3,champ_qtr:0.50+lowvol:0.33+lowmax:0.17,0.1553925691419764,1.220425023617311,-0.2960892508713634
w2,lowmax:0.3+momcons,0.15539090679814183,0.92670079187488,-0.4083935335430968
w3,champ_large:0.20+lowvol:0.50+momcons:0.30,0.15538141974284359,1.1369942445346264,-0.2995324405563915
eq3,champ_n20+lowmax+momcons,0.1553451359428013,1.0540462697275332,-0.3624333856588876
eq5,champ_large+champ_tail+prox52+lowmax+amihud,0.1553281003405591,0.9725012856627983,-0.4726398299098189
w3,champ_n20:0.50+lowvol:0.33+lowmax:0.17,0.1553271422540936,1.2282695027028994,-0.2934913288768758
w3,champ_tail:0.34+lowmax:0.33+momcons:0.33,0.15527218995612868,1.069145372162312,-0.35003356678386754
w3,champ:0.20+lowvol:0.20+amihud:0.60,0.15524320759719212,0.7933814849898891,-0.575259607869571
eq5,champ_n20+champ_mid+lowvol+lowmax+amihud,0.15523416002572432,1.0831162599889061,-0.36025848395917914
w3,champ_large:0.20+prox52:0.20+amihud:0.60,0.1552179770364801,0.7407291425833844,-0.6438756173295497
w2,champ_large:0.8+lowvol,0.15513288334062802,0.987627355389386,-0.3114735483392739
w3,champ_n5:0.50+lowvol:0.33+lowmax:0.17,0.15484942813291913,1.1718779350026958,-0.26826697160630253
w2,champ:0.3+lowvol,0.15482721296533852,1.2899019282630366,-0.2488989987398934
w3,champ_large:0.34+champ_tail:0.20+lowvol:0.46,0.1548073619305257,1.2081956378101628,-0.2807252165630414
eq4,champ+champ_qtr+lowvol+lowmax,0.15478259308430387,1.2171417585401134,-0.2993760067887372
eq4,champ+champ_n20+lowvol+lowmax,0.1547362977922746,1.2200763565550035,-0.29651221724820265
eq5,champ_tail+champ_mid+lowvol+lowmax+amihud,0.15471835661360456,1.0868319856339592,-0.3621455028814191
eq3,lowvol+prox52+amihud,0.15471679691133655,0.8818505351545299,-0.5471685043214864
eq4,champ_large+prox52+lowmax+momcons,0.15469597133674706,0.9900892636707888,-0.42221094574885776
w3,champ_qtr:0.34+prox52:0.33+lowmax:0.33,0.15469193114972613,1.0405883863844312,-0.426500889830704
eq5,champ+champ_large+lowvol+prox52+lowmax,0.15466738598279695,1.1195454167638588,-0.34256023842756855
w3,champ:0.20+lowvol:0.33+amihud:0.47,0.1546597565785408,0.8819381078714336,-0.5008576481793099
eq4,champ+champ_n5+lowvol+lowmax,0.15463058036985822,1.1997977905169732,-0.28564138511238235
eq3,champ_tail+lowmax+momcons,0.15460430687811,1.0645486095003713,-0.3502889219209322
w3,champ_n5:0.34+prox52:0.33+lowmax:0.33,0.15457200675487814,1.0299892288911439,-0.39746135624875556
w2,champ_mid:0.2+amihud,0.15452320419235543,0.6893388042772856,-0.66603225633243
w2,momcons:0.3+amihud,0.15450605855292476,0.6991708440973834,-0.6667830756590163
w3,champ_n20:0.34+prox52:0.33+lowmax:0.33,0.15442309381323338,1.034429392722091,-0.4239142188526114
w3,lowvol:0.34+prox52:0.33+amihud:0.33,0.15440253662583037,0.8842534348935681,-0.5440763679673883
eq4,champ+champ_tail+lowvol+lowmax,0.15439249143547062,1.2506429003541375,-0.29660232876171855
w3,champ_large:0.50+mom_only:0.20+lowmax:0.30,0.1543741192685475,0.9806979433795544,-0.33921075285731095
w3,champ_qtr:0.50+champ_large:0.20+lowmax:0.30,0.15435172834537392,1.0921359369165735,-0.33099904247648315
w3,champ_n5:0.20+champ_large:0.33+lowvol:0.47,0.1543462788318044,1.1648118415534954,-0.26855011574434096
w3,champ_qtr:0.20+champ_large:0.33+lowvol:0.47,0.1543461740949188,1.169958568952637,-0.2793150571556655
w3,champ_n20:0.50+champ_large:0.20+lowmax:0.30,0.1543049084552639,1.0984451200429115,-0.3274562877033175
w3,champ_n20:0.20+champ_large:0.33+lowvol:0.47,0.1542716489251672,1.169808387732322,-0.27964075766496577
w2,lowvol:0.6+momcons,0.15417249746237416,1.1314114320060198,-0.29700188295049856
eq5,champ_large+mom_only+lowvol+lowmax+amihud,0.15416823813823988,0.9564723412882403,-0.4224133940068806
eq5,champ+champ_qtr+lowvol+lowmax+amihud,0.1541404492158689,1.0791639499658123,-0.37749045002812587
w3,champ_qtr:0.20+lowmax:0.33+momcons:0.47,0.1541194051552326,1.006285286605698,-0.3766540006280624
w3,champ_n5:0.20+lowmax:0.33+momcons:0.47,0.1540928490291702,1.0021814294393652,-0.3577923437630862
eq5,champ+champ_n5+lowvol+lowmax+amihud,0.15408477718055225,1.0727076850006634,-0.3586651408221574
eq3,champ_qtr+prox52+lowmax,0.15398024932122323,1.0356692903764693,-0.42803683397727177
eq5,champ+champ_n20+lowvol+lowmax+amihud,0.1539676266394263,1.0744271435545873,-0.37165820658709614
eq4,champ_mid+lowvol+lowmax+momcons,0.15395279709364051,1.1593747169766537,-0.3157180658643247
w3,champ_large:0.20+champ_mid:0.20+lowvol:0.60,0.1539213926526164,1.2529845474848833,-0.26208684266630566
w3,champ_n20:0.20+lowmax:0.33+momcons:0.47,0.15391016263983537,1.001114980152592,-0.3742674519917105
w2,mom_only:0.2+lowvol,0.1539005260480384,1.172375543804149,-0.252238904517906
w3,champ_n5:0.50+champ_large:0.20+lowmax:0.30,0.1538955682544363,1.06144634810594,-0.3043414860084078
eq3,champ_n5+prox52+lowmax,0.15387048940436077,1.0256482606468649,-0.39979693610325473
w3,champ_tail:0.50+lowvol:0.33+lowmax:0.17,0.15382441096187516,1.2309708412785825,-0.29379073119686705
w3,lowmax:0.20+momcons:0.50+amihud:0.30,0.15381960418758545,0.8459479438363406,-0.5292869071472439
w3,champ_large:0.20+lowvol:0.50+prox52:0.30,0.15379708902354117,1.1039804924564571,-0.3329241898724179
eq3,champ_n20+prox52+lowmax,0.15371185244272323,1.0294651654256002,-0.42523358742967166
eq5,champ+champ_tail+lowvol+lowmax+amihud,0.15362332582553884,1.086111581395243,-0.37319444740645624
w3,champ_tail:0.20+lowmax:0.33+momcons:0.47,0.15357399900930813,1.0100755014683354,-0.370167459570801
w3,champ_tail:0.34+prox52:0.33+lowmax:0.33,0.1535497159421224,1.0394782631913444,-0.42116200633269985
w2,champ:0.2+amihud,0.1534934353347288,0.6870339933715286,-0.6701517677180452
eq4,champ_qtr+lowmax+momcons+amihud,0.15344856136092688,0.939452521771701,-0.4764593713931581
w3,champ_large:0.20+champ_tail:0.50+lowmax:0.30,0.15341541234462386,1.1302041189789156,-0.3266508690563207
eq4,champ_n5+lowmax+momcons+amihud,0.15341332743601943,0.9354015778711674,-0.456248595568129
w3,lowvol:0.50+momcons:0.33+amihud:0.17,0.1533592124734806,1.0368787146443665,-0.37196921875976663
w2,champ_large:0.5+amihud,0.1531185772571937,0.791391376673706,-0.5448812540146206
eq2,champ_large+amihud,0.1531185772571937,0.791391376673706,-0.5448812540146206
w3,champ_large:0.50+lowmax:0.20+momcons:0.30,0.15309185337903553,0.9794878711613786,-0.353771708559649
eq4,champ_n20+lowmax+momcons+amihud,0.15308791920590115,0.9314269261626175,-0.4715295827619871
w3,champ_mid:0.20+lowvol:0.50+amihud:0.30,0.15306068633851777,1.0264179996707177,-0.3774369358399102
eq5,champ_large+prox52+lowmax+momcons+amihud,0.15300175426334728,0.9142222993781702,-0.5000831368089783
eq5,champ_mid+lowvol+lowmax+momcons+amihud,0.15291726588010057,1.0243339550803778,-0.39455572680743467
eq3,champ_tail+prox52+lowmax,0.15286106480092276,1.0345427612253189,-0.42277457139253793
w3,mom_fast:0.34+lowvol:0.20+lowmax:0.46,0.15274224178908513,0.9479089897389482,-0.37625008437850616
eq4,champ_mid+lowvol+prox52+lowmax,0.15272258381000126,1.1346110916561882,-0.3413183753830632
eq5,champ_n20+champ_qtr+champ_large+lowvol+lowmax,0.15261242169065148,1.1515737090902074,-0.30716259314979555
eq5,champ_n5+champ_n20+champ_large+lowvol+lowmax,0.15261088807217482,1.1464285989828717,-0.2963571007661866
eq5,champ_n5+champ_large+champ_tail+lowvol+lowmax,0.15260721377000763,1.183163120082088,-0.29616327101853357
eq5,champ_n5+champ_qtr+champ_large+lowvol+lowmax,0.15260109328370852,1.141806111089778,-0.29810480706974307
eq5,champ_qtr+champ_large+champ_tail+lowvol+lowmax,0.1525710930908648,1.1865126110254909,-0.30657953321602005
w2,mom_fast:0.4+lowmax,0.15254120079237965,0.8698012815663679,-0.41979907797219507
w3,mom_fast:0.20+lowmax:0.20+amihud:0.60,0.15252057238750782,0.7076606809475702,-0.6422942112429766
w3,mom_only:0.34+lowvol:0.33+lowmax:0.33,0.15249681963867245,1.00756419707056,-0.3638346364507008
w3,mom_fast:0.34+lowmax:0.50+amihud:0.16,0.1524839111576448,0.8405923676607902,-0.48540066226604583
eq4,champ_tail+lowmax+momcons+amihud,0.15247837847574597,0.9340692507783982,-0.4739710789334828
eq5,champ_n20+champ_large+champ_tail+lowvol+lowmax,0.1524146864618947,1.1810916450116447,-0.30689913889056086
w3,champ:0.20+champ_large:0.20+lowvol:0.60,0.1523748324403822,1.2216687919489027,-0.26185833553448457
eq4,champ+lowvol+lowmax+momcons,0.15227406965708523,1.1417002637483087,-0.3164599779653159
w3,mom_only:0.34+lowmax:0.50+momcons:0.16,0.1520722893270503,0.9076500895522349,-0.42643526878957116
eq4,champ_n5+prox52+lowmax+amihud,0.15198615164533713,0.9160997483784664,-0.5097571580536693
eq4,champ_qtr+prox52+lowmax+amihud,0.15198321883272858,0.9188301523699861,-0.5261014121016976
w3,champ_qtr:0.34+mom_only:0.20+lowmax:0.46,0.15186312061385543,1.0321598800065261,-0.3606458805215552
w3,champ:0.20+lowvol:0.50+amihud:0.30,0.15185621911199254,1.0206236247977805,-0.38747013085555315
w2,prox52:0.3+amihud,0.15183744814772648,0.6808062870936092,-0.7057427134844537
eq5,champ_mid+lowvol+prox52+lowmax+amihud,0.15177106892540349,1.0038304919476442,-0.44263834893609577
w3,champ_n5:0.34+mom_only:0.20+lowmax:0.46,0.15174512774434556,1.0214812049576263,-0.32104236116686413
w2,lowvol:0.6+prox52,0.1517380742381207,1.0723557544668794,-0.36110999061714555
eq5,champ+lowvol+lowmax+momcons+amihud,0.15165106586842647,1.0160750960823095,-0.4066827979337766
eq4,champ_n20+prox52+lowmax+amihud,0.15160897178984212,0.9108448390356522,-0.5233791004583757
w3,champ_n20:0.34+mom_only:0.20+lowmax:0.46,0.15152639338524976,1.0231647590970274,-0.36597178666769514
w3,champ_large:0.34+champ_mid:0.33+lowmax:0.33,0.1514827861507908,1.1016680266853496,-0.3221472084302166
eq3,champ_large+champ_mid+lowmax,0.15131908037861708,1.1021299049424051,-0.32203306827337674
w3,lowvol:0.50+prox52:0.33+amihud:0.17,0.1511920773284845,0.9923102380545032,-0.4464909930373958
eq4,champ+lowvol+prox52+lowmax,0.15111410930454805,1.1212197678628089,-0.3588773187037083
eq3,mom_only+lowvol+lowmax,0.15099358008359642,1.0048044021164375,-0.3626551098922105
w2,champ_large:0.9+lowmax,0.15097123077126606,0.916058549849662,-0.3337353794290504
eq4,champ_tail+prox52+lowmax+amihud,0.1509380593226184,0.9114628069198483,-0.5237254899275825
w3,champ_large:0.50+lowvol:0.20+amihud:0.30,0.1507448902756794,0.9126330885751663,-0.4283084829381979
eq5,champ_qtr+champ_large+lowvol+lowmax+momcons,0.1507245321820483,1.1003279989297767,-0.32367078362406765
eq5,champ_n5+champ_large+lowvol+lowmax+momcons,0.15071819515240592,1.095550923088316,-0.31310594349157284
w2,champ_large:0.7+lowvol,0.15069259245819566,1.0126091016042766,-0.30005969318541126
w3,prox52:0.20+lowmax:0.33+momcons:0.47,0.1506630811834233,0.9432643688314528,-0.44473704203589337
eq4,champ_large+champ_mid+lowmax+amihud,0.15064642899443226,0.9675343902101017,-0.41054461341407833
w3,champ_tail:0.34+mom_only:0.20+lowmax:0.46,0.15062770892213417,1.027094008272246,-0.35260459182886794
eq5,champ_n20+champ_large+lowvol+lowmax+momcons,0.150589334763094,1.0969768484054927,-0.32286799626789076
w3,champ_n5:0.20+lowvol:0.20+amihud:0.60,0.15055421312974793,0.7740547772219925,-0.5731604847279124
eq5,champ+lowvol+prox52+lowmax+amihud,0.15054994764462437,0.9973750116519667,-0.4502810016725576
w3,champ_qtr:0.20+lowvol:0.20+amihud:0.60,0.1505208637606843,0.774665072460185,-0.584571019240018
w2,prox52:0.7+lowmax,0.15050316175646516,0.8565789551789672,-0.5499450955403689
eq5,champ_large+champ_tail+lowvol+lowmax+momcons,0.15045876306658168,1.1220521290590708,-0.32185814405021695
w3,mom_fast:0.20+prox52:0.33+lowmax:0.47,0.15011045755712527,0.9016891256324416,-0.48105887914483825
w3,champ_n20:0.20+lowvol:0.20+amihud:0.60,0.15008792784251823,0.7689927963097297,-0.5828134015386266
w3,prox52:0.34+lowmax:0.33+momcons:0.33,0.15006085723423745,0.9375776932260441,-0.4734975303316875
w3,prox52:0.50+lowmax:0.20+amihud:0.30,0.15000189825303023,0.8003214422692262,-0.617256419849747
w3,champ_n5:0.20+lowvol:0.33+amihud:0.47,0.14994000680913033,0.8589157315421299,-0.49843053589459474
w3,champ_qtr:0.20+lowvol:0.33+amihud:0.47,0.14992345127716855,0.8603089810398841,-0.5118064217265079
eq5,champ_n5+champ_large+lowvol+prox52+lowmax,0.14989339979835692,1.0856158117521981,-0.3258832594853174
eq5,champ_qtr+champ_large+lowvol+prox52+lowmax,0.1498749254739935,1.0890212370311023,-0.34520610283076236
eq5,champ_n20+champ_large+lowvol+prox52+lowmax,0.1497308596536011,1.0852867498428957,-0.3501976939990713
w3,champ_n20:0.20+lowvol:0.33+amihud:0.47,0.14956227464336447,0.8536325704213763,-0.5096648460207881
eq5,champ_large+champ_tail+lowvol+prox52+lowmax,0.1495601883330795,1.1075389607353578,-0.33722113750751603
w3,champ:0.34+champ_large:0.33+lowmax:0.33,0.14952624740432108,1.0598117014609894,-0.32419637340858354
eq3,prox52+lowmax+momcons,0.14951573245946292,0.936349279394086,-0.4719760694801374
w3,champ_tail:0.20+lowvol:0.20+amihud:0.60,0.14949176842274015,0.7674298954791728,-0.5831676706792388
eq4,mom_only+lowvol+lowmax+amihud,0.14943863195377682,0.89257288950725,-0.46604205046699654
w3,champ_mid:0.34+lowvol:0.50+lowmax:0.16,0.1493517502200883,1.2562654819501826,-0.26978471652512537
eq5,champ_n5+champ_qtr+lowvol+lowmax+amihud,0.14934237416505947,1.0456292667955565,-0.37326297599922365
eq5,champ_n20+champ_qtr+lowvol+lowmax+amihud,0.14922723803687665,1.0473762615504794,-0.3860280626515411
eq5,champ_n5+champ_n20+lowvol+lowmax+amihud,0.14922461698995892,1.043458028129052,-0.3673193841386586
w3,champ:0.34+champ_mid:0.20+lowmax:0.46,0.14914826576710416,1.121490156296521,-0.31895831981152756
w3,champ_large:0.34+lowvol:0.50+momcons:0.16,0.14905373168311065,1.1148222580122522,-0.28918170654480424
w3,champ_tail:0.20+lowvol:0.33+amihud:0.47,0.14900271079353788,0.8530652914588294,-0.5100588768000986
eq5,champ_n5+champ_tail+lowvol+lowmax+amihud,0.14889582888192332,1.0552660605983935,-0.36880612321803996
w2,champ_n5:0.2+amihud,0.14886207676211427,0.6716208773401735,-0.668481162946811
eq5,champ_qtr+champ_tail+lowvol+lowmax+amihud,0.14886107619429745,1.057639901721684,-0.38811002462193367
w2,champ_qtr:0.2+amihud,0.14880303666597028,0.6716619067767207,-0.6773837067334619
eq4,champ_n20+champ_qtr+lowvol+lowmax,0.1487849464460469,1.180356287223425,-0.301367181659716
eq4,champ+champ_large+lowmax+amihud,0.14878428139728883,0.9485321319950808,-0.42755208068518713
eq4,champ_n5+champ_n20+lowvol+lowmax,0.14871631547688513,1.1686431284480936,-0.28829370619017747
w2,champ_large:0.4+amihud,0.14868673248385456,0.7356977823635666,-0.5891578375107127
eq4,champ_n5+champ_qtr+lowvol+lowmax,0.14867741611042073,1.1605209495662807,-0.2911195699344825
eq5,champ_n20+champ_tail+lowvol+lowmax+amihud,0.1485778517898717,1.0477957327407157,-0.3828460271539237
w3,champ_large:0.20+mom_only:0.33+lowmax:0.47,0.1485629418063248,0.9208520044387616,-0.40369852538342044
eq3,champ+champ_large+lowmax,0.14854230230136012,1.054089560716753,-0.324377475819442
w3,prox52:0.50+lowmax:0.33+momcons:0.17,0.1484500094245429,0.9045485306669391,-0.5082870011376948
eq4,champ_qtr+champ_tail+lowvol+lowmax,0.14840662416871808,1.2072415972046107,-0.30145765302626615
eq4,champ_n5+champ_tail+lowvol+lowmax,0.1483963907467376,1.1986086371238571,-0.28835734994650075
w3,champ_large:0.34+lowvol:0.50+prox52:0.16,0.14835104307336566,1.103974940961562,-0.2840228463003128
w2,champ_n20:0.2+amihud,0.14826060982290135,0.6673023820436023,-0.6761985219654845
eq4,champ_n20+champ_tail+lowvol+lowmax,0.1481866857235412,1.197880142181541,-0.30186549291028475
eq4,prox52+lowmax+momcons+amihud,0.1480940018862975,0.8512960895034315,-0.5549311176716303
w3,champ:0.20+champ_mid:0.33+lowmax:0.47,0.1477896379053274,1.114474741459855,-0.31867980282138764
w3,champ_qtr:0.50+lowmax:0.33+amihud:0.17,0.147639368093069,1.0092341646581917,-0.4074645044210805
w2,champ_qtr:0.3+lowvol,0.14763599948135142,1.2352046076719647,-0.2550358971137222
eq5,champ_large+lowvol+prox52+lowmax+momcons,0.1476325302700101,1.0311225579127143,-0.3736721450458794
w2,champ_tail:0.2+amihud,0.14761014846875864,0.6652202740396155,-0.6767757774672307
w3,champ_qtr:0.20+champ_large:0.20+lowvol:0.60,0.1475929234523654,1.187374986158192,-0.26591500945133417
w3,champ_n5:0.20+champ_large:0.20+lowvol:0.60,0.14757559751154337,1.1802473281009336,-0.25499188785282845
w2,champ_n20:0.3+lowvol,0.1475268246140602,1.235016962754125,-0.2555492641329422
w3,champ_n20:0.20+champ_large:0.20+lowvol:0.60,0.14750756577361135,1.1864055855369755,-0.266251778895904
w3,champ_large:0.50+lowvol:0.33+amihud:0.17,0.14749294878314578,0.9916374101393056,-0.33960616048236714
w3,champ_qtr:0.34+lowmax:0.20+amihud:0.46,0.1474902450924107,0.8258119444035975,-0.5492809063306175
w2,champ_n5:0.3+lowvol,0.1474790287914567,1.213212383749182,-0.23843116666228226
w3,champ_n5:0.34+lowmax:0.20+amihud:0.46,0.14739208813008697,0.8211972740524996,-0.5283572182677302
w3,champ_large:0.20+champ_tail:0.20+lowvol:0.60,0.1473494058722482,1.219386950107365,-0.26632596340295733
w3,champ_n20:0.50+lowmax:0.33+amihud:0.17,0.1473097132782475,1.0028759746907976,-0.39423767242366947
w3,champ_n5:0.50+lowmax:0.33+amihud:0.17,0.147178203058818,0.9831247286420733,-0.3619692056075299
w3,champ:0.34+lowvol:0.50+lowmax:0.16,0.14716297831220948,1.2336099422927966,-0.2693801292807495
w3,champ_qtr:0.20+lowvol:0.50+amihud:0.30,0.14710983223924634,0.994013818474854,-0.40209934780300294
w3,champ_n5:0.20+lowvol:0.50+amihud:0.30,0.1471044189079791,0.9905965955755364,-0.3836296193698502
w3,lowvol:0.34+prox52:0.50+lowmax:0.16,0.14699771688874796,0.9731138299139603,-0.44194224752178446
w3,lowvol:0.20+momcons:0.20+amihud:0.60,0.14693347312884142,0.73549064374429,-0.6057379494282273
w3,champ_n20:0.34+lowmax:0.20+amihud:0.46,0.1469309525943272,0.8167604067074492,-0.5456600228717172
eq5,champ_qtr+lowvol+lowmax+momcons+amihud,0.14690248842320108,0.9894874660758134,-0.4202012157298157
eq5,champ_n5+lowvol+lowmax+momcons+amihud,0.14689520909755505,0.9859875821046831,-0.40260319901723685
w3,champ_n20:0.20+lowvol:0.50+amihud:0.30,0.14684273962445027,0.9863383377131583,-0.3972132962904872
w2,champ_tail:0.3+lowvol,0.1468185468938923,1.2525732859420107,-0.25570519954985793
w3,mom_fast:0.20+lowmax:0.50+momcons:0.30,0.1467387805051048,0.9103855104054199,-0.40726732450881975
eq5,champ_n20+lowvol+lowmax+momcons+amihud,0.1466404523129241,0.9820987768550232,-0.4148512417474145
w3,lowvol:0.34+momcons:0.20+amihud:0.46,0.14662500383013732,0.8183337011769675,-0.5301732631411751
w3,mom_only:0.20+lowmax:0.20+amihud:0.60,0.14661459299476087,0.6986615785783437,-0.6396082962272662
w3,mom_only:0.20+mom_fast:0.20+lowmax:0.60,0.1466059775059525,0.8744852969101827,-0.42855804330548253
w3,champ_tail:0.20+lowvol:0.50+amihud:0.30,0.1463323317421923,0.9888525764450405,-0.39900123883247773
eq4,champ_qtr+lowvol+lowmax+momcons,0.1463079308444113,1.102534880522099,-0.3212769806524096
eq4,champ_n5+lowvol+lowmax+momcons,0.14623182730894202,1.092451217110446,-0.30803946510825797
eq5,champ_tail+lowvol+lowmax+momcons+amihud,0.14618633087483435,0.9867348184243525,-0.41660974306955423
eq4,champ_n20+lowvol+lowmax+momcons,0.14612103997006076,1.0970095935158617,-0.3205614229514495
w2,champ_qtr:0.6+lowmax,0.1461162643916809,1.0695334272295314,-0.33214062526792876
w2,champ_n20:0.6+lowmax,0.14607498733329138,1.0780645354527985,-0.34095001076052733
w2,champ_large:0.6+lowvol,0.14605786120587316,1.035533852560498,-0.2885086659452787
w3,champ_tail:0.34+lowmax:0.20+amihud:0.46,0.14581313466169332,0.8121666065422736,-0.546950990639654
eq5,champ_n5+lowvol+prox52+lowmax+amihud,0.1458123022892699,0.9683421664714802,-0.44742896237560636
eq5,champ_qtr+lowvol+prox52+lowmax+amihud,0.14579521044770782,0.9707509367116416,-0.4623425578209053
w3,champ_tail:0.50+lowmax:0.33+amihud:0.17,0.1456235144265654,0.9934355252473049,-0.4002784666240258
eq4,champ_tail+lowvol+lowmax+momcons,0.14560440227653548,1.1100061800208194,-0.3206607487260098
eq5,champ_n20+lowvol+prox52+lowmax+amihud,0.14552450222816793,0.9633779586834279,-0.45970429709155125
w3,champ_large:0.34+lowvol:0.20+amihud:0.46,0.14549587970007294,0.8130203159895134,-0.5113909298457165
w3,lowvol:0.20+prox52:0.20+amihud:0.60,0.14534186969949725,0.7213475895697102,-0.6373137878856331
w2,champ_n5:0.6+lowmax,0.14532829600746178,1.0207734328564193,-0.300174165955737
w3,champ_large:0.20+prox52:0.50+lowmax:0.30,0.1452862542509359,0.9037160056226196,-0.47986661286216203
w2,mom_fast:0.1+amihud,0.14520782576283597,0.6130094092533639,-0.7234227322241187
w3,lowvol:0.34+prox52:0.20+amihud:0.46,0.1451625045538425,0.8006568525666656,-0.5681312758430429
eq4,champ_qtr+lowvol+prox52+lowmax,0.14513728068654164,1.0816810120563154,-0.36454638006275764
eq4,champ_n5+lowvol+prox52+lowmax,0.14509974377069157,1.0740953105579782,-0.340310115048327
eq5,champ_tail+lowvol+prox52+lowmax+amihud,0.14503129151625416,0.966209953660244,-0.4600157376955517
eq4,champ_n20+lowvol+prox52+lowmax,0.1449366053069523,1.0756564591914168,-0.3681727349294739
w2,momcons:0.2+amihud,0.14466459520607344,0.6428175147687625,-0.6945275516931795
w2,lowvol:0.7+momcons,0.14454257280361982,1.12827860117544,-0.2794833368846972
w3,champ_mid:0.34+lowmax:0.33+amihud:0.33,0.14453897892233436,0.8936708033094596,-0.46391673324989624
eq5,champ_large+champ_mid+lowvol+lowmax+amihud,0.14445665031148747,1.0132328857277593,-0.36301484608897416
w3,champ_qtr:0.50+lowvol:0.20+lowmax:0.30,0.1443759940155449,1.1269800995518966,-0.3101787554920872
w3,lowvol:0.50+momcons:0.20+amihud:0.30,0.14436273039738823,0.9311640562288412,-0.42982774009618685
eq4,champ_tail+lowvol+prox52+lowmax,0.1443586493254967,1.0844831465780078,-0.3599226509403215
w3,champ_n20:0.50+lowvol:0.20+lowmax:0.30,0.14428596505103353,1.1322726779577044,-0.30720089419817753
w2,champ_tail:0.6+lowmax,0.1440212155497156,1.0641313054655617,-0.32681138789670994
w3,champ_large:0.50+champ_mid:0.20+lowmax:0.30,0.1439886334791134,1.0176307113264522,-0.3266142288896776
w3,champ_n5:0.50+lowvol:0.20+lowmax:0.30,0.1438565669165397,1.084630872246852,-0.28284671099784675
w3,champ_large:0.34+lowvol:0.33+amihud:0.33,0.14368564394656547,0.8989225722911143,-0.433543910405637
w3,mom_only:0.20+prox52:0.33+lowmax:0.47,0.14350437884110812,0.891739960323526,-0.4874350242247222
w2,champ_large:0.3+amihud,0.14348231525310284,0.6812511255382733,-0.6338666074579637
eq3,champ_large+lowvol+amihud,0.14342091070719465,0.8965922443891838,-0.4350998188278089
eq3,champ_mid+lowmax+amihud,0.14340365056905702,0.8859048011544409,-0.46688873312373746
w3,lowvol:0.34+lowmax:0.20+momcons:0.46,0.14312690581562992,1.0162793134439572,-0.3280542399778339
w3,champ_qtr:0.20+champ_mid:0.33+lowmax:0.47,0.14305615126947968,1.0843644733253164,-0.32284479997222504
w3,lowvol:0.50+prox52:0.20+amihud:0.30,0.14304947205512342,0.9084873605125922,-0.47449367406333687
w3,champ_n5:0.20+champ_mid:0.33+lowmax:0.47,0.14304657334102888,1.079094457209333,-0.3124088810248391
eq5,champ+champ_large+lowvol+lowmax+amihud,0.14300963203267703,0.9965255885240878,-0.37821025149552634
eq5,lowvol+prox52+lowmax+momcons+amihud,0.14299225528619508,0.9094775422325051,-0.4884630833933764
w3,champ:0.34+champ_qtr:0.20+lowmax:0.46,0.1429394824105812,1.0703864555961828,-0.32470322469982515
w3,champ_large:0.20+lowmax:0.33+momcons:0.47,0.14290348627961746,0.9294410369630733,-0.37745233979364423
w3,champ:0.34+champ_n20:0.20+lowmax:0.46,0.14289697965290116,1.071782468306354,-0.3352296168648833
w2,prox52:0.2+amihud,0.14289200778790967,0.6322797161726967,-0.7186864453068106
eq4,champ_large+champ_mid+lowvol+lowmax,0.14289161575007525,1.1330292619243396,-0.2975191599420205
w3,champ_n20:0.20+champ_mid:0.33+lowmax:0.47,0.14287453446043408,1.078212405453081,-0.3205561515466643
eq4,champ_n5+champ_large+lowmax+amihud,0.1428679991418198,0.9140053748827104,-0.4226361891837326
eq4,champ_qtr+champ_large+lowmax+amihud,0.14286030608239386,0.9169540721593696,-0.44386109180574196
w2,lowvol:0.7+prox52,0.1428571616135621,1.085162768612563,-0.31272302829268894
w3,champ:0.34+champ_n5:0.20+lowmax:0.46,0.14283957719734186,1.060742171675672,-0.313957811941995
w3,champ_tail:0.50+lowvol:0.20+lowmax:0.30,0.1427393623084945,1.1298551293568633,-0.30717898663082255
w3,champ:0.34+champ_tail:0.20+lowmax:0.46,0.1426898070241076,1.093173978122905,-0.3219512067736423
w2,champ_mid:0.2+lowvol,0.1426276072508208,1.2243055256676278,-0.24109310057456657
eq4,champ_n20+champ_large+lowmax+amihud,0.14258284802511256,0.910913456580391,-0.4373547062720755
w3,champ:0.34+lowmax:0.33+amihud:0.33,0.14258028369873643,0.886367040468352,-0.47651132217856895
w2,mom_only:0.1+amihud,0.14249419287373222,0.6084717868941087,-0.7225092148752996
w3,champ_tail:0.20+champ_mid:0.33+lowmax:0.47,0.14237724418900788,1.0836383091421857,-0.3206530448610643
w3,champ_mid:0.34+prox52:0.20+lowmax:0.46,0.1423081991060393,1.0292768754403967,-0.36959876546518644
eq4,champ_large+champ_tail+lowmax+amihud,0.14229455474907216,0.9240783130553535,-0.4372559121566362
eq4,lowvol+prox52+lowmax+momcons,0.14213324305634445,0.9986273269888697,-0.40062331664178996
w3,champ:0.20+champ_large:0.50+lowmax:0.30,0.14213120633868792,0.9835309373154862,-0.32802809975805436
w2,champ_mid:0.5+lowmax,0.1420530287729762,1.0670002428404484,-0.3195730674557703
eq2,champ_mid+lowmax,0.1420530287729762,1.0670002428404484,-0.3195730674557703
w3,mom_fast:0.20+lowmax:0.33+amihud:0.47,0.141654851340685,0.7193076362411157,-0.5983647936043573
eq3,champ+lowmax+amihud,0.1414872790325361,0.8787794330013924,-0.4791893363619446
w3,champ_qtr:0.34+champ_large:0.33+lowmax:0.33,0.14141410503114415,1.008835720625633,-0.33072728737266477
w2,champ:0.2+lowvol,0.14132908407172362,1.2093359433178272,-0.24084963395697345
w3,mom_only:0.34+lowmax:0.50+amihud:0.16,0.14132903184542434,0.8191932723349132,-0.4928611819821498
w3,champ_n20:0.34+champ_large:0.33+lowmax:0.33,0.14131657602725745,1.0097389263772245,-0.3293651217700919
w3,champ_n5:0.34+champ_large:0.33+lowmax:0.33,0.1413035857750531,0.9977893278420221,-0.3128152912590304
w2,champ_large:0.5+lowvol,0.14123116847042305,1.0545746826945879,-0.2772270033035271
eq2,champ_large+lowvol,0.14123116847042305,1.0545746826945879,-0.2772270033035271
w3,champ_qtr:0.34+champ_mid:0.20+lowmax:0.46,0.1410674911551233,1.068401539299412,-0.32611359979252397
w3,mom_only:0.34+lowvol:0.20+lowmax:0.46,0.14104363043696044,0.9204139162248982,-0.396058513549541
eq4,champ+champ_large+lowvol+lowmax,0.14093265210142714,1.096362575959374,-0.2985939336642792
w3,champ_n5:0.34+champ_mid:0.20+lowmax:0.46,0.14090227247594522,1.0519848029110095,-0.30798850875439765
w3,champ_n20:0.34+champ_mid:0.20+lowmax:0.46,0.14086032521242076,1.0635640733616878,-0.3255142449931827
w3,lowmax:0.20+momcons:0.33+amihud:0.47,0.14075421637057328,0.7410721736469857,-0.591358394239196
w3,champ_large:0.34+champ_tail:0.33+lowmax:0.33,0.14060273065342033,1.0436816528274961,-0.3271499467209994
eq3,champ_qtr+champ_large+lowmax,0.14059564018944326,1.0041063730880233,-0.3307796853695719
eq3,champ_n20+champ_large+lowmax,0.14049682997428148,1.0048389641655362,-0.3294447223240906
eq3,champ_n5+champ_large+lowmax,0.1404951149681115,0.9936493993354882,-0.31322298309288155
eq3,champ_large+champ_tail+lowmax,0.14032616997081515,1.0432284984707931,-0.32715203278249616
w3,champ:0.34+prox52:0.20+lowmax:0.46,0.14017591023918818,1.0139768909953655,-0.39080407055216426
w3,champ_tail:0.34+champ_mid:0.20+lowmax:0.46,0.1399010444630706,1.0662555648897583,-0.3231652866786462
w3,champ_large:0.34+mom_fast:0.20+lowmax:0.46,0.13989759169918492,0.9180161349919087,-0.37110731288642396
w3,mom_only:0.20+lowmax:0.50+momcons:0.30,0.1396618377628398,0.8867348610057757,-0.4055001943404032
eq4,champ_large+lowmax+momcons+amihud,0.13939854654886696,0.8520810463498268,-0.4765995874059866
w3,champ_large:0.34+lowvol:0.50+amihud:0.16,0.13930335021299256,1.0121553319508003,-0.3156361886997443
w3,champ_large:0.20+lowvol:0.20+amihud:0.60,0.13926973789012198,0.7221968406277158,-0.580682925789887
w2,champ_mid:0.1+amihud,0.13919196041661053,0.6100207964651757,-0.7074921100738234
w3,lowmax:0.34+momcons:0.50+amihud:0.16,0.13912665335227992,0.8488603378510013,-0.4716993449615432
w3,champ_qtr:0.34+lowvol:0.50+lowmax:0.16,0.13906157951191056,1.171065222795625,-0.2761758927931194
w3,champ_mid:0.20+lowmax:0.20+amihud:0.60,0.13898457500985306,0.7157297117019141,-0.600243407739631
w3,prox52:0.34+lowmax:0.20+amihud:0.46,0.13897936651725673,0.722059142863029,-0.641906080689045
w2,mom_only:0.4+lowmax,0.13897312555237207,0.8366035615238118,-0.4470643064217267
w2,champ:0.5+lowmax,0.1389402617052189,1.0444561860123935,-0.3341532160308358
eq2,champ+lowmax,0.1389402617052189,1.0444561860123935,-0.3341532160308358
w3,champ_n20:0.34+lowvol:0.50+lowmax:0.16,0.13893784146961874,1.1707610855721962,-0.2767316681461628
w3,champ_n5:0.34+lowvol:0.50+lowmax:0.16,0.13885953490500813,1.145766039300897,-0.2577992622273034
w3,champ_large:0.20+lowvol:0.33+amihud:0.47,0.13871210196737338,0.7980247700818042,-0.507546517834641
w2,champ:0.1+amihud,0.13869949159081196,0.6089046662414986,-0.709268296067118
w2,champ_large:0.8+lowmax,0.1383807747987058,0.8881260837133483,-0.3336172669071603
eq5,champ_n5+champ_large+lowvol+lowmax+amihud,0.13830658420483433,0.965971634246121,-0.37394542174004475
eq5,champ_qtr+champ_large+lowvol+lowmax+amihud,0.13828654228685888,0.968520317060084,-0.39241444371081036
w2,lowmax:0.4+momcons,0.13810827171378737,0.8762904386930201,-0.40518711175922284
eq5,champ_n20+champ_large+lowvol+lowmax+amihud,0.13807742411588686,0.9628223977974786,-0.3867134097654401
w3,champ_tail:0.34+lowvol:0.50+lowmax:0.16,0.13806077864691946,1.1828855589412093,-0.2769086678241466
eq4,champ_large+prox52+lowmax+amihud,0.13796602525321622,0.8339431303481806,-0.5217065027748289
w3,champ:0.20+lowmax:0.20+amihud:0.60,0.13791602845618756,0.7128143551106872,-0.6054826336573496
w2,mom_fast:0.1+lowvol,0.1378512032402568,1.125823601231272,-0.24116140660616037
eq5,champ_large+champ_tail+lowvol+lowmax+amihud,0.13782805776456764,0.9762395856017965,-0.38604837464056574
eq4,champ_mid+lowvol+lowmax+amihud,0.13778349575711535,0.9597796374420916,-0.3936070663415351
w3,champ:0.20+champ_qtr:0.33+lowmax:0.47,0.13768738898070954,1.036449842768977,-0.32743422820191326
w3,champ:0.20+champ_n20:0.33+lowmax:0.47,0.1376156094461467,1.0385665882395174,-0.3418560510238289
w3,champ_mid:0.20+mom_fast:0.20+lowmax:0.60,0.13753347140145222,0.9286043042411477,-0.3712494344319299
w2,champ_large:0.2+amihud,0.13751601588379603,0.6300161553866962,-0.6745281661602383
w3,champ_large:0.50+champ_tail:0.20+lowmax:0.30,0.13749543114711282,0.9862253741056983,-0.3294806491899066
w3,champ:0.20+champ_n5:0.33+lowmax:0.47,0.13745129908377862,1.0176703036579595,-0.3099002228418585
w3,champ_n5:0.20+champ_large:0.50+lowmax:0.30,0.13743087043600632,0.9532874944567197,-0.3213770606128601
w3,champ_qtr:0.20+champ_large:0.50+lowmax:0.30,0.13739075794403877,0.9549502376117086,-0.33187139658243714
w3,champ_n20:0.20+champ_large:0.50+lowmax:0.30,0.13730877435005806,0.9544258317028841,-0.3310739246477844
w3,champ_large:0.34+lowmax:0.33+momcons:0.33,0.13718789631314654,0.9234318474075205,-0.35702401000950856
w3,champ:0.20+champ_tail:0.33+lowmax:0.47,0.13697015420221104,1.0562290952582674,-0.3229678012513839
eq3,champ_large+lowmax+momcons,0.1368843698517519,0.921950889741115,-0.35781416219253226
w3,prox52:0.50+lowmax:0.33+amihud:0.17,0.136822187675953,0.8028466810731386,-0.5723042634845792
w2,champ_qtr:0.2+lowvol,0.13658762618752474,1.172352737597515,-0.2449793926499031
w2,champ_n5:0.2+lowvol,0.13654377117640348,1.162328300558783,-0.23381044004572693
w2,champ_n20:0.2+lowvol,0.13648573212815496,1.1698559254557288,-0.2453336312092783
w2,champ_n5:0.1+amihud,0.13645444739549406,0.6020359815105728,-0.7085001010739059
w2,champ_qtr:0.1+amihud,0.1363889946025112,0.6017757612971557,-0.7124851185270862
w3,champ:0.20+mom_fast:0.20+lowmax:0.60,0.13634242304716637,0.9225991938269096,-0.38516600902063347
eq4,champ+lowvol+lowmax+amihud,0.13630463344855048,0.952525713239698,-0.4053785674296979
w3,mom_fast:0.20+lowvol:0.50+lowmax:0.30,0.13621909121203446,1.0191056607135542,-0.30506229386055883
w2,champ_large:0.4+lowvol,0.13621508199846355,1.0673788415882521,-0.26689390462327156
w2,champ_n20:0.1+amihud,0.13607853853753493,0.59978679516524,-0.711981053122221
w2,champ_tail:0.2+lowvol,0.13606482189728086,1.1847927182336984,-0.24542709511099448
w3,champ_large:0.20+lowvol:0.50+amihud:0.30,0.13596978356406453,0.9146148778531666,-0.4016699947661586
w3,champ_mid:0.34+lowmax:0.50+momcons:0.16,0.13589264733630957,1.0059887299262886,-0.33298280869305075
w2,champ_tail:0.1+amihud,0.13576655920808522,0.5988672119991758,-0.7122304259320211
eq5,champ_large+lowvol+lowmax+momcons+amihud,0.1357547947791955,0.9102308422887395,-0.4209309734570531
w3,champ_large:0.34+prox52:0.33+lowmax:0.33,0.13565498217390837,0.9041973724635144,-0.4261918505428032
w3,mom_only:0.20+lowmax:0.33+amihud:0.47,0.1355454745508462,0.7086497761378936,-0.5955891289074653
eq3,champ_large+prox52+lowmax,0.13532884527474276,0.9022823853251728,-0.4276227226817978
w3,lowvol:0.20+prox52:0.50+lowmax:0.30,0.13515509121198144,0.8946271771682651,-0.4692525218315865
w3,champ_mid:0.34+lowvol:0.33+lowmax:0.33,0.13513212792805152,1.129569818571207,-0.28777722747208156
eq4,champ_qtr+champ_large+lowvol+lowmax,0.13500926675092306,1.0549945538509142,-0.30354243571770445
eq4,champ_n5+champ_large+lowvol+lowmax,0.1349766182382719,1.047207872980538,-0.28994940409510284
eq4,champ_n20+champ_large+lowvol+lowmax,0.1349035637263185,1.0539270578870694,-0.3025191075828184
w3,champ_n20:0.34+champ_qtr:0.20+lowmax:0.46,0.13484108202735778,1.0206139553974756,-0.3378800107150136
eq4,champ_large+champ_tail+lowvol+lowmax,0.13470596090622755,1.0866752341119776,-0.30260373461248635
w3,champ_n5:0.34+champ_n20:0.20+lowmax:0.46,0.13470126960962947,1.0040923228912961,-0.3109280719471751
w2,lowvol:0.8+momcons,0.1346840626545427,1.1086088247245058,-0.26157912268430517
eq5,champ_large+lowvol+prox52+lowmax+amihud,0.13466781609575995,0.8935106178296053,-0.45916218980204815
w3,champ_n5:0.34+champ_qtr:0.20+lowmax:0.46,0.13465214003478643,0.9984929798877321,-0.3136970590603092
w3,champ_qtr:0.34+champ_tail:0.20+lowmax:0.46,0.13462165972146134,1.0375224722769671,-0.32852622317729974
w3,champ_large:0.50+prox52:0.20+lowmax:0.30,0.13462031083861592,0.910151663707355,-0.3784910366106168
w3,champ_qtr:0.34+lowmax:0.33+amihud:0.33,0.13457443643629619,0.8449047909114297,-0.4957942221146441
w3,champ_n5:0.34+champ_tail:0.20+lowmax:0.46,0.1345194094994202,1.024373589380585,-0.3104198124420007
w3,champ_n5:0.34+lowmax:0.33+amihud:0.33,0.1344617521763951,0.8383012926840623,-0.4724224260401647
w3,champ_n20:0.34+champ_tail:0.20+lowmax:0.46,0.13436714019672302,1.0300996514767076,-0.33535791505226187
w2,prox52:0.6+lowmax,0.1343039989730357,0.8204764087483849,-0.5287875672149893
w2,momcons:0.1+amihud,0.1342729189229177,0.5896424784365895,-0.7202650347646544
w2,mom_only:0.1+lowvol,0.13426357364549912,1.1133773777801697,-0.2385076240954136
w3,champ_n20:0.34+lowmax:0.33+amihud:0.33,0.13412415210314332,0.8357999526510146,-0.4913614698602261
eq3,champ_mid+lowvol+lowmax,0.1339399057232491,1.1224364915476588,-0.28760861645945535
w3,champ_large:0.50+lowmax:0.20+amihud:0.30,0.1337719279716003,0.8137911953464674,-0.4663615986367202
w3,champ_mid:0.20+prox52:0.33+lowmax:0.47,0.13372119933576743,0.930608186727102,-0.42393486867316255
w3,champ:0.34+lowmax:0.50+momcons:0.16,0.13371914911862914,0.9879169229656496,-0.3544130730011399
w2,lowvol:0.8+prox52,0.13365292257800676,1.0823385241167183,-0.2650879972967022
eq3,champ_qtr+lowmax+amihud,0.13364610800252397,0.838244194540925,-0.4980037316682825
eq3,champ_n5+lowmax+amihud,0.1335433804528101,0.8320594011611298,-0.4751925330385999
w2,prox52:0.1+amihud,0.1333903139487893,0.585123003857832,-0.7313523056477963
w3,champ_n5:0.20+lowmax:0.20+amihud:0.60,0.13330331254017636,0.6938822246975336,-0.603562684147855
w3,champ_qtr:0.20+lowmax:0.20+amihud:0.60,0.1332590083256977,0.6942203881974963,-0.6140900560979186
eq3,champ_n20+lowmax+amihud,0.13319826022023018,0.829247844877772,-0.4936757633191955
w3,champ_tail:0.34+lowmax:0.33+amihud:0.33,0.13304100039886357,0.8313310191541143,-0.49286270863111203
w3,champ:0.34+lowvol:0.33+lowmax:0.33,0.13299461112076427,1.1098313572640748,-0.2874090172061141
w3,champ_n20:0.20+champ_qtr:0.33+lowmax:0.47,0.13295581759242658,1.0079987216498314,-0.33233530513765885
w3,lowvol:0.20+lowmax:0.33+momcons:0.47,0.13293729934934384,0.9307665159276968,-0.3581843873020216
w3,champ_n5:0.20+champ_n20:0.33+lowmax:0.47,0.13291994790566974,1.004141293603776,-0.32061798845342204
w3,champ_n5:0.20+champ_qtr:0.33+lowmax:0.47,0.13290292696771555,0.9977958854362421,-0.3210739622827845
w3,champ_large:0.34+mom_only:0.20+lowmax:0.46,0.1328270028176961,0.8931516437027947,-0.3702246336596159
w3,champ_n20:0.20+lowmax:0.20+amihud:0.60,0.1328164811213366,0.6890647743818566,-0.6124653593323737
w3,champ:0.20+prox52:0.33+lowmax:0.47,0.13247224321928552,0.9220982356062744,-0.43297708868099083
eq4,champ_large+lowvol+lowmax+momcons,0.1324247499747333,0.9855863772460021,-0.3232590908868719
w3,champ_n5:0.20+champ_tail:0.33+lowmax:0.47,0.13230008680117922,1.0220259046485398,-0.3165892650835985
w3,champ_large:0.20+champ_mid:0.33+lowmax:0.47,0.13229778158254457,1.0066500292452671,-0.3221752783828188
w3,champ_qtr:0.20+champ_tail:0.33+lowmax:0.47,0.13224952146026525,1.023921952843975,-0.32673441159995076
w3,champ_tail:0.20+lowmax:0.20+amihud:0.60,0.1321936093897138,0.6869152860192566,-0.6131319257535939
eq3,champ_tail+lowmax+amihud,0.13213984997977124,0.8249297879197117,-0.4951459712346823
w3,champ_qtr:0.34+prox52:0.20+lowmax:0.46,0.13211688619718642,0.9618209644450966,-0.3939405532623089
w3,champ_n20:0.20+champ_tail:0.33+lowmax:0.47,0.1320226464824532,1.0154561673667708,-0.32823914766068396
w3,champ:0.34+champ_large:0.20+lowmax:0.46,0.1320044547996364,0.985280399475044,-0.3322883826797647
w3,champ_n5:0.34+prox52:0.20+lowmax:0.46,0.13198555682768376,0.9500673868562928,-0.36306958176231807
w3,champ_n20:0.34+prox52:0.20+lowmax:0.46,0.1318829914071975,0.9565566595387753,-0.40311725930290143
eq3,champ+lowvol+lowmax,0.13184657371766173,1.1030804258584408,-0.2872307158844588
w3,lowvol:0.50+prox52:0.33+lowmax:0.17,0.13178165449780055,0.9966560174275209,-0.36307583548864075
w3,champ_qtr:0.20+mom_fast:0.20+lowmax:0.60,0.1316373703061644,0.8954006691442015,-0.3825827519168232
w3,champ_n5:0.20+mom_fast:0.20+lowmax:0.60,0.13163649843066572,0.8925364790756963,-0.36525441053443
w3,champ_n20:0.20+mom_fast:0.20+lowmax:0.60,0.1313756310785772,0.888621399939473,-0.3924414756687312
eq4,champ_large+lowvol+prox52+lowmax,0.13128327503762183,0.9678420759775498,-0.3663358796132363
w2,champ_large:0.3+lowvol,0.1310122562318592,1.071197640979525,-0.25646335979471613
w3,champ_tail:0.34+prox52:0.20+lowmax:0.46,0.13096125653311996,0.9589391197864244,-0.38879533882371364
w3,champ_tail:0.20+mom_fast:0.20+lowmax:0.60,0.1308344594510522,0.8891679504239596,-0.3804959752325926
w2,champ_large:0.1+amihud,0.13079997654977138,0.5829080949790876,-0.7112102543500178
w3,champ_mid:0.20+mom_only:0.20+lowmax:0.60,0.13053155140978845,0.905730225116777,-0.3772187969385705
eq4,champ_qtr+lowvol+lowmax+amihud,0.13043709110746993,0.9175608419476403,-0.42227371952150694
eq4,champ_n5+lowvol+lowmax+amihud,0.1304029188653657,0.9123682142332852,-0.4007875974706877
eq4,champ_n20+lowvol+lowmax+amihud,0.13013579904393158,0.9092431578774852,-0.41665938232608246
w3,champ_large:0.50+lowmax:0.33+momcons:0.17,0.13006327098969916,0.894336679796086,-0.34503056879143756
w3,champ_mid:0.20+lowmax:0.50+momcons:0.30,0.12999455431829743,0.9325443718450057,-0.3576507707776083
w3,lowmax:0.20+momcons:0.20+amihud:0.60,0.1296289301903264,0.6585911913734757,-0.6341736287596611
eq4,champ_tail+lowvol+lowmax+amihud,0.1294400932673565,0.909509376839106,-0.4182896608129585
w3,champ:0.20+mom_only:0.20+lowmax:0.60,0.12933248423326482,0.8990378124506399,-0.38668722749371576
w3,mom_only:0.20+lowvol:0.50+lowmax:0.30,0.12921319031110423,0.9987690209914579,-0.3130217484720672
w2,lowvol:0.4+amihud,0.12909304314813075,0.6965643177566783,-0.5732259934692783
w2,lowvol:0.3+amihud,0.12883046457499758,0.6482436286895195,-0.6235408062541897
w3,champ:0.20+lowmax:0.50+momcons:0.30,0.12868764093762786,0.9212286548314651,-0.3719849835106971
w2,lowvol:0.5+amihud,0.1285716682580491,0.7523758600465635,-0.5168476783596196
eq2,lowvol+amihud,0.1285716682580491,0.7523758600465635,-0.5168476783596196
w2,champ_mid:0.1+lowvol,0.12846536456777113,1.120741571079477,-0.23286457019206852
w3,champ_large:0.34+lowmax:0.20+amihud:0.46,0.12844688646553304,0.724304669701057,-0.5441690372154631
eq3,lowmax+momcons+amihud,0.1283974932919083,0.7519649428058222,-0.5396399352678433
w3,lowvol:0.50+lowmax:0.20+momcons:0.30,0.12828390703579928,1.017182029817871,-0.30032718545720705
w3,prox52:0.20+lowmax:0.20+amihud:0.60,0.12810968193392824,0.646567941424053,-0.6629392036089513
w2,champ:0.1+lowvol,0.12782238735913332,1.1133106642519417,-0.23274469891181715
w2,lowvol:0.2+amihud,0.1277840256877174,0.6067061895150871,-0.6684692160720539
w3,champ_n5:0.20+prox52:0.33+lowmax:0.47,0.12778398870811936,0.8911450948172932,-0.42725729770701093
w3,mom_fast:0.20+prox52:0.20+lowmax:0.60,0.12777149286953304,0.8225330056445846,-0.4513216937152167
w3,champ_qtr:0.20+prox52:0.33+lowmax:0.47,0.1277619264086045,0.893337589443951,-0.44285111599465987
w3,champ_n20:0.20+prox52:0.33+lowmax:0.47,0.1275553079120002,0.888148570910722,-0.44097973397154666
w3,lowmax:0.34+momcons:0.33+amihud:0.33,0.1274899967140457,0.7499351056480872,-0.5382605695602707
w3,champ_large:0.50+lowvol:0.33+lowmax:0.17,0.12743641758254176,0.9650081910962307,-0.2965168946931308
w3,champ_mid:0.20+lowmax:0.33+amihud:0.47,0.12738664196281668,0.7295531159306238,-0.5517163458324019
w2,lowvol:0.6+amihud,0.12726780923265202,0.8154578568303539,-0.45376808127642165
w2,champ_qtr:0.5+lowmax,0.12709960935770193,0.9631269929747942,-0.3314049394667532
eq2,champ_qtr+lowmax,0.12709960935770193,0.9631269929747942,-0.3314049394667532
w3,champ_tail:0.20+prox52:0.33+lowmax:0.47,0.1270937177125515,0.8917131218176075,-0.4403097998139114
eq4,lowvol+lowmax+momcons+amihud,0.12698804363419924,0.8403896283301476,-0.45633383436621
eq2,champ_n20+lowmax,0.12697304161145184,0.9650925174318354,-0.3532479150222768
w2,champ_n20:0.5+lowmax,0.12697304161145184,0.9650925174318354,-0.3532479150222768
w3,prox52:0.34+lowmax:0.33+amihud:0.33,0.12691006858991383,0.7293474925190275,-0.5987674785766792
eq2,champ_n5+lowmax,0.12661631204835055,0.9317261113007297,-0.30561976996101725
w2,champ_n5:0.5+lowmax,0.12661631204835055,0.9317261113007297,-0.30561976996101725
w3,champ:0.20+lowmax:0.33+amihud:0.47,0.12629504872424735,0.726019053562917,-0.55785442733932
eq3,prox52+lowmax+amihud,0.126140944680039,0.7258773103361242,-0.5987116181912737
w2,lowvol:0.1+amihud,0.12595538295211495,0.5709946727446268,-0.7085354247081752
w3,champ_mid:0.34+lowmax:0.50+amihud:0.16,0.12592343050775345,0.8980173377188363,-0.3808582183861924
w3,champ_qtr:0.34+lowmax:0.50+momcons:0.16,0.12571631783308046,0.9353086145139797,-0.35027241998498837
w3,mom_fast:0.20+lowmax:0.50+amihud:0.30,0.1256819473985058,0.7237087339053933,-0.534270185815894
w2,champ_large:0.7+lowmax,0.12565650134247464,0.8508685782785044,-0.33353892278394215
w2,champ_large:0.2+lowvol,0.12562543008174054,1.0632440529086737,-0.24593506964191447
w3,champ_n5:0.34+lowmax:0.50+momcons:0.16,0.12554838317415618,0.9218757747758117,-0.32637663314932497
w3,champ_n20:0.34+lowmax:0.50+momcons:0.16,0.12550492973232386,0.9309118611382995,-0.3671546529404436
w2,champ_n5:0.1+lowvol,0.1254859157063677,1.0921896164666587,-0.22919463621911385
w2,champ_qtr:0.1+lowvol,0.12547804381933103,1.0947604773096906,-0.23482893568611096
eq4,lowvol+prox52+lowmax+amihud,0.12545206101087647,0.8163869507456243,-0.5094928526286502
w2,champ_n20:0.1+lowvol,0.12541281989445552,1.0924416444923144,-0.23501216456924934
eq2,champ_tail+lowmax,0.12536177029691142,0.9568129362643126,-0.32738489298728035
w2,champ_tail:0.5+lowmax,0.12536177029691142,0.9568129362643126,-0.32738489298728035
w2,champ_tail:0.1+lowvol,0.1252275722504621,1.1010430303927106,-0.23505353291818187
w2,lowvol:0.7+amihud,0.1251844920562606,0.8832076220804446,-0.38414502801461026
w3,champ_qtr:0.34+lowvol:0.33+lowmax:0.33,0.12498487379264533,1.0481465809437458,-0.29484065682140836
w3,champ_n20:0.34+lowvol:0.33+lowmax:0.33,0.12484056149993927,1.04630715660455,-0.2971422527587946
w3,champ_n5:0.34+lowvol:0.33+lowmax:0.33,0.12480148051733364,1.027366045569227,-0.276062778563571
w3,champ_n5:0.20+mom_only:0.20+lowmax:0.60,0.12467235067054494,0.8688602358081193,-0.3694621676992518
w3,champ_qtr:0.20+mom_only:0.20+lowmax:0.60,0.12464938726856412,0.8709473729479772,-0.3923636501456552
w3,champ_tail:0.34+lowmax:0.50+momcons:0.16,0.12462155277801812,0.9347454879888633,-0.3458664889042937
w2,lowvol:0.9+momcons,0.12460440537975903,1.0680303372590885,-0.24328186899807036
w3,champ_n20:0.20+mom_only:0.20+lowmax:0.60,0.12440407134628262,0.8645404450958237,-0.3955950456828824
w2,lowvol:0.9+prox52,0.12413446885865054,1.0570522381568837,-0.2398183556691208
w3,champ_mid:0.34+lowvol:0.20+lowmax:0.46,0.12406380900489133,1.0167586561128048,-0.30129900802102294
w3,champ_qtr:0.20+lowmax:0.50+momcons:0.30,0.12400712133531444,0.8921572847156489,-0.3718390756735208
w3,champ_qtr:0.34+champ_large:0.20+lowmax:0.46,0.12400369318497106,0.9316441204492794,-0.330726166377573
eq3,champ_qtr+lowvol+lowmax,0.12400131823453076,1.0425068321154474,-0.2944249253319642
w3,champ_n5:0.20+lowmax:0.50+momcons:0.30,0.12399096555468003,0.8883261472081844,-0.3528061649598422
w3,champ_tail:0.20+mom_only:0.20+lowmax:0.60,0.12392829792251336,0.8672888720079512,-0.3878946542497975
w3,champ_tail:0.34+lowvol:0.33+lowmax:0.33,0.12392352996435019,1.0522078631328158,-0.294754550228441
w3,champ:0.34+lowmax:0.50+amihud:0.16,0.12392095570881834,0.887395116822094,-0.3986155486950358
w3,champ_n5:0.34+champ_large:0.20+lowmax:0.46,0.123878267529556,0.919885467789476,-0.3134948987736138
w3,champ_n20:0.34+champ_large:0.20+lowmax:0.46,0.12387215150021302,0.9308291949634454,-0.3454180105724338
eq3,champ_n20+lowvol+lowmax,0.12385625855564042,1.040458671976499,-0.29722428122701183
eq3,champ_n5+lowvol+lowmax,0.12382855673919235,1.0225865852836664,-0.2761229714517699
w3,champ_n20:0.20+lowmax:0.50+momcons:0.30,0.12381849397216782,0.8873365133695114,-0.379353311915101
w3,champ_tail:0.20+lowmax:0.50+momcons:0.30,0.12340812249248745,0.8931996862754904,-0.3670768462437035
eq3,champ_tail+lowvol+lowmax,0.12296215639723251,1.04647393605054,-0.2944509766984621
w2,mom_fast:0.3+lowmax,0.1226905106614633,0.7754758548381038,-0.4177792250923381
w3,champ_large:0.34+champ_mid:0.20+lowmax:0.46,0.1226005694615131,0.9250237140748675,-0.3266087425959272
w2,lowvol:0.8+amihud,0.12232628859741834,0.9481221913292676,-0.3115479101901997
w3,champ_large:0.20+lowmax:0.20+amihud:0.60,0.12217848433507505,0.6436441762840561,-0.6107048026179621
w3,champ:0.34+lowvol:0.20+lowmax:0.46,0.12196538357069753,0.9992848402955516,-0.3142732800000102
w3,mom_fast:0.20+lowvol:0.33+lowmax:0.47,0.12174036250623677,0.8971169944105493,-0.34445697460509195
w3,champ_n5:0.20+lowmax:0.33+amihud:0.47,0.12170073567540385,0.7040869491321543,-0.555721336001873
w3,champ_qtr:0.20+lowmax:0.33+amihud:0.47,0.12166593195742204,0.704749303740628,-0.5675019261748715
w3,champ_large:0.20+champ_tail:0.33+lowmax:0.47,0.12149057376828498,0.9405095849296479,-0.3276391366911945
w3,champ_n20:0.20+lowmax:0.33+amihud:0.47,0.12128762142337535,0.6991359654353658,-0.5654610018983879
w3,mom_only:0.20+prox52:0.20+lowmax:0.60,0.1211048991273127,0.8054072628859505,-0.46808736813622753
w2,lowmax:0.5+momcons,0.12076210372373786,0.8130012242133102,-0.40226910609002886
eq2,lowmax+momcons,0.12076210372373786,0.8130012242133102,-0.40226910609002886
w3,prox52:0.20+lowmax:0.50+momcons:0.30,0.12074415324706078,0.8302137295964307,-0.440310807820569
w3,champ_tail:0.20+lowmax:0.33+amihud:0.47,0.1206836906464297,0.6970427391442142,-0.5661903990591188
w3,champ_large:0.20+mom_fast:0.20+lowmax:0.60,0.12067208222881387,0.8195073994397314,-0.3896830581863644
w3,champ_large:0.34+lowvol:0.50+lowmax:0.16,0.12035573394954535,0.9878242198635064,-0.277786899361267
eq3,lowvol+lowmax+momcons,0.12029795673786703,0.9276636869591288,-0.328609357841951
w3,lowvol:0.34+lowmax:0.33+momcons:0.33,0.1202713976305736,0.9298429882276048,-0.32718569833509736
w2,champ_large:0.1+lowvol,0.12005742464364233,1.0412908369608547,-0.2353087407655905
w2,champ_mid:0.4+lowmax,0.1199093452119373,0.9255085731781524,-0.3213880864088654
w3,prox52:0.34+lowmax:0.50+momcons:0.16,0.119838407943329,0.8142135141439062,-0.4715753928902098
w3,champ_large:0.50+lowmax:0.33+amihud:0.17,0.1197670584747692,0.8062716951712953,-0.40953079908593504
w3,champ:0.20+champ_large:0.33+lowmax:0.47,0.11964112565126062,0.892160797046931,-0.33714689464229874
w3,mom_only:0.20+lowmax:0.50+amihud:0.30,0.11932455701448164,0.7091306510768912,-0.5314553215545232
w3,champ:0.20+champ_mid:0.20+lowmax:0.60,0.11887499233339849,0.925516803291548,-0.3354871027863392
w2,lowvol:0.9+amihud,0.11869930093534542,0.9952603374273422,-0.26038148242927317
eq3,lowvol+prox52+lowmax,0.11855425782905149,0.893547428880872,-0.4039863734214305
w3,lowvol:0.34+prox52:0.33+lowmax:0.33,0.11854834234356648,0.8959598033848825,-0.4017979134009909
w3,champ_mid:0.20+lowvol:0.50+lowmax:0.30,0.1184672689187265,1.0468383868362348,-0.2736554549296384
w2,prox52:0.5+lowmax,0.11790551341298983,0.7718220653156468,-0.5069473877673935
eq2,prox52+lowmax,0.11790551341298983,0.7718220653156468,-0.5069473877673935
w2,champ:0.4+lowmax,0.11747684937869507,0.9080770258461099,-0.35044745029145563
w3,lowmax:0.34+momcons:0.20+amihud:0.46,0.11744960980242802,0.6643549667837062,-0.5860241651851119
w2,lowmax:0.1+amihud,0.11736293259265085,0.5413577970558572,-0.7193622941961663
w3,champ:0.20+lowvol:0.50+lowmax:0.30,0.11722103536593687,1.0342767754096396,-0.2734314438730573
w3,prox52:0.20+lowmax:0.33+amihud:0.47,0.11700753459795354,0.6514468245304185,-0.6217829111962809
w3,champ_large:0.20+prox52:0.33+lowmax:0.47,0.11684479214115284,0.8152566174552139,-0.43999292765457554
eq4,champ_large+lowvol+lowmax+amihud,0.11672484350321333,0.817103235254917,-0.4232069936209838
w3,champ_large:0.50+lowvol:0.20+lowmax:0.30,0.11668933998231412,0.8826680787703008,-0.31128177061371776
w3,champ_large:0.34+champ_tail:0.20+lowmax:0.46,0.11615407090688268,0.8880770440329185,-0.3303156413221794
w3,champ_qtr:0.34+lowmax:0.50+amihud:0.16,0.11600119528223929,0.8378917418236591,-0.4217263876133749
w3,champ_n5:0.34+lowmax:0.50+amihud:0.16,0.1158700507042385,0.8283233494362974,-0.39237290457857577
w3,champ_large:0.34+lowmax:0.33+amihud:0.33,0.11580372505373404,0.7283746249459254,-0.4945986126689479
w3,champ_n20:0.34+lowmax:0.50+amihud:0.16,0.1156908060580133,0.8306149596504034,-0.4133298293448783
eq3,champ_large+lowmax+amihud,0.1152586134802589,0.7245178734097506,-0.49657974837794183
w3,champ_n5:0.20+champ_large:0.33+lowmax:0.47,0.11501140479109506,0.8592047862420079,-0.3213711498523235
w3,champ_qtr:0.20+champ_large:0.33+lowmax:0.47,0.11498465805584712,0.8614037964608979,-0.33446816735491325
w3,champ_n20:0.20+champ_large:0.33+lowmax:0.47,0.11487729597972018,0.8596885264593697,-0.3448768884770539
w3,mom_only:0.20+lowvol:0.33+lowmax:0.47,0.11482275424623478,0.8729367545434364,-0.3569264828029217
w3,champ_tail:0.34+lowmax:0.50+amihud:0.16,0.11465479680660828,0.826791055635224,-0.41539043114376306
w3,champ_qtr:0.20+champ_mid:0.20+lowmax:0.60,0.11423821477229312,0.8939233182606754,-0.3327181259136236
w3,champ_n5:0.20+champ_mid:0.20+lowmax:0.60,0.11423310925057639,0.8898467670875421,-0.3151698272364033
w3,champ_n20:0.20+champ_mid:0.20+lowmax:0.60,0.11406777516253053,0.8889947907413933,-0.34326191893312885
w3,champ_qtr:0.34+lowvol:0.20+lowmax:0.46,0.11402704828711374,0.9395177350454486,-0.3094468287249501
w3,champ_n20:0.34+lowvol:0.20+lowmax:0.46,0.11386753150343498,0.9369126749728148,-0.3277449773916844
w3,champ_n5:0.34+lowvol:0.20+lowmax:0.46,0.1138577556981959,0.9227716174157796,-0.29060778075821614
w3,champ_large:0.20+mom_only:0.20+lowmax:0.60,0.11373626366707934,0.7929267040137944,-0.3977370667182303
w3,champ_tail:0.20+champ_mid:0.20+lowmax:0.60,0.11355666299719913,0.8914700490518652,-0.3303794730484474
w3,champ_large:0.34+prox52:0.20+lowmax:0.46,0.11348399094358119,0.818160343685899,-0.39836377271710777
w3,champ_large:0.20+lowmax:0.50+momcons:0.30,0.11311669925011514,0.8111038920339394,-0.3766126360073815
w3,champ_tail:0.34+lowvol:0.20+lowmax:0.46,0.11292102509136659,0.9385601170671002,-0.30816573680938186
w3,champ:0.20+champ_qtr:0.20+lowmax:0.60,0.11290093498598108,0.8792912315013387,-0.34770027179432417
w3,champ:0.20+champ_n5:0.20+lowmax:0.60,0.11284440911758953,0.8730778537871197,-0.3294812992213584
w3,champ:0.20+champ_n20:0.20+lowmax:0.60,0.1128107331173187,0.8781215487992692,-0.3579355534352441
w2,champ_large:0.6+lowmax,0.11280560441947785,0.802743170265283,-0.3335002283310343
w3,champ_qtr:0.20+lowvol:0.50+lowmax:0.30,0.11257133087541882,0.996448670953791,-0.2774134167847274
w3,champ_n5:0.20+lowvol:0.50+lowmax:0.30,0.11254486376819295,0.9889188203008908,-0.2666598895638461
w2,mom_only:0.3+lowmax,0.11253996842431602,0.7417755132133613,-0.4422689920750227
w3,champ:0.20+champ_tail:0.20+lowmax:0.60,0.11246521248879082,0.888240524361345,-0.3451985245991229
w3,champ_n20:0.20+lowvol:0.50+lowmax:0.30,0.1124487356396946,0.9926173581466171,-0.27774725318212656
w3,lowvol:0.20+lowmax:0.20+amihud:0.60,0.11234490283548615,0.6177425769405089,-0.6033436380637712
w3,champ_tail:0.20+lowvol:0.50+lowmax:0.30,0.11198455898296977,1.0010466416603185,-0.27783387973960016
w3,lowvol:0.34+lowmax:0.20+amihud:0.46,0.11167674566383701,0.6869208535330827,-0.5275970131718033
w3,champ_mid:0.20+prox52:0.20+lowmax:0.60,0.11127568342180738,0.8325647440415671,-0.4023155897937002
w3,lowmax:0.50+momcons:0.33+amihud:0.17,0.11073718507147623,0.7371001815068063,-0.47164177776468197
w3,champ_large:0.20+lowmax:0.33+amihud:0.47,0.11073311182910883,0.6469933906187001,-0.5637216440539219
w2,lowmax:0.2+amihud,0.11067202243344765,0.5413522719512678,-0.69255040257049
w3,champ_mid:0.20+lowmax:0.50+amihud:0.30,0.11050786877551833,0.7320351151222161,-0.4806880778048953
w3,mom_fast:0.20+lowvol:0.20+lowmax:0.60,0.11048267932913824,0.7989399603517483,-0.3733675468325429
w3,champ:0.20+prox52:0.20+lowmax:0.60,0.1100619930562814,0.8240635559057465,-0.4127046882286256
w3,lowvol:0.50+prox52:0.20+lowmax:0.30,0.1096315416636302,0.912807873664746,-0.33922366127880643
w3,prox52:0.34+lowmax:0.50+amihud:0.16,0.10942804649507143,0.7168780496332838,-0.5364863492022809
w3,champ:0.20+lowmax:0.50+amihud:0.30,0.109388828126739,0.7272479693713976,-0.48819717840415666
w3,lowvol:0.50+lowmax:0.20+amihud:0.30,0.10906337312760073,0.7814616727215022,-0.42588470082498464
w3,champ_n5:0.20+champ_qtr:0.20+lowmax:0.60,0.1082345614659852,0.8420122325784535,-0.3266829828166087
w3,champ_n20:0.20+champ_qtr:0.20+lowmax:0.60,0.10820255847822735,0.8469245576554217,-0.35526778053659214
w3,champ_n5:0.20+champ_n20:0.20+lowmax:0.60,0.10819717750564828,0.843146963638854,-0.33721729379098875
w2,champ_qtr:0.4+lowmax,0.10817031110989617,0.8427007106104984,-0.3450609865356995
w2,champ_n20:0.4+lowmax,0.10799778640692792,0.8407626194167745,-0.36546310548497574
w2,champ_n5:0.4+lowmax,0.10791790300969684,0.8253748641666381,-0.31275913799505883
w3,champ_n5:0.20+champ_tail:0.20+lowmax:0.60,0.107866671372014,0.8531797554474398,-0.3240403566764547
w3,champ_qtr:0.20+champ_tail:0.20+lowmax:0.60,0.10783615209812458,0.8555089449981663,-0.3424694709710333
w3,champ_n20:0.20+champ_tail:0.20+lowmax:0.60,0.10763882011787707,0.8494423989358081,-0.3528960277976183
w3,champ_large:0.34+lowmax:0.50+momcons:0.16,0.10718584000552211,0.7895307608502757,-0.3625025832225264
w2,champ_tail:0.4+lowmax,0.10678703992946237,0.8362640432375134,-0.3406138955075436
w3,lowvol:0.20+prox52:0.33+lowmax:0.47,0.10676399498943323,0.7980494238202079,-0.4349985495317681
w2,lowvol:0.9+lowmax,0.10665957472089227,0.9623980853346524,-0.235786872655536
w3,champ_large:0.34+lowvol:0.33+lowmax:0.33,0.10651301658835988,0.8744612527088961,-0.29653972359157643
eq3,champ_large+lowvol+lowmax,0.10590902460763885,0.8721730263609093,-0.2961603367674692
w3,champ_n5:0.20+prox52:0.20+lowmax:0.60,0.10545170599071763,0.7909227054227895,-0.39501671503607083
w3,champ_qtr:0.20+prox52:0.20+lowmax:0.60,0.10543799052782354,0.7933561371032761,-0.4153331326008166
w3,champ_n20:0.20+prox52:0.20+lowmax:0.60,0.10525256850947384,0.788779766090417,-0.4204073006809904
w3,lowvol:0.50+lowmax:0.33+momcons:0.17,0.10524644491603552,0.9013724886384843,-0.2952059062015614
w3,champ_n5:0.20+lowmax:0.50+amihud:0.30,0.10482593509184324,0.7005245044167696,-0.4857560706329226
w3,champ_qtr:0.20+lowmax:0.50+amihud:0.30,0.10480341238283053,0.7017989518660709,-0.4993663622334721
w3,champ_tail:0.20+prox52:0.20+lowmax:0.60,0.10476266571415338,0.7906663538579577,-0.41144817871440464
w3,champ_n20:0.20+lowmax:0.50+amihud:0.30,0.10450787659517324,0.6960428702144194,-0.4967984432559597
w3,champ_mid:0.20+lowvol:0.33+lowmax:0.47,0.10437401895575649,0.9048310017374469,-0.29169014238095836
w3,champ_tail:0.20+lowmax:0.50+amihud:0.30,0.1039297902802283,0.6942170354032458,-0.49752152586653997
w3,champ_large:0.20+champ_mid:0.20+lowmax:0.60,0.10365217458567266,0.8128666976897334,-0.34023251291158996
w3,mom_only:0.20+lowvol:0.20+lowmax:0.60,0.10363352651561075,0.7721601697320831,-0.3891755091383041
w2,lowmax:0.6+momcons,0.10336297536339711,0.7354863431454909,-0.39977682584432817
w2,lowmax:0.3+amihud,0.10328729000342363,0.5394029486989734,-0.6635391765165226
w3,champ:0.20+lowvol:0.33+lowmax:0.47,0.1031573131265362,0.8940331223025092,-0.30748000649758656
w3,lowvol:0.20+lowmax:0.50+momcons:0.30,0.10314658458021131,0.79794763741866,-0.35981563823673623
w3,champ:0.20+champ_large:0.20+lowmax:0.60,0.10222119625206383,0.7947034372413234,-0.35510591550662407
w3,lowmax:0.50+momcons:0.20+amihud:0.30,0.1019248806361559,0.6561616894708565,-0.5244191494710458
w3,champ_large:0.20+lowvol:0.50+lowmax:0.30,0.10184393025534821,0.890692956006842,-0.27836469797140595
w2,prox52:0.4+lowmax,0.10132260993876563,0.708108207766752,-0.4900194297376512
w3,lowvol:0.20+lowmax:0.33+amihud:0.47,0.10085121374387662,0.6190010404855005,-0.5553305548563001
w3,prox52:0.20+lowmax:0.50+amihud:0.30,0.10077932636319842,0.643358370656294,-0.5618809533638038
eq2,champ_large+lowmax,0.09983528179928336,0.7426986013196367,-0.3464268301650748
w2,champ_large:0.5+lowmax,0.09983528179928336,0.7426986013196367,-0.3464268301650748
w3,lowvol:0.34+lowmax:0.33+amihud:0.33,0.09897065401623473,0.6896173998140679,-0.4714708708351195
w2,lowvol:0.8+lowmax,0.09890422469433613,0.9082388980983286,-0.24686204557166358
eq3,lowvol+lowmax+amihud,0.09875536010927433,0.6859027891781296,-0.4742739407529344
w3,champ_qtr:0.20+lowvol:0.33+lowmax:0.47,0.09856119499376459,0.8575116712987778,-0.3046077509516958
w3,champ_n5:0.20+lowvol:0.33+lowmax:0.47,0.09854436910040598,0.8520871231159796,-0.2852063435304377
w3,champ_n20:0.20+lowvol:0.33+lowmax:0.47,0.0984275042495939,0.8536345527991276,-0.3155441230095588
w2,champ_mid:0.3+lowmax,0.09797229225720261,0.7729294337270267,-0.3451515551639094
w3,champ_tail:0.20+lowvol:0.33+lowmax:0.47,0.09794006838066771,0.8578165629729557,-0.30213379043685906
w3,champ_n5:0.20+champ_large:0.20+lowmax:0.60,0.09764668781219488,0.7605603934811036,-0.3343000661782345
w3,champ_qtr:0.20+champ_large:0.20+lowmax:0.60,0.09763002377448604,0.7629312693021156,-0.3524673042745273
w3,champ_large:0.34+lowmax:0.50+amihud:0.16,0.09761233046687234,0.7026483001763938,-0.4231019506642004
w3,champ_n20:0.20+champ_large:0.20+lowmax:0.60,0.09750389853158925,0.7604636958985659,-0.36264527365390953
w3,champ_large:0.20+champ_tail:0.20+lowmax:0.60,0.09725021723244542,0.7717493346673248,-0.3499592035771846
w3,lowvol:0.34+prox52:0.20+lowmax:0.46,0.09645305341177735,0.7940095450272463,-0.3793035338216948
w2,champ:0.3+lowmax,0.09619062773686804,0.7603584755928704,-0.36652444287222663
w3,champ_large:0.34+lowvol:0.20+lowmax:0.46,0.09573720851189171,0.776863342840465,-0.32279006177727276
w2,lowmax:0.4+amihud,0.09522222629965249,0.5343410257958108,-0.6321865194779743
w3,lowvol:0.50+lowmax:0.33+amihud:0.17,0.09499847761061453,0.7744148281819525,-0.3643372025806514
w3,champ_large:0.20+prox52:0.20+lowmax:0.60,0.0947555793546484,0.7124755894797334,-0.42047082989835916
w3,champ_large:0.20+lowmax:0.50+amihud:0.30,0.09407893463644412,0.6336451458019258,-0.49758133052297215
w3,champ_mid:0.20+lowvol:0.20+lowmax:0.60,0.09341114692091845,0.7888004016296613,-0.3227074742800985
w2,mom_fast:0.2+lowmax,0.09286455309067221,0.6500575464959946,-0.4210667158663519
w3,champ:0.20+lowvol:0.20+lowmax:0.60,0.09221695385564765,0.7792359650667784,-0.33780312213445773
w2,lowvol:0.7+lowmax,0.09104771581583093,0.8429954600855378,-0.25781054292263617
w3,lowvol:0.34+lowmax:0.50+momcons:0.16,0.09027325730129099,0.7639521112867202,-0.3331241511835594
w2,champ_qtr:0.3+lowmax,0.08933433822237324,0.7117246920208702,-0.3625739435307649
w2,champ_n5:0.3+lowmax,0.08924238791074623,0.704194074585003,-0.33570163804638775
w2,champ_n20:0.3+lowmax,0.08915332554670141,0.7083730567278858,-0.3775914992964722
w2,champ_tail:0.3+lowmax,0.08830255199921422,0.7060142084968439,-0.35962052768606134
w3,champ_large:0.20+lowvol:0.33+lowmax:0.47,0.08797060027523829,0.7596591566639337,-0.31251156191437457
w3,champ_qtr:0.20+lowvol:0.20+lowmax:0.60,0.08766254773056747,0.7443644238101661,-0.3350511061713336
w3,champ_n5:0.20+lowvol:0.20+lowmax:0.60,0.08765298283183931,0.740463190426175,-0.3164779952846717
w3,champ_n20:0.20+lowvol:0.20+lowmax:0.60,0.08752068963611559,0.7407609513195013,-0.34553795966978496
w3,champ_tail:0.20+lowvol:0.20+lowmax:0.60,0.08701609153034195,0.7422436633902261,-0.3327025711277667
w2,champ_large:0.4+lowmax,0.08675272877674622,0.6706050711593422,-0.3600397234526377
eq2,lowmax+amihud,0.08649150492131397,0.5244039237526599,-0.598347033196825
w2,lowmax:0.5+amihud,0.08649150492131397,0.5244039237526599,-0.598347033196825
w2,mom_only:0.2+lowmax,0.08612219240860863,0.6204679421870467,-0.43792608990448
w2,lowmax:0.7+momcons,0.08592133251726342,0.6434783030107186,-0.4029251925878773
w3,lowvol:0.20+prox52:0.20+lowmax:0.60,0.08472388585466395,0.6842234402693879,-0.41390870743857655
w2,prox52:0.3+lowmax,0.08457017067453498,0.6277248585943582,-0.475342247247291
w3,lowvol:0.20+lowmax:0.50+amihud:0.30,0.08415512293479743,0.6014871251826708,-0.48552474411798874
w2,lowvol:0.6+lowmax,0.08309269153758692,0.7689394449914236,-0.2776124249165165
w3,lowvol:0.34+lowmax:0.50+amihud:0.16,0.08073332444563452,0.6570156451176566,-0.40037546210841124
w3,champ_large:0.20+lowvol:0.20+lowmax:0.60,0.07717830264587455,0.6539841917561742,-0.34265061133676245
w2,lowmax:0.6+amihud,0.077110938853868,0.507057834493734,-0.5620048213343649
w2,champ_mid:0.2+lowmax,0.07624625019292197,0.6146156383137522,-0.3693872449532948
w2,champ:0.2+lowmax,0.0750865551779738,0.6065718947647527,-0.38238058382340623
eq2,lowvol+lowmax,0.07504181219626971,0.6891294289275742,-0.30422465329393034
w2,lowvol:0.5+lowmax,0.07504181219626971,0.6891294289275742,-0.30422465329393034
w2,champ_large:0.3+lowmax,0.07356513201511139,0.5876069446831498,-0.3735506949117062
w2,champ_n5:0.2+lowmax,0.07059890758692289,0.5727521315146064,-0.36245229012458
w2,champ_qtr:0.2+lowmax,0.0705975020232259,0.5748091306410041,-0.3847311966596779
w2,champ_n20:0.2+lowmax,0.07044362566932727,0.5719000472836019,-0.38962915758115113
w2,champ_tail:0.2+lowmax,0.06991369270939929,0.5705737120292721,-0.3801257708566963
w2,lowmax:0.8+momcons,0.06844748541764689,0.5383159186149205,-0.40763837462178776
w2,prox52:0.2+lowmax,0.06766303445066435,0.5309587381016295,-0.4605449464622793
w2,lowmax:0.7+amihud,0.06709743412192215,0.4789873399473578,-0.5228885980066293
w2,lowvol:0.4+lowmax,0.06689775347799909,0.6068503310559713,-0.33078121757318235
w2,mom_fast:0.1+lowmax,0.06310286015466016,0.4908455947896805,-0.4253382538243642
w2,champ_large:0.2+lowmax,0.06027966346623148,0.49619851688377675,-0.3902189586041558
w2,mom_only:0.1+lowmax,0.05974771082906227,0.47231712755658606,-0.4340469361641116
w2,lowvol:0.3+lowmax,0.05866320487758925,0.5250851316256309,-0.3565039940016538
w2,lowmax:0.8+amihud,0.05646894049051676,0.43660597557150926,-0.4926297209447208
w2,champ_mid:0.1+lowmax,0.05473539299325392,0.456179503218107,-0.40033203195118927
w2,champ:0.1+lowmax,0.054169389731881346,0.4523164101473505,-0.4046380866159299
w2,champ_n5:0.1+lowmax,0.05199641891692508,0.4369124782541043,-0.3966681362352029
w2,champ_qtr:0.1+lowmax,0.05196545499890082,0.4369282744121544,-0.40710216703803437
w2,champ_n20:0.1+lowmax,0.05187251619035127,0.4354283007874562,-0.4092971439188563
w2,champ_tail:0.1+lowmax,0.051625705431946445,0.43468963014164536,-0.40497385495443383
w2,lowmax:0.9+momcons,0.050951599963833694,0.4231531568760909,-0.4186128204423284
w2,prox52:0.1+lowmax,0.05061597663269635,0.4207577221401485,-0.44564034169720546
w2,lowvol:0.2+lowmax,0.05034086815271199,0.44617672940107134,-0.3814111546762141
w2,champ_large:0.1+lowmax,0.04690347437428999,0.3998995933761769,-0.40975278083593625
w2,lowmax:0.9+amihud,0.045244399405026,0.37750363409984705,-0.46198970794127525
w2,lowvol:0.1+lowmax,0.041933455773659034,0.3717172369467056,-0.4062828399055751
