label,days,topn,side,gross_bp,net_bp,hit,std_bp,tstat,ann_net,h1_bp,h2_bp,consistent,sig,thresh,band
brkSig>=0.0|E10k1N5A,336,5,L,-6.37,-44.37,43.2,77.4,-1.51,-67.6,-8.92,-3.79,True,brkSig>=0.0,0.0,
brkSig>=0.0|E10k1N5A|fade,336,5,S,6.37,-31.63,56.2,77.4,1.51,-55.3,8.92,3.79,True,brkSig>=0.0_fade,0.0,
brkSig>=0.0|E10k1N5B,316,5,L,-7.73,-28.73,43.4,75.2,-1.83,-51.9,-7.13,-8.33,True,brkSig>=0.0,0.0,
brkSig>=0.0|E10k1N5B|fade,316,5,S,7.73,-13.27,56.0,75.2,1.83,-29.0,7.13,8.33,True,brkSig>=0.0_fade,0.0,
brkSig>=0.0|E10k1N10A,336,10,L,-7.18,-45.18,42.9,68.4,-1.93,-68.2,-8.84,-5.5,True,brkSig>=0.0,0.0,
brkSig>=0.0|E10k1N10A|fade,336,10,S,7.18,-30.82,56.5,68.4,1.93,-54.3,8.84,5.5,True,brkSig>=0.0_fade,0.0,
brkSig>=0.0|E10k1N10B,316,10,L,-7.18,-28.18,42.1,68.6,-1.86,-51.2,-5.08,-9.3,True,brkSig>=0.0,0.0,
brkSig>=0.0|E10k1N10B|fade,316,10,S,7.18,-13.82,57.3,68.6,1.86,-29.8,5.08,9.3,True,brkSig>=0.0_fade,0.0,
brkSig>=0.0|E10k1N20A,163,20,L,-3.26,-41.26,49.7,57.6,-0.72,-64.9,-5.06,-1.43,True,brkSig>=0.0,0.0,
brkSig>=0.0|E10k1N20A|fade,163,20,S,3.26,-34.74,50.3,57.6,0.72,-58.6,5.06,1.43,True,brkSig>=0.0_fade,0.0,
brkSig>=0.0|E10k1N20B,135,20,L,-2.47,-23.47,48.1,57.3,-0.5,-44.9,1.93,-6.94,False,brkSig>=0.0,0.0,
brkSig>=0.0|E10k1N20B|fade,135,20,S,2.47,-18.53,51.9,57.3,0.5,-37.6,-1.93,6.94,False,brkSig>=0.0_fade,0.0,
brkSig>=0.0|E11k1N5A,479,5,L,-5.07,-43.07,47.0,107.8,-1.03,-66.8,-10.33,0.21,False,brkSig>=0.0,0.0,
brkSig>=0.0|E11k1N5A|fade,479,5,S,5.07,-32.93,53.0,107.8,1.03,-57.1,10.33,-0.21,False,brkSig>=0.0_fade,0.0,
brkSig>=0.1|E11k1N5A,461,5,L,-4.38,-42.38,47.3,109.2,-0.86,-66.2,-9.02,0.28,False,brkSig>=0.1,0.1,
brkSig>=0.1|E11k1N5A|fade,461,5,S,4.38,-33.62,52.7,109.2,0.86,-57.8,9.02,-0.28,False,brkSig>=0.1_fade,0.1,
brkSig>=0.2|E11k1N5A,436,5,L,-2.03,-40.03,48.4,111.8,-0.38,-64.2,-6.89,2.88,False,brkSig>=0.2,0.2,
brkSig>=0.2|E11k1N5A|fade,436,5,S,2.03,-35.97,51.6,111.8,0.38,-60.3,6.89,-2.88,False,brkSig>=0.2_fade,0.2,
brkSig>=0.3|E11k1N5A,388,5,L,-4.78,-42.78,47.2,108.7,-0.87,-66.6,-6.98,-2.55,True,brkSig>=0.3,0.3,
brkSig>=0.3|E11k1N5A|fade,388,5,S,4.78,-33.22,52.8,108.7,0.87,-57.4,6.98,2.55,True,brkSig>=0.3_fade,0.3,
brkSig>=0.5|E11k1N5A,233,5,L,-8.17,-46.17,47.6,122.3,-1.02,-69.4,-9.15,-7.18,True,brkSig>=0.5,0.5,
brkSig>=0.5|E11k1N5A|fade,233,5,S,8.17,-29.83,52.4,122.3,1.02,-53.8,9.15,7.18,True,brkSig>=0.5_fade,0.5,
orb|or_w_sigQ1|E11k1N5A|L,444,5,L,-2.93,-40.93,50.0,82.7,-0.75,-64.7,-2.98,-2.88,True,orb_or_w_sig_Q1,,1.0
orb|or_w_sigQ1|E11k1N5A|S,444,5,S,2.93,-35.07,50.0,82.7,0.75,-59.1,2.98,2.88,True,orb_or_w_sig_Q1,,1.0
orb|or_w_sigQ2|E11k1N5A|L,417,5,L,6.04,-31.96,52.0,87.5,1.41,-55.8,3.98,8.1,True,orb_or_w_sig_Q2,,2.0
orb|or_w_sigQ2|E11k1N5A|S,417,5,S,-6.04,-44.04,48.0,87.5,-1.41,-67.4,-3.98,-8.1,True,orb_or_w_sig_Q2,,2.0
orb|or_w_sigQ3|E11k1N5A|L,386,5,L,1.73,-36.27,47.9,86.4,0.39,-60.4,-0.48,3.96,False,orb_or_w_sig_Q3,,3.0
orb|or_w_sigQ3|E11k1N5A|S,386,5,S,-1.73,-39.73,52.1,86.4,-0.39,-63.7,0.48,-3.96,False,orb_or_w_sig_Q3,,3.0
orb|or_w_sigQ4|E11k1N5A|L,393,5,L,7.05,-30.95,51.7,92.0,1.52,-54.7,6.71,7.4,True,orb_or_w_sig_Q4,,4.0
orb|or_w_sigQ4|E11k1N5A|S,393,5,S,-7.05,-45.05,48.3,92.0,-1.52,-68.3,-6.71,-7.4,True,orb_or_w_sig_Q4,,4.0
orb|or_w_sigQ5|E11k1N5A|L,398,5,L,0.27,-37.73,49.5,112.4,0.05,-62.0,-2.13,2.68,False,orb_or_w_sig_Q5,,5.0
orb|or_w_sigQ5|E11k1N5A|S,398,5,S,-0.27,-38.27,50.5,112.4,-0.05,-62.5,2.13,-2.68,False,orb_or_w_sig_Q5,,5.0
orb|rvolQ1|E11k1N5A|L,193,5,L,0.91,-37.09,50.8,67.1,0.19,-61.0,1.06,0.76,True,orb_rvol_Q1,,1.0
orb|rvolQ1|E11k1N5A|S,193,5,S,-0.91,-38.91,49.2,67.1,-0.19,-62.8,-1.06,-0.76,True,orb_rvol_Q1,,1.0
orb|rvolQ2|E11k1N5A|L,301,5,L,4.62,-33.38,53.5,69.5,1.15,-57.2,3.47,5.78,True,orb_rvol_Q2,,2.0
orb|rvolQ2|E11k1N5A|S,301,5,S,-4.62,-42.62,46.5,69.5,-1.15,-66.1,-3.47,-5.78,True,orb_rvol_Q2,,2.0
orb|rvolQ3|E11k1N5A|L,372,5,L,-1.96,-39.96,48.4,70.2,-0.54,-63.8,-4.16,0.26,False,orb_rvol_Q3,,3.0
orb|rvolQ3|E11k1N5A|S,372,5,S,1.96,-36.04,51.6,70.2,0.54,-60.0,4.16,-0.26,False,orb_rvol_Q3,,3.0
orb|rvolQ4|E11k1N5A|L,423,5,L,5.57,-32.43,53.7,82.4,1.39,-56.3,1.02,10.13,True,orb_rvol_Q4,,4.0
orb|rvolQ4|E11k1N5A|S,423,5,S,-5.57,-43.57,46.3,82.4,-1.39,-67.0,-1.02,-10.13,True,orb_rvol_Q4,,4.0
orb|rvolQ5|E11k1N5A|L,462,5,L,2.9,-35.1,52.6,109.2,0.57,-59.4,1.19,4.64,True,orb_rvol_Q5,,5.0
orb|rvolQ5|E11k1N5A|S,462,5,S,-2.9,-40.9,47.4,109.2,-0.57,-64.9,-1.19,-4.64,True,orb_rvol_Q5,,5.0
orb|vol20Q1|E11k1N5A|L,412,5,L,-2.67,-40.67,48.1,66.3,-0.82,-64.4,-4.05,-1.27,True,orb_vol20_Q1,,1.0
orb|vol20Q1|E11k1N5A|S,412,5,S,2.67,-35.33,51.9,66.3,0.82,-59.2,4.05,1.27,True,orb_vol20_Q1,,1.0
orb|vol20Q2|E11k1N5A|L,418,5,L,0.85,-37.15,55.3,75.6,0.23,-61.1,0.12,1.58,True,orb_vol20_Q2,,2.0
orb|vol20Q2|E11k1N5A|S,418,5,S,-0.85,-38.85,44.7,75.6,-0.23,-62.8,-0.12,-1.58,True,orb_vol20_Q2,,2.0
orb|vol20Q3|E11k1N5A|L,414,5,L,6.53,-31.47,54.6,89.0,1.49,-55.3,7.17,5.88,True,orb_vol20_Q3,,3.0
orb|vol20Q3|E11k1N5A|S,414,5,S,-6.53,-44.53,45.4,89.0,-1.49,-67.8,-7.17,-5.88,True,orb_vol20_Q3,,3.0
orb|vol20Q4|E11k1N5A|L,407,5,L,2.01,-35.99,52.1,94.9,0.43,-60.1,-1.96,6.0,False,orb_vol20_Q4,,4.0
orb|vol20Q4|E11k1N5A|S,407,5,S,-2.01,-40.01,47.9,94.9,-0.43,-64.0,1.96,-6.0,False,orb_vol20_Q4,,4.0
orb|vol20Q5|E11k1N5A|L,407,5,L,-0.28,-38.28,48.9,115.9,-0.05,-62.6,-7.82,7.29,False,orb_vol20_Q5,,5.0
orb|vol20Q5|E11k1N5A|S,407,5,S,0.28,-37.72,51.1,115.9,0.05,-62.1,7.82,-7.29,False,orb_vol20_Q5,,5.0
orb|or_w_relQ1|E11k1N5A|L,435,5,L,1.02,-36.98,52.4,83.1,0.26,-61.0,-0.34,2.39,False,orb_or_w_rel_Q1,,1.0
orb|or_w_relQ1|E11k1N5A|S,435,5,S,-1.02,-39.02,47.6,83.1,-0.26,-63.0,0.34,-2.39,False,orb_or_w_rel_Q1,,1.0
orb|or_w_relQ2|E11k1N5A|L,410,5,L,2.9,-35.1,50.7,86.8,0.68,-59.2,1.43,4.39,True,orb_or_w_rel_Q2,,2.0
orb|or_w_relQ2|E11k1N5A|S,410,5,S,-2.9,-40.9,49.3,86.8,-0.68,-64.7,-1.43,-4.39,True,orb_or_w_rel_Q2,,2.0
orb|or_w_relQ3|E11k1N5A|L,393,5,L,5.99,-32.01,54.2,85.6,1.39,-55.8,-1.25,13.26,False,orb_or_w_rel_Q3,,3.0
orb|or_w_relQ3|E11k1N5A|S,393,5,S,-5.99,-43.99,45.8,85.6,-1.39,-67.4,1.25,-13.26,False,orb_or_w_rel_Q3,,3.0
orb|or_w_relQ4|E11k1N5A|L,382,5,L,4.69,-33.31,52.1,87.2,1.05,-57.3,-0.65,10.09,False,orb_or_w_rel_Q4,,4.0
orb|or_w_relQ4|E11k1N5A|S,382,5,S,-4.69,-42.69,47.9,87.2,-1.05,-66.3,0.65,-10.09,False,orb_or_w_rel_Q4,,4.0
orb|or_w_relQ5|E11k1N5A|L,399,5,L,2.46,-35.54,51.6,113.0,0.43,-59.9,4.07,0.84,True,orb_or_w_rel_Q5,,5.0
orb|or_w_relQ5|E11k1N5A|S,399,5,S,-2.46,-40.46,48.4,113.0,-0.43,-64.6,-4.07,-0.84,True,orb_or_w_rel_Q5,,5.0
brkSig>=0.0|E11k1N5B,478,5,L,-1.88,-22.88,50.0,103.7,-0.4,-44.6,-7.7,4.0,False,brkSig>=0.0,0.0,
brkSig>=0.0|E11k1N5B|fade,478,5,S,1.88,-19.12,50.0,103.7,0.4,-39.1,7.7,-4.0,False,brkSig>=0.0_fade,0.0,
brkSig>=0.1|E11k1N5B,458,5,L,-0.38,-21.38,50.4,105.4,-0.08,-42.5,-4.98,4.26,False,brkSig>=0.1,0.1,
brkSig>=0.1|E11k1N5B|fade,458,5,S,0.38,-20.62,49.6,105.4,0.08,-41.4,4.98,-4.26,False,brkSig>=0.1_fade,0.1,
brkSig>=0.2|E11k1N5B,435,5,L,2.43,-18.57,51.5,107.7,0.47,-38.3,-2.58,7.46,False,brkSig>=0.2,0.2,
brkSig>=0.2|E11k1N5B|fade,435,5,S,-2.43,-23.43,48.5,107.7,-0.47,-45.4,2.58,-7.46,False,brkSig>=0.2_fade,0.2,
brkSig>=0.3|E11k1N5B,375,5,L,-0.13,-21.13,49.9,104.5,-0.02,-42.1,-1.54,1.3,False,brkSig>=0.3,0.3,
brkSig>=0.3|E11k1N5B|fade,375,5,S,0.13,-20.87,50.1,104.5,0.02,-41.7,1.54,-1.3,False,brkSig>=0.3_fade,0.3,
brkSig>=0.5|E11k1N5B,214,5,L,-6.47,-27.47,48.1,117.6,-0.81,-50.9,-3.86,-9.13,True,brkSig>=0.5,0.5,
brkSig>=0.5|E11k1N5B|fade,214,5,S,6.47,-14.53,51.9,117.6,0.81,-31.9,3.86,9.13,True,brkSig>=0.5_fade,0.5,
orb|or_w_sigQ1|E11k1N5B|L,439,5,L,-2.47,-23.47,50.6,83.6,-0.62,-45.2,-3.03,-1.9,True,orb_or_w_sig_Q1,,1.0
orb|or_w_sigQ1|E11k1N5B|S,439,5,S,2.47,-18.53,49.4,83.6,0.62,-37.9,3.03,1.9,True,orb_or_w_sig_Q1,,1.0
orb|or_w_sigQ2|E11k1N5B|L,408,5,L,6.49,-14.51,52.7,85.6,1.53,-31.3,3.31,9.71,True,orb_or_w_sig_Q2,,2.0
orb|or_w_sigQ2|E11k1N5B|S,408,5,S,-6.49,-27.49,47.3,85.6,-1.53,-50.5,-3.31,-9.71,True,orb_or_w_sig_Q2,,2.0
orb|or_w_sigQ3|E11k1N5B|L,383,5,L,1.1,-19.9,49.6,85.3,0.25,-40.0,-1.77,3.98,False,orb_or_w_sig_Q3,,3.0
orb|or_w_sigQ3|E11k1N5B|S,383,5,S,-1.1,-22.1,50.4,85.3,-0.25,-43.3,1.77,-3.98,False,orb_or_w_sig_Q3,,3.0
orb|or_w_sigQ4|E11k1N5B|L,390,5,L,5.22,-15.78,50.5,91.5,1.13,-33.5,2.53,7.95,True,orb_or_w_sig_Q4,,4.0
orb|or_w_sigQ4|E11k1N5B|S,390,5,S,-5.22,-26.22,49.5,91.5,-1.13,-48.9,-2.53,-7.95,True,orb_or_w_sig_Q4,,4.0
orb|or_w_sigQ5|E11k1N5B|L,394,5,L,5.85,-15.15,52.3,102.2,1.14,-32.6,5.44,6.28,True,orb_or_w_sig_Q5,,5.0
orb|or_w_sigQ5|E11k1N5B|S,394,5,S,-5.85,-26.85,47.7,102.2,-1.14,-49.9,-5.44,-6.28,True,orb_or_w_sig_Q5,,5.0
orb|rvolQ1|E11k1N5B|L,186,5,L,0.16,-20.84,51.6,67.1,0.03,-41.2,0.14,0.17,True,orb_rvol_Q1,,1.0
orb|rvolQ1|E11k1N5B|S,186,5,S,-0.16,-21.16,48.4,67.1,-0.03,-41.7,-0.14,-0.17,True,orb_rvol_Q1,,1.0
orb|rvolQ2|E11k1N5B|L,297,5,L,5.53,-15.47,54.2,68.8,1.39,-32.7,5.89,5.18,True,orb_rvol_Q2,,2.0
orb|rvolQ2|E11k1N5B|S,297,5,S,-5.53,-26.53,45.8,68.8,-1.39,-49.1,-5.89,-5.18,True,orb_rvol_Q2,,2.0
orb|rvolQ3|E11k1N5B|L,370,5,L,-1.4,-22.4,48.1,70.4,-0.38,-43.5,-3.01,0.22,False,orb_rvol_Q3,,3.0
orb|rvolQ3|E11k1N5B|S,370,5,S,1.4,-19.6,51.9,70.4,0.38,-39.4,3.01,-0.22,False,orb_rvol_Q3,,3.0
orb|rvolQ4|E11k1N5B|L,418,5,L,5.44,-15.56,54.3,82.8,1.34,-33.0,0.95,9.97,True,orb_rvol_Q4,,4.0
orb|rvolQ4|E11k1N5B|S,418,5,S,-5.44,-26.44,45.7,82.8,-1.34,-49.1,-0.95,-9.97,True,orb_rvol_Q4,,4.0
orb|rvolQ5|E11k1N5B|L,458,5,L,4.98,-16.02,52.2,107.4,0.99,-34.2,2.48,7.51,True,orb_rvol_Q5,,5.0
orb|rvolQ5|E11k1N5B|S,458,5,S,-4.98,-25.98,47.8,107.4,-0.99,-48.8,-2.48,-7.51,True,orb_rvol_Q5,,5.0
orb|vol20Q1|E11k1N5B|L,408,5,L,-2.08,-23.08,47.8,65.5,-0.64,-44.4,-3.87,-0.28,True,orb_vol20_Q1,,1.0
orb|vol20Q1|E11k1N5B|S,408,5,S,2.08,-18.92,52.2,65.5,0.64,-38.3,3.87,0.28,True,orb_vol20_Q1,,1.0
orb|vol20Q2|E11k1N5B|L,417,5,L,1.1,-19.9,55.4,75.4,0.3,-39.9,1.57,0.61,True,orb_vol20_Q2,,2.0
orb|vol20Q2|E11k1N5B|S,417,5,S,-1.1,-22.1,44.6,75.4,-0.3,-43.1,-1.57,-0.61,True,orb_vol20_Q2,,2.0
orb|vol20Q3|E11k1N5B|L,410,5,L,6.45,-14.55,54.6,89.0,1.47,-31.4,8.0,4.89,True,orb_vol20_Q3,,3.0
orb|vol20Q3|E11k1N5B|S,410,5,S,-6.45,-27.45,45.4,89.0,-1.47,-50.5,-8.0,-4.89,True,orb_vol20_Q3,,3.0
orb|vol20Q4|E11k1N5B|L,401,5,L,2.74,-18.26,53.1,94.4,0.58,-37.6,-2.51,8.01,False,orb_vol20_Q4,,4.0
orb|vol20Q4|E11k1N5B|S,401,5,S,-2.74,-23.74,46.9,94.4,-0.58,-45.7,2.51,-8.01,False,orb_vol20_Q4,,4.0
orb|vol20Q5|E11k1N5B|L,402,5,L,1.0,-20.0,48.5,116.2,0.17,-40.6,-4.53,6.58,False,orb_vol20_Q5,,5.0
orb|vol20Q5|E11k1N5B|S,402,5,S,-1.0,-22.0,51.5,116.2,-0.17,-43.6,4.53,-6.58,False,orb_vol20_Q5,,5.0
orb|or_w_relQ1|E11k1N5B|L,431,5,L,2.98,-18.02,53.6,84.4,0.73,-37.1,2.32,3.65,True,orb_or_w_rel_Q1,,1.0
orb|or_w_relQ1|E11k1N5B|S,431,5,S,-2.98,-23.98,46.4,84.4,-0.73,-45.9,-2.32,-3.65,True,orb_or_w_rel_Q1,,1.0
orb|or_w_relQ2|E11k1N5B|L,409,5,L,3.77,-17.23,52.3,87.3,0.87,-35.9,2.62,4.92,True,orb_or_w_rel_Q2,,2.0
orb|or_w_relQ2|E11k1N5B|S,409,5,S,-3.77,-24.77,47.7,87.3,-0.87,-47.0,-2.62,-4.92,True,orb_or_w_rel_Q2,,2.0
orb|or_w_relQ3|E11k1N5B|L,387,5,L,5.99,-15.01,53.7,84.1,1.4,-32.1,-1.93,13.95,False,orb_or_w_rel_Q3,,3.0
orb|or_w_relQ3|E11k1N5B|S,387,5,S,-5.99,-26.99,46.3,84.1,-1.4,-49.8,1.93,-13.95,False,orb_or_w_rel_Q3,,3.0
orb|or_w_relQ4|E11k1N5B|L,377,5,L,5.35,-15.65,52.8,86.3,1.2,-33.2,0.54,10.19,True,orb_or_w_rel_Q4,,4.0
orb|or_w_relQ4|E11k1N5B|S,377,5,S,-5.35,-26.35,47.2,86.3,-1.2,-49.0,-0.54,-10.19,True,orb_or_w_rel_Q4,,4.0
orb|or_w_relQ5|E11k1N5B|L,394,5,L,6.23,-14.77,52.8,103.6,1.19,-32.0,8.19,4.25,True,orb_or_w_rel_Q5,,5.0
orb|or_w_relQ5|E11k1N5B|S,394,5,S,-6.23,-27.23,47.2,103.6,-1.19,-50.4,-8.19,-4.25,True,orb_or_w_rel_Q5,,5.0
brkSig>=0.0|E11k1N10A,479,10,L,-0.71,-38.71,53.2,80.5,-0.19,-62.7,-4.58,3.17,False,brkSig>=0.0,0.0,
brkSig>=0.0|E11k1N10A|fade,479,10,S,0.71,-37.29,46.8,80.5,0.19,-61.3,4.58,-3.17,False,brkSig>=0.0_fade,0.0,
brkSig>=0.1|E11k1N10A,461,10,L,-0.99,-38.99,53.4,84.3,-0.25,-63.0,-5.99,4.03,False,brkSig>=0.1,0.1,
brkSig>=0.1|E11k1N10A|fade,461,10,S,0.99,-37.01,46.6,84.3,0.25,-61.1,5.99,-4.03,False,brkSig>=0.1_fade,0.1,
brkSig>=0.2|E11k1N10A,436,10,L,2.06,-35.94,55.7,91.7,0.47,-60.1,-3.68,7.85,False,brkSig>=0.2,0.2,
brkSig>=0.2|E11k1N10A|fade,436,10,S,-2.06,-40.06,44.3,91.7,-0.47,-64.0,3.68,-7.85,False,brkSig>=0.2_fade,0.2,
brkSig>=0.3|E11k1N10A,388,10,L,-1.42,-39.42,52.8,89.3,-0.31,-63.4,-4.08,1.28,False,brkSig>=0.3,0.3,
brkSig>=0.3|E11k1N10A|fade,388,10,S,1.42,-36.58,47.2,89.3,0.31,-60.7,4.08,-1.28,False,brkSig>=0.3_fade,0.3,
brkSig>=0.5|E11k1N10A,233,10,L,-7.23,-45.23,49.4,118.5,-0.93,-68.7,-6.88,-7.59,True,brkSig>=0.5,0.5,
brkSig>=0.5|E11k1N10A|fade,233,10,S,7.23,-30.77,50.6,118.5,0.93,-54.8,6.88,7.59,True,brkSig>=0.5_fade,0.5,
orb|or_w_sigQ1|E11k1N10A|L,444,10,L,-2.02,-40.02,51.1,73.8,-0.58,-63.8,-3.96,-0.06,True,orb_or_w_sig_Q1,,1.0
orb|or_w_sigQ1|E11k1N10A|S,444,10,S,2.02,-35.98,48.9,73.8,0.58,-60.0,3.96,0.06,True,orb_or_w_sig_Q1,,1.0
orb|or_w_sigQ2|E11k1N10A|L,417,10,L,3.74,-34.26,54.4,80.4,0.95,-58.2,1.66,5.83,True,orb_or_w_sig_Q2,,2.0
orb|or_w_sigQ2|E11k1N10A|S,417,10,S,-3.74,-41.74,45.6,80.4,-0.95,-65.4,-1.66,-5.83,True,orb_or_w_sig_Q2,,2.0
orb|or_w_sigQ3|E11k1N10A|L,386,10,L,3.34,-34.66,51.8,78.5,0.84,-58.6,2.64,4.04,True,orb_or_w_sig_Q3,,3.0
orb|or_w_sigQ3|E11k1N10A|S,386,10,S,-3.34,-41.34,48.2,78.5,-0.84,-65.1,-2.64,-4.04,True,orb_or_w_sig_Q3,,3.0
orb|or_w_sigQ4|E11k1N10A|L,393,10,L,2.43,-35.57,50.1,78.8,0.61,-59.6,1.76,3.1,True,orb_or_w_sig_Q4,,4.0
orb|or_w_sigQ4|E11k1N10A|S,393,10,S,-2.43,-40.43,49.9,78.8,-0.61,-64.3,-1.76,-3.1,True,orb_or_w_sig_Q4,,4.0
orb|or_w_sigQ5|E11k1N10A|L,398,10,L,2.67,-35.33,52.0,93.4,0.57,-59.5,-0.56,5.93,False,orb_or_w_sig_Q5,,5.0
orb|or_w_sigQ5|E11k1N10A|S,398,10,S,-2.67,-40.67,48.0,93.4,-0.57,-64.6,0.56,-5.93,False,orb_or_w_sig_Q5,,5.0
orb|rvolQ1|E11k1N10A|L,193,10,L,2.12,-35.88,53.4,64.6,0.45,-59.8,2.14,2.09,True,orb_rvol_Q1,,1.0
orb|rvolQ1|E11k1N10A|S,193,10,S,-2.12,-40.12,46.6,64.6,-0.45,-63.9,-2.14,-2.09,True,orb_rvol_Q1,,1.0
orb|rvolQ2|E11k1N10A|L,301,10,L,6.03,-31.97,55.8,66.9,1.56,-55.6,6.02,6.04,True,orb_rvol_Q2,,2.0
orb|rvolQ2|E11k1N10A|S,301,10,S,-6.03,-44.03,44.2,66.9,-1.56,-67.3,-6.02,-6.04,True,orb_rvol_Q2,,2.0
orb|rvolQ3|E11k1N10A|L,372,10,L,1.52,-36.48,52.7,67.1,0.44,-60.4,0.15,2.9,True,orb_rvol_Q3,,3.0
orb|rvolQ3|E11k1N10A|S,372,10,S,-1.52,-39.52,47.3,67.1,-0.44,-63.3,-0.15,-2.9,True,orb_rvol_Q3,,3.0
orb|rvolQ4|E11k1N10A|L,423,10,L,3.76,-34.24,56.0,73.8,1.05,-58.2,1.18,6.35,True,orb_rvol_Q4,,4.0
orb|rvolQ4|E11k1N10A|S,423,10,S,-3.76,-41.76,44.0,73.8,-1.05,-65.4,-1.18,-6.35,True,orb_rvol_Q4,,4.0
orb|rvolQ5|E11k1N10A|L,462,10,L,2.88,-35.12,53.9,90.3,0.69,-59.2,1.45,4.32,True,orb_rvol_Q5,,5.0
orb|rvolQ5|E11k1N10A|S,462,10,S,-2.88,-40.88,46.1,90.3,-0.69,-64.7,-1.45,-4.32,True,orb_rvol_Q5,,5.0
orb|vol20Q1|E11k1N10A|L,412,10,L,-3.02,-41.02,50.0,60.4,-1.01,-64.7,-2.45,-3.59,True,orb_vol20_Q1,,1.0
orb|vol20Q1|E11k1N10A|S,412,10,S,3.02,-34.98,50.0,60.4,1.01,-58.8,2.45,3.59,True,orb_vol20_Q1,,1.0
orb|vol20Q2|E11k1N10A|L,418,10,L,-0.49,-38.49,51.7,69.1,-0.15,-62.4,-0.98,-0.01,True,orb_vol20_Q2,,2.0
orb|vol20Q2|E11k1N10A|S,418,10,S,0.49,-37.51,48.3,69.1,0.15,-61.4,0.98,0.01,True,orb_vol20_Q2,,2.0
orb|vol20Q3|E11k1N10A|L,414,10,L,6.93,-31.07,56.8,80.9,1.74,-54.7,6.8,7.07,True,orb_vol20_Q3,,3.0
orb|vol20Q3|E11k1N10A|S,414,10,S,-6.93,-44.93,43.2,80.9,-1.74,-68.1,-6.8,-7.07,True,orb_vol20_Q3,,3.0
orb|vol20Q4|E11k1N10A|L,407,10,L,1.78,-36.22,54.3,87.9,0.41,-60.3,0.71,2.85,True,orb_vol20_Q4,,4.0
orb|vol20Q4|E11k1N10A|S,407,10,S,-1.78,-39.78,45.7,87.9,-0.41,-63.7,-0.71,-2.85,True,orb_vol20_Q4,,4.0
orb|vol20Q5|E11k1N10A|L,407,10,L,1.35,-36.65,52.3,105.7,0.26,-60.9,-7.22,9.95,False,orb_vol20_Q5,,5.0
orb|vol20Q5|E11k1N10A|S,407,10,S,-1.35,-39.35,47.7,105.7,-0.26,-63.5,7.22,-9.95,False,orb_vol20_Q5,,5.0
orb|or_w_relQ1|E11k1N10A|L,435,10,L,0.87,-37.13,53.8,74.7,0.24,-61.1,-0.94,2.69,False,orb_or_w_rel_Q1,,1.0
orb|or_w_relQ1|E11k1N10A|S,435,10,S,-0.87,-38.87,46.2,74.7,-0.24,-62.8,0.94,-2.69,False,orb_or_w_rel_Q1,,1.0
orb|or_w_relQ2|E11k1N10A|L,410,10,L,2.96,-35.04,54.1,79.9,0.75,-59.0,3.93,1.99,True,orb_or_w_rel_Q2,,2.0
orb|or_w_relQ2|E11k1N10A|S,410,10,S,-2.96,-40.96,45.9,79.9,-0.75,-64.7,-3.93,-1.99,True,orb_or_w_rel_Q2,,2.0
orb|or_w_relQ3|E11k1N10A|L,393,10,L,4.84,-33.16,55.2,77.7,1.24,-57.0,-0.45,10.17,False,orb_or_w_rel_Q3,,3.0
orb|or_w_relQ3|E11k1N10A|S,393,10,S,-4.84,-42.84,44.8,77.7,-1.24,-66.4,0.45,-10.17,False,orb_or_w_rel_Q3,,3.0
orb|or_w_relQ4|E11k1N10A|L,382,10,L,2.99,-35.01,52.9,78.1,0.75,-59.0,-1.08,7.1,False,orb_or_w_rel_Q4,,4.0
orb|or_w_relQ4|E11k1N10A|S,382,10,S,-2.99,-40.99,47.1,78.1,-0.75,-64.8,1.08,-7.1,False,orb_or_w_rel_Q4,,4.0
orb|or_w_relQ5|E11k1N10A|L,399,10,L,3.18,-34.82,52.4,92.5,0.69,-58.9,1.95,4.41,True,orb_or_w_rel_Q5,,5.0
orb|or_w_relQ5|E11k1N10A|S,399,10,S,-3.18,-41.18,47.6,92.5,-0.69,-65.0,-1.95,-4.41,True,orb_or_w_rel_Q5,,5.0
brkSig>=0.0|E11k1N10B,478,10,L,1.93,-19.07,54.2,78.2,0.54,-38.7,-1.42,5.31,False,brkSig>=0.0,0.0,
brkSig>=0.0|E11k1N10B|fade,478,10,S,-1.93,-22.93,45.8,78.2,-0.54,-44.4,1.42,-5.31,False,brkSig>=0.0_fade,0.0,
brkSig>=0.1|E11k1N10B,458,10,L,2.39,-18.61,55.2,82.6,0.62,-38.0,-1.64,6.47,False,brkSig>=0.1,0.1,
brkSig>=0.1|E11k1N10B|fade,458,10,S,-2.39,-23.39,44.8,82.6,-0.62,-45.1,1.64,-6.47,False,brkSig>=0.1_fade,0.1,
brkSig>=0.2|E11k1N10B,435,10,L,5.85,-15.15,57.9,90.7,1.34,-32.5,0.79,10.92,True,brkSig>=0.2,0.2,
brkSig>=0.2|E11k1N10B|fade,435,10,S,-5.85,-26.85,42.1,90.7,-1.34,-49.7,-0.79,-10.92,True,brkSig>=0.2_fade,0.2,
brkSig>=0.3|E11k1N10B,375,10,L,2.15,-18.85,54.7,87.5,0.48,-38.4,1.12,3.18,True,brkSig>=0.3,0.3,
brkSig>=0.3|E11k1N10B|fade,375,10,S,-2.15,-23.15,45.3,87.5,-0.48,-44.8,-1.12,-3.18,True,brkSig>=0.3_fade,0.3,
brkSig>=0.5|E11k1N10B,214,10,L,-6.5,-27.5,49.5,113.3,-0.84,-50.8,-3.63,-9.41,True,brkSig>=0.5,0.5,
brkSig>=0.5|E11k1N10B|fade,214,10,S,6.5,-14.5,50.5,113.3,0.84,-31.7,3.63,9.41,True,brkSig>=0.5_fade,0.5,
orb|or_w_sigQ1|E11k1N10B|L,439,10,L,-0.98,-21.98,51.7,74.9,-0.28,-43.0,-3.1,1.14,False,orb_or_w_sig_Q1,,1.0
orb|or_w_sigQ1|E11k1N10B|S,439,10,S,0.98,-20.02,48.3,74.9,0.28,-40.1,3.1,-1.14,False,orb_or_w_sig_Q1,,1.0
orb|or_w_sigQ2|E11k1N10B|L,408,10,L,4.26,-16.74,55.4,78.6,1.09,-35.0,1.68,6.86,True,orb_or_w_sig_Q2,,2.0
orb|or_w_sigQ2|E11k1N10B|S,408,10,S,-4.26,-25.26,44.6,78.6,-1.09,-47.5,-1.68,-6.86,True,orb_or_w_sig_Q2,,2.0
orb|or_w_sigQ3|E11k1N10B|L,383,10,L,2.09,-18.91,52.2,78.0,0.53,-38.4,1.33,2.86,True,orb_or_w_sig_Q3,,3.0
orb|or_w_sigQ3|E11k1N10B|S,383,10,S,-2.09,-23.09,47.8,78.0,-0.53,-44.6,-1.33,-2.86,True,orb_or_w_sig_Q3,,3.0
orb|or_w_sigQ4|E11k1N10B|L,390,10,L,1.89,-19.11,49.2,78.8,0.47,-38.7,-0.86,4.66,False,orb_or_w_sig_Q4,,4.0
orb|or_w_sigQ4|E11k1N10B|S,390,10,S,-1.89,-22.89,50.8,78.8,-0.47,-44.3,0.86,-4.66,False,orb_or_w_sig_Q4,,4.0
orb|or_w_sigQ5|E11k1N10B|L,394,10,L,6.34,-14.66,53.6,88.3,1.43,-31.6,4.46,8.23,True,orb_or_w_sig_Q5,,5.0
orb|or_w_sigQ5|E11k1N10B|S,394,10,S,-6.34,-27.34,46.4,88.3,-1.43,-50.3,-4.46,-8.23,True,orb_or_w_sig_Q5,,5.0
orb|rvolQ1|E11k1N10B|L,186,10,L,0.77,-20.23,53.2,64.7,0.16,-40.3,1.1,0.43,True,orb_rvol_Q1,,1.0
orb|rvolQ1|E11k1N10B|S,186,10,S,-0.77,-21.77,46.8,64.7,-0.16,-42.6,-1.1,-0.43,True,orb_rvol_Q1,,1.0
orb|rvolQ2|E11k1N10B|L,297,10,L,8.26,-12.74,55.9,67.7,2.1,-27.9,10.43,6.08,True,orb_rvol_Q2,,2.0
orb|rvolQ2|E11k1N10B|S,297,10,S,-8.26,-29.26,44.1,67.7,-2.1,-52.5,-10.43,-6.08,True,orb_rvol_Q2,,2.0
orb|rvolQ3|E11k1N10B|L,370,10,L,1.66,-19.34,53.0,67.8,0.47,-39.0,0.57,2.75,True,orb_rvol_Q3,,3.0
orb|rvolQ3|E11k1N10B|S,370,10,S,-1.66,-22.66,47.0,67.8,-0.47,-43.9,-0.57,-2.75,True,orb_rvol_Q3,,3.0
orb|rvolQ4|E11k1N10B|L,418,10,L,3.69,-17.31,55.5,73.7,1.03,-35.8,1.08,6.34,True,orb_rvol_Q4,,4.0
orb|rvolQ4|E11k1N10B|S,418,10,S,-3.69,-24.69,44.5,73.7,-1.03,-46.7,-1.08,-6.34,True,orb_rvol_Q4,,4.0
orb|rvolQ5|E11k1N10B|L,458,10,L,3.83,-17.17,54.8,87.6,0.94,-35.8,1.45,6.24,True,orb_rvol_Q5,,5.0
orb|rvolQ5|E11k1N10B|S,458,10,S,-3.83,-24.83,45.2,87.6,-0.94,-47.1,-1.45,-6.24,True,orb_rvol_Q5,,5.0
orb|vol20Q1|E11k1N10B|L,408,10,L,-2.18,-23.18,49.5,59.6,-0.74,-44.5,-1.71,-2.67,True,orb_vol20_Q1,,1.0
orb|vol20Q1|E11k1N10B|S,408,10,S,2.18,-18.82,50.5,59.6,0.74,-38.1,1.71,2.67,True,orb_vol20_Q1,,1.0
orb|vol20Q2|E11k1N10B|L,417,10,L,-0.77,-21.77,50.8,68.8,-0.23,-42.6,-0.67,-0.88,True,orb_vol20_Q2,,2.0
orb|vol20Q2|E11k1N10B|S,417,10,S,0.77,-20.23,49.2,68.8,0.23,-40.3,0.67,0.88,True,orb_vol20_Q2,,2.0
orb|vol20Q3|E11k1N10B|L,410,10,L,5.81,-15.19,57.1,80.9,1.45,-32.4,6.11,5.51,True,orb_vol20_Q3,,3.0
orb|vol20Q3|E11k1N10B|S,410,10,S,-5.81,-26.81,42.9,80.9,-1.45,-49.6,-6.11,-5.51,True,orb_vol20_Q3,,3.0
orb|vol20Q4|E11k1N10B|L,401,10,L,2.68,-18.32,54.1,88.4,0.61,-37.6,1.1,4.27,True,orb_vol20_Q4,,4.0
orb|vol20Q4|E11k1N10B|S,401,10,S,-2.68,-23.68,45.9,88.4,-0.61,-45.5,-1.1,-4.27,True,orb_vol20_Q4,,4.0
orb|vol20Q5|E11k1N10B|L,402,10,L,3.97,-17.03,53.2,106.8,0.74,-35.9,-2.51,10.51,False,orb_vol20_Q5,,5.0
orb|vol20Q5|E11k1N10B|S,402,10,S,-3.97,-24.97,46.8,106.8,-0.74,-47.5,2.51,-10.51,False,orb_vol20_Q5,,5.0
orb|or_w_relQ1|E11k1N10B|L,431,10,L,2.33,-18.67,54.8,76.7,0.63,-38.0,1.22,3.44,True,orb_or_w_rel_Q1,,1.0
orb|or_w_relQ1|E11k1N10B|S,431,10,S,-2.33,-23.33,45.2,76.7,-0.63,-44.9,-1.22,-3.44,True,orb_or_w_rel_Q1,,1.0
orb|or_w_relQ2|E11k1N10B|L,409,10,L,2.49,-18.51,54.5,80.2,0.63,-37.8,3.42,1.55,True,orb_or_w_rel_Q2,,2.0
orb|or_w_relQ2|E11k1N10B|S,409,10,S,-2.49,-23.49,45.5,80.2,-0.63,-45.2,-3.42,-1.55,True,orb_or_w_rel_Q2,,2.0
orb|or_w_relQ3|E11k1N10B|L,387,10,L,4.53,-16.47,53.7,75.7,1.18,-34.5,-1.09,10.18,False,orb_or_w_rel_Q3,,3.0
orb|or_w_relQ3|E11k1N10B|S,387,10,S,-4.53,-25.53,46.3,75.7,-1.18,-47.9,1.09,-10.18,False,orb_or_w_rel_Q3,,3.0
orb|or_w_relQ4|E11k1N10B|L,377,10,L,4.12,-16.88,53.1,78.3,1.02,-35.2,0.71,7.54,True,orb_or_w_rel_Q4,,4.0
orb|or_w_relQ4|E11k1N10B|S,377,10,S,-4.12,-25.12,46.9,78.3,-1.02,-47.4,-0.71,-7.54,True,orb_or_w_rel_Q4,,4.0
orb|or_w_relQ5|E11k1N10B|L,394,10,L,4.49,-16.51,53.3,87.3,1.02,-34.7,3.52,5.46,True,orb_or_w_rel_Q5,,5.0
orb|or_w_relQ5|E11k1N10B|S,394,10,S,-4.49,-25.49,46.7,87.3,-1.02,-47.9,-3.52,-5.46,True,orb_or_w_rel_Q5,,5.0
brkSig>=0.0|E11k1N20A,471,20,L,1.17,-36.83,53.9,68.2,0.37,-60.8,-1.98,4.34,False,brkSig>=0.0,0.0,
brkSig>=0.0|E11k1N20A|fade,471,20,S,-1.17,-39.17,46.1,68.2,-0.37,-63.0,1.98,-4.34,False,brkSig>=0.0_fade,0.0,
brkSig>=0.1|E11k1N20A,439,20,L,-0.08,-38.08,53.3,72.4,-0.02,-62.0,-3.44,3.29,False,brkSig>=0.1,0.1,
brkSig>=0.1|E11k1N20A|fade,439,20,S,0.08,-37.92,46.7,72.4,0.02,-61.9,3.44,-3.29,False,brkSig>=0.1_fade,0.1,
brkSig>=0.2|E11k1N20A,380,20,L,5.25,-32.75,56.8,75.5,1.36,-56.6,1.21,9.33,True,brkSig>=0.2,0.2,
brkSig>=0.2|E11k1N20A|fade,380,20,S,-5.25,-43.25,43.2,75.5,-1.36,-66.7,-1.21,-9.33,True,brkSig>=0.2_fade,0.2,
brkSig>=0.3|E11k1N20A,286,20,L,6.34,-31.66,56.6,77.3,1.39,-55.4,9.92,2.72,True,brkSig>=0.3,0.3,
brkSig>=0.3|E11k1N20A|fade,286,20,S,-6.34,-44.34,43.4,77.3,-1.39,-67.6,-9.92,-2.72,True,brkSig>=0.3_fade,0.3,
orb|or_w_sigQ1|E11k1N20A|L,357,20,L,-1.66,-39.66,52.1,63.1,-0.5,-63.4,-2.14,-1.16,True,orb_or_w_sig_Q1,,1.0
orb|or_w_sigQ1|E11k1N20A|S,357,20,S,1.66,-36.34,47.9,63.1,0.5,-60.3,2.14,1.16,True,orb_or_w_sig_Q1,,1.0
orb|or_w_sigQ2|E11k1N20A|L,311,20,L,2.46,-35.54,56.3,72.0,0.6,-59.5,2.89,2.02,True,orb_or_w_sig_Q2,,2.0
orb|or_w_sigQ2|E11k1N20A|S,311,20,S,-2.46,-40.46,43.7,72.0,-0.6,-64.2,-2.89,-2.02,True,orb_or_w_sig_Q2,,2.0
orb|or_w_sigQ3|E11k1N20A|L,283,20,L,5.88,-32.12,58.7,67.0,1.48,-55.8,8.14,3.6,True,orb_or_w_sig_Q3,,3.0
orb|or_w_sigQ3|E11k1N20A|S,283,20,S,-5.88,-43.88,41.3,67.0,-1.48,-67.2,-8.14,-3.6,True,orb_or_w_sig_Q3,,3.0
orb|or_w_sigQ4|E11k1N20A|L,281,20,L,4.95,-33.05,53.0,70.0,1.18,-56.9,6.73,3.15,True,orb_or_w_sig_Q4,,4.0
orb|or_w_sigQ4|E11k1N20A|S,281,20,S,-4.95,-42.95,47.0,70.0,-1.18,-66.4,-6.73,-3.15,True,orb_or_w_sig_Q4,,4.0
orb|or_w_sigQ5|E11k1N20A|L,308,20,L,4.85,-33.15,53.9,82.2,1.04,-57.1,7.04,2.64,True,orb_or_w_sig_Q5,,5.0
orb|or_w_sigQ5|E11k1N20A|S,308,20,S,-4.85,-42.85,46.1,82.2,-1.04,-66.4,-7.04,-2.64,True,orb_or_w_sig_Q5,,5.0
orb|rvolQ2|E11k1N20A|L,177,20,L,7.94,-30.06,57.6,59.1,1.79,-53.4,9.97,5.9,True,orb_rvol_Q2,,2.0
orb|rvolQ2|E11k1N20A|S,177,20,S,-7.94,-45.94,42.4,59.1,-1.79,-68.8,-9.97,-5.9,True,orb_rvol_Q2,,2.0
orb|rvolQ3|E11k1N20A|L,258,20,L,4.85,-33.15,58.5,60.4,1.29,-56.9,7.1,2.57,True,orb_rvol_Q3,,3.0
orb|rvolQ3|E11k1N20A|S,258,20,S,-4.85,-42.85,41.5,60.4,-1.29,-66.3,-7.1,-2.57,True,orb_rvol_Q3,,3.0
orb|rvolQ4|E11k1N20A|L,338,20,L,1.35,-36.65,54.1,64.8,0.38,-60.6,1.4,1.3,True,orb_rvol_Q4,,4.0
orb|rvolQ4|E11k1N20A|S,338,20,S,-1.35,-39.35,45.9,64.8,-0.38,-63.2,-1.4,-1.3,True,orb_rvol_Q4,,4.0
orb|rvolQ5|E11k1N20A|L,438,20,L,3.79,-34.21,54.1,78.5,1.01,-58.2,0.14,7.46,True,orb_rvol_Q5,,5.0
orb|rvolQ5|E11k1N20A|S,438,20,S,-3.79,-41.79,45.9,78.5,-1.01,-65.5,-0.14,-7.46,True,orb_rvol_Q5,,5.0
orb|vol20Q1|E11k1N20A|L,299,20,L,-0.04,-38.04,51.8,50.7,-0.01,-61.8,3.24,-3.34,False,orb_vol20_Q1,,1.0
orb|vol20Q1|E11k1N20A|S,299,20,S,0.04,-37.96,48.2,50.7,0.01,-61.8,-3.24,3.34,False,orb_vol20_Q1,,1.0
orb|vol20Q2|E11k1N20A|L,313,20,L,4.23,-33.77,54.6,57.9,1.29,-57.5,7.01,1.43,True,orb_vol20_Q2,,2.0
orb|vol20Q2|E11k1N20A|S,313,20,S,-4.23,-42.23,45.4,57.9,-1.29,-65.7,-7.01,-1.43,True,orb_vol20_Q2,,2.0
orb|vol20Q3|E11k1N20A|L,306,20,L,7.73,-30.27,57.2,72.0,1.88,-53.7,8.1,7.35,True,orb_vol20_Q3,,3.0
orb|vol20Q3|E11k1N20A|S,306,20,S,-7.73,-45.73,42.8,72.0,-1.88,-68.7,-8.1,-7.35,True,orb_vol20_Q3,,3.0
orb|vol20Q4|E11k1N20A|L,312,20,L,2.34,-35.66,54.2,74.8,0.55,-59.6,4.78,-0.12,False,orb_vol20_Q4,,4.0
orb|vol20Q4|E11k1N20A|S,312,20,S,-2.34,-40.34,45.8,74.8,-0.55,-64.1,-4.78,0.12,False,orb_vol20_Q4,,4.0
orb|vol20Q5|E11k1N20A|L,305,20,L,1.71,-36.29,54.1,93.2,0.32,-60.4,-0.92,4.35,False,orb_vol20_Q5,,5.0
orb|vol20Q5|E11k1N20A|S,305,20,S,-1.71,-39.71,45.9,93.2,-0.32,-63.7,0.92,-4.35,False,orb_vol20_Q5,,5.0
orb|or_w_relQ1|E11k1N20A|L,352,20,L,1.89,-36.11,54.5,68.0,0.52,-60.1,1.9,1.87,True,orb_or_w_rel_Q1,,1.0
orb|or_w_relQ1|E11k1N20A|S,352,20,S,-1.89,-39.89,45.5,68.0,-0.52,-63.7,-1.9,-1.87,True,orb_or_w_rel_Q1,,1.0
orb|or_w_relQ2|E11k1N20A|L,313,20,L,3.92,-34.08,54.6,68.8,1.01,-58.0,6.93,0.88,True,orb_or_w_rel_Q2,,2.0
orb|or_w_relQ2|E11k1N20A|S,313,20,S,-3.92,-41.92,45.4,68.8,-1.01,-65.5,-6.93,-0.88,True,orb_or_w_rel_Q2,,2.0
orb|or_w_relQ3|E11k1N20A|L,299,20,L,3.57,-34.43,57.2,66.7,0.93,-58.3,2.0,5.16,True,orb_or_w_rel_Q3,,3.0
orb|or_w_relQ3|E11k1N20A|S,299,20,S,-3.57,-41.57,42.8,66.7,-0.93,-65.2,-2.0,-5.16,True,orb_or_w_rel_Q3,,3.0
orb|or_w_relQ4|E11k1N20A|L,273,20,L,6.06,-31.94,55.7,66.1,1.52,-55.6,7.98,4.13,True,orb_or_w_rel_Q4,,4.0
orb|or_w_relQ4|E11k1N20A|S,273,20,S,-6.06,-44.06,44.3,66.1,-1.52,-67.3,-7.98,-4.13,True,orb_or_w_rel_Q4,,4.0
orb|or_w_relQ5|E11k1N20A|L,308,20,L,4.12,-33.88,52.9,82.8,0.87,-57.8,9.6,-1.42,False,orb_or_w_rel_Q5,,5.0
orb|or_w_relQ5|E11k1N20A|S,308,20,S,-4.12,-42.12,47.1,82.8,-0.87,-65.8,-9.6,1.42,False,orb_or_w_rel_Q5,,5.0
brkSig>=0.0|E11k1N20B,470,20,L,2.04,-18.96,55.7,67.3,0.66,-38.4,-1.37,5.48,False,brkSig>=0.0,0.0,
brkSig>=0.0|E11k1N20B|fade,470,20,S,-2.04,-23.04,44.3,67.3,-0.66,-44.4,1.37,-5.48,False,brkSig>=0.0_fade,0.0,
brkSig>=0.1|E11k1N20B,435,20,L,1.22,-19.78,54.5,69.9,0.36,-39.7,-1.39,3.84,False,brkSig>=0.1,0.1,
brkSig>=0.1|E11k1N20B|fade,435,20,S,-1.22,-22.22,45.5,69.9,-0.36,-43.3,1.39,-3.84,False,brkSig>=0.1_fade,0.1,
brkSig>=0.2|E11k1N20B,372,20,L,5.45,-15.55,58.3,75.0,1.4,-32.9,1.62,9.32,True,brkSig>=0.2,0.2,
brkSig>=0.2|E11k1N20B|fade,372,20,S,-5.45,-26.45,41.7,75.0,-1.4,-49.1,-1.62,-9.32,True,brkSig>=0.2_fade,0.2,
brkSig>=0.3|E11k1N20B,274,20,L,7.33,-13.67,57.7,76.8,1.58,-29.7,10.35,4.26,True,brkSig>=0.3,0.3,
brkSig>=0.3|E11k1N20B|fade,274,20,S,-7.33,-28.33,42.3,76.8,-1.58,-51.4,-10.35,-4.26,True,brkSig>=0.3_fade,0.3,
orb|or_w_sigQ1|E11k1N20B|L,351,20,L,-1.63,-22.63,51.3,64.1,-0.48,-43.8,-2.52,-0.73,True,orb_or_w_sig_Q1,,1.0
orb|or_w_sigQ1|E11k1N20B|S,351,20,S,1.63,-19.37,48.7,64.1,0.48,-39.0,2.52,0.73,True,orb_or_w_sig_Q1,,1.0
orb|or_w_sigQ2|E11k1N20B|L,302,20,L,5.83,-15.17,57.9,70.0,1.45,-32.2,9.8,1.81,True,orb_or_w_sig_Q2,,2.0
orb|or_w_sigQ2|E11k1N20B|S,302,20,S,-5.83,-26.83,42.1,70.0,-1.45,-49.5,-9.8,-1.81,True,orb_or_w_sig_Q2,,2.0
orb|or_w_sigQ3|E11k1N20B|L,272,20,L,6.83,-14.17,58.1,65.7,1.71,-30.4,10.81,2.78,True,orb_or_w_sig_Q3,,3.0
orb|or_w_sigQ3|E11k1N20B|S,272,20,S,-6.83,-27.83,41.9,65.7,-1.71,-50.7,-10.81,-2.78,True,orb_or_w_sig_Q3,,3.0
orb|or_w_sigQ4|E11k1N20B|L,275,20,L,4.11,-16.89,53.1,70.0,0.97,-35.1,4.77,3.45,True,orb_or_w_sig_Q4,,4.0
orb|or_w_sigQ4|E11k1N20B|S,275,20,S,-4.11,-25.11,46.9,70.0,-0.97,-47.3,-4.77,-3.45,True,orb_or_w_sig_Q4,,4.0
orb|or_w_sigQ5|E11k1N20B|L,298,20,L,8.81,-12.19,55.4,80.9,1.88,-27.1,11.47,6.12,True,orb_or_w_sig_Q5,,5.0
orb|or_w_sigQ5|E11k1N20B|S,298,20,S,-8.81,-29.81,44.6,80.9,-1.88,-53.3,-11.47,-6.12,True,orb_or_w_sig_Q5,,5.0
orb|rvolQ2|E11k1N20B|L,172,20,L,10.17,-10.83,59.3,59.1,2.26,-24.2,13.83,6.43,True,orb_rvol_Q2,,2.0
orb|rvolQ2|E11k1N20B|S,172,20,S,-10.17,-31.17,40.7,59.1,-2.26,-54.7,-13.83,-6.43,True,orb_rvol_Q2,,2.0
orb|rvolQ3|E11k1N20B|L,257,20,L,5.2,-15.8,60.3,60.2,1.39,-33.2,7.5,2.89,True,orb_rvol_Q3,,3.0
orb|rvolQ3|E11k1N20B|S,257,20,S,-5.2,-26.2,39.7,60.2,-1.39,-48.6,-7.5,-2.89,True,orb_rvol_Q3,,3.0
orb|rvolQ4|E11k1N20B|L,335,20,L,1.54,-19.46,54.9,65.2,0.43,-39.1,1.45,1.63,True,orb_rvol_Q4,,4.0
orb|rvolQ4|E11k1N20B|S,335,20,S,-1.54,-22.54,45.1,65.2,-0.43,-43.7,-1.45,-1.63,True,orb_rvol_Q4,,4.0
orb|rvolQ5|E11k1N20B|L,431,20,L,4.22,-16.78,55.0,76.4,1.15,-35.0,0.68,7.77,True,orb_rvol_Q5,,5.0
orb|rvolQ5|E11k1N20B|S,431,20,S,-4.22,-25.22,45.0,76.4,-1.15,-47.5,-0.68,-7.77,True,orb_rvol_Q5,,5.0
orb|vol20Q1|E11k1N20B|L,297,20,L,0.22,-20.78,52.2,50.8,0.07,-41.0,3.16,-2.75,False,orb_vol20_Q1,,1.0
orb|vol20Q1|E11k1N20B|S,297,20,S,-0.22,-21.22,47.8,50.8,-0.07,-41.6,-3.16,2.75,False,orb_vol20_Q1,,1.0
orb|vol20Q2|E11k1N20B|L,305,20,L,4.77,-16.23,55.1,58.8,1.42,-33.9,7.8,1.73,True,orb_vol20_Q2,,2.0
orb|vol20Q2|E11k1N20B|S,305,20,S,-4.77,-25.77,44.9,58.8,-1.42,-48.0,-7.8,-1.73,True,orb_vol20_Q2,,2.0
orb|vol20Q3|E11k1N20B|L,298,20,L,6.77,-14.23,56.4,72.3,1.61,-30.6,8.09,5.42,True,orb_vol20_Q3,,3.0
orb|vol20Q3|E11k1N20B|S,298,20,S,-6.77,-27.77,43.6,72.3,-1.61,-50.7,-8.09,-5.42,True,orb_vol20_Q3,,3.0
orb|vol20Q4|E11k1N20B|L,305,20,L,2.24,-18.76,53.8,75.1,0.52,-38.1,5.41,-0.96,False,orb_vol20_Q4,,4.0
orb|vol20Q4|E11k1N20B|S,305,20,S,-2.24,-23.24,46.2,75.1,-0.52,-44.8,-5.41,0.96,False,orb_vol20_Q4,,4.0
orb|vol20Q5|E11k1N20B|L,290,20,L,2.93,-18.07,53.8,96.3,0.52,-37.3,-1.23,7.14,False,orb_vol20_Q5,,5.0
orb|vol20Q5|E11k1N20B|S,290,20,S,-2.93,-23.93,46.2,96.3,-0.52,-46.0,1.23,-7.14,False,orb_vol20_Q5,,5.0
orb|or_w_relQ1|E11k1N20B|L,341,20,L,3.32,-17.68,55.1,69.7,0.88,-36.4,4.49,2.15,True,orb_or_w_rel_Q1,,1.0
orb|or_w_relQ1|E11k1N20B|S,341,20,S,-3.32,-24.32,44.9,69.7,-0.88,-46.2,-4.49,-2.15,True,orb_or_w_rel_Q1,,1.0
orb|or_w_relQ2|E11k1N20B|L,306,20,L,3.92,-17.08,55.9,68.3,1.0,-35.4,6.57,1.23,True,orb_or_w_rel_Q2,,2.0
orb|or_w_relQ2|E11k1N20B|S,306,20,S,-3.92,-24.92,44.1,68.3,-1.0,-47.0,-6.57,-1.23,True,orb_or_w_rel_Q2,,2.0
orb|or_w_relQ3|E11k1N20B|L,293,20,L,2.69,-18.31,56.3,66.2,0.7,-37.3,0.83,4.57,True,orb_or_w_rel_Q3,,3.0
orb|or_w_relQ3|E11k1N20B|S,293,20,S,-2.69,-23.69,43.7,66.2,-0.7,-45.3,-0.83,-4.57,True,orb_or_w_rel_Q3,,3.0
orb|or_w_relQ4|E11k1N20B|L,269,20,L,7.3,-13.7,57.2,66.2,1.81,-29.6,9.66,4.93,True,orb_or_w_rel_Q4,,4.0
orb|or_w_relQ4|E11k1N20B|S,269,20,S,-7.3,-28.3,42.8,66.2,-1.81,-51.3,-9.66,-4.93,True,orb_or_w_rel_Q4,,4.0
orb|or_w_relQ5|E11k1N20B|L,297,20,L,5.09,-15.91,53.2,80.8,1.09,-33.6,10.68,-0.55,False,orb_or_w_rel_Q5,,5.0
orb|or_w_relQ5|E11k1N20B|S,297,20,S,-5.09,-26.09,46.8,80.8,-1.09,-48.7,-10.68,0.55,False,orb_or_w_rel_Q5,,5.0
brkSig>=0.0|E11k2N5A,318,5,L,1.17,-36.83,46.5,71.6,0.29,-60.8,-6.09,8.53,False,brkSig>=0.0,0.0,
brkSig>=0.0|E11k2N5A|fade,318,5,S,-1.17,-39.17,53.1,71.6,-0.29,-63.0,6.09,-8.53,False,brkSig>=0.0_fade,0.0,
brkSig>=0.0|E11k2N5B,289,5,L,1.21,-19.79,46.7,67.4,0.31,-39.6,-1.99,4.44,False,brkSig>=0.0,0.0,
brkSig>=0.0|E11k2N5B|fade,289,5,S,-1.21,-22.21,52.9,67.4,-0.31,-43.2,1.99,-4.44,False,brkSig>=0.0_fade,0.0,
brkSig>=0.0|E11k2N10A,318,10,L,0.84,-37.16,45.0,63.2,0.24,-61.1,-5.32,7.09,False,brkSig>=0.0,0.0,
brkSig>=0.0|E11k2N10A|fade,318,10,S,-0.84,-38.84,54.7,63.2,-0.24,-62.7,5.32,-7.09,False,brkSig>=0.0_fade,0.0,
brkSig>=0.0|E11k2N10B,289,10,L,1.53,-19.47,45.3,63.1,0.41,-39.1,-1.23,4.32,False,brkSig>=0.0,0.0,
brkSig>=0.0|E11k2N10B|fade,289,10,S,-1.53,-22.53,54.3,63.1,-0.41,-43.6,1.23,-4.32,False,brkSig>=0.0_fade,0.0,
brkSig>=0.0|E12k1N5A,480,5,L,-2.73,-40.73,48.5,96.5,-0.62,-64.7,-7.49,2.07,False,brkSig>=0.0,0.0,
brkSig>=0.0|E12k1N5A|fade,480,5,S,2.73,-35.27,51.5,96.5,0.62,-59.4,7.49,-2.07,False,brkSig>=0.0_fade,0.0,
brkSig>=0.1|E12k1N5A,473,5,L,-1.73,-39.73,49.0,96.7,-0.39,-63.8,-5.97,2.53,False,brkSig>=0.1,0.1,
brkSig>=0.1|E12k1N5A|fade,473,5,S,1.73,-36.27,51.0,96.7,0.39,-60.4,5.97,-2.53,False,brkSig>=0.1_fade,0.1,
brkSig>=0.2|E12k1N5A,464,5,L,-1.13,-39.13,48.7,97.6,-0.25,-63.2,-4.63,2.39,False,brkSig>=0.2,0.2,
brkSig>=0.2|E12k1N5A|fade,464,5,S,1.13,-36.87,51.3,97.6,0.25,-61.0,4.63,-2.39,False,brkSig>=0.2_fade,0.2,
brkSig>=0.3|E12k1N5A,444,5,L,0.27,-37.73,49.1,101.2,0.06,-61.9,-3.23,3.8,False,brkSig>=0.3,0.3,
brkSig>=0.3|E12k1N5A|fade,444,5,S,-0.27,-38.27,50.9,101.2,-0.06,-62.4,3.23,-3.8,False,brkSig>=0.3_fade,0.3,
brkSig>=0.5|E12k1N5A,358,5,L,-1.52,-39.52,47.2,99.3,-0.29,-63.6,-8.05,5.08,False,brkSig>=0.5,0.5,
brkSig>=0.5|E12k1N5A|fade,358,5,S,1.52,-36.48,52.8,99.3,0.29,-60.7,8.05,-5.08,False,brkSig>=0.5_fade,0.5,
brkSig>=0.75|E12k1N5A,210,5,L,-12.98,-50.98,42.9,133.0,-1.42,-73.0,-21.24,-4.56,True,brkSig>=0.75,0.75,
brkSig>=0.75|E12k1N5A|fade,210,5,S,12.98,-25.02,57.1,133.0,1.42,-48.0,21.24,4.56,True,brkSig>=0.75_fade,0.75,
orb|or_w_sigQ1|E12k1N5A|L,456,5,L,0.51,-37.49,48.9,72.6,0.15,-61.5,-0.08,1.09,False,orb_or_w_sig_Q1,,1.0
orb|or_w_sigQ1|E12k1N5A|S,456,5,S,-0.51,-38.51,51.1,72.6,-0.15,-62.4,0.08,-1.09,False,orb_or_w_sig_Q1,,1.0
orb|or_w_sigQ2|E12k1N5A|L,442,5,L,4.06,-33.94,52.5,77.7,1.1,-57.9,3.67,4.46,True,orb_or_w_sig_Q2,,2.0
orb|or_w_sigQ2|E12k1N5A|S,442,5,S,-4.06,-42.06,47.5,77.7,-1.1,-65.7,-3.67,-4.46,True,orb_or_w_sig_Q2,,2.0
orb|or_w_sigQ3|E12k1N5A|L,427,5,L,1.32,-36.68,48.7,75.0,0.36,-60.7,-2.2,4.85,False,orb_or_w_sig_Q3,,3.0
orb|or_w_sigQ3|E12k1N5A|S,427,5,S,-1.32,-39.32,51.3,75.0,-0.36,-63.2,2.2,-4.85,False,orb_or_w_sig_Q3,,3.0
orb|or_w_sigQ4|E12k1N5A|L,411,5,L,5.58,-32.42,50.4,77.8,1.46,-56.2,2.59,8.59,True,orb_or_w_sig_Q4,,4.0
orb|or_w_sigQ4|E12k1N5A|S,411,5,S,-5.58,-43.58,49.6,77.8,-1.46,-67.0,-2.59,-8.59,True,orb_or_w_sig_Q4,,4.0
orb|or_w_sigQ5|E12k1N5A|L,420,5,L,4.06,-33.94,50.2,96.4,0.86,-58.0,0.94,7.22,True,orb_or_w_sig_Q5,,5.0
orb|or_w_sigQ5|E12k1N5A|S,420,5,S,-4.06,-42.06,49.8,96.4,-0.86,-65.8,-0.94,-7.22,True,orb_or_w_sig_Q5,,5.0
orb|rvolQ1|E12k1N5A|L,282,5,L,2.36,-35.64,54.3,52.3,0.76,-59.5,3.69,1.02,True,orb_rvol_Q1,,1.0
orb|rvolQ1|E12k1N5A|S,282,5,S,-2.36,-40.36,45.7,52.3,-0.76,-64.0,-3.69,-1.02,True,orb_rvol_Q1,,1.0
orb|rvolQ2|E12k1N5A|L,368,5,L,2.96,-35.04,52.2,59.7,0.95,-58.9,1.02,4.92,True,orb_rvol_Q2,,2.0
orb|rvolQ2|E12k1N5A|S,368,5,S,-2.96,-40.96,47.8,59.7,-0.95,-64.6,-1.02,-4.92,True,orb_rvol_Q2,,2.0
orb|rvolQ3|E12k1N5A|L,416,5,L,-3.07,-41.07,51.0,59.4,-1.06,-64.7,-7.93,1.83,False,orb_rvol_Q3,,3.0
orb|rvolQ3|E12k1N5A|S,416,5,S,3.07,-34.93,49.0,59.4,1.06,-58.8,7.93,-1.83,False,orb_rvol_Q3,,3.0
orb|rvolQ4|E12k1N5A|L,444,5,L,0.78,-37.22,50.7,68.0,0.24,-61.2,1.43,0.13,True,orb_rvol_Q4,,4.0
orb|rvolQ4|E12k1N5A|S,444,5,S,-0.78,-38.78,49.3,68.0,-0.24,-62.7,-1.43,-0.13,True,orb_rvol_Q4,,4.0
orb|rvolQ5|E12k1N5A|L,473,5,L,-1.54,-39.54,45.7,98.4,-0.34,-63.6,-3.93,0.85,False,orb_rvol_Q5,,5.0
orb|rvolQ5|E12k1N5A|S,473,5,S,1.54,-36.46,54.3,98.4,0.34,-60.7,3.93,-0.85,False,orb_rvol_Q5,,5.0
orb|vol20Q1|E12k1N5A|L,432,5,L,-0.7,-38.7,48.1,52.6,-0.28,-62.5,-2.45,1.06,False,orb_vol20_Q1,,1.0
orb|vol20Q1|E12k1N5A|S,432,5,S,0.7,-37.3,51.9,52.6,0.28,-61.1,2.45,-1.06,False,orb_vol20_Q1,,1.0
orb|vol20Q2|E12k1N5A|L,435,5,L,4.74,-33.26,53.3,59.9,1.65,-57.0,6.54,2.93,True,orb_vol20_Q2,,2.0
orb|vol20Q2|E12k1N5A|S,435,5,S,-4.74,-42.74,46.7,59.9,-1.65,-66.2,-6.54,-2.93,True,orb_vol20_Q2,,2.0
orb|vol20Q3|E12k1N5A|L,425,5,L,0.15,-37.85,48.7,74.4,0.04,-61.8,1.42,-1.13,False,orb_vol20_Q3,,3.0
orb|vol20Q3|E12k1N5A|S,425,5,S,-0.15,-38.15,51.3,74.4,-0.04,-62.1,-1.42,1.13,False,orb_vol20_Q3,,3.0
orb|vol20Q4|E12k1N5A|L,428,5,L,3.94,-34.06,51.9,79.5,1.03,-58.0,1.01,6.9,True,orb_vol20_Q4,,4.0
orb|vol20Q4|E12k1N5A|S,428,5,S,-3.94,-41.94,48.1,79.5,-1.03,-65.6,-1.01,-6.9,True,orb_vol20_Q4,,4.0
orb|vol20Q5|E12k1N5A|L,434,5,L,1.31,-36.69,49.1,106.9,0.26,-61.0,-0.89,3.53,False,orb_vol20_Q5,,5.0
orb|vol20Q5|E12k1N5A|S,434,5,S,-1.31,-39.31,50.9,106.9,-0.26,-63.5,0.89,-3.53,False,orb_vol20_Q5,,5.0
orb|or_w_relQ1|E12k1N5A|L,462,5,L,-0.71,-38.71,47.0,73.1,-0.21,-62.6,-0.84,-0.59,True,orb_or_w_rel_Q1,,1.0
orb|or_w_relQ1|E12k1N5A|S,462,5,S,0.71,-37.29,53.0,73.1,0.21,-61.3,0.84,0.59,True,orb_or_w_rel_Q1,,1.0
orb|or_w_relQ2|E12k1N5A|L,434,5,L,4.22,-33.78,50.0,76.4,1.15,-57.7,4.01,4.44,True,orb_or_w_rel_Q2,,2.0
orb|or_w_relQ2|E12k1N5A|S,434,5,S,-4.22,-42.22,50.0,76.4,-1.15,-65.8,-4.01,-4.44,True,orb_or_w_rel_Q2,,2.0
orb|or_w_relQ3|E12k1N5A|L,423,5,L,4.75,-33.25,54.8,72.2,1.35,-57.1,0.31,9.22,True,orb_or_w_rel_Q3,,3.0
orb|or_w_relQ3|E12k1N5A|S,423,5,S,-4.75,-42.75,45.2,72.2,-1.35,-66.3,-0.31,-9.22,True,orb_or_w_rel_Q3,,3.0
orb|or_w_relQ4|E12k1N5A|L,413,5,L,3.34,-34.66,53.0,73.2,0.93,-58.6,-0.81,7.51,False,orb_or_w_rel_Q4,,4.0
orb|or_w_relQ4|E12k1N5A|S,413,5,S,-3.34,-41.34,47.0,73.2,-0.93,-65.0,0.81,-7.51,False,orb_or_w_rel_Q4,,4.0
orb|or_w_relQ5|E12k1N5A|L,427,5,L,7.08,-30.92,54.8,97.5,1.5,-54.7,4.39,9.78,True,orb_or_w_rel_Q5,,5.0
orb|or_w_relQ5|E12k1N5A|S,427,5,S,-7.08,-45.08,45.2,97.5,-1.5,-68.4,-4.39,-9.78,True,orb_or_w_rel_Q5,,5.0
brkSig>=0.0|E12k1N5B,480,5,L,1.56,-19.44,51.0,91.2,0.38,-39.4,-2.51,5.67,False,brkSig>=0.0,0.0,
brkSig>=0.0|E12k1N5B|fade,480,5,S,-1.56,-22.56,49.0,91.2,-0.38,-44.0,2.51,-5.67,False,brkSig>=0.0_fade,0.0,
brkSig>=0.1|E12k1N5B,473,5,L,2.48,-18.52,51.8,91.5,0.59,-38.0,-1.2,6.17,False,brkSig>=0.1,0.1,
brkSig>=0.1|E12k1N5B|fade,473,5,S,-2.48,-23.48,48.2,91.5,-0.59,-45.3,1.2,-6.17,False,brkSig>=0.1_fade,0.1,
brkSig>=0.2|E12k1N5B,461,5,L,3.95,-17.05,51.4,92.8,0.91,-35.6,1.33,6.58,True,brkSig>=0.2,0.2,
brkSig>=0.2|E12k1N5B|fade,461,5,S,-3.95,-24.95,48.6,92.8,-0.91,-47.3,-1.33,-6.58,True,brkSig>=0.2_fade,0.2,
brkSig>=0.3|E12k1N5B,437,5,L,5.22,-15.78,51.9,96.2,1.13,-33.6,4.06,6.39,True,brkSig>=0.3,0.3,
brkSig>=0.3|E12k1N5B|fade,437,5,S,-5.22,-26.22,48.1,96.2,-1.13,-49.0,-4.06,-6.39,True,brkSig>=0.3_fade,0.3,
brkSig>=0.5|E12k1N5B,353,5,L,2.92,-18.08,50.7,92.4,0.59,-37.3,-1.13,7.01,False,brkSig>=0.5,0.5,
brkSig>=0.5|E12k1N5B|fade,353,5,S,-2.92,-23.92,49.3,92.4,-0.59,-45.9,1.13,-7.01,False,brkSig>=0.5_fade,0.5,
brkSig>=0.75|E12k1N5B,192,5,L,-11.63,-32.63,44.3,104.5,-1.54,-56.7,-9.94,-13.37,True,brkSig>=0.75,0.75,
brkSig>=0.75|E12k1N5B|fade,192,5,S,11.63,-9.37,55.7,104.5,1.54,-22.1,9.94,13.37,True,brkSig>=0.75_fade,0.75,
orb|or_w_sigQ1|E12k1N5B|L,449,5,L,0.3,-20.7,49.0,71.0,0.09,-41.1,-0.99,1.59,False,orb_or_w_sig_Q1,,1.0
orb|or_w_sigQ1|E12k1N5B|S,449,5,S,-0.3,-21.3,51.0,71.0,-0.09,-41.9,0.99,-1.59,False,orb_or_w_sig_Q1,,1.0
orb|or_w_sigQ2|E12k1N5B|L,438,5,L,4.01,-16.99,52.5,76.1,1.1,-35.3,4.92,3.1,True,orb_or_w_sig_Q2,,2.0
orb|or_w_sigQ2|E12k1N5B|S,438,5,S,-4.01,-25.01,47.5,76.1,-1.1,-47.2,-4.92,-3.1,True,orb_or_w_sig_Q2,,2.0
orb|or_w_sigQ3|E12k1N5B|L,423,5,L,2.1,-18.9,49.6,73.0,0.59,-38.3,-0.05,4.26,False,orb_or_w_sig_Q3,,3.0
orb|or_w_sigQ3|E12k1N5B|S,423,5,S,-2.1,-23.1,50.4,73.0,-0.59,-44.5,0.05,-4.26,False,orb_or_w_sig_Q3,,3.0
orb|or_w_sigQ4|E12k1N5B|L,408,5,L,4.26,-16.74,51.0,77.2,1.11,-34.9,1.03,7.51,True,orb_or_w_sig_Q4,,4.0
orb|or_w_sigQ4|E12k1N5B|S,408,5,S,-4.26,-25.26,49.0,77.2,-1.11,-47.5,-1.03,-7.51,True,orb_or_w_sig_Q4,,4.0
orb|or_w_sigQ5|E12k1N5B|L,420,5,L,8.39,-12.61,52.4,90.4,1.9,-28.0,7.34,9.46,True,orb_or_w_sig_Q5,,5.0
orb|or_w_sigQ5|E12k1N5B|S,420,5,S,-8.39,-29.39,47.6,90.4,-1.9,-52.9,-7.34,-9.46,True,orb_or_w_sig_Q5,,5.0
orb|rvolQ1|E12k1N5B|L,279,5,L,2.5,-18.5,54.8,52.2,0.8,-37.5,4.31,0.68,True,orb_rvol_Q1,,1.0
orb|rvolQ1|E12k1N5B|S,279,5,S,-2.5,-23.5,45.2,52.2,-0.8,-44.9,-4.31,-0.68,True,orb_rvol_Q1,,1.0
orb|rvolQ2|E12k1N5B|L,366,5,L,2.87,-18.13,52.5,59.4,0.92,-37.0,1.1,4.67,True,orb_rvol_Q2,,2.0
orb|rvolQ2|E12k1N5B|S,366,5,S,-2.87,-23.87,47.5,59.4,-0.92,-45.5,-1.1,-4.67,True,orb_rvol_Q2,,2.0
orb|rvolQ3|E12k1N5B|L,413,5,L,-2.1,-23.1,50.8,59.3,-0.72,-44.4,-5.86,1.68,False,orb_rvol_Q3,,3.0
orb|rvolQ3|E12k1N5B|S,413,5,S,2.1,-18.9,49.2,59.3,0.72,-38.2,5.86,-1.68,False,orb_rvol_Q3,,3.0
orb|rvolQ4|E12k1N5B|L,440,5,L,-0.54,-21.54,49.8,66.0,-0.17,-42.2,0.09,-1.18,False,orb_rvol_Q4,,4.0
orb|rvolQ4|E12k1N5B|S,440,5,S,0.54,-20.46,50.2,66.0,0.17,-40.6,-0.09,1.18,False,orb_rvol_Q4,,4.0
orb|rvolQ5|E12k1N5B|L,470,5,L,0.84,-20.16,47.4,98.3,0.19,-40.6,-0.74,2.44,False,orb_rvol_Q5,,5.0
orb|rvolQ5|E12k1N5B|S,470,5,S,-0.84,-21.84,52.6,98.3,-0.19,-43.1,0.74,-2.44,False,orb_rvol_Q5,,5.0
orb|vol20Q1|E12k1N5B|L,430,5,L,-0.96,-21.96,47.9,53.3,-0.37,-42.7,-2.84,0.93,False,orb_vol20_Q1,,1.0
orb|vol20Q1|E12k1N5B|S,430,5,S,0.96,-20.04,52.1,53.3,0.37,-39.9,2.84,-0.93,False,orb_vol20_Q1,,1.0
orb|vol20Q2|E12k1N5B|L,433,5,L,3.71,-17.29,53.8,59.1,1.31,-35.6,6.05,1.37,True,orb_vol20_Q2,,2.0
orb|vol20Q2|E12k1N5B|S,433,5,S,-3.71,-24.71,46.2,59.1,-1.31,-46.6,-6.05,-1.37,True,orb_vol20_Q2,,2.0
orb|vol20Q3|E12k1N5B|L,424,5,L,-0.43,-21.43,48.6,74.1,-0.12,-42.2,0.68,-1.55,False,orb_vol20_Q3,,3.0
orb|vol20Q3|E12k1N5B|S,424,5,S,0.43,-20.57,51.4,74.1,0.12,-40.9,-0.68,1.55,False,orb_vol20_Q3,,3.0
orb|vol20Q4|E12k1N5B|L,423,5,L,5.08,-15.92,53.4,78.8,1.32,-33.6,1.67,8.5,True,orb_vol20_Q4,,4.0
orb|vol20Q4|E12k1N5B|S,423,5,S,-5.08,-26.08,46.6,78.8,-1.32,-48.6,-1.67,-8.5,True,orb_vol20_Q4,,4.0
orb|vol20Q5|E12k1N5B|L,428,5,L,4.33,-16.67,50.5,104.1,0.86,-35.2,3.59,5.08,True,orb_vol20_Q5,,5.0
orb|vol20Q5|E12k1N5B|S,428,5,S,-4.33,-25.33,49.5,104.1,-0.86,-47.9,-3.59,-5.08,True,orb_vol20_Q5,,5.0
orb|or_w_relQ1|E12k1N5B|L,461,5,L,0.25,-20.75,48.2,74.0,0.07,-41.2,0.97,-0.47,False,orb_or_w_rel_Q1,,1.0
orb|or_w_relQ1|E12k1N5B|S,461,5,S,-0.25,-21.25,51.8,74.0,-0.07,-41.9,-0.97,0.47,False,orb_or_w_rel_Q1,,1.0
orb|or_w_relQ2|E12k1N5B|L,429,5,L,3.46,-17.54,50.1,76.0,0.94,-36.2,3.2,3.72,True,orb_or_w_rel_Q2,,2.0
orb|or_w_relQ2|E12k1N5B|S,429,5,S,-3.46,-24.46,49.9,76.0,-0.94,-46.4,-3.2,-3.72,True,orb_or_w_rel_Q2,,2.0
orb|or_w_relQ3|E12k1N5B|L,421,5,L,3.84,-17.16,54.4,70.0,1.13,-35.5,-0.94,8.65,False,orb_or_w_rel_Q3,,3.0
orb|or_w_relQ3|E12k1N5B|S,421,5,S,-3.84,-24.84,45.6,70.0,-1.13,-46.9,0.94,-8.65,False,orb_or_w_rel_Q3,,3.0
orb|or_w_relQ4|E12k1N5B|L,407,5,L,2.7,-18.3,53.3,74.0,0.74,-37.4,-0.21,5.63,False,orb_or_w_rel_Q4,,4.0
orb|or_w_relQ4|E12k1N5B|S,407,5,S,-2.7,-23.7,46.7,74.0,-0.74,-45.4,0.21,-5.63,False,orb_or_w_rel_Q4,,4.0
orb|or_w_relQ5|E12k1N5B|L,424,5,L,10.14,-10.86,57.1,88.7,2.35,-24.7,9.67,10.61,True,orb_or_w_rel_Q5,,5.0
orb|or_w_relQ5|E12k1N5B|S,424,5,S,-10.14,-31.14,42.9,88.7,-2.35,-54.9,-9.67,-10.61,True,orb_or_w_rel_Q5,,5.0
brkSig>=0.0|E12k1N10A,480,10,L,0.08,-37.92,47.5,71.6,0.02,-61.9,-3.82,4.02,False,brkSig>=0.0,0.0,
brkSig>=0.0|E12k1N10A|fade,480,10,S,-0.08,-38.08,52.5,71.6,-0.02,-62.0,3.82,-4.02,False,brkSig>=0.0_fade,0.0,
brkSig>=0.1|E12k1N10A,473,10,L,0.88,-37.12,47.8,72.2,0.27,-61.1,-1.81,3.58,False,brkSig>=0.1,0.1,
brkSig>=0.1|E12k1N10A|fade,473,10,S,-0.88,-38.88,52.2,72.2,-0.27,-62.8,1.81,-3.58,False,brkSig>=0.1_fade,0.1,
brkSig>=0.2|E12k1N10A,464,10,L,1.73,-36.27,47.6,76.8,0.48,-60.3,0.44,3.02,True,brkSig>=0.2,0.2,
brkSig>=0.2|E12k1N10A|fade,464,10,S,-1.73,-39.73,52.4,76.8,-0.48,-63.6,-0.44,-3.02,True,brkSig>=0.2_fade,0.2,
brkSig>=0.3|E12k1N10A,444,10,L,4.7,-33.3,49.8,82.8,1.2,-57.2,2.86,6.56,True,brkSig>=0.3,0.3,
brkSig>=0.3|E12k1N10A|fade,444,10,S,-4.7,-42.7,50.2,82.8,-1.2,-66.3,-2.86,-6.56,True,brkSig>=0.3_fade,0.3,
brkSig>=0.5|E12k1N10A,358,10,L,1.97,-36.03,49.4,83.5,0.45,-60.1,-2.09,6.08,False,brkSig>=0.5,0.5,
brkSig>=0.5|E12k1N10A|fade,358,10,S,-1.97,-39.97,50.6,83.5,-0.45,-63.9,2.09,-6.08,False,brkSig>=0.5_fade,0.5,
brkSig>=0.75|E12k1N10A,210,10,L,-11.88,-49.88,45.7,131.7,-1.31,-72.3,-19.57,-4.04,True,brkSig>=0.75,0.75,
brkSig>=0.75|E12k1N10A|fade,210,10,S,11.88,-26.12,54.3,131.7,1.31,-49.4,19.57,4.04,True,brkSig>=0.75_fade,0.75,
orb|or_w_sigQ1|E12k1N10A|L,456,10,L,1.07,-36.93,50.7,64.6,0.35,-60.8,-0.5,2.65,False,orb_or_w_sig_Q1,,1.0
orb|or_w_sigQ1|E12k1N10A|S,456,10,S,-1.07,-39.07,49.3,64.6,-0.35,-62.9,0.5,-2.65,False,orb_or_w_sig_Q1,,1.0
orb|or_w_sigQ2|E12k1N10A|L,442,10,L,1.34,-36.66,52.9,70.6,0.4,-60.6,0.89,1.79,True,orb_or_w_sig_Q2,,2.0
orb|or_w_sigQ2|E12k1N10A|S,442,10,S,-1.34,-39.34,47.1,70.6,-0.4,-63.2,-0.89,-1.79,True,orb_or_w_sig_Q2,,2.0
orb|or_w_sigQ3|E12k1N10A|L,427,10,L,1.31,-36.69,50.8,62.8,0.43,-60.6,-2.34,4.98,False,orb_or_w_sig_Q3,,3.0
orb|or_w_sigQ3|E12k1N10A|S,427,10,S,-1.31,-39.31,49.2,62.8,-0.43,-63.1,2.34,-4.98,False,orb_or_w_sig_Q3,,3.0
orb|or_w_sigQ4|E12k1N10A|L,411,10,L,5.18,-32.82,50.6,67.5,1.56,-56.6,1.77,8.61,True,orb_or_w_sig_Q4,,4.0
orb|or_w_sigQ4|E12k1N10A|S,411,10,S,-5.18,-43.18,49.4,67.5,-1.56,-66.6,-1.77,-8.61,True,orb_or_w_sig_Q4,,4.0
orb|or_w_sigQ5|E12k1N10A|L,420,10,L,5.72,-32.28,53.6,79.8,1.47,-56.1,4.24,7.23,True,orb_or_w_sig_Q5,,5.0
orb|or_w_sigQ5|E12k1N10A|S,420,10,S,-5.72,-43.72,46.4,79.8,-1.47,-67.1,-4.24,-7.23,True,orb_or_w_sig_Q5,,5.0
orb|rvolQ1|E12k1N10A|L,282,10,L,2.03,-35.97,51.4,49.2,0.69,-59.8,3.38,0.67,True,orb_rvol_Q1,,1.0
orb|rvolQ1|E12k1N10A|S,282,10,S,-2.03,-40.03,48.6,49.2,-0.69,-63.7,-3.38,-0.67,True,orb_rvol_Q1,,1.0
orb|rvolQ2|E12k1N10A|L,368,10,L,4.78,-33.22,53.3,56.4,1.63,-56.9,3.35,6.22,True,orb_rvol_Q2,,2.0
orb|rvolQ2|E12k1N10A|S,368,10,S,-4.78,-42.78,46.7,56.4,-1.63,-66.2,-3.35,-6.22,True,orb_rvol_Q2,,2.0
orb|rvolQ3|E12k1N10A|L,416,10,L,-0.94,-38.94,51.0,56.0,-0.34,-62.7,-3.25,1.39,False,orb_rvol_Q3,,3.0
orb|rvolQ3|E12k1N10A|S,416,10,S,0.94,-37.06,49.0,56.0,0.34,-60.9,3.25,-1.39,False,orb_rvol_Q3,,3.0
orb|rvolQ4|E12k1N10A|L,444,10,L,4.04,-33.96,56.5,60.4,1.41,-57.8,4.29,3.8,True,orb_rvol_Q4,,4.0
orb|rvolQ4|E12k1N10A|S,444,10,S,-4.04,-42.04,43.5,60.4,-1.41,-65.6,-4.29,-3.8,True,orb_rvol_Q4,,4.0
orb|rvolQ5|E12k1N10A|L,473,10,L,0.41,-37.59,50.3,81.4,0.11,-61.6,-3.78,4.62,False,orb_rvol_Q5,,5.0
orb|rvolQ5|E12k1N10A|S,473,10,S,-0.41,-38.41,49.7,81.4,-0.11,-62.4,3.78,-4.62,False,orb_rvol_Q5,,5.0
orb|vol20Q1|E12k1N10A|L,432,10,L,0.34,-37.66,49.8,47.3,0.15,-61.5,-1.55,2.24,False,orb_vol20_Q1,,1.0
orb|vol20Q1|E12k1N10A|S,432,10,S,-0.34,-38.34,50.2,47.3,-0.15,-62.1,1.55,-2.24,False,orb_vol20_Q1,,1.0
orb|vol20Q2|E12k1N10A|L,435,10,L,3.76,-34.24,55.9,54.2,1.45,-58.0,3.93,3.6,True,orb_vol20_Q2,,2.0
orb|vol20Q2|E12k1N10A|S,435,10,S,-3.76,-41.76,44.1,54.2,-1.45,-65.3,-3.93,-3.6,True,orb_vol20_Q2,,2.0
orb|vol20Q3|E12k1N10A|L,425,10,L,3.32,-34.68,52.7,63.8,1.07,-58.5,4.36,2.27,True,orb_vol20_Q3,,3.0
orb|vol20Q3|E12k1N10A|S,425,10,S,-3.32,-41.32,47.3,63.8,-1.07,-65.0,-4.36,-2.27,True,orb_vol20_Q3,,3.0
orb|vol20Q4|E12k1N10A|L,428,10,L,4.74,-33.26,52.8,72.2,1.36,-57.1,4.31,5.17,True,orb_vol20_Q4,,4.0
orb|vol20Q4|E12k1N10A|S,428,10,S,-4.74,-42.74,47.2,72.2,-1.36,-66.2,-4.31,-5.17,True,orb_vol20_Q4,,4.0
orb|vol20Q5|E12k1N10A|L,434,10,L,-0.39,-38.39,49.8,91.4,-0.09,-62.5,-2.04,1.27,False,orb_vol20_Q5,,5.0
orb|vol20Q5|E12k1N10A|S,434,10,S,0.39,-37.61,50.2,91.4,0.09,-61.7,2.04,-1.27,False,orb_vol20_Q5,,5.0
orb|or_w_relQ1|E12k1N10A|L,462,10,L,-0.13,-38.13,51.9,64.3,-0.04,-62.0,-1.71,1.47,False,orb_or_w_rel_Q1,,1.0
orb|or_w_relQ1|E12k1N10A|S,462,10,S,0.13,-37.87,48.1,64.3,0.04,-61.8,1.71,-1.47,False,orb_or_w_rel_Q1,,1.0
orb|or_w_relQ2|E12k1N10A|L,434,10,L,2.77,-35.23,50.5,70.2,0.82,-59.2,2.11,3.44,True,orb_or_w_rel_Q2,,2.0
orb|or_w_relQ2|E12k1N10A|S,434,10,S,-2.77,-40.77,49.5,70.2,-0.82,-64.5,-2.11,-3.44,True,orb_or_w_rel_Q2,,2.0
orb|or_w_relQ3|E12k1N10A|L,423,10,L,3.79,-34.21,54.4,62.8,1.24,-58.0,-0.39,7.99,False,orb_or_w_rel_Q3,,3.0
orb|or_w_relQ3|E12k1N10A|S,423,10,S,-3.79,-41.79,45.6,62.8,-1.24,-65.4,0.39,-7.99,False,orb_or_w_rel_Q3,,3.0
orb|or_w_relQ4|E12k1N10A|L,413,10,L,3.69,-34.31,53.3,65.7,1.14,-58.2,1.81,5.58,True,orb_or_w_rel_Q4,,4.0
orb|or_w_relQ4|E12k1N10A|S,413,10,S,-3.69,-41.69,46.7,65.7,-1.14,-65.3,-1.81,-5.58,True,orb_or_w_rel_Q4,,4.0
orb|or_w_relQ5|E12k1N10A|L,427,10,L,5.6,-32.4,53.6,80.1,1.44,-56.2,4.78,6.42,True,orb_or_w_rel_Q5,,5.0
orb|or_w_relQ5|E12k1N10A|S,427,10,S,-5.6,-43.6,46.4,80.1,-1.44,-67.0,-4.78,-6.42,True,orb_or_w_rel_Q5,,5.0
brkSig>=0.0|E12k1N10B,480,10,L,1.05,-19.95,50.2,70.2,0.33,-39.9,-2.66,4.78,False,brkSig>=0.0,0.0,
brkSig>=0.0|E12k1N10B|fade,480,10,S,-1.05,-22.05,49.8,70.2,-0.33,-43.0,2.66,-4.78,False,brkSig>=0.0_fade,0.0,
brkSig>=0.1|E12k1N10B,473,10,L,1.86,-19.14,50.7,71.4,0.57,-38.7,-0.68,4.41,False,brkSig>=0.1,0.1,
brkSig>=0.1|E12k1N10B|fade,473,10,S,-1.86,-22.86,49.3,71.4,-0.57,-44.2,0.68,-4.41,False,brkSig>=0.1_fade,0.1,
brkSig>=0.2|E12k1N10B,461,10,L,4.33,-16.67,50.1,76.2,1.22,-34.8,3.96,4.71,True,brkSig>=0.2,0.2,
brkSig>=0.2|E12k1N10B|fade,461,10,S,-4.33,-25.33,49.9,76.2,-1.22,-47.6,-3.96,-4.71,True,brkSig>=0.2_fade,0.2,
brkSig>=0.3|E12k1N10B,437,10,L,6.88,-14.12,51.7,81.8,1.76,-30.5,7.13,6.63,True,brkSig>=0.3,0.3,
brkSig>=0.3|E12k1N10B|fade,437,10,S,-6.88,-27.88,48.3,81.8,-1.76,-50.9,-7.13,-6.63,True,brkSig>=0.3_fade,0.3,
brkSig>=0.5|E12k1N10B,353,10,L,4.28,-16.72,51.8,80.7,1.0,-34.9,1.14,7.44,True,brkSig>=0.5,0.5,
brkSig>=0.5|E12k1N10B|fade,353,10,S,-4.28,-25.28,48.2,80.7,-1.0,-47.6,-1.14,-7.44,True,brkSig>=0.5_fade,0.5,
brkSig>=0.75|E12k1N10B,192,10,L,-11.7,-32.7,45.8,102.9,-1.58,-56.8,-9.73,-13.72,True,brkSig>=0.75,0.75,
brkSig>=0.75|E12k1N10B|fade,192,10,S,11.7,-9.3,54.2,102.9,1.58,-21.9,9.73,13.72,True,brkSig>=0.75_fade,0.75,
orb|or_w_sigQ1|E12k1N10B|L,449,10,L,-0.04,-21.04,51.2,63.6,-0.01,-41.5,-2.47,2.39,False,orb_or_w_sig_Q1,,1.0
orb|or_w_sigQ1|E12k1N10B|S,449,10,S,0.04,-20.96,48.8,63.6,0.01,-41.4,2.47,-2.39,False,orb_or_w_sig_Q1,,1.0
orb|or_w_sigQ2|E12k1N10B|L,438,10,L,2.78,-18.22,55.7,70.2,0.83,-37.2,3.49,2.06,True,orb_or_w_sig_Q2,,2.0
orb|or_w_sigQ2|E12k1N10B|S,438,10,S,-2.78,-23.78,44.3,70.2,-0.83,-45.5,-3.49,-2.06,True,orb_or_w_sig_Q2,,2.0
orb|or_w_sigQ3|E12k1N10B|L,423,10,L,2.18,-18.82,52.0,62.2,0.72,-38.1,-0.11,4.48,False,orb_or_w_sig_Q3,,3.0
orb|or_w_sigQ3|E12k1N10B|S,423,10,S,-2.18,-23.18,48.0,62.2,-0.72,-44.6,0.11,-4.48,False,orb_or_w_sig_Q3,,3.0
orb|or_w_sigQ4|E12k1N10B|L,408,10,L,3.79,-17.21,50.0,67.5,1.13,-35.6,0.42,7.18,True,orb_or_w_sig_Q4,,4.0
orb|or_w_sigQ4|E12k1N10B|S,408,10,S,-3.79,-24.79,50.0,67.5,-1.13,-46.8,-0.42,-7.18,True,orb_or_w_sig_Q4,,4.0
orb|or_w_sigQ5|E12k1N10B|L,420,10,L,8.34,-12.66,56.7,78.1,2.19,-27.9,7.83,8.86,True,orb_or_w_sig_Q5,,5.0
orb|or_w_sigQ5|E12k1N10B|S,420,10,S,-8.34,-29.34,43.3,78.1,-2.19,-52.7,-7.83,-8.86,True,orb_or_w_sig_Q5,,5.0
orb|rvolQ1|E12k1N10B|L,279,10,L,2.57,-18.43,52.0,48.5,0.88,-37.4,4.2,0.93,True,orb_rvol_Q1,,1.0
orb|rvolQ1|E12k1N10B|S,279,10,S,-2.57,-23.57,48.0,48.5,-0.88,-45.0,-4.2,-0.93,True,orb_rvol_Q1,,1.0
orb|rvolQ2|E12k1N10B|L,366,10,L,4.74,-16.26,53.8,56.4,1.61,-33.9,3.76,5.72,True,orb_rvol_Q2,,2.0
orb|rvolQ2|E12k1N10B|S,366,10,S,-4.74,-25.74,46.2,56.4,-1.61,-48.0,-3.76,-5.72,True,orb_rvol_Q2,,2.0
orb|rvolQ3|E12k1N10B|L,413,10,L,-0.99,-21.99,50.8,55.9,-0.36,-42.8,-2.65,0.68,False,orb_rvol_Q3,,3.0
orb|rvolQ3|E12k1N10B|S,413,10,S,0.99,-20.01,49.2,55.9,0.36,-39.9,2.65,-0.68,False,orb_rvol_Q3,,3.0
orb|rvolQ4|E12k1N10B|L,440,10,L,3.32,-17.68,56.4,59.5,1.17,-36.3,3.36,3.28,True,orb_rvol_Q4,,4.0
orb|rvolQ4|E12k1N10B|S,440,10,S,-3.32,-24.32,43.6,59.5,-1.17,-46.1,-3.36,-3.28,True,orb_rvol_Q4,,4.0
orb|rvolQ5|E12k1N10B|L,470,10,L,1.87,-19.13,51.7,81.8,0.5,-38.8,-2.26,6.03,False,orb_rvol_Q5,,5.0
orb|rvolQ5|E12k1N10B|S,470,10,S,-1.87,-22.87,48.3,81.8,-0.5,-44.3,2.26,-6.03,False,orb_rvol_Q5,,5.0
orb|vol20Q1|E12k1N10B|L,430,10,L,0.64,-20.36,50.2,47.3,0.28,-40.3,-1.34,2.63,False,orb_vol20_Q1,,1.0
orb|vol20Q1|E12k1N10B|S,430,10,S,-0.64,-21.64,49.8,47.3,-0.28,-42.2,1.34,-2.63,False,orb_vol20_Q1,,1.0
orb|vol20Q2|E12k1N10B|L,433,10,L,3.48,-17.52,57.3,54.1,1.34,-36.0,4.35,2.59,True,orb_vol20_Q2,,2.0
orb|vol20Q2|E12k1N10B|S,433,10,S,-3.48,-24.48,42.7,54.1,-1.34,-46.3,-4.35,-2.59,True,orb_vol20_Q2,,2.0
orb|vol20Q3|E12k1N10B|L,424,10,L,2.78,-18.22,52.4,64.4,0.89,-37.2,4.26,1.29,True,orb_vol20_Q3,,3.0
orb|vol20Q3|E12k1N10B|S,424,10,S,-2.78,-23.78,47.6,64.4,-0.89,-45.4,-4.26,-1.29,True,orb_vol20_Q3,,3.0
orb|vol20Q4|E12k1N10B|L,423,10,L,5.37,-15.63,55.3,70.9,1.56,-33.0,4.78,5.96,True,orb_vol20_Q4,,4.0
orb|vol20Q4|E12k1N10B|S,423,10,S,-5.37,-26.37,44.7,70.9,-1.56,-48.9,-4.78,-5.96,True,orb_vol20_Q4,,4.0
orb|vol20Q5|E12k1N10B|L,428,10,L,0.79,-20.21,50.2,91.6,0.18,-40.6,-0.57,2.17,False,orb_vol20_Q5,,5.0
orb|vol20Q5|E12k1N10B|S,428,10,S,-0.79,-21.79,49.8,91.6,-0.18,-42.9,0.57,-2.17,False,orb_vol20_Q5,,5.0
orb|or_w_relQ1|E12k1N10B|L,461,10,L,-0.23,-21.23,52.7,64.9,-0.07,-41.8,-1.13,0.68,False,orb_or_w_rel_Q1,,1.0
orb|or_w_relQ1|E12k1N10B|S,461,10,S,0.23,-20.77,47.3,64.9,0.07,-41.1,1.13,-0.68,False,orb_or_w_rel_Q1,,1.0
orb|or_w_relQ2|E12k1N10B|L,429,10,L,2.38,-18.62,51.0,70.5,0.7,-37.9,1.61,3.15,True,orb_or_w_rel_Q2,,2.0
orb|or_w_relQ2|E12k1N10B|S,429,10,S,-2.38,-23.38,49.0,70.5,-0.7,-44.9,-1.61,-3.15,True,orb_or_w_rel_Q2,,2.0
orb|or_w_relQ3|E12k1N10B|L,421,10,L,3.34,-17.66,54.9,61.2,1.12,-36.2,-0.82,7.52,False,orb_or_w_rel_Q3,,3.0
orb|or_w_relQ3|E12k1N10B|S,421,10,S,-3.34,-24.34,45.1,61.2,-1.12,-46.1,0.82,-7.52,False,orb_or_w_rel_Q3,,3.0
orb|or_w_relQ4|E12k1N10B|L,407,10,L,3.53,-17.47,53.6,66.1,1.08,-36.0,2.64,4.41,True,orb_or_w_rel_Q4,,4.0
orb|or_w_relQ4|E12k1N10B|S,407,10,S,-3.53,-24.53,46.4,66.1,-1.08,-46.4,-2.64,-4.41,True,orb_or_w_rel_Q4,,4.0
orb|or_w_relQ5|E12k1N10B|L,424,10,L,8.18,-12.82,56.4,76.5,2.2,-28.2,9.11,7.24,True,orb_or_w_rel_Q5,,5.0
orb|or_w_relQ5|E12k1N10B|S,424,10,S,-8.18,-29.18,43.6,76.5,-2.2,-52.5,-9.11,-7.24,True,orb_or_w_rel_Q5,,5.0
brkSig>=0.0|E12k1N20A,475,20,L,0.95,-37.05,53.3,57.6,0.36,-60.9,-1.86,3.78,False,brkSig>=0.0,0.0,
brkSig>=0.0|E12k1N20A|fade,475,20,S,-0.95,-38.95,46.7,57.6,-0.36,-62.8,1.86,-3.78,False,brkSig>=0.0_fade,0.0,
brkSig>=0.1|E12k1N20A,460,20,L,3.5,-34.5,54.8,60.4,1.24,-58.3,2.11,4.9,True,brkSig>=0.1,0.1,
brkSig>=0.1|E12k1N20A|fade,460,20,S,-3.5,-41.5,45.2,60.4,-1.24,-65.1,-2.11,-4.9,True,brkSig>=0.1_fade,0.1,
brkSig>=0.2|E12k1N20A,428,20,L,4.23,-33.77,55.4,60.1,1.46,-57.6,1.45,7.03,True,brkSig>=0.2,0.2,
brkSig>=0.2|E12k1N20A|fade,428,20,S,-4.23,-42.23,44.6,60.1,-1.46,-65.7,-1.45,-7.03,True,brkSig>=0.2_fade,0.2,
brkSig>=0.3|E12k1N20A,386,20,L,4.02,-33.98,54.9,61.0,1.29,-57.8,0.39,7.69,True,brkSig>=0.3,0.3,
brkSig>=0.3|E12k1N20A|fade,386,20,S,-4.02,-42.02,45.1,61.0,-1.29,-65.6,-0.39,-7.69,True,brkSig>=0.3_fade,0.3,
brkSig>=0.5|E12k1N20A,246,20,L,2.1,-35.9,51.6,67.2,0.49,-59.8,2.63,1.57,True,brkSig>=0.5,0.5,
brkSig>=0.5|E12k1N20A|fade,246,20,S,-2.1,-40.1,48.4,67.2,-0.49,-63.9,-2.63,-1.57,True,brkSig>=0.5_fade,0.5,
orb|or_w_sigQ1|E12k1N20A|L,403,20,L,1.84,-36.16,54.3,54.5,0.68,-60.0,2.04,1.64,True,orb_or_w_sig_Q1,,1.0
orb|or_w_sigQ1|E12k1N20A|S,403,20,S,-1.84,-39.84,45.7,54.5,-0.68,-63.6,-2.04,-1.64,True,orb_or_w_sig_Q1,,1.0
orb|or_w_sigQ2|E12k1N20A|L,378,20,L,3.43,-34.57,57.4,58.3,1.15,-58.4,3.05,3.82,True,orb_or_w_sig_Q2,,2.0
orb|or_w_sigQ2|E12k1N20A|S,378,20,S,-3.43,-41.43,42.6,58.3,-1.15,-65.0,-3.05,-3.82,True,orb_or_w_sig_Q2,,2.0
orb|or_w_sigQ3|E12k1N20A|L,346,20,L,0.9,-37.1,53.2,52.5,0.32,-60.9,-0.07,1.89,False,orb_or_w_sig_Q3,,3.0
orb|or_w_sigQ3|E12k1N20A|S,346,20,S,-0.9,-38.9,46.8,52.5,-0.32,-62.7,0.07,-1.89,False,orb_or_w_sig_Q3,,3.0
orb|or_w_sigQ4|E12k1N20A|L,323,20,L,4.78,-33.22,54.5,56.4,1.52,-56.9,5.64,3.92,True,orb_or_w_sig_Q4,,4.0
orb|or_w_sigQ4|E12k1N20A|S,323,20,S,-4.78,-42.78,45.5,56.4,-1.52,-66.2,-5.64,-3.92,True,orb_or_w_sig_Q4,,4.0
orb|or_w_sigQ5|E12k1N20A|L,332,20,L,10.81,-27.19,59.9,67.0,2.94,-49.9,9.84,11.79,True,orb_or_w_sig_Q5,,5.0
orb|or_w_sigQ5|E12k1N20A|S,332,20,S,-10.81,-48.81,40.1,67.0,-2.94,-71.0,-9.84,-11.79,True,orb_or_w_sig_Q5,,5.0
orb|rvolQ1|E12k1N20A|L,166,20,L,-0.27,-38.27,52.4,46.1,-0.08,-62.1,0.31,-0.87,False,orb_rvol_Q1,,1.0
orb|rvolQ1|E12k1N20A|S,166,20,S,0.27,-37.73,47.6,46.1,0.08,-61.5,-0.31,0.87,False,orb_rvol_Q1,,1.0
orb|rvolQ2|E12k1N20A|L,245,20,L,7.15,-30.85,56.3,53.6,2.09,-54.3,5.85,8.46,True,orb_rvol_Q2,,2.0
orb|rvolQ2|E12k1N20A|S,245,20,S,-7.15,-45.15,43.7,53.6,-2.09,-68.1,-5.85,-8.46,True,orb_rvol_Q2,,2.0
orb|rvolQ3|E12k1N20A|L,319,20,L,1.64,-36.36,53.6,51.0,0.57,-60.2,2.25,1.02,True,orb_rvol_Q3,,3.0
orb|rvolQ3|E12k1N20A|S,319,20,S,-1.64,-39.64,46.4,51.0,-0.57,-63.4,-2.25,-1.02,True,orb_rvol_Q3,,3.0
orb|rvolQ4|E12k1N20A|L,391,20,L,3.09,-34.91,56.5,52.9,1.16,-58.7,2.6,3.58,True,orb_rvol_Q4,,4.0
orb|rvolQ4|E12k1N20A|S,391,20,S,-3.09,-41.09,43.5,52.9,-1.16,-64.7,-2.6,-3.58,True,orb_rvol_Q4,,4.0
orb|rvolQ5|E12k1N20A|L,449,20,L,2.71,-35.29,54.3,66.4,0.86,-59.2,0.58,4.85,True,orb_rvol_Q5,,5.0
orb|rvolQ5|E12k1N20A|S,449,20,S,-2.71,-40.71,45.7,66.4,-0.86,-64.4,-0.58,-4.85,True,orb_rvol_Q5,,5.0
orb|vol20Q1|E12k1N20A|L,342,20,L,1.69,-36.31,53.2,39.8,0.78,-60.1,0.87,2.51,True,orb_vol20_Q1,,1.0
orb|vol20Q1|E12k1N20A|S,342,20,S,-1.69,-39.69,46.8,39.8,-0.78,-63.4,-0.87,-2.51,True,orb_vol20_Q1,,1.0
orb|vol20Q2|E12k1N20A|L,367,20,L,4.83,-33.17,59.9,48.1,1.92,-56.8,4.96,4.69,True,orb_vol20_Q2,,2.0
orb|vol20Q2|E12k1N20A|S,367,20,S,-4.83,-42.83,40.1,48.1,-1.92,-66.2,-4.96,-4.69,True,orb_vol20_Q2,,2.0
orb|vol20Q3|E12k1N20A|L,352,20,L,4.41,-33.59,55.4,57.2,1.45,-57.3,5.36,3.45,True,orb_vol20_Q3,,3.0
orb|vol20Q3|E12k1N20A|S,352,20,S,-4.41,-42.41,44.6,57.2,-1.45,-65.9,-5.36,-3.45,True,orb_vol20_Q3,,3.0
orb|vol20Q4|E12k1N20A|L,359,20,L,5.76,-32.24,55.4,65.2,1.67,-55.9,7.44,4.07,True,orb_vol20_Q4,,4.0
orb|vol20Q4|E12k1N20A|S,359,20,S,-5.76,-43.76,44.6,65.2,-1.67,-67.1,-7.44,-4.07,True,orb_vol20_Q4,,4.0
orb|vol20Q5|E12k1N20A|L,364,20,L,2.15,-35.85,52.2,74.5,0.55,-59.8,-1.72,6.07,False,orb_vol20_Q5,,5.0
orb|vol20Q5|E12k1N20A|S,364,20,S,-2.15,-40.15,47.8,74.5,-0.55,-64.0,1.72,-6.07,False,orb_vol20_Q5,,5.0
orb|or_w_relQ1|E12k1N20A|L,404,20,L,1.61,-36.39,54.5,54.2,0.6,-60.2,1.64,1.58,True,orb_or_w_rel_Q1,,1.0
orb|or_w_relQ1|E12k1N20A|S,404,20,S,-1.61,-39.61,45.5,54.2,-0.6,-63.4,-1.64,-1.58,True,orb_or_w_rel_Q1,,1.0
orb|or_w_relQ2|E12k1N20A|L,361,20,L,-0.21,-38.21,50.1,54.4,-0.07,-62.0,0.08,-0.5,False,orb_or_w_rel_Q2,,2.0
orb|or_w_relQ2|E12k1N20A|S,361,20,S,0.21,-37.79,49.9,54.4,0.07,-61.6,-0.08,0.5,False,orb_or_w_rel_Q2,,2.0
orb|or_w_relQ3|E12k1N20A|L,354,20,L,5.77,-32.23,56.2,56.9,1.91,-55.9,3.71,7.85,True,orb_or_w_rel_Q3,,3.0
orb|or_w_relQ3|E12k1N20A|S,354,20,S,-5.77,-43.77,43.8,56.9,-1.91,-67.0,-3.71,-7.85,True,orb_or_w_rel_Q3,,3.0
orb|or_w_relQ4|E12k1N20A|L,322,20,L,4.83,-33.17,54.3,53.0,1.64,-56.9,4.04,5.62,True,orb_or_w_rel_Q4,,4.0
orb|or_w_relQ4|E12k1N20A|S,322,20,S,-4.83,-42.83,45.7,53.0,-1.64,-66.2,-4.04,-5.62,True,orb_or_w_rel_Q4,,4.0
orb|or_w_relQ5|E12k1N20A|L,345,20,L,7.7,-30.3,54.5,69.0,2.07,-53.7,7.66,7.73,True,orb_or_w_rel_Q5,,5.0
orb|or_w_relQ5|E12k1N20A|S,345,20,S,-7.7,-45.7,45.5,69.0,-2.07,-68.7,-7.66,-7.73,True,orb_or_w_rel_Q5,,5.0
brkSig>=0.0|E12k1N20B,474,20,L,1.63,-19.37,54.6,57.0,0.62,-38.9,-1.04,4.34,False,brkSig>=0.0,0.0,
brkSig>=0.0|E12k1N20B|fade,474,20,S,-1.63,-22.63,45.4,57.0,-0.62,-43.7,1.04,-4.34,False,brkSig>=0.0_fade,0.0,
brkSig>=0.1|E12k1N20B,459,20,L,4.53,-16.47,56.6,59.5,1.63,-34.3,3.57,5.49,True,brkSig>=0.1,0.1,
brkSig>=0.1|E12k1N20B|fade,459,20,S,-4.53,-25.53,43.4,59.5,-1.63,-47.7,-3.57,-5.49,True,brkSig>=0.1_fade,0.1,
brkSig>=0.2|E12k1N20B,424,20,L,4.66,-16.34,57.1,59.1,1.62,-34.1,2.72,6.62,True,brkSig>=0.2,0.2,
brkSig>=0.2|E12k1N20B|fade,424,20,S,-4.66,-25.66,42.9,59.1,-1.62,-47.9,-2.72,-6.62,True,brkSig>=0.2_fade,0.2,
brkSig>=0.3|E12k1N20B,379,20,L,5.89,-15.11,56.7,60.0,1.91,-32.0,2.56,9.24,True,brkSig>=0.3,0.3,
brkSig>=0.3|E12k1N20B|fade,379,20,S,-5.89,-26.89,43.3,60.0,-1.91,-49.5,-2.56,-9.24,True,brkSig>=0.3_fade,0.3,
brkSig>=0.5|E12k1N20B,235,20,L,2.27,-18.73,51.9,62.1,0.56,-37.9,4.76,-0.23,False,brkSig>=0.5,0.5,
brkSig>=0.5|E12k1N20B|fade,235,20,S,-2.27,-23.27,48.1,62.1,-0.56,-44.7,-4.76,0.23,False,brkSig>=0.5_fade,0.5,
orb|or_w_sigQ1|E12k1N20B|L,395,20,L,0.88,-20.12,54.4,53.4,0.33,-40.0,0.69,1.08,True,orb_or_w_sig_Q1,,1.0
orb|or_w_sigQ1|E12k1N20B|S,395,20,S,-0.88,-21.88,45.6,53.4,-0.33,-42.6,-0.69,-1.08,True,orb_or_w_sig_Q1,,1.0
orb|or_w_sigQ2|E12k1N20B|L,372,20,L,4.17,-16.83,59.4,58.5,1.37,-34.9,4.15,4.18,True,orb_or_w_sig_Q2,,2.0
orb|or_w_sigQ2|E12k1N20B|S,372,20,S,-4.17,-25.17,40.6,58.5,-1.37,-47.2,-4.15,-4.18,True,orb_or_w_sig_Q2,,2.0
orb|or_w_sigQ3|E12k1N20B|L,342,20,L,1.56,-19.44,54.7,50.7,0.57,-39.0,0.8,2.34,True,orb_or_w_sig_Q3,,3.0
orb|or_w_sigQ3|E12k1N20B|S,342,20,S,-1.56,-22.56,45.3,50.7,-0.57,-43.6,-0.8,-2.34,True,orb_or_w_sig_Q3,,3.0
orb|or_w_sigQ4|E12k1N20B|L,318,20,L,3.7,-17.3,53.5,55.6,1.19,-35.6,4.78,2.6,True,orb_or_w_sig_Q4,,4.0
orb|or_w_sigQ4|E12k1N20B|S,318,20,S,-3.7,-24.7,46.5,55.6,-1.19,-46.6,-4.78,-2.6,True,orb_or_w_sig_Q4,,4.0
orb|or_w_sigQ5|E12k1N20B|L,326,20,L,12.44,-8.56,61.0,64.5,3.48,-19.8,12.92,11.95,True,orb_or_w_sig_Q5,,5.0
orb|or_w_sigQ5|E12k1N20B|S,326,20,S,-12.44,-33.44,39.0,64.5,-3.48,-57.2,-12.92,-11.95,True,orb_or_w_sig_Q5,,5.0
orb|rvolQ1|E12k1N20B|L,161,20,L,-0.69,-21.69,51.6,46.4,-0.19,-42.3,-1.41,0.05,False,orb_rvol_Q1,,1.0
orb|rvolQ1|E12k1N20B|S,161,20,S,0.69,-20.31,48.4,46.4,0.19,-40.3,1.41,-0.05,False,orb_rvol_Q1,,1.0
orb|rvolQ2|E12k1N20B|L,242,20,L,7.11,-13.89,57.0,54.0,2.05,-29.8,6.14,8.09,True,orb_rvol_Q2,,2.0
orb|rvolQ2|E12k1N20B|S,242,20,S,-7.11,-28.11,43.0,54.0,-2.05,-51.0,-6.14,-8.09,True,orb_rvol_Q2,,2.0
orb|rvolQ3|E12k1N20B|L,317,20,L,1.78,-19.22,53.3,51.0,0.62,-38.6,2.42,1.14,True,orb_rvol_Q3,,3.0
orb|rvolQ3|E12k1N20B|S,317,20,S,-1.78,-22.78,46.7,51.0,-0.62,-43.9,-2.42,-1.14,True,orb_rvol_Q3,,3.0
orb|rvolQ4|E12k1N20B|L,385,20,L,2.67,-18.33,55.3,53.6,0.98,-37.2,1.97,3.37,True,orb_rvol_Q4,,4.0
orb|rvolQ4|E12k1N20B|S,385,20,S,-2.67,-23.67,44.7,53.6,-0.98,-45.2,-1.97,-3.37,True,orb_rvol_Q4,,4.0
orb|rvolQ5|E12k1N20B|L,446,20,L,3.55,-17.45,56.1,64.6,1.16,-35.9,1.8,5.33,True,orb_rvol_Q5,,5.0
orb|rvolQ5|E12k1N20B|S,446,20,S,-3.55,-24.55,43.9,64.6,-1.16,-46.5,-1.8,-5.33,True,orb_rvol_Q5,,5.0
orb|vol20Q1|E12k1N20B|L,339,20,L,1.72,-19.28,53.7,39.5,0.8,-38.6,1.04,2.4,True,orb_vol20_Q1,,1.0
orb|vol20Q1|E12k1N20B|S,339,20,S,-1.72,-22.72,46.3,39.5,-0.8,-43.7,-1.04,-2.4,True,orb_vol20_Q1,,1.0
orb|vol20Q2|E12k1N20B|L,361,20,L,4.53,-16.47,60.7,48.2,1.79,-34.2,4.76,4.3,True,orb_vol20_Q2,,2.0
orb|vol20Q2|E12k1N20B|S,361,20,S,-4.53,-25.53,39.3,48.2,-1.79,-47.6,-4.76,-4.3,True,orb_vol20_Q2,,2.0
orb|vol20Q3|E12k1N20B|L,347,20,L,3.66,-17.34,55.0,57.1,1.19,-35.7,4.5,2.82,True,orb_vol20_Q3,,3.0
orb|vol20Q3|E12k1N20B|S,347,20,S,-3.66,-24.66,45.0,57.1,-1.19,-46.5,-4.5,-2.82,True,orb_vol20_Q3,,3.0
orb|vol20Q4|E12k1N20B|L,347,20,L,5.26,-15.74,55.6,64.1,1.53,-33.1,5.92,4.6,True,orb_vol20_Q4,,4.0
orb|vol20Q4|E12k1N20B|S,347,20,S,-5.26,-26.26,44.4,64.1,-1.53,-48.7,-5.92,-4.6,True,orb_vol20_Q4,,4.0
orb|vol20Q5|E12k1N20B|L,353,20,L,1.89,-19.11,52.1,76.7,0.46,-38.7,-1.78,5.59,False,orb_vol20_Q5,,5.0
orb|vol20Q5|E12k1N20B|S,353,20,S,-1.89,-22.89,47.9,76.7,-0.46,-44.3,1.78,-5.59,False,orb_vol20_Q5,,5.0
orb|or_w_relQ1|E12k1N20B|L,398,20,L,1.7,-19.3,55.0,54.1,0.63,-38.8,2.62,0.76,True,orb_or_w_rel_Q1,,1.0
orb|or_w_relQ1|E12k1N20B|S,398,20,S,-1.7,-22.7,45.0,54.1,-0.63,-43.8,-2.62,-0.76,True,orb_or_w_rel_Q1,,1.0
orb|or_w_relQ2|E12k1N20B|L,355,20,L,-0.03,-21.03,51.3,53.7,-0.01,-41.4,0.98,-1.03,False,orb_or_w_rel_Q2,,2.0
orb|or_w_relQ2|E12k1N20B|S,355,20,S,0.03,-20.97,48.7,53.7,0.01,-41.3,-0.98,1.03,False,orb_or_w_rel_Q2,,2.0
orb|or_w_relQ3|E12k1N20B|L,345,20,L,6.71,-14.29,56.5,55.4,2.25,-30.5,4.49,8.94,True,orb_or_w_rel_Q3,,3.0
orb|or_w_relQ3|E12k1N20B|S,345,20,S,-6.71,-27.71,43.5,55.4,-2.25,-50.5,-4.49,-8.94,True,orb_or_w_rel_Q3,,3.0
orb|or_w_relQ4|E12k1N20B|L,317,20,L,5.03,-15.97,55.2,53.7,1.67,-33.4,4.64,5.43,True,orb_or_w_rel_Q4,,4.0
orb|or_w_relQ4|E12k1N20B|S,317,20,S,-5.03,-26.03,44.8,53.7,-1.67,-48.3,-4.64,-5.43,True,orb_or_w_rel_Q4,,4.0
orb|or_w_relQ5|E12k1N20B|L,333,20,L,8.31,-12.69,56.2,65.8,2.31,-27.8,9.61,7.01,True,orb_or_w_rel_Q5,,5.0
orb|or_w_relQ5|E12k1N20B|S,333,20,S,-8.31,-29.31,43.8,65.8,-2.31,-52.5,-9.61,-7.01,True,orb_or_w_rel_Q5,,5.0
brkSig>=0.0|E12k2N5A,477,5,L,-2.71,-40.71,47.0,90.3,-0.65,-64.6,-9.13,3.74,False,brkSig>=0.0,0.0,
brkSig>=0.0|E12k2N5A|fade,477,5,S,2.71,-35.29,53.0,90.3,0.65,-59.4,9.13,-3.74,False,brkSig>=0.0_fade,0.0,
brkSig>=0.1|E12k2N5A,451,5,L,-2.3,-40.3,47.2,88.4,-0.55,-64.2,-9.4,4.83,False,brkSig>=0.1,0.1,
brkSig>=0.1|E12k2N5A|fade,451,5,S,2.3,-35.7,52.8,88.4,0.55,-59.8,9.4,-4.83,False,brkSig>=0.1_fade,0.1,
brkSig>=0.2|E12k2N5A,407,5,L,-3.55,-41.55,46.7,92.8,-0.77,-65.4,-8.83,1.77,False,brkSig>=0.2,0.2,
brkSig>=0.2|E12k2N5A|fade,407,5,S,3.55,-34.45,53.3,92.8,0.77,-58.5,8.83,-1.77,False,brkSig>=0.2_fade,0.2,
brkSig>=0.3|E12k2N5A,336,5,L,-2.57,-40.57,47.3,106.8,-0.44,-64.6,-9.26,4.21,False,brkSig>=0.3,0.3,
brkSig>=0.3|E12k2N5A|fade,336,5,S,2.57,-35.43,52.7,106.8,0.44,-59.7,9.26,-4.21,False,brkSig>=0.3_fade,0.3,
brkSig>=0.5|E12k2N5A,123,5,L,0.75,-37.25,46.3,111.8,0.07,-61.6,-1.47,3.02,False,brkSig>=0.5,0.5,
brkSig>=0.5|E12k2N5A|fade,123,5,S,-0.75,-38.75,53.7,111.8,-0.07,-63.0,1.47,-3.02,False,brkSig>=0.5_fade,0.5,
orb|or_w_sigQ1|E12k2N5A|L,411,5,L,-1.29,-39.29,49.1,67.7,-0.39,-63.1,0.81,-3.39,False,orb_or_w_sig_Q1,,1.0
orb|or_w_sigQ1|E12k2N5A|S,411,5,S,1.29,-36.71,50.9,67.7,0.39,-60.6,-0.81,3.39,False,orb_or_w_sig_Q1,,1.0
orb|or_w_sigQ2|E12k2N5A|L,375,5,L,-1.43,-39.43,49.9,68.0,-0.41,-63.3,-5.04,2.21,False,orb_or_w_sig_Q2,,2.0
orb|or_w_sigQ2|E12k2N5A|S,375,5,S,1.43,-36.57,50.1,68.0,0.41,-60.5,5.04,-2.21,False,orb_or_w_sig_Q2,,2.0
orb|or_w_sigQ3|E12k2N5A|L,362,5,L,6.6,-31.4,51.7,73.5,1.71,-55.0,6.86,6.34,True,orb_or_w_sig_Q3,,3.0
orb|or_w_sigQ3|E12k2N5A|S,362,5,S,-6.6,-44.6,48.3,73.5,-1.71,-67.8,-6.86,-6.34,True,orb_or_w_sig_Q3,,3.0
orb|or_w_sigQ4|E12k2N5A|L,356,5,L,4.12,-33.88,50.8,74.7,1.04,-57.8,5.36,2.87,True,orb_or_w_sig_Q4,,4.0
orb|or_w_sigQ4|E12k2N5A|S,356,5,S,-4.12,-42.12,49.2,74.7,-1.04,-65.7,-5.36,-2.87,True,orb_or_w_sig_Q4,,4.0
orb|or_w_sigQ5|E12k2N5A|L,365,5,L,5.17,-32.83,51.8,98.4,1.0,-56.9,0.47,9.89,True,orb_or_w_sig_Q5,,5.0
orb|or_w_sigQ5|E12k2N5A|S,365,5,S,-5.17,-43.17,48.2,98.4,-1.0,-66.8,-0.47,-9.89,True,orb_or_w_sig_Q5,,5.0
orb|rvolQ1|E12k2N5A|L,204,5,L,4.83,-33.17,53.4,53.8,1.28,-56.9,3.96,5.73,True,orb_rvol_Q1,,1.0
orb|rvolQ1|E12k2N5A|S,204,5,S,-4.83,-42.83,46.6,53.8,-1.28,-66.2,-3.96,-5.73,True,orb_rvol_Q1,,1.0
orb|rvolQ2|E12k2N5A|L,271,5,L,5.67,-32.33,52.0,61.7,1.51,-56.0,4.0,7.35,True,orb_rvol_Q2,,2.0
orb|rvolQ2|E12k2N5A|S,271,5,S,-5.67,-43.67,48.0,61.7,-1.51,-67.0,-4.0,-7.35,True,orb_rvol_Q2,,2.0
orb|rvolQ3|E12k2N5A|L,364,5,L,1.97,-36.03,53.3,60.0,0.63,-59.9,-0.73,4.7,False,orb_rvol_Q3,,3.0
orb|rvolQ3|E12k2N5A|S,364,5,S,-1.97,-39.97,46.7,60.0,-0.63,-63.7,0.73,-4.7,False,orb_rvol_Q3,,3.0
orb|rvolQ4|E12k2N5A|L,394,5,L,2.53,-35.47,51.8,68.7,0.73,-59.4,-0.16,5.25,False,orb_rvol_Q4,,4.0
orb|rvolQ4|E12k2N5A|S,394,5,S,-2.53,-40.53,48.2,68.7,-0.73,-64.3,0.16,-5.25,False,orb_rvol_Q4,,4.0
orb|rvolQ5|E12k2N5A|L,445,5,L,-1.76,-39.76,47.0,97.8,-0.38,-63.8,-7.12,3.61,False,orb_rvol_Q5,,5.0
orb|rvolQ5|E12k2N5A|S,445,5,S,1.76,-36.24,53.0,97.8,0.38,-60.4,7.12,-3.61,False,orb_rvol_Q5,,5.0
orb|vol20Q1|E12k2N5A|L,367,5,L,1.57,-36.43,46.3,54.2,0.56,-60.3,-0.62,3.77,False,orb_vol20_Q1,,1.0
orb|vol20Q1|E12k2N5A|S,367,5,S,-1.57,-39.57,53.7,54.2,-0.56,-63.3,0.62,-3.77,False,orb_vol20_Q1,,1.0
orb|vol20Q2|E12k2N5A|L,374,5,L,5.13,-32.87,55.1,58.0,1.71,-56.6,4.71,5.57,True,orb_vol20_Q2,,2.0
orb|vol20Q2|E12k2N5A|S,374,5,S,-5.13,-43.13,44.9,58.0,-1.71,-66.5,-4.71,-5.57,True,orb_vol20_Q2,,2.0
orb|vol20Q3|E12k2N5A|L,374,5,L,0.22,-37.78,51.1,72.6,0.06,-61.7,-1.11,1.57,False,orb_vol20_Q3,,3.0
orb|vol20Q3|E12k2N5A|S,374,5,S,-0.22,-38.22,48.9,72.6,-0.06,-62.2,1.11,-1.57,False,orb_vol20_Q3,,3.0
orb|vol20Q4|E12k2N5A|L,369,5,L,4.3,-33.7,52.0,83.9,0.98,-57.7,1.98,6.62,True,orb_vol20_Q4,,4.0
orb|vol20Q4|E12k2N5A|S,369,5,S,-4.3,-42.3,48.0,83.9,-0.98,-65.9,-1.98,-6.62,True,orb_vol20_Q4,,4.0
orb|vol20Q5|E12k2N5A|L,362,5,L,1.14,-36.86,50.8,107.8,0.2,-61.1,1.74,0.54,True,orb_vol20_Q5,,5.0
orb|vol20Q5|E12k2N5A|S,362,5,S,-1.14,-39.14,49.2,107.8,-0.2,-63.3,-1.74,-0.54,True,orb_vol20_Q5,,5.0
orb|or_w_relQ1|E12k2N5A|L,414,5,L,-0.57,-38.57,51.7,68.9,-0.17,-62.5,-0.59,-0.54,True,orb_or_w_rel_Q1,,1.0
orb|or_w_relQ1|E12k2N5A|S,414,5,S,0.57,-37.43,48.3,68.9,0.17,-61.4,0.59,0.54,True,orb_or_w_rel_Q1,,1.0
orb|or_w_relQ2|E12k2N5A|L,365,5,L,7.34,-30.66,52.6,67.6,2.07,-54.1,11.41,3.25,True,orb_or_w_rel_Q2,,2.0
orb|or_w_relQ2|E12k2N5A|S,365,5,S,-7.34,-45.34,47.4,67.6,-2.07,-68.4,-11.41,-3.25,True,orb_or_w_rel_Q2,,2.0
orb|or_w_relQ3|E12k2N5A|L,360,5,L,-0.9,-38.9,52.2,68.0,-0.25,-62.8,-5.36,3.6,False,orb_or_w_rel_Q3,,3.0
orb|or_w_relQ3|E12k2N5A|S,360,5,S,0.9,-37.1,47.8,68.0,0.25,-61.0,5.36,-3.6,False,orb_or_w_rel_Q3,,3.0
orb|or_w_relQ4|E12k2N5A|L,355,5,L,5.25,-32.75,52.7,72.3,1.37,-56.5,3.64,6.87,True,orb_or_w_rel_Q4,,4.0
orb|or_w_relQ4|E12k2N5A|S,355,5,S,-5.25,-43.25,47.3,72.3,-1.37,-66.7,-3.64,-6.87,True,orb_or_w_rel_Q4,,4.0
orb|or_w_relQ5|E12k2N5A|L,369,5,L,2.96,-35.04,49.9,97.7,0.58,-59.2,0.02,5.93,True,orb_or_w_rel_Q5,,5.0
orb|or_w_relQ5|E12k2N5A|S,369,5,S,-2.96,-40.96,50.1,97.7,-0.58,-64.9,-0.02,-5.93,True,orb_or_w_rel_Q5,,5.0
brkSig>=0.0|E12k2N5B,476,5,L,-1.44,-22.44,47.3,86.4,-0.36,-43.8,-5.86,3.03,False,brkSig>=0.0,0.0,
brkSig>=0.0|E12k2N5B|fade,476,5,S,1.44,-19.56,52.7,86.4,0.36,-39.5,5.86,-3.03,False,brkSig>=0.0_fade,0.0,
brkSig>=0.1|E12k2N5B,448,5,L,-0.61,-21.61,47.5,84.5,-0.15,-42.5,-5.49,4.31,False,brkSig>=0.1,0.1,
brkSig>=0.1|E12k2N5B|fade,448,5,S,0.61,-20.39,52.5,84.5,0.15,-40.7,5.49,-4.31,False,brkSig>=0.1_fade,0.1,
brkSig>=0.2|E12k2N5B,404,5,L,-2.03,-23.03,46.8,88.2,-0.46,-44.6,-5.5,1.47,False,brkSig>=0.2,0.2,
brkSig>=0.2|E12k2N5B|fade,404,5,S,2.03,-18.97,53.2,88.2,0.46,-38.6,5.5,-1.47,False,brkSig>=0.2_fade,0.2,
brkSig>=0.3|E12k2N5B,329,5,L,-1.57,-22.57,46.8,92.3,-0.31,-44.0,-3.34,0.22,False,brkSig>=0.3,0.3,
brkSig>=0.3|E12k2N5B|fade,329,5,S,1.57,-19.43,53.2,92.3,0.31,-39.4,3.34,-0.22,False,brkSig>=0.3_fade,0.3,
orb|or_w_sigQ1|E12k2N5B|L,408,5,L,-1.47,-22.47,48.5,68.3,-0.43,-43.6,1.7,-4.68,False,orb_or_w_sig_Q1,,1.0
orb|or_w_sigQ1|E12k2N5B|S,408,5,S,1.47,-19.53,51.5,68.3,0.43,-39.3,-1.7,4.68,False,orb_or_w_sig_Q1,,1.0
orb|or_w_sigQ2|E12k2N5B|L,373,5,L,-1.67,-22.67,50.1,67.6,-0.48,-43.9,-4.31,0.98,False,orb_or_w_sig_Q2,,2.0
orb|or_w_sigQ2|E12k2N5B|S,373,5,S,1.67,-19.33,49.9,67.6,0.48,-38.9,4.31,-0.98,False,orb_or_w_sig_Q2,,2.0
orb|or_w_sigQ3|E12k2N5B|L,357,5,L,6.42,-14.58,52.1,72.1,1.68,-31.2,5.92,6.93,True,orb_or_w_sig_Q3,,3.0
orb|or_w_sigQ3|E12k2N5B|S,357,5,S,-6.42,-27.42,47.9,72.1,-1.68,-50.3,-5.92,-6.93,True,orb_or_w_sig_Q3,,3.0
orb|or_w_sigQ4|E12k2N5B|L,353,5,L,3.72,-17.28,50.7,73.4,0.95,-35.8,4.65,2.78,True,orb_or_w_sig_Q4,,4.0
orb|or_w_sigQ4|E12k2N5B|S,353,5,S,-3.72,-24.72,49.3,73.4,-0.95,-46.8,-4.65,-2.78,True,orb_or_w_sig_Q4,,4.0
orb|or_w_sigQ5|E12k2N5B|L,358,5,L,8.46,-12.54,53.6,94.1,1.7,-27.9,3.92,13.05,True,orb_or_w_sig_Q5,,5.0
orb|or_w_sigQ5|E12k2N5B|S,358,5,S,-8.46,-29.46,46.4,94.1,-1.7,-53.0,-3.92,-13.05,True,orb_or_w_sig_Q5,,5.0
orb|rvolQ1|E12k2N5B|L,201,5,L,3.8,-17.2,52.7,52.1,1.04,-35.4,1.24,6.39,True,orb_rvol_Q1,,1.0
orb|rvolQ1|E12k2N5B|S,201,5,S,-3.8,-24.8,47.3,52.1,-1.04,-46.7,-1.24,-6.39,True,orb_rvol_Q1,,1.0
orb|rvolQ2|E12k2N5B|L,268,5,L,4.94,-16.06,51.9,61.5,1.31,-33.6,3.06,6.84,True,orb_rvol_Q2,,2.0
orb|rvolQ2|E12k2N5B|S,268,5,S,-4.94,-25.94,48.1,61.5,-1.31,-48.3,-3.06,-6.84,True,orb_rvol_Q2,,2.0
orb|rvolQ3|E12k2N5B|L,359,5,L,1.7,-19.3,53.5,58.6,0.55,-38.8,-2.0,5.43,False,orb_rvol_Q3,,3.0
orb|rvolQ3|E12k2N5B|S,359,5,S,-1.7,-22.7,46.5,58.6,-0.55,-43.8,2.0,-5.43,False,orb_rvol_Q3,,3.0
orb|rvolQ4|E12k2N5B|L,391,5,L,0.98,-20.02,51.4,68.3,0.28,-40.0,-2.18,4.16,False,orb_rvol_Q4,,4.0
orb|rvolQ4|E12k2N5B|S,391,5,S,-0.98,-21.98,48.6,68.3,-0.28,-42.9,2.18,-4.16,False,orb_rvol_Q4,,4.0
orb|rvolQ5|E12k2N5B|L,443,5,L,1.27,-19.73,48.8,93.5,0.28,-39.9,-1.26,3.8,False,orb_rvol_Q5,,5.0
orb|rvolQ5|E12k2N5B|S,443,5,S,-1.27,-22.27,51.2,93.5,-0.28,-43.6,1.26,-3.8,False,orb_rvol_Q5,,5.0
orb|vol20Q1|E12k2N5B|L,364,5,L,1.24,-19.76,46.2,53.7,0.44,-39.5,-0.41,2.92,False,orb_vol20_Q1,,1.0
orb|vol20Q1|E12k2N5B|S,364,5,S,-1.24,-22.24,53.8,53.7,-0.44,-43.2,0.41,-2.92,False,orb_vol20_Q1,,1.0
orb|vol20Q2|E12k2N5B|L,374,5,L,4.37,-16.63,54.8,57.8,1.46,-34.5,4.12,4.62,True,orb_vol20_Q2,,2.0
orb|vol20Q2|E12k2N5B|S,374,5,S,-4.37,-25.37,45.2,57.8,-1.46,-47.5,-4.12,-4.62,True,orb_vol20_Q2,,2.0
orb|vol20Q3|E12k2N5B|L,369,5,L,-0.42,-21.42,50.4,71.8,-0.11,-42.1,-2.18,1.35,False,orb_vol20_Q3,,3.0
orb|vol20Q3|E12k2N5B|S,369,5,S,0.42,-20.58,49.6,71.8,0.11,-40.9,2.18,-1.35,False,orb_vol20_Q3,,3.0
orb|vol20Q4|E12k2N5B|L,359,5,L,4.8,-16.2,53.5,80.4,1.13,-34.1,1.04,8.59,True,orb_vol20_Q4,,4.0
orb|vol20Q4|E12k2N5B|S,359,5,S,-4.8,-25.8,46.5,80.4,-1.13,-48.3,-1.04,-8.59,True,orb_vol20_Q4,,4.0
orb|vol20Q5|E12k2N5B|L,357,5,L,1.69,-19.31,51.5,106.9,0.3,-39.4,2.51,0.86,True,orb_vol20_Q5,,5.0
orb|vol20Q5|E12k2N5B|S,357,5,S,-1.69,-22.69,48.5,106.9,-0.3,-44.4,-2.51,-0.86,True,orb_vol20_Q5,,5.0
orb|or_w_relQ1|E12k2N5B|L,411,5,L,-1.67,-22.67,50.6,68.9,-0.49,-43.9,-2.48,-0.86,True,orb_or_w_rel_Q1,,1.0
orb|or_w_relQ1|E12k2N5B|S,411,5,S,1.67,-19.33,49.4,68.9,0.49,-39.0,2.48,0.86,True,orb_or_w_rel_Q1,,1.0
orb|or_w_relQ2|E12k2N5B|L,362,5,L,7.9,-13.1,53.6,66.5,2.26,-28.5,13.22,2.52,True,orb_or_w_rel_Q2,,2.0
orb|or_w_relQ2|E12k2N5B|S,362,5,S,-7.9,-28.9,46.4,66.5,-2.26,-52.0,-13.22,-2.52,True,orb_or_w_rel_Q2,,2.0
orb|or_w_relQ3|E12k2N5B|L,356,5,L,-0.18,-21.18,53.1,68.2,-0.05,-41.7,-4.29,3.97,False,orb_or_w_rel_Q3,,3.0
orb|or_w_relQ3|E12k2N5B|S,356,5,S,0.18,-20.82,46.9,68.2,0.05,-41.2,4.29,-3.97,False,orb_or_w_rel_Q3,,3.0
orb|or_w_relQ4|E12k2N5B|L,349,5,L,3.86,-17.14,52.7,72.1,1.0,-35.5,2.34,5.39,True,orb_or_w_rel_Q4,,4.0
orb|or_w_relQ4|E12k2N5B|S,349,5,S,-3.86,-24.86,47.3,72.1,-1.0,-46.9,-2.34,-5.39,True,orb_or_w_rel_Q4,,4.0
orb|or_w_relQ5|E12k2N5B|L,361,5,L,4.29,-16.71,50.1,92.3,0.88,-35.1,1.72,6.87,True,orb_or_w_rel_Q5,,5.0
orb|or_w_relQ5|E12k2N5B|S,361,5,S,-4.29,-25.29,49.9,92.3,-0.88,-47.7,-1.72,-6.87,True,orb_or_w_rel_Q5,,5.0
brkSig>=0.0|E12k2N10A,477,10,L,0.18,-37.82,51.2,66.9,0.06,-61.7,-3.11,3.49,False,brkSig>=0.0,0.0,
brkSig>=0.0|E12k2N10A|fade,477,10,S,-0.18,-38.18,48.8,66.9,-0.06,-62.1,3.11,-3.49,False,brkSig>=0.0_fade,0.0,
brkSig>=0.1|E12k2N10A,451,10,L,1.71,-36.29,52.3,67.4,0.54,-60.2,-2.42,5.85,False,brkSig>=0.1,0.1,
brkSig>=0.1|E12k2N10A|fade,451,10,S,-1.71,-39.71,47.7,67.4,-0.54,-63.5,2.42,-5.85,False,brkSig>=0.1_fade,0.1,
brkSig>=0.2|E12k2N10A,407,10,L,0.42,-37.58,51.8,76.1,0.11,-61.6,-3.45,4.3,False,brkSig>=0.2,0.2,
brkSig>=0.2|E12k2N10A|fade,407,10,S,-0.42,-38.42,48.2,76.1,-0.11,-62.4,3.45,-4.3,False,brkSig>=0.2_fade,0.2,
brkSig>=0.3|E12k2N10A,336,10,L,-0.49,-38.49,51.2,101.0,-0.09,-62.7,-7.08,6.17,False,brkSig>=0.3,0.3,
brkSig>=0.3|E12k2N10A|fade,336,10,S,0.49,-37.51,48.8,101.0,0.09,-61.7,7.08,-6.17,False,brkSig>=0.3_fade,0.3,
brkSig>=0.5|E12k2N10A,123,10,L,0.41,-37.59,47.2,109.7,0.04,-61.9,-2.18,3.05,False,brkSig>=0.5,0.5,
brkSig>=0.5|E12k2N10A|fade,123,10,S,-0.41,-38.41,52.8,109.7,-0.04,-62.7,2.18,-3.05,False,brkSig>=0.5_fade,0.5,
orb|or_w_sigQ1|E12k2N10A|L,411,10,L,-0.22,-38.22,50.1,63.3,-0.07,-62.1,2.23,-2.68,False,orb_or_w_sig_Q1,,1.0
orb|or_w_sigQ1|E12k2N10A|S,411,10,S,0.22,-37.78,49.9,63.3,0.07,-61.7,-2.23,2.68,False,orb_or_w_sig_Q1,,1.0
orb|or_w_sigQ2|E12k2N10A|L,375,10,L,-1.64,-39.64,49.9,61.7,-0.51,-63.4,-4.19,0.93,False,orb_or_w_sig_Q2,,2.0
orb|or_w_sigQ2|E12k2N10A|S,375,10,S,1.64,-36.36,50.1,61.7,0.51,-60.3,4.19,-0.93,False,orb_or_w_sig_Q2,,2.0
orb|or_w_sigQ3|E12k2N10A|L,362,10,L,5.82,-32.18,53.0,70.6,1.57,-55.9,6.48,5.15,True,orb_or_w_sig_Q3,,3.0
orb|or_w_sigQ3|E12k2N10A|S,362,10,S,-5.82,-43.82,47.0,70.6,-1.57,-67.1,-6.48,-5.15,True,orb_or_w_sig_Q3,,3.0
orb|or_w_sigQ4|E12k2N10A|L,356,10,L,3.83,-34.17,53.4,68.4,1.06,-58.0,5.96,1.67,True,orb_or_w_sig_Q4,,4.0
orb|or_w_sigQ4|E12k2N10A|S,356,10,S,-3.83,-41.83,46.6,68.4,-1.06,-65.4,-5.96,-1.67,True,orb_or_w_sig_Q4,,4.0
orb|or_w_sigQ5|E12k2N10A|L,365,10,L,5.98,-32.02,54.5,84.6,1.35,-55.8,3.57,8.41,True,orb_or_w_sig_Q5,,5.0
orb|or_w_sigQ5|E12k2N10A|S,365,10,S,-5.98,-43.98,45.5,84.6,-1.35,-67.4,-3.57,-8.41,True,orb_or_w_sig_Q5,,5.0
orb|rvolQ1|E12k2N10A|L,204,10,L,3.72,-34.28,52.5,52.6,1.01,-58.1,3.94,3.5,True,orb_rvol_Q1,,1.0
orb|rvolQ1|E12k2N10A|S,204,10,S,-3.72,-41.72,47.5,52.6,-1.01,-65.3,-3.94,-3.5,True,orb_rvol_Q1,,1.0
orb|rvolQ2|E12k2N10A|L,271,10,L,5.21,-32.79,51.7,57.4,1.5,-56.5,5.08,5.34,True,orb_rvol_Q2,,2.0
orb|rvolQ2|E12k2N10A|S,271,10,S,-5.21,-43.21,48.3,57.4,-1.5,-66.6,-5.08,-5.34,True,orb_rvol_Q2,,2.0
orb|rvolQ3|E12k2N10A|L,364,10,L,1.25,-36.75,53.8,58.9,0.4,-60.6,-0.68,3.19,False,orb_rvol_Q3,,3.0
orb|rvolQ3|E12k2N10A|S,364,10,S,-1.25,-39.25,46.2,58.9,-0.4,-63.0,0.68,-3.19,False,orb_rvol_Q3,,3.0
orb|rvolQ4|E12k2N10A|L,394,10,L,2.78,-35.22,57.4,64.5,0.86,-59.1,1.33,4.24,True,orb_rvol_Q4,,4.0
orb|rvolQ4|E12k2N10A|S,394,10,S,-2.78,-40.78,42.6,64.5,-0.86,-64.5,-1.33,-4.24,True,orb_rvol_Q4,,4.0
orb|rvolQ5|E12k2N10A|L,445,10,L,-1.2,-39.2,51.2,85.3,-0.3,-63.2,-4.98,2.61,False,orb_rvol_Q5,,5.0
orb|rvolQ5|E12k2N10A|S,445,10,S,1.2,-36.8,48.8,85.3,0.3,-60.9,4.98,-2.61,False,orb_rvol_Q5,,5.0
orb|vol20Q1|E12k2N10A|L,367,10,L,2.18,-35.82,49.9,48.3,0.87,-59.6,-0.47,4.85,False,orb_vol20_Q1,,1.0
orb|vol20Q1|E12k2N10A|S,367,10,S,-2.18,-40.18,50.1,48.3,-0.87,-63.9,0.47,-4.85,False,orb_vol20_Q1,,1.0
orb|vol20Q2|E12k2N10A|L,374,10,L,4.96,-33.04,56.4,55.1,1.74,-56.7,3.33,6.62,True,orb_vol20_Q2,,2.0
orb|vol20Q2|E12k2N10A|S,374,10,S,-4.96,-42.96,43.6,55.1,-1.74,-66.3,-3.33,-6.62,True,orb_vol20_Q2,,2.0
orb|vol20Q3|E12k2N10A|L,374,10,L,1.82,-36.18,52.4,66.2,0.53,-60.1,2.09,1.55,True,orb_vol20_Q3,,3.0
orb|vol20Q3|E12k2N10A|S,374,10,S,-1.82,-39.82,47.6,66.2,-0.53,-63.6,-2.09,-1.55,True,orb_vol20_Q3,,3.0
orb|vol20Q4|E12k2N10A|L,369,10,L,4.75,-33.25,54.2,78.4,1.16,-57.1,5.46,4.04,True,orb_vol20_Q4,,4.0
orb|vol20Q4|E12k2N10A|S,369,10,S,-4.75,-42.75,45.8,78.4,-1.16,-66.3,-5.46,-4.04,True,orb_vol20_Q4,,4.0
orb|vol20Q5|E12k2N10A|L,362,10,L,-2.67,-40.67,50.6,100.4,-0.51,-64.6,-3.13,-2.2,True,orb_vol20_Q5,,5.0
orb|vol20Q5|E12k2N10A|S,362,10,S,2.67,-35.33,49.4,100.4,0.51,-59.5,3.13,2.2,True,orb_vol20_Q5,,5.0
orb|or_w_relQ1|E12k2N10A|L,414,10,L,-0.24,-38.24,52.4,63.8,-0.08,-62.1,-0.09,-0.4,True,orb_or_w_rel_Q1,,1.0
orb|or_w_relQ1|E12k2N10A|S,414,10,S,0.24,-37.76,47.6,63.8,0.08,-61.6,0.09,0.4,True,orb_or_w_rel_Q1,,1.0
orb|or_w_relQ2|E12k2N10A|L,365,10,L,5.03,-32.97,53.4,62.8,1.53,-56.7,7.97,2.08,True,orb_or_w_rel_Q2,,2.0
orb|or_w_relQ2|E12k2N10A|S,365,10,S,-5.03,-43.03,46.6,62.8,-1.53,-66.4,-7.97,-2.08,True,orb_or_w_rel_Q2,,2.0
orb|or_w_relQ3|E12k2N10A|L,360,10,L,0.26,-37.74,53.6,66.4,0.08,-61.6,-3.66,4.24,False,orb_or_w_rel_Q3,,3.0
orb|or_w_relQ3|E12k2N10A|S,360,10,S,-0.26,-38.26,46.4,66.4,-0.08,-62.2,3.66,-4.24,False,orb_or_w_rel_Q3,,3.0
orb|or_w_relQ4|E12k2N10A|L,355,10,L,5.23,-32.77,53.8,66.0,1.49,-56.5,1.87,8.61,True,orb_or_w_rel_Q4,,4.0
orb|or_w_relQ4|E12k2N10A|S,355,10,S,-5.23,-43.23,46.2,66.0,-1.49,-66.6,-1.87,-8.61,True,orb_or_w_rel_Q4,,4.0
orb|or_w_relQ5|E12k2N10A|L,369,10,L,4.05,-33.95,51.2,83.8,0.93,-57.9,-0.61,8.74,False,orb_or_w_rel_Q5,,5.0
orb|or_w_relQ5|E12k2N10A|S,369,10,S,-4.05,-42.05,48.8,83.8,-0.93,-65.7,0.61,-8.74,False,orb_or_w_rel_Q5,,5.0
brkSig>=0.0|E12k2N10B,476,10,L,1.01,-19.99,51.9,65.5,0.34,-39.9,-1.29,3.33,False,brkSig>=0.0,0.0,
brkSig>=0.0|E12k2N10B|fade,476,10,S,-1.01,-22.01,48.1,65.5,-0.34,-42.9,1.29,-3.33,False,brkSig>=0.0_fade,0.0,
brkSig>=0.1|E12k2N10B,448,10,L,2.76,-18.24,52.9,66.2,0.88,-37.2,-0.4,5.95,False,brkSig>=0.1,0.1,
brkSig>=0.1|E12k2N10B|fade,448,10,S,-2.76,-23.76,47.1,66.2,-0.88,-45.4,0.4,-5.95,False,brkSig>=0.1_fade,0.1,
brkSig>=0.2|E12k2N10B,404,10,L,1.46,-19.54,52.5,74.1,0.4,-39.3,-1.28,4.23,False,brkSig>=0.2,0.2,
brkSig>=0.2|E12k2N10B|fade,404,10,S,-1.46,-22.46,47.5,74.1,-0.4,-43.7,1.28,-4.23,False,brkSig>=0.2_fade,0.2,
brkSig>=0.3|E12k2N10B,329,10,L,0.32,-20.68,50.2,84.7,0.07,-41.2,-2.12,2.77,False,brkSig>=0.3,0.3,
brkSig>=0.3|E12k2N10B|fade,329,10,S,-0.32,-21.32,49.8,84.7,-0.07,-42.1,2.12,-2.77,False,brkSig>=0.3_fade,0.3,
orb|or_w_sigQ1|E12k2N10B|L,408,10,L,-0.65,-21.65,49.5,64.1,-0.21,-42.4,1.9,-3.23,False,orb_or_w_sig_Q1,,1.0
orb|or_w_sigQ1|E12k2N10B|S,408,10,S,0.65,-20.35,50.5,64.1,0.21,-40.5,-1.9,3.23,False,orb_or_w_sig_Q1,,1.0
orb|or_w_sigQ2|E12k2N10B|L,373,10,L,-1.96,-22.96,50.1,62.2,-0.61,-44.2,-3.66,-0.26,True,orb_or_w_sig_Q2,,2.0
orb|or_w_sigQ2|E12k2N10B|S,373,10,S,1.96,-19.04,49.9,62.2,0.61,-38.4,3.66,0.26,True,orb_or_w_sig_Q2,,2.0
orb|or_w_sigQ3|E12k2N10B|L,357,10,L,5.29,-15.71,52.9,69.0,1.45,-33.1,4.92,5.65,True,orb_or_w_sig_Q3,,3.0
orb|or_w_sigQ3|E12k2N10B|S,357,10,S,-5.29,-26.29,47.1,69.0,-1.45,-48.8,-4.92,-5.65,True,orb_or_w_sig_Q3,,3.0
orb|or_w_sigQ4|E12k2N10B|L,353,10,L,3.72,-17.28,52.7,66.9,1.05,-35.7,5.52,1.92,True,orb_or_w_sig_Q4,,4.0
orb|or_w_sigQ4|E12k2N10B|S,353,10,S,-3.72,-24.72,47.3,66.9,-1.05,-46.7,-5.52,-1.92,True,orb_or_w_sig_Q4,,4.0
orb|or_w_sigQ5|E12k2N10B|L,358,10,L,8.63,-12.37,55.6,83.5,1.96,-27.4,5.09,12.21,True,orb_or_w_sig_Q5,,5.0
orb|or_w_sigQ5|E12k2N10B|S,358,10,S,-8.63,-29.63,44.4,83.5,-1.96,-53.1,-5.09,-12.21,True,orb_or_w_sig_Q5,,5.0
orb|rvolQ1|E12k2N10B|L,201,10,L,2.85,-18.15,51.7,50.5,0.8,-36.9,1.32,4.4,True,orb_rvol_Q1,,1.0
orb|rvolQ1|E12k2N10B|S,201,10,S,-2.85,-23.85,48.3,50.5,-0.8,-45.4,-1.32,-4.4,True,orb_rvol_Q1,,1.0
orb|rvolQ2|E12k2N10B|L,268,10,L,5.02,-15.98,51.5,58.1,1.41,-33.5,5.08,4.96,True,orb_rvol_Q2,,2.0
orb|rvolQ2|E12k2N10B|S,268,10,S,-5.02,-26.02,48.5,58.1,-1.41,-48.4,-5.08,-4.96,True,orb_rvol_Q2,,2.0
orb|rvolQ3|E12k2N10B|L,359,10,L,0.78,-20.22,52.9,57.8,0.26,-40.2,-1.67,3.25,False,orb_rvol_Q3,,3.0
orb|rvolQ3|E12k2N10B|S,359,10,S,-0.78,-21.78,47.1,57.8,-0.26,-42.5,1.67,-3.25,False,orb_rvol_Q3,,3.0
orb|rvolQ4|E12k2N10B|L,391,10,L,1.61,-19.39,55.2,64.5,0.49,-39.0,-0.75,3.99,False,orb_rvol_Q4,,4.0
orb|rvolQ4|E12k2N10B|S,391,10,S,-1.61,-22.61,44.8,64.5,-0.49,-43.8,0.75,-3.99,False,orb_rvol_Q4,,4.0
orb|rvolQ5|E12k2N10B|L,443,10,L,1.34,-19.66,51.7,84.0,0.34,-39.6,-1.1,3.79,False,orb_rvol_Q5,,5.0
orb|rvolQ5|E12k2N10B|S,443,10,S,-1.34,-22.34,48.3,84.0,-0.34,-43.6,1.1,-3.79,False,orb_rvol_Q5,,5.0
orb|vol20Q1|E12k2N10B|L,364,10,L,1.76,-19.24,48.6,48.4,0.69,-38.6,-0.57,4.11,False,orb_vol20_Q1,,1.0
orb|vol20Q1|E12k2N10B|S,364,10,S,-1.76,-22.76,51.4,48.4,-0.69,-43.8,0.57,-4.11,False,orb_vol20_Q1,,1.0
orb|vol20Q2|E12k2N10B|L,374,10,L,4.37,-16.63,56.1,55.4,1.53,-34.5,3.3,5.45,True,orb_vol20_Q2,,2.0
orb|vol20Q2|E12k2N10B|S,374,10,S,-4.37,-25.37,43.9,55.4,-1.53,-47.5,-3.3,-5.45,True,orb_vol20_Q2,,2.0
orb|vol20Q3|E12k2N10B|L,369,10,L,1.81,-19.19,53.1,66.4,0.52,-38.7,1.09,2.53,True,orb_vol20_Q3,,3.0
orb|vol20Q3|E12k2N10B|S,369,10,S,-1.81,-22.81,46.9,66.4,-0.52,-44.1,-1.09,-2.53,True,orb_vol20_Q3,,3.0
orb|vol20Q4|E12k2N10B|L,359,10,L,5.77,-15.23,56.5,74.6,1.47,-32.4,4.99,6.55,True,orb_vol20_Q4,,4.0
orb|vol20Q4|E12k2N10B|S,359,10,S,-5.77,-26.77,43.5,74.6,-1.47,-49.5,-4.99,-6.55,True,orb_vol20_Q4,,4.0
orb|vol20Q5|E12k2N10B|L,357,10,L,-2.08,-23.08,49.9,99.3,-0.4,-44.8,-2.84,-1.33,True,orb_vol20_Q5,,5.0
orb|vol20Q5|E12k2N10B|S,357,10,S,2.08,-18.92,50.1,99.3,0.4,-38.7,2.84,1.33,True,orb_vol20_Q5,,5.0
orb|or_w_relQ1|E12k2N10B|L,411,10,L,-0.7,-21.7,52.6,64.6,-0.22,-42.5,-0.86,-0.54,True,orb_or_w_rel_Q1,,1.0
orb|or_w_relQ1|E12k2N10B|S,411,10,S,0.7,-20.3,47.4,64.6,0.22,-40.4,0.86,0.54,True,orb_or_w_rel_Q1,,1.0
orb|or_w_relQ2|E12k2N10B|L,362,10,L,5.1,-15.9,53.3,62.3,1.56,-33.4,9.29,0.87,True,orb_or_w_rel_Q2,,2.0
orb|or_w_relQ2|E12k2N10B|S,362,10,S,-5.1,-26.1,46.7,62.3,-1.56,-48.5,-9.29,-0.87,True,orb_or_w_rel_Q2,,2.0
orb|or_w_relQ3|E12k2N10B|L,356,10,L,0.25,-20.75,53.7,66.0,0.07,-41.1,-2.9,3.43,False,orb_or_w_rel_Q3,,3.0
orb|or_w_relQ3|E12k2N10B|S,356,10,S,-0.25,-21.25,46.3,66.0,-0.07,-41.8,2.9,-3.43,False,orb_or_w_rel_Q3,,3.0
orb|or_w_relQ4|E12k2N10B|L,349,10,L,4.39,-16.61,53.9,66.0,1.24,-34.6,0.87,7.92,True,orb_or_w_rel_Q4,,4.0
orb|or_w_relQ4|E12k2N10B|S,349,10,S,-4.39,-25.39,46.1,66.0,-1.24,-47.6,-0.87,-7.92,True,orb_or_w_rel_Q4,,4.0
orb|or_w_relQ5|E12k2N10B|L,361,10,L,5.53,-15.47,51.2,82.7,1.27,-32.9,0.68,10.41,True,orb_or_w_rel_Q5,,5.0
orb|or_w_relQ5|E12k2N10B|S,361,10,S,-5.53,-26.53,48.8,82.7,-1.27,-49.2,-0.68,-10.41,True,orb_or_w_rel_Q5,,5.0
brkSig>=0.0|E12k2N20A,467,20,L,1.03,-36.97,53.7,53.8,0.41,-60.8,-0.11,2.17,False,brkSig>=0.0,0.0,
brkSig>=0.0|E12k2N20A|fade,467,20,S,-1.03,-39.03,46.3,53.8,-0.41,-62.8,0.11,-2.17,False,brkSig>=0.0_fade,0.0,
brkSig>=0.1|E12k2N20A,412,20,L,0.76,-37.24,55.3,57.2,0.27,-61.1,-1.94,3.49,False,brkSig>=0.1,0.1,
brkSig>=0.1|E12k2N20A|fade,412,20,S,-0.76,-38.76,44.7,57.2,-0.27,-62.6,1.94,-3.49,False,brkSig>=0.1_fade,0.1,
brkSig>=0.2|E12k2N20A,317,20,L,4.31,-33.69,56.8,65.1,1.18,-57.5,1.09,7.56,True,brkSig>=0.2,0.2,
brkSig>=0.2|E12k2N20A|fade,317,20,S,-4.31,-42.31,43.2,65.1,-1.18,-65.8,-1.09,-7.56,True,brkSig>=0.2_fade,0.2,
brkSig>=0.3|E12k2N20A,187,20,L,6.54,-31.46,56.7,75.0,1.19,-55.1,9.22,3.84,True,brkSig>=0.3,0.3,
brkSig>=0.3|E12k2N20A|fade,187,20,S,-6.54,-44.54,43.3,75.0,-1.19,-67.8,-9.22,-3.84,True,brkSig>=0.3_fade,0.3,
orb|or_w_sigQ1|E12k2N20A|L,279,20,L,1.32,-36.68,50.9,57.2,0.39,-60.6,0.0,2.65,True,orb_or_w_sig_Q1,,1.0
orb|or_w_sigQ1|E12k2N20A|S,279,20,S,-1.32,-39.32,49.1,57.2,-0.39,-63.1,-0.0,-2.65,True,orb_or_w_sig_Q1,,1.0
orb|or_w_sigQ2|E12k2N20A|L,252,20,L,6.17,-31.83,54.8,51.1,1.91,-55.4,2.98,9.41,True,orb_or_w_sig_Q2,,2.0
orb|or_w_sigQ2|E12k2N20A|S,252,20,S,-6.17,-44.17,45.2,51.1,-1.91,-67.3,-2.98,-9.41,True,orb_or_w_sig_Q2,,2.0
orb|or_w_sigQ3|E12k2N20A|L,207,20,L,7.38,-30.62,58.9,54.4,1.95,-54.0,6.49,8.28,True,orb_or_w_sig_Q3,,3.0
orb|or_w_sigQ3|E12k2N20A|S,207,20,S,-7.38,-45.38,41.1,54.4,-1.95,-68.3,-6.49,-8.28,True,orb_or_w_sig_Q3,,3.0
orb|or_w_sigQ4|E12k2N20A|L,213,20,L,7.2,-30.8,58.2,60.2,1.75,-54.3,11.57,2.78,True,orb_or_w_sig_Q4,,4.0
orb|or_w_sigQ4|E12k2N20A|S,213,20,S,-7.2,-45.2,41.8,60.2,-1.75,-68.2,-11.57,-2.78,True,orb_or_w_sig_Q4,,4.0
orb|or_w_sigQ5|E12k2N20A|L,241,20,L,4.8,-33.2,55.6,73.7,1.01,-57.0,2.61,7.01,True,orb_or_w_sig_Q5,,5.0
orb|or_w_sigQ5|E12k2N20A|S,241,20,S,-4.8,-42.8,44.4,73.7,-1.01,-66.3,-2.61,-7.01,True,orb_or_w_sig_Q5,,5.0
orb|rvolQ2|E12k2N20A|L,152,20,L,6.92,-31.08,53.9,54.5,1.56,-54.5,5.84,8.02,True,orb_rvol_Q2,,2.0
orb|rvolQ2|E12k2N20A|S,152,20,S,-6.92,-44.92,46.1,54.5,-1.56,-68.0,-5.84,-8.02,True,orb_rvol_Q2,,2.0
orb|rvolQ3|E12k2N20A|L,215,20,L,5.1,-32.9,56.3,52.0,1.44,-56.6,5.8,4.4,True,orb_rvol_Q3,,3.0
orb|rvolQ3|E12k2N20A|S,215,20,S,-5.1,-43.1,43.7,52.0,-1.44,-66.4,-5.8,-4.4,True,orb_rvol_Q3,,3.0
orb|rvolQ4|E12k2N20A|L,288,20,L,5.73,-32.27,58.3,55.2,1.76,-55.9,4.7,6.79,True,orb_rvol_Q4,,4.0
orb|rvolQ4|E12k2N20A|S,288,20,S,-5.73,-43.73,41.7,55.2,-1.76,-67.0,-4.7,-6.79,True,orb_rvol_Q4,,4.0
orb|rvolQ5|E12k2N20A|L,385,20,L,1.54,-36.46,51.7,71.2,0.42,-60.4,-4.45,7.57,False,orb_rvol_Q5,,5.0
orb|rvolQ5|E12k2N20A|S,385,20,S,-1.54,-39.54,48.3,71.2,-0.42,-63.4,4.45,-7.57,False,orb_rvol_Q5,,5.0
orb|vol20Q1|E12k2N20A|L,254,20,L,3.51,-34.49,51.6,41.2,1.36,-58.2,2.78,4.26,True,orb_vol20_Q1,,1.0
orb|vol20Q1|E12k2N20A|S,254,20,S,-3.51,-41.51,48.4,41.2,-1.36,-65.0,-2.78,-4.26,True,orb_vol20_Q1,,1.0
orb|vol20Q2|E12k2N20A|L,253,20,L,8.19,-29.81,61.3,48.3,2.7,-53.0,9.27,7.1,True,orb_vol20_Q2,,2.0
orb|vol20Q2|E12k2N20A|S,253,20,S,-8.19,-46.19,38.7,48.3,-2.7,-69.0,-9.27,-7.1,True,orb_vol20_Q2,,2.0
orb|vol20Q3|E12k2N20A|L,237,20,L,6.74,-31.26,56.5,63.8,1.63,-54.8,6.69,6.79,True,orb_vol20_Q3,,3.0
orb|vol20Q3|E12k2N20A|S,237,20,S,-6.74,-44.74,43.5,63.8,-1.63,-67.9,-6.69,-6.79,True,orb_vol20_Q3,,3.0
orb|vol20Q4|E12k2N20A|L,233,20,L,8.43,-29.57,58.4,63.5,2.02,-52.8,9.83,7.01,True,orb_vol20_Q4,,4.0
orb|vol20Q4|E12k2N20A|S,233,20,S,-8.43,-46.43,41.6,63.5,-2.02,-69.2,-9.83,-7.01,True,orb_vol20_Q4,,4.0
orb|vol20Q5|E12k2N20A|L,206,20,L,9.31,-28.69,55.3,83.7,1.6,-51.9,7.85,10.8,True,orb_vol20_Q5,,5.0
orb|vol20Q5|E12k2N20A|S,206,20,S,-9.31,-47.31,44.7,83.7,-1.6,-70.0,-7.85,-10.8,True,orb_vol20_Q5,,5.0
orb|or_w_relQ1|E12k2N20A|L,270,20,L,3.55,-34.45,55.6,58.5,1.0,-58.3,0.77,6.36,True,orb_or_w_rel_Q1,,1.0
orb|or_w_relQ1|E12k2N20A|S,270,20,S,-3.55,-41.55,44.4,58.5,-1.0,-65.1,-0.77,-6.36,True,orb_or_w_rel_Q1,,1.0
orb|or_w_relQ2|E12k2N20A|L,230,20,L,9.62,-28.38,59.6,49.6,2.94,-51.3,12.35,6.84,True,orb_or_w_rel_Q2,,2.0
orb|or_w_relQ2|E12k2N20A|S,230,20,S,-9.62,-47.62,40.4,49.6,-2.94,-70.1,-12.35,-6.84,True,orb_or_w_rel_Q2,,2.0
orb|or_w_relQ3|E12k2N20A|L,200,20,L,3.67,-34.33,58.0,54.1,0.96,-58.1,1.07,6.33,True,orb_or_w_rel_Q3,,3.0
orb|or_w_relQ3|E12k2N20A|S,200,20,S,-3.67,-41.67,42.0,54.1,-0.96,-65.2,-1.07,-6.33,True,orb_or_w_rel_Q3,,3.0
orb|or_w_relQ4|E12k2N20A|L,224,20,L,8.81,-29.19,53.6,58.5,2.25,-52.3,8.41,9.21,True,orb_or_w_rel_Q4,,4.0
orb|or_w_relQ4|E12k2N20A|S,224,20,S,-8.81,-46.81,46.4,58.5,-2.25,-69.5,-8.41,-9.21,True,orb_or_w_rel_Q4,,4.0
orb|or_w_relQ5|E12k2N20A|L,246,20,L,1.29,-36.71,50.4,69.9,0.29,-60.7,0.86,1.73,True,orb_or_w_rel_Q5,,5.0
orb|or_w_relQ5|E12k2N20A|S,246,20,S,-1.29,-39.29,49.6,69.9,-0.29,-63.2,-0.86,-1.73,True,orb_or_w_rel_Q5,,5.0
brkSig>=0.0|E12k2N20B,464,20,L,1.75,-19.25,54.3,53.7,0.7,-38.7,1.09,2.41,True,brkSig>=0.0,0.0,
brkSig>=0.0|E12k2N20B|fade,464,20,S,-1.75,-22.75,45.7,53.7,-0.7,-43.9,-1.09,-2.41,True,brkSig>=0.0_fade,0.0,
brkSig>=0.1|E12k2N20B,408,20,L,2.39,-18.61,54.7,55.1,0.87,-37.7,1.41,3.37,True,brkSig>=0.1,0.1,
brkSig>=0.1|E12k2N20B|fade,408,20,S,-2.39,-23.39,45.3,55.1,-0.87,-44.8,-1.41,-3.37,True,brkSig>=0.1_fade,0.1,
brkSig>=0.2|E12k2N20B,311,20,L,5.92,-15.08,57.9,63.4,1.65,-32.0,2.27,9.6,True,brkSig>=0.2,0.2,
brkSig>=0.2|E12k2N20B|fade,311,20,S,-5.92,-26.92,42.1,63.4,-1.65,-49.6,-2.27,-9.6,True,brkSig>=0.2_fade,0.2,
brkSig>=0.3|E12k2N20B,177,20,L,3.53,-17.47,53.7,77.3,0.61,-36.1,5.47,1.57,True,brkSig>=0.3,0.3,
brkSig>=0.3|E12k2N20B|fade,177,20,S,-3.53,-24.53,46.3,77.3,-0.61,-46.6,-5.47,-1.57,True,brkSig>=0.3_fade,0.3,
orb|or_w_sigQ1|E12k2N20B|L,275,20,L,0.21,-20.79,49.8,55.7,0.06,-41.0,-2.45,2.89,False,orb_or_w_sig_Q1,,1.0
orb|or_w_sigQ1|E12k2N20B|S,275,20,S,-0.21,-21.21,50.2,55.7,-0.06,-41.7,2.45,-2.89,False,orb_or_w_sig_Q1,,1.0
orb|or_w_sigQ2|E12k2N20B|L,246,20,L,6.38,-14.62,54.5,51.8,1.93,-31.1,2.71,10.1,True,orb_or_w_sig_Q2,,2.0
orb|or_w_sigQ2|E12k2N20B|S,246,20,S,-6.38,-27.38,45.5,51.8,-1.93,-50.1,-2.71,-10.1,True,orb_or_w_sig_Q2,,2.0
orb|or_w_sigQ3|E12k2N20B|L,199,20,L,7.38,-13.62,59.3,54.7,1.9,-29.3,6.5,8.28,True,orb_or_w_sig_Q3,,3.0
orb|or_w_sigQ3|E12k2N20B|S,199,20,S,-7.38,-28.38,40.7,54.7,-1.9,-51.3,-6.5,-8.28,True,orb_or_w_sig_Q3,,3.0
orb|or_w_sigQ4|E12k2N20B|L,207,20,L,7.17,-13.83,56.0,60.0,1.72,-29.8,13.13,1.15,True,orb_or_w_sig_Q4,,4.0
orb|or_w_sigQ4|E12k2N20B|S,207,20,S,-7.17,-28.17,44.0,60.0,-1.72,-51.1,-13.13,-1.15,True,orb_or_w_sig_Q4,,4.0
orb|or_w_sigQ5|E12k2N20B|L,228,20,L,7.15,-13.85,55.7,72.1,1.5,-29.9,6.38,7.93,True,orb_or_w_sig_Q5,,5.0
orb|or_w_sigQ5|E12k2N20B|S,228,20,S,-7.15,-28.15,44.3,72.1,-1.5,-51.2,-6.38,-7.93,True,orb_or_w_sig_Q5,,5.0
orb|rvolQ2|E12k2N20B|L,152,20,L,6.5,-14.5,53.9,55.1,1.45,-30.9,5.57,7.45,True,orb_rvol_Q2,,2.0
orb|rvolQ2|E12k2N20B|S,152,20,S,-6.5,-27.5,46.1,55.1,-1.45,-50.2,-5.57,-7.45,True,orb_rvol_Q2,,2.0
orb|rvolQ3|E12k2N20B|L,211,20,L,4.16,-16.84,54.0,52.2,1.16,-34.8,4.77,3.54,True,orb_rvol_Q3,,3.0
orb|rvolQ3|E12k2N20B|S,211,20,S,-4.16,-25.16,46.0,52.2,-1.16,-47.2,-4.77,-3.54,True,orb_rvol_Q3,,3.0
orb|rvolQ4|E12k2N20B|L,284,20,L,5.42,-15.58,57.0,55.6,1.64,-32.7,4.85,6.01,True,orb_rvol_Q4,,4.0
orb|rvolQ4|E12k2N20B|S,284,20,S,-5.42,-26.42,43.0,55.6,-1.64,-48.9,-4.85,-6.01,True,orb_rvol_Q4,,4.0
orb|rvolQ5|E12k2N20B|L,378,20,L,3.59,-17.41,52.1,69.0,1.01,-35.9,-0.51,7.74,False,orb_rvol_Q5,,5.0
orb|rvolQ5|E12k2N20B|S,378,20,S,-3.59,-24.59,47.9,69.0,-1.01,-46.6,0.51,-7.74,False,orb_rvol_Q5,,5.0
orb|vol20Q1|E12k2N20B|L,249,20,L,2.78,-18.22,50.6,40.9,1.07,-37.0,2.41,3.16,True,orb_vol20_Q1,,1.0
orb|vol20Q1|E12k2N20B|S,249,20,S,-2.78,-23.78,49.4,40.9,-1.07,-45.2,-2.41,-3.16,True,orb_vol20_Q1,,1.0
orb|vol20Q2|E12k2N20B|L,244,20,L,7.94,-13.06,61.1,48.2,2.57,-28.3,10.65,5.19,True,orb_vol20_Q2,,2.0
orb|vol20Q2|E12k2N20B|S,244,20,S,-7.94,-28.94,38.9,48.2,-2.57,-52.0,-10.65,-5.19,True,orb_vol20_Q2,,2.0
orb|vol20Q3|E12k2N20B|L,229,20,L,6.73,-14.27,58.1,64.1,1.59,-30.6,7.01,6.45,True,orb_vol20_Q3,,3.0
orb|vol20Q3|E12k2N20B|S,229,20,S,-6.73,-27.73,41.9,64.1,-1.59,-50.6,-7.01,-6.45,True,orb_vol20_Q3,,3.0
orb|vol20Q4|E12k2N20B|L,222,20,L,9.36,-11.64,59.0,62.9,2.22,-25.8,10.43,8.26,True,orb_vol20_Q4,,4.0
orb|vol20Q4|E12k2N20B|S,222,20,S,-9.36,-30.36,41.0,62.9,-2.22,-53.8,-10.43,-8.26,True,orb_vol20_Q4,,4.0
orb|vol20Q5|E12k2N20B|L,192,20,L,10.0,-11.0,56.8,82.0,1.69,-24.9,9.9,10.11,True,orb_vol20_Q5,,5.0
orb|vol20Q5|E12k2N20B|S,192,20,S,-10.0,-31.0,43.2,82.0,-1.69,-54.7,-9.9,-10.11,True,orb_vol20_Q5,,5.0
orb|or_w_relQ1|E12k2N20B|L,266,20,L,3.33,-17.67,54.1,58.6,0.93,-36.2,0.39,6.32,True,orb_or_w_rel_Q1,,1.0
orb|or_w_relQ1|E12k2N20B|S,266,20,S,-3.33,-24.33,45.9,58.6,-0.93,-46.1,-0.39,-6.32,True,orb_or_w_rel_Q1,,1.0
orb|or_w_relQ2|E12k2N20B|L,223,20,L,10.08,-10.92,58.7,49.0,3.07,-24.3,13.22,6.92,True,orb_or_w_rel_Q2,,2.0
orb|or_w_relQ2|E12k2N20B|S,223,20,S,-10.08,-31.08,41.3,49.0,-3.07,-54.5,-13.22,-6.92,True,orb_or_w_rel_Q2,,2.0
orb|or_w_relQ3|E12k2N20B|L,192,20,L,2.84,-18.16,57.3,54.0,0.73,-37.0,1.99,3.72,True,orb_or_w_rel_Q3,,3.0
orb|or_w_relQ3|E12k2N20B|S,192,20,S,-2.84,-23.84,42.7,54.0,-0.73,-45.4,-1.99,-3.72,True,orb_or_w_rel_Q3,,3.0
orb|or_w_relQ4|E12k2N20B|L,220,20,L,8.17,-12.83,53.2,59.3,2.04,-28.0,6.76,9.59,True,orb_or_w_rel_Q4,,4.0
orb|or_w_relQ4|E12k2N20B|S,220,20,S,-8.17,-29.17,46.8,59.3,-2.04,-52.3,-6.76,-9.59,True,orb_or_w_rel_Q4,,4.0
orb|or_w_relQ5|E12k2N20B|L,239,20,L,3.74,-17.26,51.0,68.6,0.84,-35.7,4.87,2.6,True,orb_or_w_rel_Q5,,5.0
orb|or_w_relQ5|E12k2N20B|S,239,20,S,-3.74,-24.74,49.0,68.6,-0.84,-46.7,-4.87,-2.6,True,orb_or_w_rel_Q5,,5.0
brkSig>=0.0|E13k1N5A,478,5,L,-1.43,-39.43,48.5,79.0,-0.4,-63.3,-8.23,5.42,False,brkSig>=0.0,0.0,
brkSig>=0.0|E13k1N5A|fade,478,5,S,1.43,-36.57,51.5,79.0,0.4,-60.6,8.23,-5.42,False,brkSig>=0.0_fade,0.0,
brkSig>=0.1|E13k1N5A,474,5,L,-1.25,-39.25,48.5,79.4,-0.34,-63.2,-7.98,5.53,False,brkSig>=0.1,0.1,
brkSig>=0.1|E13k1N5A|fade,474,5,S,1.25,-36.75,51.5,79.4,0.34,-60.8,7.98,-5.53,False,brkSig>=0.1_fade,0.1,
brkSig>=0.2|E13k1N5A,467,5,L,-0.05,-38.05,49.3,79.2,-0.01,-62.0,-6.39,6.31,False,brkSig>=0.2,0.2,
brkSig>=0.2|E13k1N5A|fade,467,5,S,0.05,-37.95,50.7,79.2,0.01,-61.9,6.39,-6.31,False,brkSig>=0.2_fade,0.2,
brkSig>=0.3|E13k1N5A,452,5,L,0.66,-37.34,49.6,79.7,0.18,-61.4,-5.9,7.27,False,brkSig>=0.3,0.3,
brkSig>=0.3|E13k1N5A|fade,452,5,S,-0.66,-38.66,50.4,79.7,-0.18,-62.6,5.9,-7.27,False,brkSig>=0.3_fade,0.3,
brkSig>=0.5|E13k1N5A,410,5,L,0.66,-37.34,49.8,78.1,0.17,-61.3,-10.07,11.5,False,brkSig>=0.5,0.5,
brkSig>=0.5|E13k1N5A|fade,410,5,S,-0.66,-38.66,50.2,78.1,-0.17,-62.6,10.07,-11.5,False,brkSig>=0.5_fade,0.5,
brkSig>=0.75|E13k1N5A,274,5,L,-4.3,-42.3,46.4,83.4,-0.85,-65.9,-9.58,1.07,False,brkSig>=0.75,0.75,
brkSig>=0.75|E13k1N5A|fade,274,5,S,4.3,-33.7,53.6,83.4,0.85,-57.7,9.58,-1.07,False,brkSig>=0.75_fade,0.75,
brkSig>=1.0|E13k1N5A,134,5,L,-6.02,-44.02,42.5,87.4,-0.8,-67.4,-10.87,-1.03,True,brkSig>=1.0,1.0,
brkSig>=1.0|E13k1N5A|fade,134,5,S,6.02,-31.98,57.5,87.4,0.8,-55.8,10.87,1.03,True,brkSig>=1.0_fade,1.0,
orb|or_w_sigQ1|E13k1N5A|L,459,5,L,2.29,-35.71,54.7,59.5,0.83,-59.6,4.11,0.47,True,orb_or_w_sig_Q1,,1.0
orb|or_w_sigQ1|E13k1N5A|S,459,5,S,-2.29,-40.29,45.3,59.5,-0.83,-64.0,-4.11,-0.47,True,orb_or_w_sig_Q1,,1.0
orb|or_w_sigQ2|E13k1N5A|L,444,5,L,1.67,-36.33,51.4,66.9,0.53,-60.3,0.53,2.83,True,orb_or_w_sig_Q2,,2.0
orb|or_w_sigQ2|E13k1N5A|S,444,5,S,-1.67,-39.67,48.6,66.9,-0.53,-63.5,-0.53,-2.83,True,orb_or_w_sig_Q2,,2.0
orb|or_w_sigQ3|E13k1N5A|L,438,5,L,3.13,-34.87,53.7,64.0,1.02,-58.7,1.09,5.18,True,orb_or_w_sig_Q3,,3.0
orb|or_w_sigQ3|E13k1N5A|S,438,5,S,-3.13,-41.13,46.3,64.0,-1.02,-64.8,-1.09,-5.18,True,orb_or_w_sig_Q3,,3.0
orb|or_w_sigQ4|E13k1N5A|L,423,5,L,2.38,-35.62,51.1,65.8,0.74,-59.5,-2.93,7.7,False,orb_or_w_sig_Q4,,4.0
orb|or_w_sigQ4|E13k1N5A|S,423,5,S,-2.38,-40.38,48.9,65.8,-0.74,-64.1,2.93,-7.7,False,orb_or_w_sig_Q4,,4.0
orb|or_w_sigQ5|E13k1N5A|L,427,5,L,5.49,-32.51,52.5,71.9,1.58,-56.3,1.43,9.56,True,orb_or_w_sig_Q5,,5.0
orb|or_w_sigQ5|E13k1N5A|S,427,5,S,-5.49,-43.49,47.5,71.9,-1.58,-66.9,-1.43,-9.56,True,orb_or_w_sig_Q5,,5.0
orb|rvolQ1|E13k1N5A|L,320,5,L,1.46,-36.54,52.5,46.2,0.57,-60.4,2.94,-0.04,False,orb_rvol_Q1,,1.0
orb|rvolQ1|E13k1N5A|S,320,5,S,-1.46,-39.46,47.5,46.2,-0.57,-63.2,-2.94,0.04,False,orb_rvol_Q1,,1.0
orb|rvolQ2|E13k1N5A|L,387,5,L,2.11,-35.89,51.9,48.7,0.85,-59.7,1.79,2.43,True,orb_rvol_Q2,,2.0
orb|rvolQ2|E13k1N5A|S,387,5,S,-2.11,-40.11,48.1,48.7,-0.85,-63.8,-1.79,-2.43,True,orb_rvol_Q2,,2.0
orb|rvolQ3|E13k1N5A|L,424,5,L,2.19,-35.81,54.0,56.2,0.8,-59.7,0.55,3.85,True,orb_rvol_Q3,,3.0
orb|rvolQ3|E13k1N5A|S,424,5,S,-2.19,-40.19,46.0,56.2,-0.8,-63.9,-0.55,-3.85,True,orb_rvol_Q3,,3.0
orb|rvolQ4|E13k1N5A|L,452,5,L,5.31,-32.69,54.9,61.9,1.82,-56.4,2.2,8.45,True,orb_rvol_Q4,,4.0
orb|rvolQ4|E13k1N5A|S,452,5,S,-5.31,-43.31,45.1,61.9,-1.82,-66.7,-2.2,-8.45,True,orb_rvol_Q4,,4.0
orb|rvolQ5|E13k1N5A|L,473,5,L,-0.92,-38.92,47.4,76.6,-0.26,-62.8,-4.57,2.75,False,orb_rvol_Q5,,5.0
orb|rvolQ5|E13k1N5A|S,473,5,S,0.92,-37.08,52.6,76.6,0.26,-61.1,4.57,-2.75,False,orb_rvol_Q5,,5.0
orb|vol20Q1|E13k1N5A|L,433,5,L,1.35,-36.65,51.3,44.4,0.63,-60.5,1.52,1.18,True,orb_vol20_Q1,,1.0
orb|vol20Q1|E13k1N5A|S,433,5,S,-1.35,-39.35,48.7,44.4,-0.63,-63.1,-1.52,-1.18,True,orb_vol20_Q1,,1.0
orb|vol20Q2|E13k1N5A|L,437,5,L,3.77,-34.23,53.1,52.4,1.5,-58.0,1.98,5.58,True,orb_vol20_Q2,,2.0
orb|vol20Q2|E13k1N5A|S,437,5,S,-3.77,-41.77,46.9,52.4,-1.5,-65.3,-1.98,-5.58,True,orb_vol20_Q2,,2.0
orb|vol20Q3|E13k1N5A|L,441,5,L,3.89,-34.11,51.7,65.7,1.24,-58.0,2.27,5.52,True,orb_vol20_Q3,,3.0
orb|vol20Q3|E13k1N5A|S,441,5,S,-3.89,-41.89,48.3,65.7,-1.24,-65.5,-2.27,-5.52,True,orb_vol20_Q3,,3.0
orb|vol20Q4|E13k1N5A|L,444,5,L,6.94,-31.06,53.8,72.8,2.01,-54.6,6.04,7.85,True,orb_vol20_Q4,,4.0
orb|vol20Q4|E13k1N5A|S,444,5,S,-6.94,-44.94,46.2,72.8,-2.01,-68.1,-6.04,-7.85,True,orb_vol20_Q4,,4.0
orb|vol20Q5|E13k1N5A|L,447,5,L,2.92,-35.08,49.4,86.9,0.71,-59.1,-0.71,6.56,False,orb_vol20_Q5,,5.0
orb|vol20Q5|E13k1N5A|S,447,5,S,-2.92,-40.92,50.6,86.9,-0.71,-64.8,0.71,-6.56,False,orb_vol20_Q5,,5.0
orb|or_w_relQ1|E13k1N5A|L,458,5,L,0.12,-37.88,50.7,61.0,0.04,-61.8,-0.27,0.52,False,orb_or_w_rel_Q1,,1.0
orb|or_w_relQ1|E13k1N5A|S,458,5,S,-0.12,-38.12,49.3,61.0,-0.04,-62.0,0.27,-0.52,False,orb_or_w_rel_Q1,,1.0
orb|or_w_relQ2|E13k1N5A|L,446,5,L,0.53,-37.47,49.3,66.3,0.17,-61.4,1.56,-0.5,False,orb_or_w_rel_Q2,,2.0
orb|or_w_relQ2|E13k1N5A|S,446,5,S,-0.53,-38.53,50.7,66.3,-0.17,-62.4,-1.56,0.5,False,orb_or_w_rel_Q2,,2.0
orb|or_w_relQ3|E13k1N5A|L,438,5,L,1.49,-36.51,54.6,61.4,0.51,-60.4,-4.21,7.24,False,orb_or_w_rel_Q3,,3.0
orb|or_w_relQ3|E13k1N5A|S,438,5,S,-1.49,-39.49,45.4,61.4,-0.51,-63.3,4.21,-7.24,False,orb_or_w_rel_Q3,,3.0
orb|or_w_relQ4|E13k1N5A|L,425,5,L,1.06,-36.94,51.5,60.2,0.36,-60.8,2.06,0.05,True,orb_or_w_rel_Q4,,4.0
orb|or_w_relQ4|E13k1N5A|S,425,5,S,-1.06,-39.06,48.5,60.2,-0.36,-62.9,-2.06,-0.05,True,orb_or_w_rel_Q4,,4.0
orb|or_w_relQ5|E13k1N5A|L,432,5,L,8.0,-30.0,51.4,73.0,2.28,-53.4,2.5,13.56,True,orb_or_w_rel_Q5,,5.0
orb|or_w_relQ5|E13k1N5A|S,432,5,S,-8.0,-46.0,48.6,73.0,-2.28,-68.9,-2.5,-13.56,True,orb_or_w_rel_Q5,,5.0
brkSig>=0.0|E13k1N5B,477,5,L,-1.44,-22.44,49.3,75.9,-0.42,-43.6,-8.94,6.08,False,brkSig>=0.0,0.0,
brkSig>=0.0|E13k1N5B|fade,477,5,S,1.44,-19.56,50.7,75.9,0.42,-39.4,8.94,-6.08,False,brkSig>=0.0_fade,0.0,
brkSig>=0.1|E13k1N5B,473,5,L,-1.18,-22.18,49.5,76.1,-0.34,-43.3,-8.5,6.18,False,brkSig>=0.1,0.1,
brkSig>=0.1|E13k1N5B|fade,473,5,S,1.18,-19.82,50.5,76.1,0.34,-39.8,8.5,-6.18,False,brkSig>=0.1_fade,0.1,
brkSig>=0.2|E13k1N5B,464,5,L,0.15,-20.85,50.2,77.1,0.04,-41.3,-6.42,6.77,False,brkSig>=0.2,0.2,
brkSig>=0.2|E13k1N5B|fade,464,5,S,-0.15,-21.15,49.8,77.1,-0.04,-41.8,6.42,-6.77,False,brkSig>=0.2_fade,0.2,
brkSig>=0.3|E13k1N5B,450,5,L,0.58,-20.42,50.4,77.7,0.16,-40.7,-6.33,7.56,False,brkSig>=0.3,0.3,
brkSig>=0.3|E13k1N5B|fade,450,5,S,-0.58,-21.58,49.6,77.7,-0.16,-42.4,6.33,-7.56,False,brkSig>=0.3_fade,0.3,
brkSig>=0.5|E13k1N5B,403,5,L,1.0,-20.0,52.1,75.2,0.27,-40.0,-9.42,11.47,False,brkSig>=0.5,0.5,
brkSig>=0.5|E13k1N5B|fade,403,5,S,-1.0,-22.0,47.9,75.2,-0.27,-43.0,9.42,-11.47,False,brkSig>=0.5_fade,0.5,
brkSig>=0.75|E13k1N5B,265,5,L,-5.62,-26.62,47.9,81.9,-1.12,-49.4,-13.92,2.74,False,brkSig>=0.75,0.75,
brkSig>=0.75|E13k1N5B|fade,265,5,S,5.62,-15.38,52.1,81.9,1.12,-32.7,13.92,-2.74,False,brkSig>=0.75_fade,0.75,
brkSig>=1.0|E13k1N5B,122,5,L,-11.7,-32.7,41.0,77.5,-1.67,-56.5,-14.77,-8.52,True,brkSig>=1.0,1.0,
brkSig>=1.0|E13k1N5B|fade,122,5,S,11.7,-9.3,59.0,77.5,1.67,-21.5,14.77,8.52,True,brkSig>=1.0_fade,1.0,
orb|or_w_sigQ1|E13k1N5B|L,455,5,L,1.92,-19.08,54.1,58.8,0.69,-38.5,3.75,0.07,True,orb_or_w_sig_Q1,,1.0
orb|or_w_sigQ1|E13k1N5B|S,455,5,S,-1.92,-22.92,45.9,58.8,-0.69,-44.2,-3.75,-0.07,True,orb_or_w_sig_Q1,,1.0
orb|or_w_sigQ2|E13k1N5B|L,442,5,L,2.03,-18.97,51.1,66.6,0.64,-38.4,0.45,3.62,True,orb_or_w_sig_Q2,,2.0
orb|or_w_sigQ2|E13k1N5B|S,442,5,S,-2.03,-23.03,48.9,66.6,-0.64,-44.4,-0.45,-3.62,True,orb_or_w_sig_Q2,,2.0
orb|or_w_sigQ3|E13k1N5B|L,433,5,L,3.29,-17.71,53.8,63.3,1.08,-36.3,1.58,5.01,True,orb_or_w_sig_Q3,,3.0
orb|or_w_sigQ3|E13k1N5B|S,433,5,S,-3.29,-24.29,46.2,63.3,-1.08,-46.1,-1.58,-5.01,True,orb_or_w_sig_Q3,,3.0
orb|or_w_sigQ4|E13k1N5B|L,420,5,L,1.72,-19.28,48.6,64.4,0.55,-38.8,-2.5,5.97,False,orb_or_w_sig_Q4,,4.0
orb|or_w_sigQ4|E13k1N5B|S,420,5,S,-1.72,-22.72,51.4,64.4,-0.55,-43.9,2.5,-5.97,False,orb_or_w_sig_Q4,,4.0
orb|or_w_sigQ5|E13k1N5B|L,425,5,L,6.25,-14.75,51.8,70.8,1.82,-31.5,1.16,11.36,True,orb_or_w_sig_Q5,,5.0
orb|or_w_sigQ5|E13k1N5B|S,425,5,S,-6.25,-27.25,48.2,70.8,-1.82,-50.0,-1.16,-11.36,True,orb_or_w_sig_Q5,,5.0
orb|rvolQ1|E13k1N5B|L,317,5,L,1.27,-19.73,52.1,45.5,0.5,-39.4,3.17,-0.65,False,orb_rvol_Q1,,1.0
orb|rvolQ1|E13k1N5B|S,317,5,S,-1.27,-22.27,47.9,45.5,-0.5,-43.1,-3.17,0.65,False,orb_rvol_Q1,,1.0
orb|rvolQ2|E13k1N5B|L,386,5,L,2.23,-18.77,51.8,48.6,0.9,-37.9,1.85,2.62,True,orb_rvol_Q2,,2.0
orb|rvolQ2|E13k1N5B|S,386,5,S,-2.23,-23.23,48.2,48.6,-0.9,-44.5,-1.85,-2.62,True,orb_rvol_Q2,,2.0
orb|rvolQ3|E13k1N5B|L,421,5,L,2.43,-18.57,53.7,56.2,0.89,-37.6,1.08,3.78,True,orb_rvol_Q3,,3.0
orb|rvolQ3|E13k1N5B|S,421,5,S,-2.43,-23.43,46.3,56.2,-0.89,-44.9,-1.08,-3.78,True,orb_rvol_Q3,,3.0
orb|rvolQ4|E13k1N5B|L,452,5,L,5.59,-15.41,55.3,62.4,1.9,-32.5,2.9,8.31,True,orb_rvol_Q4,,4.0
orb|rvolQ4|E13k1N5B|S,452,5,S,-5.59,-26.59,44.7,62.4,-1.9,-49.1,-2.9,-8.31,True,orb_rvol_Q4,,4.0
orb|rvolQ5|E13k1N5B|L,472,5,L,-1.52,-22.52,48.1,73.7,-0.45,-43.7,-5.64,2.63,False,orb_rvol_Q5,,5.0
orb|rvolQ5|E13k1N5B|S,472,5,S,1.52,-19.48,51.9,73.7,0.45,-39.2,5.64,-2.63,False,orb_rvol_Q5,,5.0
orb|vol20Q1|E13k1N5B|L,432,5,L,1.17,-19.83,51.4,44.5,0.55,-39.5,1.47,0.88,True,orb_vol20_Q1,,1.0
orb|vol20Q1|E13k1N5B|S,432,5,S,-1.17,-22.17,48.6,44.5,-0.55,-43.0,-1.47,-0.88,True,orb_vol20_Q1,,1.0
orb|vol20Q2|E13k1N5B|L,434,5,L,3.22,-17.78,53.5,51.6,1.3,-36.4,1.2,5.26,True,orb_vol20_Q2,,2.0
orb|vol20Q2|E13k1N5B|S,434,5,S,-3.22,-24.22,46.5,51.6,-1.3,-45.9,-1.2,-5.26,True,orb_vol20_Q2,,2.0
orb|vol20Q3|E13k1N5B|L,440,5,L,3.02,-17.98,51.8,64.5,0.98,-36.8,0.79,5.27,True,orb_vol20_Q3,,3.0
orb|vol20Q3|E13k1N5B|S,440,5,S,-3.02,-24.02,48.2,64.5,-0.98,-45.7,-0.79,-5.27,True,orb_vol20_Q3,,3.0
orb|vol20Q4|E13k1N5B|L,440,5,L,5.68,-15.32,54.1,72.0,1.65,-32.5,3.13,8.24,True,orb_vol20_Q4,,4.0
orb|vol20Q4|E13k1N5B|S,440,5,S,-5.68,-26.68,45.9,72.0,-1.65,-49.3,-3.13,-8.24,True,orb_vol20_Q4,,4.0
orb|vol20Q5|E13k1N5B|L,445,5,L,3.35,-17.65,49.9,85.9,0.82,-36.5,-0.37,7.09,False,orb_vol20_Q5,,5.0
orb|vol20Q5|E13k1N5B|S,445,5,S,-3.35,-24.35,50.1,85.9,-0.82,-46.4,0.37,-7.09,False,orb_vol20_Q5,,5.0
orb|or_w_relQ1|E13k1N5B|L,454,5,L,0.68,-20.32,50.7,60.1,0.24,-40.4,1.18,0.18,True,orb_or_w_rel_Q1,,1.0
orb|or_w_relQ1|E13k1N5B|S,454,5,S,-0.68,-21.68,49.3,60.1,-0.24,-42.4,-1.18,-0.18,True,orb_or_w_rel_Q1,,1.0
orb|or_w_relQ2|E13k1N5B|L,441,5,L,1.41,-19.59,51.5,65.1,0.46,-39.3,2.88,-0.06,False,orb_or_w_rel_Q2,,2.0
orb|or_w_relQ2|E13k1N5B|S,441,5,S,-1.41,-22.41,48.5,65.1,-0.46,-43.5,-2.88,0.06,False,orb_or_w_rel_Q2,,2.0
orb|or_w_relQ3|E13k1N5B|L,436,5,L,-0.38,-21.38,53.9,61.3,-0.13,-42.0,-6.92,6.21,False,orb_or_w_rel_Q3,,3.0
orb|or_w_relQ3|E13k1N5B|S,436,5,S,0.38,-20.62,46.1,61.3,0.13,-40.8,6.92,-6.21,False,orb_or_w_rel_Q3,,3.0
orb|or_w_relQ4|E13k1N5B|L,419,5,L,0.91,-20.09,50.4,59.5,0.31,-40.0,1.18,0.63,True,orb_or_w_rel_Q4,,4.0
orb|or_w_relQ4|E13k1N5B|S,419,5,S,-0.91,-21.91,49.6,59.5,-0.31,-42.7,-1.18,-0.63,True,orb_or_w_rel_Q4,,4.0
orb|or_w_relQ5|E13k1N5B|L,432,5,L,8.58,-12.42,53.2,71.2,2.51,-27.3,2.36,14.86,True,orb_or_w_rel_Q5,,5.0
orb|or_w_relQ5|E13k1N5B|S,432,5,S,-8.58,-29.58,46.8,71.2,-2.51,-52.9,-2.36,-14.86,True,orb_or_w_rel_Q5,,5.0
brkSig>=0.0|E13k1N10A,478,10,L,1.25,-36.75,50.4,59.0,0.46,-60.6,-2.62,5.16,False,brkSig>=0.0,0.0,
brkSig>=0.0|E13k1N10A|fade,478,10,S,-1.25,-39.25,49.6,59.0,-0.46,-63.0,2.62,-5.16,False,brkSig>=0.0_fade,0.0,
brkSig>=0.1|E13k1N10A,474,10,L,0.93,-37.07,50.0,60.5,0.33,-61.0,-2.99,4.87,False,brkSig>=0.1,0.1,
brkSig>=0.1|E13k1N10A|fade,474,10,S,-0.93,-38.93,50.0,60.5,-0.33,-62.8,2.99,-4.87,False,brkSig>=0.1_fade,0.1,
brkSig>=0.2|E13k1N10A,467,10,L,2.0,-36.0,50.7,62.6,0.69,-59.9,-0.95,4.97,False,brkSig>=0.2,0.2,
brkSig>=0.2|E13k1N10A|fade,467,10,S,-2.0,-40.0,49.3,62.6,-0.69,-63.8,0.95,-4.97,False,brkSig>=0.2_fade,0.2,
brkSig>=0.3|E13k1N10A,452,10,L,2.92,-35.08,51.3,64.5,0.96,-59.0,0.41,5.45,True,brkSig>=0.3,0.3,
brkSig>=0.3|E13k1N10A|fade,452,10,S,-2.92,-40.92,48.7,64.5,-0.96,-64.6,-0.41,-5.45,True,brkSig>=0.3_fade,0.3,
brkSig>=0.5|E13k1N10A,410,10,L,3.1,-34.9,54.4,66.0,0.95,-58.8,-4.53,10.82,False,brkSig>=0.5,0.5,
brkSig>=0.5|E13k1N10A|fade,410,10,S,-3.1,-41.1,45.6,66.0,-0.95,-64.8,4.53,-10.82,False,brkSig>=0.5_fade,0.5,
brkSig>=0.75|E13k1N10A,274,10,L,-3.67,-41.67,49.6,77.8,-0.78,-65.4,-8.47,1.2,False,brkSig>=0.75,0.75,
brkSig>=0.75|E13k1N10A|fade,274,10,S,3.67,-34.33,50.4,77.8,0.78,-58.3,8.47,-1.2,False,brkSig>=0.75_fade,0.75,
brkSig>=1.0|E13k1N10A,134,10,L,-5.11,-43.11,44.8,85.1,-0.7,-66.6,-10.62,0.56,False,brkSig>=1.0,1.0,
brkSig>=1.0|E13k1N10A|fade,134,10,S,5.11,-32.89,55.2,85.1,0.7,-56.8,10.62,-0.56,False,brkSig>=1.0_fade,1.0,
orb|or_w_sigQ1|E13k1N10A|L,459,10,L,0.9,-37.1,54.0,52.1,0.37,-60.9,2.25,-0.46,False,orb_or_w_sig_Q1,,1.0
orb|or_w_sigQ1|E13k1N10A|S,459,10,S,-0.9,-38.9,46.0,52.1,-0.37,-62.7,-2.25,0.46,False,orb_or_w_sig_Q1,,1.0
orb|or_w_sigQ2|E13k1N10A|L,444,10,L,1.74,-36.26,53.4,55.1,0.66,-60.1,-0.28,3.77,False,orb_or_w_sig_Q2,,2.0
orb|or_w_sigQ2|E13k1N10A|S,444,10,S,-1.74,-39.74,46.6,55.1,-0.66,-63.5,0.28,-3.77,False,orb_or_w_sig_Q2,,2.0
orb|or_w_sigQ3|E13k1N10A|L,438,10,L,2.38,-35.62,53.7,54.1,0.92,-59.5,0.38,4.41,True,orb_or_w_sig_Q3,,3.0
orb|or_w_sigQ3|E13k1N10A|S,438,10,S,-2.38,-40.38,46.3,54.1,-0.92,-64.1,-0.38,-4.41,True,orb_or_w_sig_Q3,,3.0
orb|or_w_sigQ4|E13k1N10A|L,423,10,L,2.83,-35.17,52.5,57.1,1.02,-59.0,-1.39,7.06,False,orb_or_w_sig_Q4,,4.0
orb|or_w_sigQ4|E13k1N10A|S,423,10,S,-2.83,-40.83,47.5,57.1,-1.02,-64.5,1.39,-7.06,False,orb_or_w_sig_Q4,,4.0
orb|or_w_sigQ5|E13k1N10A|L,427,10,L,5.49,-32.51,55.0,61.0,1.86,-56.2,3.39,7.6,True,orb_or_w_sig_Q5,,5.0
orb|or_w_sigQ5|E13k1N10A|S,427,10,S,-5.49,-43.49,45.0,61.0,-1.86,-66.8,-3.39,-7.6,True,orb_or_w_sig_Q5,,5.0
orb|rvolQ1|E13k1N10A|L,320,10,L,2.5,-35.5,53.8,42.9,1.04,-59.3,4.77,0.21,True,orb_rvol_Q1,,1.0
orb|rvolQ1|E13k1N10A|S,320,10,S,-2.5,-40.5,46.2,42.9,-1.04,-64.1,-4.77,-0.21,True,orb_rvol_Q1,,1.0
orb|rvolQ2|E13k1N10A|L,387,10,L,3.46,-34.54,54.0,46.4,1.47,-58.3,3.33,3.59,True,orb_rvol_Q2,,2.0
orb|rvolQ2|E13k1N10A|S,387,10,S,-3.46,-41.46,46.0,46.4,-1.47,-65.0,-3.33,-3.59,True,orb_rvol_Q2,,2.0
orb|rvolQ3|E13k1N10A|L,424,10,L,3.12,-34.88,54.5,49.4,1.3,-58.7,0.87,5.39,True,orb_rvol_Q3,,3.0
orb|rvolQ3|E13k1N10A|S,424,10,S,-3.12,-41.12,45.5,49.4,-1.3,-64.7,-0.87,-5.39,True,orb_rvol_Q3,,3.0
orb|rvolQ4|E13k1N10A|L,452,10,L,5.7,-32.3,54.4,54.7,2.21,-55.9,4.24,7.17,True,orb_rvol_Q4,,4.0
orb|rvolQ4|E13k1N10A|S,452,10,S,-5.7,-43.7,45.6,54.7,-2.21,-67.0,-4.24,-7.17,True,orb_rvol_Q4,,4.0
orb|rvolQ5|E13k1N10A|L,473,10,L,2.06,-35.94,52.9,62.6,0.72,-59.8,0.25,3.88,True,orb_rvol_Q5,,5.0
orb|rvolQ5|E13k1N10A|S,473,10,S,-2.06,-40.06,47.1,62.6,-0.72,-63.8,-0.25,-3.88,True,orb_rvol_Q5,,5.0
orb|vol20Q1|E13k1N10A|L,433,10,L,1.27,-36.73,53.1,38.4,0.69,-60.5,0.26,2.27,True,orb_vol20_Q1,,1.0
orb|vol20Q1|E13k1N10A|S,433,10,S,-1.27,-39.27,46.9,38.4,-0.69,-63.0,-0.26,-2.27,True,orb_vol20_Q1,,1.0
orb|vol20Q2|E13k1N10A|L,437,10,L,3.31,-34.69,53.3,46.1,1.5,-58.5,2.02,4.6,True,orb_vol20_Q2,,2.0
orb|vol20Q2|E13k1N10A|S,437,10,S,-3.31,-41.31,46.7,46.1,-1.5,-64.9,-2.02,-4.6,True,orb_vol20_Q2,,2.0
orb|vol20Q3|E13k1N10A|L,441,10,L,2.93,-35.07,54.2,57.5,1.07,-58.9,0.71,5.15,True,orb_vol20_Q3,,3.0
orb|vol20Q3|E13k1N10A|S,441,10,S,-2.93,-40.93,45.8,57.5,-1.07,-64.6,-0.71,-5.15,True,orb_vol20_Q3,,3.0
orb|vol20Q4|E13k1N10A|L,444,10,L,5.43,-32.57,56.5,63.3,1.81,-56.3,3.72,7.16,True,orb_vol20_Q4,,4.0
orb|vol20Q4|E13k1N10A|S,444,10,S,-5.43,-43.43,43.5,63.3,-1.81,-66.8,-3.72,-7.16,True,orb_vol20_Q4,,4.0
orb|vol20Q5|E13k1N10A|L,447,10,L,2.87,-35.13,50.8,75.1,0.81,-59.1,2.13,3.61,True,orb_vol20_Q5,,5.0
orb|vol20Q5|E13k1N10A|S,447,10,S,-2.87,-40.87,49.2,75.1,-0.81,-64.6,-2.13,-3.61,True,orb_vol20_Q5,,5.0
orb|or_w_relQ1|E13k1N10A|L,458,10,L,0.6,-37.4,53.1,51.9,0.25,-61.2,0.74,0.47,True,orb_or_w_rel_Q1,,1.0
orb|or_w_relQ1|E13k1N10A|S,458,10,S,-0.6,-38.6,46.9,51.9,-0.25,-62.4,-0.74,-0.47,True,orb_or_w_rel_Q1,,1.0
orb|or_w_relQ2|E13k1N10A|L,446,10,L,0.94,-37.06,52.2,54.1,0.37,-60.9,1.14,0.74,True,orb_or_w_rel_Q2,,2.0
orb|or_w_relQ2|E13k1N10A|S,446,10,S,-0.94,-38.94,47.8,54.1,-0.37,-62.7,-1.14,-0.74,True,orb_or_w_rel_Q2,,2.0
orb|or_w_relQ3|E13k1N10A|L,438,10,L,2.24,-35.76,55.9,55.0,0.85,-59.6,-4.78,9.31,False,orb_or_w_rel_Q3,,3.0
orb|or_w_relQ3|E13k1N10A|S,438,10,S,-2.24,-40.24,44.1,55.0,-0.85,-63.9,4.78,-9.31,False,orb_or_w_rel_Q3,,3.0
orb|or_w_relQ4|E13k1N10A|L,425,10,L,2.16,-35.84,51.3,54.1,0.82,-59.7,1.5,2.83,True,orb_or_w_rel_Q4,,4.0
orb|or_w_relQ4|E13k1N10A|S,425,10,S,-2.16,-40.16,48.7,54.1,-0.82,-63.9,-1.5,-2.83,True,orb_or_w_rel_Q4,,4.0
orb|or_w_relQ5|E13k1N10A|L,432,10,L,8.18,-29.82,55.8,61.3,2.78,-53.1,7.2,9.17,True,orb_or_w_rel_Q5,,5.0
orb|or_w_relQ5|E13k1N10A|S,432,10,S,-8.18,-46.18,44.2,61.3,-2.78,-69.0,-7.2,-9.17,True,orb_or_w_rel_Q5,,5.0
brkSig>=0.0|E13k1N10B,477,10,L,1.61,-19.39,50.3,58.2,0.6,-38.9,-2.24,5.48,False,brkSig>=0.0,0.0,
brkSig>=0.0|E13k1N10B|fade,477,10,S,-1.61,-22.61,49.7,58.2,-0.6,-43.7,2.24,-5.48,False,brkSig>=0.0_fade,0.0,
brkSig>=0.1|E13k1N10B,473,10,L,1.79,-19.21,50.3,59.9,0.65,-38.7,-1.76,5.36,False,brkSig>=0.1,0.1,
brkSig>=0.1|E13k1N10B|fade,473,10,S,-1.79,-22.79,49.7,59.9,-0.65,-44.0,1.76,-5.36,False,brkSig>=0.1_fade,0.1,
brkSig>=0.2|E13k1N10B,464,10,L,2.74,-18.26,51.1,63.0,0.94,-37.2,0.53,4.98,True,brkSig>=0.2,0.2,
brkSig>=0.2|E13k1N10B|fade,464,10,S,-2.74,-23.74,48.9,63.0,-0.94,-45.3,-0.53,-4.98,True,brkSig>=0.2_fade,0.2,
brkSig>=0.3|E13k1N10B,450,10,L,3.5,-17.5,51.8,65.2,1.14,-36.0,1.25,5.77,True,brkSig>=0.3,0.3,
brkSig>=0.3|E13k1N10B|fade,450,10,S,-3.5,-24.5,48.2,65.2,-1.14,-46.4,-1.25,-5.77,True,brkSig>=0.3_fade,0.3,
brkSig>=0.5|E13k1N10B,403,10,L,4.13,-16.87,55.3,65.2,1.27,-35.0,-2.76,11.05,False,brkSig>=0.5,0.5,
brkSig>=0.5|E13k1N10B|fade,403,10,S,-4.13,-25.13,44.7,65.2,-1.27,-47.2,2.76,-11.05,False,brkSig>=0.5_fade,0.5,
brkSig>=0.75|E13k1N10B,265,10,L,-5.03,-26.03,50.2,76.9,-1.06,-48.5,-12.93,2.94,False,brkSig>=0.75,0.75,
brkSig>=0.75|E13k1N10B|fade,265,10,S,5.03,-15.97,49.8,76.9,1.06,-33.7,12.93,-2.94,False,brkSig>=0.75_fade,0.75,
brkSig>=1.0|E13k1N10B,122,10,L,-11.34,-32.34,41.8,73.9,-1.69,-56.1,-14.92,-7.64,True,brkSig>=1.0,1.0,
brkSig>=1.0|E13k1N10B|fade,122,10,S,11.34,-9.66,58.2,73.9,1.69,-22.2,14.92,7.64,True,brkSig>=1.0_fade,1.0,
orb|or_w_sigQ1|E13k1N10B|L,455,10,L,1.17,-19.83,54.1,52.4,0.48,-39.6,2.6,-0.28,False,orb_or_w_sig_Q1,,1.0
orb|or_w_sigQ1|E13k1N10B|S,455,10,S,-1.17,-22.17,45.9,52.4,-0.48,-43.0,-2.6,0.28,False,orb_or_w_sig_Q1,,1.0
orb|or_w_sigQ2|E13k1N10B|L,442,10,L,1.9,-19.1,52.3,55.4,0.72,-38.5,-0.37,4.19,False,orb_or_w_sig_Q2,,2.0
orb|or_w_sigQ2|E13k1N10B|S,442,10,S,-1.9,-22.9,47.7,55.4,-0.72,-44.1,0.37,-4.19,False,orb_or_w_sig_Q2,,2.0
orb|or_w_sigQ3|E13k1N10B|L,433,10,L,2.75,-18.25,54.5,53.7,1.07,-37.1,0.53,4.98,True,orb_or_w_sig_Q3,,3.0
orb|or_w_sigQ3|E13k1N10B|S,433,10,S,-2.75,-23.75,45.5,53.7,-1.07,-45.3,-0.53,-4.98,True,orb_or_w_sig_Q3,,3.0
orb|or_w_sigQ4|E13k1N10B|L,420,10,L,2.38,-18.62,51.7,57.4,0.85,-37.7,-1.48,6.27,False,orb_or_w_sig_Q4,,4.0
orb|or_w_sigQ4|E13k1N10B|S,420,10,S,-2.38,-23.38,48.3,57.4,-0.85,-44.8,1.48,-6.27,False,orb_or_w_sig_Q4,,4.0
orb|or_w_sigQ5|E13k1N10B|L,425,10,L,6.87,-14.13,54.8,61.1,2.32,-30.3,4.18,9.57,True,orb_or_w_sig_Q5,,5.0
orb|or_w_sigQ5|E13k1N10B|S,425,10,S,-6.87,-27.87,45.2,61.1,-2.32,-50.7,-4.18,-9.57,True,orb_or_w_sig_Q5,,5.0
orb|rvolQ1|E13k1N10B|L,317,10,L,1.95,-19.05,54.3,42.4,0.82,-38.3,4.12,-0.24,False,orb_rvol_Q1,,1.0
orb|rvolQ1|E13k1N10B|S,317,10,S,-1.95,-22.95,45.7,42.4,-0.82,-44.1,-4.12,0.24,False,orb_rvol_Q1,,1.0
orb|rvolQ2|E13k1N10B|L,386,10,L,3.39,-17.61,53.4,47.0,1.42,-36.0,3.06,3.72,True,orb_rvol_Q2,,2.0
orb|rvolQ2|E13k1N10B|S,386,10,S,-3.39,-24.39,46.6,47.0,-1.42,-46.1,-3.06,-3.72,True,orb_rvol_Q2,,2.0
orb|rvolQ3|E13k1N10B|L,421,10,L,3.97,-17.03,54.4,49.5,1.64,-35.1,2.32,5.63,True,orb_rvol_Q3,,3.0
orb|rvolQ3|E13k1N10B|S,421,10,S,-3.97,-24.97,45.6,49.5,-1.64,-46.9,-2.32,-5.63,True,orb_rvol_Q3,,3.0
orb|rvolQ4|E13k1N10B|L,452,10,L,5.62,-15.38,54.9,55.4,2.16,-32.4,3.98,7.28,True,orb_rvol_Q4,,4.0
orb|rvolQ4|E13k1N10B|S,452,10,S,-5.62,-26.62,45.1,55.4,-2.16,-49.1,-3.98,-7.28,True,orb_rvol_Q4,,4.0
orb|rvolQ5|E13k1N10B|L,472,10,L,1.48,-19.52,53.0,62.8,0.51,-39.2,-0.94,3.93,False,orb_rvol_Q5,,5.0
orb|rvolQ5|E13k1N10B|S,472,10,S,-1.48,-22.48,47.0,62.8,-0.51,-43.6,0.94,-3.93,False,orb_rvol_Q5,,5.0
orb|vol20Q1|E13k1N10B|L,432,10,L,1.2,-19.8,53.0,38.2,0.66,-39.4,0.16,2.26,True,orb_vol20_Q1,,1.0
orb|vol20Q1|E13k1N10B|S,432,10,S,-1.2,-22.2,47.0,38.2,-0.66,-43.0,-0.16,-2.26,True,orb_vol20_Q1,,1.0
orb|vol20Q2|E13k1N10B|L,434,10,L,2.98,-18.02,53.5,45.6,1.36,-36.7,0.91,5.07,True,orb_vol20_Q2,,2.0
orb|vol20Q2|E13k1N10B|S,434,10,S,-2.98,-23.98,46.5,45.6,-1.36,-45.5,-0.91,-5.07,True,orb_vol20_Q2,,2.0
orb|vol20Q3|E13k1N10B|L,440,10,L,2.52,-18.48,53.6,56.5,0.94,-37.5,0.12,4.95,True,orb_vol20_Q3,,3.0
orb|vol20Q3|E13k1N10B|S,440,10,S,-2.52,-23.52,46.4,56.5,-0.94,-45.0,-0.12,-4.95,True,orb_vol20_Q3,,3.0
orb|vol20Q4|E13k1N10B|L,440,10,L,5.58,-15.42,57.7,63.2,1.85,-32.6,2.38,8.81,True,orb_vol20_Q4,,4.0
orb|vol20Q4|E13k1N10B|S,440,10,S,-5.58,-26.58,42.3,63.2,-1.85,-49.1,-2.38,-8.81,True,orb_vol20_Q4,,4.0
orb|vol20Q5|E13k1N10B|L,445,10,L,2.59,-18.41,51.0,75.7,0.72,-37.6,2.6,2.57,True,orb_vol20_Q5,,5.0
orb|vol20Q5|E13k1N10B|S,445,10,S,-2.59,-23.59,49.0,75.7,-0.72,-45.2,-2.6,-2.57,True,orb_vol20_Q5,,5.0
orb|or_w_relQ1|E13k1N10B|L,454,10,L,1.02,-19.98,53.1,52.0,0.42,-39.8,1.29,0.74,True,orb_or_w_rel_Q1,,1.0
orb|or_w_relQ1|E13k1N10B|S,454,10,S,-1.02,-22.02,46.9,52.0,-0.42,-42.8,-1.29,-0.74,True,orb_or_w_rel_Q1,,1.0
orb|or_w_relQ2|E13k1N10B|L,441,10,L,1.59,-19.41,53.1,53.7,0.62,-38.9,1.94,1.24,True,orb_or_w_rel_Q2,,2.0
orb|or_w_relQ2|E13k1N10B|S,441,10,S,-1.59,-22.59,46.9,53.7,-0.62,-43.7,-1.94,-1.24,True,orb_or_w_rel_Q2,,2.0
orb|or_w_relQ3|E13k1N10B|L,436,10,L,0.98,-20.02,55.3,55.3,0.37,-39.9,-5.71,7.73,False,orb_or_w_rel_Q3,,3.0
orb|or_w_relQ3|E13k1N10B|S,436,10,S,-0.98,-21.98,44.7,55.3,-0.37,-42.8,5.71,-7.73,False,orb_or_w_rel_Q3,,3.0
orb|or_w_relQ4|E13k1N10B|L,419,10,L,1.74,-19.26,51.1,53.9,0.66,-38.7,0.81,2.68,True,orb_or_w_rel_Q4,,4.0
orb|or_w_relQ4|E13k1N10B|S,419,10,S,-1.74,-22.74,48.9,53.9,-0.66,-43.9,-0.81,-2.68,True,orb_or_w_rel_Q4,,4.0
orb|or_w_relQ5|E13k1N10B|L,432,10,L,8.48,-12.52,55.6,60.7,2.9,-27.4,6.68,10.29,True,orb_or_w_rel_Q5,,5.0
orb|or_w_relQ5|E13k1N10B|S,432,10,S,-8.48,-29.48,44.4,60.7,-2.9,-52.7,-6.68,-10.29,True,orb_or_w_rel_Q5,,5.0
brkSig>=0.0|E13k1N20A,475,20,L,2.57,-35.43,55.6,48.9,1.15,-59.2,0.13,5.02,True,brkSig>=0.0,0.0,
brkSig>=0.0|E13k1N20A|fade,475,20,S,-2.57,-40.57,44.4,48.9,-1.15,-64.2,-0.13,-5.02,True,brkSig>=0.0_fade,0.0,
brkSig>=0.1|E13k1N20A,467,20,L,3.53,-34.47,55.5,50.8,1.5,-58.2,2.21,4.86,True,brkSig>=0.1,0.1,
brkSig>=0.1|E13k1N20A|fade,467,20,S,-3.53,-41.53,44.5,50.8,-1.5,-65.1,-2.21,-4.86,True,brkSig>=0.1_fade,0.1,
brkSig>=0.2|E13k1N20A,448,20,L,3.28,-34.72,55.8,51.6,1.35,-58.5,2.33,4.25,True,brkSig>=0.2,0.2,
brkSig>=0.2|E13k1N20A|fade,448,20,S,-3.28,-41.28,44.2,51.6,-1.35,-64.9,-2.33,-4.25,True,brkSig>=0.2_fade,0.2,
brkSig>=0.3|E13k1N20A,416,20,L,4.83,-33.17,55.8,53.7,1.83,-56.9,2.97,6.71,True,brkSig>=0.3,0.3,
brkSig>=0.3|E13k1N20A|fade,416,20,S,-4.83,-42.83,44.2,53.7,-1.83,-66.2,-2.97,-6.71,True,brkSig>=0.3_fade,0.3,
brkSig>=0.5|E13k1N20A,325,20,L,5.57,-32.43,57.8,56.8,1.77,-56.1,3.59,7.55,True,brkSig>=0.5,0.5,
brkSig>=0.5|E13k1N20A|fade,325,20,S,-5.57,-43.57,42.2,56.8,-1.77,-66.9,-3.59,-7.55,True,brkSig>=0.5_fade,0.5,
brkSig>=0.75|E13k1N20A,135,20,L,8.83,-29.17,55.6,55.4,1.85,-52.3,-1.39,19.2,False,brkSig>=0.75,0.75,
brkSig>=0.75|E13k1N20A|fade,135,20,S,-8.83,-46.83,44.4,55.4,-1.85,-69.5,1.39,-19.2,False,brkSig>=0.75_fade,0.75,
orb|or_w_sigQ1|E13k1N20A|L,419,20,L,2.46,-35.54,53.9,44.2,1.14,-59.3,1.11,3.82,True,orb_or_w_sig_Q1,,1.0
orb|or_w_sigQ1|E13k1N20A|S,419,20,S,-2.46,-40.46,46.1,44.2,-1.14,-64.1,-1.11,-3.82,True,orb_or_w_sig_Q1,,1.0
orb|or_w_sigQ2|E13k1N20A|L,390,20,L,4.81,-33.19,57.7,50.8,1.87,-56.9,5.14,4.47,True,orb_or_w_sig_Q2,,2.0
orb|or_w_sigQ2|E13k1N20A|S,390,20,S,-4.81,-42.81,42.3,50.8,-1.87,-66.2,-5.14,-4.47,True,orb_or_w_sig_Q2,,2.0
orb|or_w_sigQ3|E13k1N20A|L,369,20,L,3.78,-34.22,54.7,48.9,1.49,-58.0,3.65,3.91,True,orb_or_w_sig_Q3,,3.0
orb|or_w_sigQ3|E13k1N20A|S,369,20,S,-3.78,-41.78,45.3,48.9,-1.49,-65.3,-3.65,-3.91,True,orb_or_w_sig_Q3,,3.0
orb|or_w_sigQ4|E13k1N20A|L,344,20,L,2.5,-35.5,57.0,47.4,0.98,-59.3,1.92,3.1,True,orb_or_w_sig_Q4,,4.0
orb|or_w_sigQ4|E13k1N20A|S,344,20,S,-2.5,-40.5,43.0,47.4,-0.98,-64.1,-1.92,-3.1,True,orb_or_w_sig_Q4,,4.0
orb|or_w_sigQ5|E13k1N20A|L,366,20,L,7.14,-30.86,57.7,54.9,2.49,-54.3,5.85,8.44,True,orb_or_w_sig_Q5,,5.0
orb|or_w_sigQ5|E13k1N20A|S,366,20,S,-7.14,-45.14,42.3,54.9,-2.49,-68.1,-5.85,-8.44,True,orb_or_w_sig_Q5,,5.0
orb|rvolQ1|E13k1N20A|L,202,20,L,2.52,-35.48,56.9,40.2,0.89,-59.3,3.04,1.98,True,orb_rvol_Q1,,1.0
orb|rvolQ1|E13k1N20A|S,202,20,S,-2.52,-40.52,43.1,40.2,-0.89,-64.1,-3.04,-1.98,True,orb_rvol_Q1,,1.0
orb|rvolQ2|E13k1N20A|L,297,20,L,3.33,-34.67,55.9,41.3,1.39,-58.4,3.99,2.68,True,orb_rvol_Q2,,2.0
orb|rvolQ2|E13k1N20A|S,297,20,S,-3.33,-41.33,44.1,41.3,-1.39,-64.9,-3.99,-2.68,True,orb_rvol_Q2,,2.0
orb|rvolQ3|E13k1N20A|L,352,20,L,3.96,-34.04,58.2,44.9,1.66,-57.8,2.34,5.61,True,orb_rvol_Q3,,3.0
orb|rvolQ3|E13k1N20A|S,352,20,S,-3.96,-41.96,41.8,44.9,-1.66,-65.4,-2.34,-5.61,True,orb_rvol_Q3,,3.0
orb|rvolQ4|E13k1N20A|L,403,20,L,4.71,-33.29,57.8,49.3,1.92,-57.0,1.95,7.48,True,orb_rvol_Q4,,4.0
orb|rvolQ4|E13k1N20A|S,403,20,S,-4.71,-42.71,42.2,49.3,-1.92,-66.1,-1.95,-7.48,True,orb_rvol_Q4,,4.0
orb|rvolQ5|E13k1N20A|L,454,20,L,2.61,-35.39,53.1,53.1,1.05,-59.2,0.2,5.03,True,orb_rvol_Q5,,5.0
orb|rvolQ5|E13k1N20A|S,454,20,S,-2.61,-40.61,46.9,53.1,-1.05,-64.3,-0.2,-5.03,True,orb_rvol_Q5,,5.0
orb|vol20Q1|E13k1N20A|L,383,20,L,1.73,-36.27,54.8,34.0,1.0,-60.0,1.55,1.91,True,orb_vol20_Q1,,1.0
orb|vol20Q1|E13k1N20A|S,383,20,S,-1.73,-39.73,45.2,34.0,-1.0,-63.4,-1.55,-1.91,True,orb_vol20_Q1,,1.0
orb|vol20Q2|E13k1N20A|L,388,20,L,3.54,-34.46,55.4,41.0,1.7,-58.2,2.2,4.89,True,orb_vol20_Q2,,2.0
orb|vol20Q2|E13k1N20A|S,388,20,S,-3.54,-41.54,44.6,41.0,-1.7,-65.0,-2.2,-4.89,True,orb_vol20_Q2,,2.0
orb|vol20Q3|E13k1N20A|L,378,20,L,5.42,-32.58,56.6,49.6,2.12,-56.2,5.46,5.37,True,orb_vol20_Q3,,3.0
orb|vol20Q3|E13k1N20A|S,378,20,S,-5.42,-43.42,43.4,49.6,-2.12,-66.7,-5.46,-5.37,True,orb_vol20_Q3,,3.0
orb|vol20Q4|E13k1N20A|L,383,20,L,5.69,-32.31,58.5,56.1,1.99,-55.9,6.29,5.1,True,orb_vol20_Q4,,4.0
orb|vol20Q4|E13k1N20A|S,383,20,S,-5.69,-43.69,41.5,56.1,-1.99,-67.0,-6.29,-5.1,True,orb_vol20_Q4,,4.0
orb|vol20Q5|E13k1N20A|L,385,20,L,5.13,-32.87,54.5,63.1,1.59,-56.6,1.26,9.02,True,orb_vol20_Q5,,5.0
orb|vol20Q5|E13k1N20A|S,385,20,S,-5.13,-43.13,45.5,63.1,-1.59,-66.5,-1.26,-9.02,True,orb_vol20_Q5,,5.0
orb|or_w_relQ1|E13k1N20A|L,415,20,L,3.67,-34.33,55.2,47.0,1.59,-58.1,4.07,3.27,True,orb_or_w_rel_Q1,,1.0
orb|or_w_relQ1|E13k1N20A|S,415,20,S,-3.67,-41.67,44.8,47.0,-1.59,-65.2,-4.07,-3.27,True,orb_or_w_rel_Q1,,1.0
orb|or_w_relQ2|E13k1N20A|L,380,20,L,3.5,-34.5,54.5,44.8,1.52,-58.2,3.86,3.14,True,orb_or_w_rel_Q2,,2.0
orb|or_w_relQ2|E13k1N20A|S,380,20,S,-3.5,-41.5,45.5,44.8,-1.52,-65.0,-3.86,-3.14,True,orb_or_w_rel_Q2,,2.0
orb|or_w_relQ3|E13k1N20A|L,367,20,L,5.99,-32.01,56.7,43.5,2.64,-55.5,4.28,7.72,True,orb_or_w_rel_Q3,,3.0
orb|or_w_relQ3|E13k1N20A|S,367,20,S,-5.99,-43.99,43.3,43.5,-2.64,-67.2,-4.28,-7.72,True,orb_or_w_rel_Q3,,3.0
orb|or_w_relQ4|E13k1N20A|L,360,20,L,1.6,-36.4,53.1,46.3,0.66,-60.2,0.36,2.85,True,orb_or_w_rel_Q4,,4.0
orb|or_w_relQ4|E13k1N20A|S,360,20,S,-1.6,-39.6,46.9,46.3,-0.66,-63.3,-0.36,-2.85,True,orb_or_w_rel_Q4,,4.0
orb|or_w_relQ5|E13k1N20A|L,371,20,L,5.95,-32.05,56.3,53.0,2.16,-55.6,6.16,5.73,True,orb_or_w_rel_Q5,,5.0
orb|or_w_relQ5|E13k1N20A|S,371,20,S,-5.95,-43.95,43.7,53.0,-2.16,-67.2,-6.16,-5.73,True,orb_or_w_rel_Q5,,5.0
brkSig>=0.0|E13k1N20B,475,20,L,2.91,-18.09,55.2,49.0,1.3,-36.8,0.47,5.36,True,brkSig>=0.0,0.0,
brkSig>=0.0|E13k1N20B|fade,475,20,S,-2.91,-23.91,44.8,49.0,-1.3,-45.5,-0.47,-5.36,True,brkSig>=0.0_fade,0.0,
brkSig>=0.1|E13k1N20B,463,20,L,4.16,-16.84,55.5,50.4,1.77,-34.8,2.85,5.47,True,brkSig>=0.1,0.1,
brkSig>=0.1|E13k1N20B|fade,463,20,S,-4.16,-25.16,44.5,50.4,-1.77,-47.2,-2.85,-5.47,True,brkSig>=0.1_fade,0.1,
brkSig>=0.2|E13k1N20B,444,20,L,3.86,-17.14,55.4,51.5,1.58,-35.3,3.0,4.74,True,brkSig>=0.2,0.2,
brkSig>=0.2|E13k1N20B|fade,444,20,S,-3.86,-24.86,44.6,51.5,-1.58,-46.8,-3.0,-4.74,True,brkSig>=0.2_fade,0.2,
brkSig>=0.3|E13k1N20B,408,20,L,5.82,-15.18,56.1,51.3,2.29,-32.0,3.86,7.8,True,brkSig>=0.3,0.3,
brkSig>=0.3|E13k1N20B|fade,408,20,S,-5.82,-26.82,43.9,51.3,-2.29,-49.3,-3.86,-7.8,True,brkSig>=0.3_fade,0.3,
brkSig>=0.5|E13k1N20B,315,20,L,5.73,-15.27,57.8,58.2,1.75,-32.3,3.15,8.32,True,brkSig>=0.5,0.5,
brkSig>=0.5|E13k1N20B|fade,315,20,S,-5.73,-26.73,42.2,58.2,-1.75,-49.3,-3.15,-8.32,True,brkSig>=0.5_fade,0.5,
brkSig>=0.75|E13k1N20B,127,20,L,7.07,-13.93,55.1,52.2,1.53,-29.9,-2.84,17.13,False,brkSig>=0.75,0.75,
brkSig>=0.75|E13k1N20B|fade,127,20,S,-7.07,-28.07,44.9,52.2,-1.53,-50.9,2.84,-17.13,False,brkSig>=0.75_fade,0.75,
orb|or_w_sigQ1|E13k1N20B|L,415,20,L,2.54,-18.46,54.2,44.3,1.17,-37.4,1.87,3.22,True,orb_or_w_sig_Q1,,1.0
orb|or_w_sigQ1|E13k1N20B|S,415,20,S,-2.54,-23.54,45.8,44.3,-1.17,-44.9,-1.87,-3.22,True,orb_or_w_sig_Q1,,1.0
orb|or_w_sigQ2|E13k1N20B|L,386,20,L,5.13,-15.87,56.2,51.1,1.97,-33.2,5.36,4.9,True,orb_or_w_sig_Q2,,2.0
orb|or_w_sigQ2|E13k1N20B|S,386,20,S,-5.13,-26.13,43.8,51.1,-1.97,-48.4,-5.36,-4.9,True,orb_or_w_sig_Q2,,2.0
orb|or_w_sigQ3|E13k1N20B|L,360,20,L,3.85,-17.15,54.4,45.7,1.6,-35.3,4.14,3.56,True,orb_or_w_sig_Q3,,3.0
orb|or_w_sigQ3|E13k1N20B|S,360,20,S,-3.85,-24.85,45.6,45.7,-1.6,-46.7,-4.14,-3.56,True,orb_or_w_sig_Q3,,3.0
orb|or_w_sigQ4|E13k1N20B|L,339,20,L,1.74,-19.26,56.3,47.2,0.68,-38.6,0.91,2.58,True,orb_or_w_sig_Q4,,4.0
orb|or_w_sigQ4|E13k1N20B|S,339,20,S,-1.74,-22.74,43.7,47.2,-0.68,-43.8,-0.91,-2.58,True,orb_or_w_sig_Q4,,4.0
orb|or_w_sigQ5|E13k1N20B|L,355,20,L,7.67,-13.33,57.7,54.4,2.65,-28.8,7.11,8.23,True,orb_or_w_sig_Q5,,5.0
orb|or_w_sigQ5|E13k1N20B|S,355,20,S,-7.67,-28.67,42.3,54.4,-2.65,-51.7,-7.11,-8.23,True,orb_or_w_sig_Q5,,5.0
orb|rvolQ1|E13k1N20B|L,200,20,L,2.62,-18.38,58.0,40.3,0.92,-37.2,3.41,1.82,True,orb_rvol_Q1,,1.0
orb|rvolQ1|E13k1N20B|S,200,20,S,-2.62,-23.62,42.0,40.3,-0.92,-45.0,-3.41,-1.82,True,orb_rvol_Q1,,1.0
orb|rvolQ2|E13k1N20B|L,292,20,L,2.7,-18.3,54.8,41.3,1.12,-37.1,3.14,2.26,True,orb_rvol_Q2,,2.0
orb|rvolQ2|E13k1N20B|S,292,20,S,-2.7,-23.7,45.2,41.3,-1.12,-45.1,-3.14,-2.26,True,orb_rvol_Q2,,2.0
orb|rvolQ3|E13k1N20B|L,349,20,L,4.25,-16.75,57.6,45.1,1.76,-34.6,2.75,5.75,True,orb_rvol_Q3,,3.0
orb|rvolQ3|E13k1N20B|S,349,20,S,-4.25,-25.25,42.4,45.1,-1.76,-47.2,-2.75,-5.75,True,orb_rvol_Q3,,3.0
orb|rvolQ4|E13k1N20B|L,397,20,L,4.68,-16.32,56.7,50.2,1.86,-33.9,2.47,6.91,True,orb_rvol_Q4,,4.0
orb|rvolQ4|E13k1N20B|S,397,20,S,-4.68,-25.68,43.3,50.2,-1.86,-47.9,-2.47,-6.91,True,orb_rvol_Q4,,4.0
orb|rvolQ5|E13k1N20B|L,449,20,L,3.35,-17.65,53.7,53.5,1.33,-36.2,1.21,5.51,True,orb_rvol_Q5,,5.0
orb|rvolQ5|E13k1N20B|S,449,20,S,-3.35,-24.35,46.3,53.5,-1.33,-46.1,-1.21,-5.51,True,orb_rvol_Q5,,5.0
orb|vol20Q1|E13k1N20B|L,383,20,L,1.75,-19.25,54.8,33.9,1.01,-38.6,1.52,1.97,True,orb_vol20_Q1,,1.0
orb|vol20Q1|E13k1N20B|S,383,20,S,-1.75,-22.75,45.2,33.9,-1.01,-43.7,-1.52,-1.97,True,orb_vol20_Q1,,1.0
orb|vol20Q2|E13k1N20B|L,385,20,L,2.81,-18.19,55.8,41.0,1.35,-36.9,2.01,3.62,True,orb_vol20_Q2,,2.0
orb|vol20Q2|E13k1N20B|S,385,20,S,-2.81,-23.81,44.2,41.0,-1.35,-45.3,-2.01,-3.62,True,orb_vol20_Q2,,2.0
orb|vol20Q3|E13k1N20B|L,370,20,L,5.57,-15.43,56.2,48.8,2.19,-32.4,6.17,4.96,True,orb_vol20_Q3,,3.0
orb|vol20Q3|E13k1N20B|S,370,20,S,-5.57,-26.57,43.8,48.8,-2.19,-49.0,-6.17,-4.96,True,orb_vol20_Q3,,3.0
orb|vol20Q4|E13k1N20B|L,371,20,L,6.37,-14.63,58.5,54.6,2.25,-31.1,6.1,6.65,True,orb_vol20_Q4,,4.0
orb|vol20Q4|E13k1N20B|S,371,20,S,-6.37,-27.37,41.5,54.6,-2.25,-50.1,-6.1,-6.65,True,orb_vol20_Q4,,4.0
orb|vol20Q5|E13k1N20B|L,376,20,L,6.07,-14.93,56.1,63.9,1.84,-31.7,2.31,9.88,True,orb_vol20_Q5,,5.0
orb|vol20Q5|E13k1N20B|S,376,20,S,-6.07,-27.07,43.9,63.9,-1.84,-49.8,-2.31,-9.88,True,orb_vol20_Q5,,5.0
orb|or_w_relQ1|E13k1N20B|L,412,20,L,4.48,-16.52,56.6,47.1,1.93,-34.3,5.06,3.89,True,orb_or_w_rel_Q1,,1.0
orb|or_w_relQ1|E13k1N20B|S,412,20,S,-4.48,-25.48,43.4,47.1,-1.93,-47.6,-5.06,-3.89,True,orb_or_w_rel_Q1,,1.0
orb|or_w_relQ2|E13k1N20B|L,376,20,L,3.49,-17.51,55.1,44.9,1.51,-35.9,4.33,2.64,True,orb_or_w_rel_Q2,,2.0
orb|or_w_relQ2|E13k1N20B|S,376,20,S,-3.49,-24.49,44.9,44.9,-1.51,-46.2,-4.33,-2.64,True,orb_or_w_rel_Q2,,2.0
orb|or_w_relQ3|E13k1N20B|L,362,20,L,5.39,-15.61,55.8,43.5,2.36,-32.7,3.76,7.04,True,orb_or_w_rel_Q3,,3.0
orb|or_w_relQ3|E13k1N20B|S,362,20,S,-5.39,-26.39,44.2,43.5,-2.36,-48.7,-3.76,-7.04,True,orb_or_w_rel_Q3,,3.0
orb|or_w_relQ4|E13k1N20B|L,356,20,L,0.88,-20.12,52.5,46.3,0.36,-40.0,-0.42,2.2,False,orb_or_w_rel_Q4,,4.0
orb|or_w_relQ4|E13k1N20B|S,356,20,S,-0.88,-21.88,47.5,46.3,-0.36,-42.6,0.42,-2.2,False,orb_or_w_rel_Q4,,4.0
orb|or_w_relQ5|E13k1N20B|L,362,20,L,6.98,-14.02,56.6,53.2,2.5,-30.0,6.79,7.18,True,orb_or_w_rel_Q5,,5.0
orb|or_w_relQ5|E13k1N20B|S,362,20,S,-6.98,-27.98,43.4,53.2,-2.5,-50.8,-6.79,-7.18,True,orb_or_w_rel_Q5,,5.0
brkSig>=0.0|E13k2N5A,476,5,L,1.42,-36.58,48.3,76.1,0.41,-60.6,-3.18,6.06,False,brkSig>=0.0,0.0,
brkSig>=0.0|E13k2N5A|fade,476,5,S,-1.42,-39.42,51.7,76.1,-0.41,-63.3,3.18,-6.06,False,brkSig>=0.0_fade,0.0,
brkSig>=0.1|E13k2N5A,465,5,L,1.9,-36.1,48.0,77.0,0.53,-60.1,-1.47,5.28,False,brkSig>=0.1,0.1,
brkSig>=0.1|E13k2N5A|fade,465,5,S,-1.9,-39.9,52.0,77.0,-0.53,-63.8,1.47,-5.28,False,brkSig>=0.1_fade,0.1,
brkSig>=0.2|E13k2N5A,445,5,L,1.51,-36.49,48.1,80.9,0.39,-60.5,-3.39,6.43,False,brkSig>=0.2,0.2,
brkSig>=0.2|E13k2N5A|fade,445,5,S,-1.51,-39.51,51.9,80.9,-0.39,-63.4,3.39,-6.43,False,brkSig>=0.2_fade,0.2,
brkSig>=0.3|E13k2N5A,408,5,L,1.92,-36.08,48.5,77.1,0.5,-60.1,-6.14,10.05,False,brkSig>=0.3,0.3,
brkSig>=0.3|E13k2N5A|fade,408,5,S,-1.92,-39.92,51.5,77.1,-0.5,-63.8,6.14,-10.05,False,brkSig>=0.3_fade,0.3,
brkSig>=0.5|E13k2N5A,288,5,L,1.06,-36.94,47.9,84.9,0.21,-61.0,-5.19,7.4,False,brkSig>=0.5,0.5,
brkSig>=0.5|E13k2N5A|fade,288,5,S,-1.06,-39.06,52.1,84.9,-0.21,-63.0,5.19,-7.4,False,brkSig>=0.5_fade,0.5,
orb|or_w_sigQ1|E13k2N5A|L,436,5,L,1.72,-36.28,51.8,59.7,0.6,-60.2,5.11,-1.7,False,orb_or_w_sig_Q1,,1.0
orb|or_w_sigQ1|E13k2N5A|S,436,5,S,-1.72,-39.72,48.2,59.7,-0.6,-63.5,-5.11,1.7,False,orb_or_w_sig_Q1,,1.0
orb|or_w_sigQ2|E13k2N5A|L,407,5,L,0.86,-37.14,52.1,61.6,0.28,-61.0,-0.64,2.36,False,orb_or_w_sig_Q2,,2.0
orb|or_w_sigQ2|E13k2N5A|S,407,5,S,-0.86,-38.86,47.9,61.6,-0.28,-62.7,0.64,-2.36,False,orb_or_w_sig_Q2,,2.0
orb|or_w_sigQ3|E13k2N5A|L,399,5,L,6.03,-31.97,51.6,60.3,2.0,-55.6,7.07,4.99,True,orb_or_w_sig_Q3,,3.0
orb|or_w_sigQ3|E13k2N5A|S,399,5,S,-6.03,-44.03,48.4,60.3,-2.0,-67.3,-7.07,-4.99,True,orb_or_w_sig_Q3,,3.0
orb|or_w_sigQ4|E13k2N5A|L,391,5,L,5.8,-32.2,53.7,61.4,1.87,-55.8,0.41,11.21,True,orb_or_w_sig_Q4,,4.0
orb|or_w_sigQ4|E13k2N5A|S,391,5,S,-5.8,-43.8,46.3,61.4,-1.87,-67.1,-0.41,-11.21,True,orb_or_w_sig_Q4,,4.0
orb|or_w_sigQ5|E13k2N5A|L,400,5,L,7.94,-30.06,55.0,77.3,2.05,-53.5,6.2,9.69,True,orb_or_w_sig_Q5,,5.0
orb|or_w_sigQ5|E13k2N5A|S,400,5,S,-7.94,-45.94,45.0,77.3,-2.05,-68.9,-6.2,-9.69,True,orb_or_w_sig_Q5,,5.0
orb|rvolQ1|E13k2N5A|L,259,5,L,0.19,-37.81,48.6,49.7,0.06,-61.6,2.86,-2.5,False,orb_rvol_Q1,,1.0
orb|rvolQ1|E13k2N5A|S,259,5,S,-0.19,-38.19,51.4,49.7,-0.06,-62.0,-2.86,2.5,False,orb_rvol_Q1,,1.0
orb|rvolQ2|E13k2N5A|L,337,5,L,1.55,-36.45,51.0,50.3,0.57,-60.3,1.73,1.37,True,orb_rvol_Q2,,2.0
orb|rvolQ2|E13k2N5A|S,337,5,S,-1.55,-39.55,49.0,50.3,-0.57,-63.3,-1.73,-1.37,True,orb_rvol_Q2,,2.0
orb|rvolQ3|E13k2N5A|L,386,5,L,6.86,-31.14,56.2,55.5,2.43,-54.6,3.44,10.3,True,orb_rvol_Q3,,3.0
orb|rvolQ3|E13k2N5A|S,386,5,S,-6.86,-44.86,43.8,55.5,-2.43,-67.9,-3.44,-10.3,True,orb_rvol_Q3,,3.0
orb|rvolQ4|E13k2N5A|L,424,5,L,4.68,-33.32,53.1,62.6,1.54,-57.1,3.49,5.88,True,orb_rvol_Q4,,4.0
orb|rvolQ4|E13k2N5A|S,424,5,S,-4.68,-42.68,46.9,62.6,-1.54,-66.1,-3.49,-5.88,True,orb_rvol_Q4,,4.0
orb|rvolQ5|E13k2N5A|L,456,5,L,-0.47,-38.47,46.5,82.1,-0.12,-62.5,-6.34,5.46,False,orb_rvol_Q5,,5.0
orb|rvolQ5|E13k2N5A|S,456,5,S,0.47,-37.53,53.5,82.1,0.12,-61.6,6.34,-5.46,False,orb_rvol_Q5,,5.0
orb|vol20Q1|E13k2N5A|L,412,5,L,2.74,-35.26,50.5,45.4,1.23,-59.0,2.83,2.65,True,orb_vol20_Q1,,1.0
orb|vol20Q1|E13k2N5A|S,412,5,S,-2.74,-40.74,49.5,45.4,-1.23,-64.3,-2.83,-2.65,True,orb_vol20_Q1,,1.0
orb|vol20Q2|E13k2N5A|L,408,5,L,5.35,-32.65,54.9,54.1,2.0,-56.3,2.87,7.86,True,orb_vol20_Q2,,2.0
orb|vol20Q2|E13k2N5A|S,408,5,S,-5.35,-43.35,45.1,54.1,-2.0,-66.7,-2.87,-7.86,True,orb_vol20_Q2,,2.0
orb|vol20Q3|E13k2N5A|L,406,5,L,1.46,-36.54,51.7,63.6,0.46,-60.4,0.29,2.65,True,orb_vol20_Q3,,3.0
orb|vol20Q3|E13k2N5A|S,406,5,S,-1.46,-39.46,48.3,63.6,-0.46,-63.3,-0.29,-2.65,True,orb_vol20_Q3,,3.0
orb|vol20Q4|E13k2N5A|L,412,5,L,5.68,-32.32,55.6,74.8,1.54,-56.1,2.49,8.9,True,orb_vol20_Q4,,4.0
orb|vol20Q4|E13k2N5A|S,412,5,S,-5.68,-43.68,44.4,74.8,-1.54,-67.1,-2.49,-8.9,True,orb_vol20_Q4,,4.0
orb|vol20Q5|E13k2N5A|L,406,5,L,3.98,-34.02,49.5,84.2,0.95,-58.0,1.65,6.33,True,orb_vol20_Q5,,5.0
orb|vol20Q5|E13k2N5A|S,406,5,S,-3.98,-41.98,50.5,84.2,-0.95,-65.7,-1.65,-6.33,True,orb_vol20_Q5,,5.0
orb|or_w_relQ1|E13k2N5A|L,445,5,L,2.47,-35.53,53.3,58.3,0.89,-59.4,2.43,2.51,True,orb_or_w_rel_Q1,,1.0
orb|or_w_relQ1|E13k2N5A|S,445,5,S,-2.47,-40.47,46.7,58.3,-0.89,-64.2,-2.43,-2.51,True,orb_or_w_rel_Q1,,1.0
orb|or_w_relQ2|E13k2N5A|L,403,5,L,4.87,-33.13,50.1,62.7,1.56,-56.9,3.67,6.08,True,orb_or_w_rel_Q2,,2.0
orb|or_w_relQ2|E13k2N5A|S,403,5,S,-4.87,-42.87,49.9,62.7,-1.56,-66.3,-3.67,-6.08,True,orb_or_w_rel_Q2,,2.0
orb|or_w_relQ3|E13k2N5A|L,391,5,L,1.95,-36.05,51.9,59.2,0.65,-59.9,-2.64,6.56,False,orb_or_w_rel_Q3,,3.0
orb|or_w_relQ3|E13k2N5A|S,391,5,S,-1.95,-39.95,48.1,59.2,-0.65,-63.7,2.64,-6.56,False,orb_or_w_rel_Q3,,3.0
orb|or_w_relQ4|E13k2N5A|L,394,5,L,6.16,-31.84,53.3,63.8,1.92,-55.5,5.24,7.09,True,orb_or_w_rel_Q4,,4.0
orb|or_w_relQ4|E13k2N5A|S,394,5,S,-6.16,-44.16,46.7,63.8,-1.92,-67.4,-5.24,-7.09,True,orb_or_w_rel_Q4,,4.0
orb|or_w_relQ5|E13k2N5A|L,400,5,L,5.33,-32.67,51.2,75.6,1.41,-56.5,2.35,8.33,True,orb_or_w_rel_Q5,,5.0
orb|or_w_relQ5|E13k2N5A|S,400,5,S,-5.33,-43.33,48.8,75.6,-1.41,-66.8,-2.35,-8.33,True,orb_or_w_rel_Q5,,5.0
brkSig>=0.0|E13k2N5B,476,5,L,1.85,-19.15,48.9,75.4,0.54,-38.7,-2.85,6.6,False,brkSig>=0.0,0.0,
brkSig>=0.0|E13k2N5B|fade,476,5,S,-1.85,-22.85,51.1,75.4,-0.54,-44.2,2.85,-6.6,False,brkSig>=0.0_fade,0.0,
brkSig>=0.1|E13k2N5B,462,5,L,1.87,-19.13,48.3,76.0,0.53,-38.7,-2.16,5.93,False,brkSig>=0.1,0.1,
brkSig>=0.1|E13k2N5B|fade,462,5,S,-1.87,-22.87,51.7,76.0,-0.53,-44.2,2.16,-5.93,False,brkSig>=0.1_fade,0.1,
brkSig>=0.2|E13k2N5B,443,5,L,1.45,-19.55,48.3,80.2,0.38,-39.4,-3.85,6.77,False,brkSig>=0.2,0.2,
brkSig>=0.2|E13k2N5B|fade,443,5,S,-1.45,-22.45,51.7,80.2,-0.38,-43.7,3.85,-6.77,False,brkSig>=0.2_fade,0.2,
brkSig>=0.3|E13k2N5B,403,5,L,2.61,-18.39,48.9,76.6,0.68,-37.6,-5.89,11.15,False,brkSig>=0.3,0.3,
brkSig>=0.3|E13k2N5B|fade,403,5,S,-2.61,-23.61,51.1,76.6,-0.68,-45.3,5.89,-11.15,False,brkSig>=0.3_fade,0.3,
brkSig>=0.5|E13k2N5B,276,5,L,2.22,-18.78,49.3,84.0,0.44,-38.3,-3.61,8.13,False,brkSig>=0.5,0.5,
brkSig>=0.5|E13k2N5B|fade,276,5,S,-2.22,-23.22,50.7,84.0,-0.44,-44.8,3.61,-8.13,False,brkSig>=0.5_fade,0.5,
orb|or_w_sigQ1|E13k2N5B|L,435,5,L,2.9,-18.1,53.6,60.1,1.01,-36.9,6.56,-0.77,False,orb_or_w_sig_Q1,,1.0
orb|or_w_sigQ1|E13k2N5B|S,435,5,S,-2.9,-23.9,46.4,60.1,-1.01,-45.5,-6.56,0.77,False,orb_or_w_sig_Q1,,1.0
orb|or_w_sigQ2|E13k2N5B|L,401,5,L,0.66,-20.34,52.4,61.7,0.21,-40.4,-2.1,3.44,False,orb_or_w_sig_Q2,,2.0
orb|or_w_sigQ2|E13k2N5B|S,401,5,S,-0.66,-21.66,47.6,61.7,-0.21,-42.4,2.1,-3.44,False,orb_or_w_sig_Q2,,2.0
orb|or_w_sigQ3|E13k2N5B|L,396,5,L,6.04,-14.96,53.5,58.8,2.04,-31.7,8.82,3.23,True,orb_or_w_sig_Q3,,3.0
orb|or_w_sigQ3|E13k2N5B|S,396,5,S,-6.04,-27.04,46.5,58.8,-2.04,-49.7,-8.82,-3.23,True,orb_or_w_sig_Q3,,3.0
orb|or_w_sigQ4|E13k2N5B|L,387,5,L,5.46,-15.54,54.0,60.1,1.79,-32.7,1.32,9.62,True,orb_or_w_sig_Q4,,4.0
orb|or_w_sigQ4|E13k2N5B|S,387,5,S,-5.46,-26.46,46.0,60.1,-1.79,-48.9,-1.32,-9.62,True,orb_or_w_sig_Q4,,4.0
orb|or_w_sigQ5|E13k2N5B|L,395,5,L,8.91,-12.09,55.4,75.3,2.35,-26.8,5.52,12.32,True,orb_or_w_sig_Q5,,5.0
orb|or_w_sigQ5|E13k2N5B|S,395,5,S,-8.91,-29.91,44.6,75.3,-2.35,-53.3,-5.52,-12.32,True,orb_or_w_sig_Q5,,5.0
orb|rvolQ1|E13k2N5B|L,256,5,L,-0.9,-21.9,47.7,47.5,-0.3,-42.6,1.07,-2.9,False,orb_rvol_Q1,,1.0
orb|rvolQ1|E13k2N5B|S,256,5,S,0.9,-20.1,52.3,47.5,0.3,-39.9,-1.07,2.9,False,orb_rvol_Q1,,1.0
orb|rvolQ2|E13k2N5B|L,331,5,L,2.39,-18.61,51.1,50.4,0.86,-37.7,2.35,2.44,True,orb_rvol_Q2,,2.0
orb|rvolQ2|E13k2N5B|S,331,5,S,-2.39,-23.39,48.9,50.4,-0.86,-44.8,-2.35,-2.44,True,orb_rvol_Q2,,2.0
orb|rvolQ3|E13k2N5B|L,384,5,L,6.67,-14.33,57.0,55.6,2.35,-30.6,3.31,10.07,True,orb_rvol_Q3,,3.0
orb|rvolQ3|E13k2N5B|S,384,5,S,-6.67,-27.67,43.0,55.6,-2.35,-50.5,-3.31,-10.07,True,orb_rvol_Q3,,3.0
orb|rvolQ4|E13k2N5B|L,423,5,L,4.96,-16.04,53.7,63.1,1.61,-33.6,2.9,7.02,True,orb_rvol_Q4,,4.0
orb|rvolQ4|E13k2N5B|S,423,5,S,-4.96,-25.96,46.3,63.1,-1.61,-48.3,-2.9,-7.02,True,orb_rvol_Q4,,4.0
orb|rvolQ5|E13k2N5B|L,454,5,L,0.46,-20.54,46.3,80.3,0.12,-40.9,-5.14,6.11,False,orb_rvol_Q5,,5.0
orb|rvolQ5|E13k2N5B|S,454,5,S,-0.46,-21.46,53.7,80.3,-0.12,-42.3,5.14,-6.11,False,orb_rvol_Q5,,5.0
orb|vol20Q1|E13k2N5B|L,408,5,L,2.55,-18.45,50.5,45.0,1.14,-37.4,2.67,2.42,True,orb_vol20_Q1,,1.0
orb|vol20Q1|E13k2N5B|S,408,5,S,-2.55,-23.55,49.5,45.0,-1.14,-44.9,-2.67,-2.42,True,orb_vol20_Q1,,1.0
orb|vol20Q2|E13k2N5B|L,406,5,L,5.03,-15.97,55.9,53.4,1.9,-33.4,1.93,8.15,True,orb_vol20_Q2,,2.0
orb|vol20Q2|E13k2N5B|S,406,5,S,-5.03,-26.03,44.1,53.4,-1.9,-48.3,-1.93,-8.15,True,orb_vol20_Q2,,2.0
orb|vol20Q3|E13k2N5B|L,404,5,L,1.91,-19.09,51.5,63.4,0.6,-38.5,0.61,3.22,True,orb_vol20_Q3,,3.0
orb|vol20Q3|E13k2N5B|S,404,5,S,-1.91,-22.91,48.5,63.4,-0.6,-44.2,-0.61,-3.22,True,orb_vol20_Q3,,3.0
orb|vol20Q4|E13k2N5B|L,404,5,L,5.53,-15.47,54.2,74.1,1.5,-32.8,1.72,9.37,True,orb_vol20_Q4,,4.0
orb|vol20Q4|E13k2N5B|S,404,5,S,-5.53,-26.53,45.8,74.1,-1.5,-49.2,-1.72,-9.37,True,orb_vol20_Q4,,4.0
orb|vol20Q5|E13k2N5B|L,402,5,L,2.37,-18.63,50.2,82.0,0.58,-38.0,-0.93,5.7,False,orb_vol20_Q5,,5.0
orb|vol20Q5|E13k2N5B|S,402,5,S,-2.37,-23.37,49.8,82.0,-0.58,-45.0,0.93,-5.7,False,orb_vol20_Q5,,5.0
orb|or_w_relQ1|E13k2N5B|L,439,5,L,2.89,-18.11,53.5,58.1,1.04,-36.9,2.7,3.07,True,orb_or_w_rel_Q1,,1.0
orb|or_w_relQ1|E13k2N5B|S,439,5,S,-2.89,-23.89,46.5,58.1,-1.04,-45.5,-2.7,-3.07,True,orb_or_w_rel_Q1,,1.0
orb|or_w_relQ2|E13k2N5B|L,397,5,L,4.24,-16.76,50.9,63.0,1.34,-34.8,3.56,4.93,True,orb_or_w_rel_Q2,,2.0
orb|or_w_relQ2|E13k2N5B|S,397,5,S,-4.24,-25.24,49.1,63.0,-1.34,-47.4,-3.56,-4.93,True,orb_or_w_rel_Q2,,2.0
orb|or_w_relQ3|E13k2N5B|L,388,5,L,1.86,-19.14,52.1,59.5,0.62,-38.6,-2.66,6.43,False,orb_or_w_rel_Q3,,3.0
orb|or_w_relQ3|E13k2N5B|S,388,5,S,-1.86,-22.86,47.9,59.5,-0.62,-44.1,2.66,-6.43,False,orb_or_w_rel_Q3,,3.0
orb|or_w_relQ4|E13k2N5B|L,387,5,L,6.17,-14.83,52.7,63.0,1.93,-31.5,5.46,6.89,True,orb_or_w_rel_Q4,,4.0
orb|or_w_relQ4|E13k2N5B|S,387,5,S,-6.17,-27.17,47.3,63.0,-1.93,-49.9,-5.46,-6.89,True,orb_or_w_rel_Q4,,4.0
orb|or_w_relQ5|E13k2N5B|L,396,5,L,7.55,-13.45,54.8,72.8,2.06,-29.2,4.08,11.05,True,orb_or_w_rel_Q5,,5.0
orb|or_w_relQ5|E13k2N5B|S,396,5,S,-7.55,-28.55,45.2,72.8,-2.06,-51.7,-4.08,-11.05,True,orb_or_w_rel_Q5,,5.0
brkSig>=0.0|E13k2N10A,476,10,L,1.8,-36.2,51.9,58.4,0.67,-60.1,-1.64,5.27,False,brkSig>=0.0,0.0,
brkSig>=0.0|E13k2N10A|fade,476,10,S,-1.8,-39.8,48.1,58.4,-0.67,-63.6,1.64,-5.27,False,brkSig>=0.0_fade,0.0,
brkSig>=0.1|E13k2N10A,465,10,L,2.4,-35.6,51.8,60.4,0.86,-59.5,0.67,4.14,True,brkSig>=0.1,0.1,
brkSig>=0.1|E13k2N10A|fade,465,10,S,-2.4,-40.4,48.2,60.4,-0.86,-64.1,-0.67,-4.14,True,brkSig>=0.1_fade,0.1,
brkSig>=0.2|E13k2N10A,445,10,L,1.85,-36.15,51.2,67.3,0.58,-60.1,-0.95,4.66,False,brkSig>=0.2,0.2,
brkSig>=0.2|E13k2N10A|fade,445,10,S,-1.85,-39.85,48.8,67.3,-0.58,-63.7,0.95,-4.66,False,brkSig>=0.2_fade,0.2,
brkSig>=0.3|E13k2N10A,408,10,L,2.46,-35.54,52.5,64.3,0.77,-59.4,-4.31,9.31,False,brkSig>=0.3,0.3,
brkSig>=0.3|E13k2N10A|fade,408,10,S,-2.46,-40.46,47.5,64.3,-0.77,-64.2,4.31,-9.31,False,brkSig>=0.3_fade,0.3,
brkSig>=0.5|E13k2N10A,288,10,L,1.2,-36.8,50.0,79.9,0.25,-60.8,-4.13,6.59,False,brkSig>=0.5,0.5,
brkSig>=0.5|E13k2N10A|fade,288,10,S,-1.2,-39.2,50.0,79.9,-0.25,-63.1,4.13,-6.59,False,brkSig>=0.5_fade,0.5,
orb|or_w_sigQ1|E13k2N10A|L,436,10,L,2.28,-35.72,53.4,53.8,0.89,-59.6,3.07,1.48,True,orb_or_w_sig_Q1,,1.0
orb|or_w_sigQ1|E13k2N10A|S,436,10,S,-2.28,-40.28,46.6,53.8,-0.89,-64.0,-3.07,-1.48,True,orb_or_w_sig_Q1,,1.0
orb|or_w_sigQ2|E13k2N10A|L,407,10,L,-0.52,-38.52,49.9,55.0,-0.19,-62.3,-1.76,0.73,False,orb_or_w_sig_Q2,,2.0
orb|or_w_sigQ2|E13k2N10A|S,407,10,S,0.52,-37.48,50.1,55.0,0.19,-61.3,1.76,-0.73,False,orb_or_w_sig_Q2,,2.0
orb|or_w_sigQ3|E13k2N10A|L,399,10,L,4.0,-34.0,50.6,53.5,1.49,-57.8,4.4,3.6,True,orb_or_w_sig_Q3,,3.0
orb|or_w_sigQ3|E13k2N10A|S,399,10,S,-4.0,-42.0,49.4,53.5,-1.49,-65.5,-4.4,-3.6,True,orb_or_w_sig_Q3,,3.0
orb|or_w_sigQ4|E13k2N10A|L,391,10,L,6.15,-31.85,54.5,55.4,2.2,-55.4,0.74,11.59,True,orb_or_w_sig_Q4,,4.0
orb|or_w_sigQ4|E13k2N10A|S,391,10,S,-6.15,-44.15,45.5,55.4,-2.2,-67.3,-0.74,-11.59,True,orb_or_w_sig_Q4,,4.0
orb|or_w_sigQ5|E13k2N10A|L,400,10,L,5.97,-32.03,55.2,68.0,1.76,-55.7,4.99,6.96,True,orb_or_w_sig_Q5,,5.0
orb|or_w_sigQ5|E13k2N10A|S,400,10,S,-5.97,-43.97,44.8,68.0,-1.76,-67.3,-4.99,-6.96,True,orb_or_w_sig_Q5,,5.0
orb|rvolQ1|E13k2N10A|L,259,10,L,2.03,-35.97,49.8,48.4,0.68,-59.8,4.84,-0.8,False,orb_rvol_Q1,,1.0
orb|rvolQ1|E13k2N10A|S,259,10,S,-2.03,-40.03,50.2,48.4,-0.68,-63.7,-4.84,0.8,False,orb_rvol_Q1,,1.0
orb|rvolQ2|E13k2N10A|L,337,10,L,2.08,-35.92,54.0,48.4,0.79,-59.7,1.77,2.4,True,orb_rvol_Q2,,2.0
orb|rvolQ2|E13k2N10A|S,337,10,S,-2.08,-40.08,46.0,48.4,-0.79,-63.8,-1.77,-2.4,True,orb_rvol_Q2,,2.0
orb|rvolQ3|E13k2N10A|L,386,10,L,6.4,-31.6,56.2,50.6,2.48,-55.1,2.38,10.46,True,orb_rvol_Q3,,3.0
orb|rvolQ3|E13k2N10A|S,386,10,S,-6.4,-44.4,43.8,50.6,-2.48,-67.5,-2.38,-10.46,True,orb_rvol_Q3,,3.0
orb|rvolQ4|E13k2N10A|L,424,10,L,4.43,-33.57,53.8,57.7,1.58,-57.3,2.28,6.6,True,orb_rvol_Q4,,4.0
orb|rvolQ4|E13k2N10A|S,424,10,S,-4.43,-42.43,46.2,57.7,-1.58,-65.9,-2.28,-6.6,True,orb_rvol_Q4,,4.0
orb|rvolQ5|E13k2N10A|L,456,10,L,2.41,-35.59,51.5,65.5,0.79,-59.5,-2.13,7.0,False,orb_rvol_Q5,,5.0
orb|rvolQ5|E13k2N10A|S,456,10,S,-2.41,-40.41,48.5,65.5,-0.79,-64.2,2.13,-7.0,False,orb_rvol_Q5,,5.0
orb|vol20Q1|E13k2N10A|L,412,10,L,3.15,-34.85,54.9,41.8,1.53,-58.6,3.59,2.7,True,orb_vol20_Q1,,1.0
orb|vol20Q1|E13k2N10A|S,412,10,S,-3.15,-41.15,45.1,41.8,-1.53,-64.7,-3.59,-2.7,True,orb_vol20_Q1,,1.0
orb|vol20Q2|E13k2N10A|L,408,10,L,2.94,-35.06,52.9,48.6,1.22,-58.9,-0.36,6.27,False,orb_vol20_Q2,,2.0
orb|vol20Q2|E13k2N10A|S,408,10,S,-2.94,-40.94,47.1,48.6,-1.22,-64.5,0.36,-6.27,False,orb_vol20_Q2,,2.0
orb|vol20Q3|E13k2N10A|L,406,10,L,2.72,-35.28,50.7,56.4,0.97,-59.1,0.39,5.08,True,orb_vol20_Q3,,3.0
orb|vol20Q3|E13k2N10A|S,406,10,S,-2.72,-40.72,49.3,56.4,-0.97,-64.4,-0.39,-5.08,True,orb_vol20_Q3,,3.0
orb|vol20Q4|E13k2N10A|L,412,10,L,6.55,-31.45,57.3,65.8,2.02,-55.0,3.3,9.84,True,orb_vol20_Q4,,4.0
orb|vol20Q4|E13k2N10A|S,412,10,S,-6.55,-44.55,42.7,65.8,-2.02,-67.7,-3.3,-9.84,True,orb_vol20_Q4,,4.0
orb|vol20Q5|E13k2N10A|L,406,10,L,3.39,-34.61,50.7,74.0,0.92,-58.5,-0.78,7.6,False,orb_vol20_Q5,,5.0
orb|vol20Q5|E13k2N10A|S,406,10,S,-3.39,-41.39,49.3,74.0,-0.92,-65.1,0.78,-7.6,False,orb_vol20_Q5,,5.0
orb|or_w_relQ1|E13k2N10A|L,445,10,L,1.38,-36.62,54.2,52.0,0.56,-60.5,0.25,2.51,True,orb_or_w_rel_Q1,,1.0
orb|or_w_relQ1|E13k2N10A|S,445,10,S,-1.38,-39.38,45.8,52.0,-0.56,-63.1,-0.25,-2.51,True,orb_or_w_rel_Q1,,1.0
orb|or_w_relQ2|E13k2N10A|L,403,10,L,5.45,-32.55,54.6,54.2,2.02,-56.2,3.74,7.17,True,orb_or_w_rel_Q2,,2.0
orb|or_w_relQ2|E13k2N10A|S,403,10,S,-5.45,-43.45,45.4,54.2,-2.02,-66.7,-3.74,-7.17,True,orb_or_w_rel_Q2,,2.0
orb|or_w_relQ3|E13k2N10A|L,391,10,L,0.71,-37.29,51.4,56.0,0.25,-61.1,-4.9,6.36,False,orb_or_w_rel_Q3,,3.0
orb|or_w_relQ3|E13k2N10A|S,391,10,S,-0.71,-38.71,48.6,56.0,-0.25,-62.5,4.9,-6.36,False,orb_or_w_rel_Q3,,3.0
orb|or_w_relQ4|E13k2N10A|L,394,10,L,6.42,-31.58,54.3,56.8,2.24,-55.1,4.25,8.62,True,orb_or_w_rel_Q4,,4.0
orb|or_w_relQ4|E13k2N10A|S,394,10,S,-6.42,-44.42,45.7,56.8,-2.24,-67.6,-4.25,-8.62,True,orb_or_w_rel_Q4,,4.0
orb|or_w_relQ5|E13k2N10A|L,400,10,L,6.25,-31.75,53.8,67.5,1.85,-55.4,3.89,8.64,True,orb_or_w_rel_Q5,,5.0
orb|or_w_relQ5|E13k2N10A|S,400,10,S,-6.25,-44.25,46.2,67.5,-1.85,-67.5,-3.89,-8.64,True,orb_or_w_rel_Q5,,5.0
brkSig>=0.0|E13k2N10B,476,10,L,2.16,-18.84,51.5,57.8,0.82,-38.1,-1.28,5.63,False,brkSig>=0.0,0.0,
brkSig>=0.0|E13k2N10B|fade,476,10,S,-2.16,-23.16,48.5,57.8,-0.82,-44.5,1.28,-5.63,False,brkSig>=0.0_fade,0.0,
brkSig>=0.1|E13k2N10B,462,10,L,2.19,-18.81,51.1,59.2,0.8,-38.0,-0.03,4.44,False,brkSig>=0.1,0.1,
brkSig>=0.1|E13k2N10B|fade,462,10,S,-2.19,-23.19,48.9,59.2,-0.8,-44.5,0.03,-4.44,False,brkSig>=0.1_fade,0.1,
brkSig>=0.2|E13k2N10B,443,10,L,1.77,-19.23,50.3,67.3,0.55,-38.8,-0.61,4.16,False,brkSig>=0.2,0.2,
brkSig>=0.2|E13k2N10B|fade,443,10,S,-1.77,-22.77,49.7,67.3,-0.55,-44.0,0.61,-4.16,False,brkSig>=0.2_fade,0.2,
brkSig>=0.3|E13k2N10B,403,10,L,2.98,-18.02,52.1,64.8,0.92,-36.9,-3.44,9.42,False,brkSig>=0.3,0.3,
brkSig>=0.3|E13k2N10B|fade,403,10,S,-2.98,-23.98,47.9,64.8,-0.92,-45.7,3.44,-9.42,False,brkSig>=0.3_fade,0.3,
brkSig>=0.5|E13k2N10B,276,10,L,2.11,-18.89,50.0,80.0,0.44,-38.4,-2.53,6.82,False,brkSig>=0.5,0.5,
brkSig>=0.5|E13k2N10B|fade,276,10,S,-2.11,-23.11,50.0,80.0,-0.44,-44.6,2.53,-6.82,False,brkSig>=0.5_fade,0.5,
orb|or_w_sigQ1|E13k2N10B|L,435,10,L,2.14,-18.86,54.0,53.8,0.83,-38.1,2.59,1.7,True,orb_or_w_sig_Q1,,1.0
orb|or_w_sigQ1|E13k2N10B|S,435,10,S,-2.14,-23.14,46.0,53.8,-0.83,-44.4,-2.59,-1.7,True,orb_or_w_sig_Q1,,1.0
orb|or_w_sigQ2|E13k2N10B|L,401,10,L,-0.14,-21.14,50.4,54.9,-0.05,-41.5,-2.38,2.13,False,orb_or_w_sig_Q2,,2.0
orb|or_w_sigQ2|E13k2N10B|S,401,10,S,0.14,-20.86,49.6,54.9,0.05,-41.1,2.38,-2.13,False,orb_or_w_sig_Q2,,2.0
orb|or_w_sigQ3|E13k2N10B|L,396,10,L,3.64,-17.36,51.5,52.1,1.39,-35.7,5.15,2.12,True,orb_or_w_sig_Q3,,3.0
orb|or_w_sigQ3|E13k2N10B|S,396,10,S,-3.64,-24.64,48.5,52.1,-1.39,-46.5,-5.15,-2.12,True,orb_or_w_sig_Q3,,3.0
orb|or_w_sigQ4|E13k2N10B|L,387,10,L,5.49,-15.51,54.8,54.9,1.97,-32.6,0.74,10.26,True,orb_or_w_sig_Q4,,4.0
orb|or_w_sigQ4|E13k2N10B|S,387,10,S,-5.49,-26.49,45.2,54.9,-1.97,-48.9,-0.74,-10.26,True,orb_or_w_sig_Q4,,4.0
orb|or_w_sigQ5|E13k2N10B|L,395,10,L,6.67,-14.33,56.5,67.1,1.97,-30.7,4.65,8.69,True,orb_or_w_sig_Q5,,5.0
orb|or_w_sigQ5|E13k2N10B|S,395,10,S,-6.67,-27.67,43.5,67.1,-1.97,-50.5,-4.65,-8.69,True,orb_or_w_sig_Q5,,5.0
orb|rvolQ1|E13k2N10B|L,256,10,L,1.0,-20.0,49.6,46.2,0.35,-39.8,3.2,-1.24,False,orb_rvol_Q1,,1.0
orb|rvolQ1|E13k2N10B|S,256,10,S,-1.0,-22.0,50.4,46.2,-0.35,-42.7,-3.2,1.24,False,orb_rvol_Q1,,1.0
orb|rvolQ2|E13k2N10B|L,331,10,L,2.88,-18.12,53.2,49.3,1.06,-36.9,2.35,3.42,True,orb_rvol_Q2,,2.0
orb|rvolQ2|E13k2N10B|S,331,10,S,-2.88,-23.88,46.8,49.3,-1.06,-45.4,-2.35,-3.42,True,orb_rvol_Q2,,2.0
orb|rvolQ3|E13k2N10B|L,384,10,L,6.23,-14.77,56.5,50.3,2.43,-31.3,2.11,10.39,True,orb_rvol_Q3,,3.0
orb|rvolQ3|E13k2N10B|S,384,10,S,-6.23,-27.23,43.5,50.3,-2.43,-49.9,-2.11,-10.39,True,orb_rvol_Q3,,3.0
orb|rvolQ4|E13k2N10B|L,423,10,L,4.39,-16.61,53.9,58.2,1.55,-34.5,1.98,6.82,True,orb_rvol_Q4,,4.0
orb|rvolQ4|E13k2N10B|S,423,10,S,-4.39,-25.39,46.1,58.2,-1.55,-47.5,-1.98,-6.82,True,orb_rvol_Q4,,4.0
orb|rvolQ5|E13k2N10B|L,454,10,L,2.89,-18.11,51.3,64.5,0.96,-37.0,-1.94,7.77,False,orb_rvol_Q5,,5.0
orb|rvolQ5|E13k2N10B|S,454,10,S,-2.89,-23.89,48.7,64.5,-0.96,-45.6,1.94,-7.77,False,orb_rvol_Q5,,5.0
orb|vol20Q1|E13k2N10B|L,408,10,L,3.02,-17.98,54.7,41.7,1.46,-36.6,3.38,2.66,True,orb_vol20_Q1,,1.0
orb|vol20Q1|E13k2N10B|S,408,10,S,-3.02,-24.02,45.3,41.7,-1.46,-45.6,-3.38,-2.66,True,orb_vol20_Q1,,1.0
orb|vol20Q2|E13k2N10B|L,406,10,L,2.78,-18.22,53.9,48.2,1.16,-37.0,-1.09,6.7,False,orb_vol20_Q2,,2.0
orb|vol20Q2|E13k2N10B|S,406,10,S,-2.78,-23.78,46.1,48.2,-1.16,-45.3,1.09,-6.7,False,orb_vol20_Q2,,2.0
orb|vol20Q3|E13k2N10B|L,404,10,L,3.16,-17.84,51.5,57.1,1.11,-36.5,0.81,5.55,True,orb_vol20_Q3,,3.0
orb|vol20Q3|E13k2N10B|S,404,10,S,-3.16,-24.16,48.5,57.1,-1.11,-45.9,-0.81,-5.55,True,orb_vol20_Q3,,3.0
orb|vol20Q4|E13k2N10B|L,404,10,L,6.33,-14.67,56.2,65.6,1.94,-31.3,1.53,11.17,True,orb_vol20_Q4,,4.0
orb|vol20Q4|E13k2N10B|S,404,10,S,-6.33,-27.33,43.8,65.6,-1.94,-50.1,-1.53,-11.17,True,orb_vol20_Q4,,4.0
orb|vol20Q5|E13k2N10B|L,402,10,L,2.73,-18.27,51.2,75.0,0.73,-37.4,-2.59,8.11,False,orb_vol20_Q5,,5.0
orb|vol20Q5|E13k2N10B|S,402,10,S,-2.73,-23.73,48.8,75.0,-0.73,-45.4,2.59,-8.11,False,orb_vol20_Q5,,5.0
orb|or_w_relQ1|E13k2N10B|L,439,10,L,1.6,-19.4,53.8,52.1,0.64,-38.9,0.48,2.73,True,orb_or_w_rel_Q1,,1.0
orb|or_w_relQ1|E13k2N10B|S,439,10,S,-1.6,-22.6,46.2,52.1,-0.64,-43.7,-0.48,-2.73,True,orb_or_w_rel_Q1,,1.0
orb|or_w_relQ2|E13k2N10B|L,397,10,L,4.98,-16.02,54.9,52.5,1.89,-33.5,2.89,7.09,True,orb_or_w_rel_Q2,,2.0
orb|or_w_relQ2|E13k2N10B|S,397,10,S,-4.98,-25.98,45.1,52.5,-1.89,-48.3,-2.89,-7.09,True,orb_or_w_rel_Q2,,2.0
orb|or_w_relQ3|E13k2N10B|L,388,10,L,0.76,-20.24,51.5,56.3,0.26,-40.2,-4.38,5.94,False,orb_or_w_rel_Q3,,3.0
orb|or_w_relQ3|E13k2N10B|S,388,10,S,-0.76,-21.76,48.5,56.3,-0.26,-42.5,4.38,-5.94,False,orb_or_w_rel_Q3,,3.0
orb|or_w_relQ4|E13k2N10B|L,387,10,L,6.59,-14.41,54.0,55.9,2.32,-30.7,4.3,8.89,True,orb_or_w_rel_Q4,,4.0
orb|or_w_relQ4|E13k2N10B|S,387,10,S,-6.59,-27.59,46.0,55.9,-2.32,-50.3,-4.3,-8.89,True,orb_or_w_rel_Q4,,4.0
orb|or_w_relQ5|E13k2N10B|L,396,10,L,7.28,-13.72,55.1,65.6,2.21,-29.6,4.44,10.14,True,orb_or_w_rel_Q5,,5.0
orb|or_w_relQ5|E13k2N10B|S,396,10,S,-7.28,-28.28,44.9,65.6,-2.21,-51.3,-4.44,-10.14,True,orb_or_w_rel_Q5,,5.0
brkSig>=0.0|E13k2N20A,467,20,L,2.73,-35.27,54.0,47.5,1.24,-59.1,0.25,5.23,True,brkSig>=0.0,0.0,
brkSig>=0.0|E13k2N20A|fade,467,20,S,-2.73,-40.73,46.0,47.5,-1.24,-64.3,-0.25,-5.23,True,brkSig>=0.0_fade,0.0,
brkSig>=0.1|E13k2N20A,442,20,L,4.46,-33.54,55.7,50.6,1.85,-57.2,3.0,5.94,True,brkSig>=0.1,0.1,
brkSig>=0.1|E13k2N20A|fade,442,20,S,-4.46,-42.46,44.3,50.6,-1.85,-65.9,-3.0,-5.94,True,brkSig>=0.1_fade,0.1,
brkSig>=0.2|E13k2N20A,394,20,L,3.96,-34.04,55.1,51.6,1.52,-57.8,0.44,7.51,True,brkSig>=0.2,0.2,
brkSig>=0.2|E13k2N20A|fade,394,20,S,-3.96,-41.96,44.9,51.6,-1.52,-65.5,-0.44,-7.51,True,brkSig>=0.2_fade,0.2,
brkSig>=0.3|E13k2N20A,317,20,L,4.95,-33.05,57.4,52.3,1.69,-56.7,0.47,9.45,True,brkSig>=0.3,0.3,
brkSig>=0.3|E13k2N20A|fade,317,20,S,-4.95,-42.95,42.6,52.3,-1.69,-66.3,-0.47,-9.45,True,brkSig>=0.3_fade,0.3,
brkSig>=0.5|E13k2N20A,142,20,L,5.28,-32.72,52.1,59.9,1.05,-56.4,2.42,8.22,True,brkSig>=0.5,0.5,
brkSig>=0.5|E13k2N20A|fade,142,20,S,-5.28,-43.28,47.9,59.9,-1.05,-66.6,-2.42,-8.22,True,brkSig>=0.5_fade,0.5,
orb|or_w_sigQ1|E13k2N20A|L,346,20,L,3.94,-34.06,56.1,44.3,1.65,-57.8,1.92,5.98,True,orb_or_w_sig_Q1,,1.0
orb|or_w_sigQ1|E13k2N20A|S,346,20,S,-3.94,-41.94,43.9,44.3,-1.65,-65.4,-1.92,-5.98,True,orb_or_w_sig_Q1,,1.0
orb|or_w_sigQ2|E13k2N20A|L,308,20,L,3.84,-34.16,53.6,46.2,1.46,-57.9,4.16,3.52,True,orb_or_w_sig_Q2,,2.0
orb|or_w_sigQ2|E13k2N20A|S,308,20,S,-3.84,-41.84,46.4,46.2,-1.46,-65.3,-4.16,-3.52,True,orb_or_w_sig_Q2,,2.0
orb|or_w_sigQ3|E13k2N20A|L,280,20,L,4.67,-33.33,52.9,47.6,1.64,-57.0,4.16,5.18,True,orb_or_w_sig_Q3,,3.0
orb|or_w_sigQ3|E13k2N20A|S,280,20,S,-4.67,-42.67,47.1,47.6,-1.64,-66.1,-4.16,-5.18,True,orb_or_w_sig_Q3,,3.0
orb|or_w_sigQ4|E13k2N20A|L,284,20,L,9.35,-28.65,58.8,47.3,3.33,-51.6,7.5,11.23,True,orb_or_w_sig_Q4,,4.0
orb|or_w_sigQ4|E13k2N20A|S,284,20,S,-9.35,-47.35,41.2,47.3,-3.33,-69.8,-7.5,-11.23,True,orb_or_w_sig_Q4,,4.0
orb|or_w_sigQ5|E13k2N20A|L,290,20,L,4.3,-33.7,57.6,54.1,1.35,-57.4,1.13,7.52,True,orb_or_w_sig_Q5,,5.0
orb|or_w_sigQ5|E13k2N20A|S,290,20,S,-4.3,-42.3,42.4,54.1,-1.35,-65.8,-1.13,-7.52,True,orb_or_w_sig_Q5,,5.0
orb|rvolQ1|E13k2N20A|L,126,20,L,4.83,-33.17,56.3,39.0,1.39,-56.8,2.44,7.29,True,orb_rvol_Q1,,1.0
orb|rvolQ1|E13k2N20A|S,126,20,S,-4.83,-42.83,43.7,39.0,-1.39,-66.2,-2.44,-7.29,True,orb_rvol_Q1,,1.0
orb|rvolQ2|E13k2N20A|L,208,20,L,5.45,-32.55,55.8,42.2,1.86,-56.1,6.42,4.46,True,orb_rvol_Q2,,2.0
orb|rvolQ2|E13k2N20A|S,208,20,S,-5.45,-43.45,44.2,42.2,-1.86,-66.7,-6.42,-4.46,True,orb_rvol_Q2,,2.0
orb|rvolQ3|E13k2N20A|L,270,20,L,5.27,-32.73,56.7,47.9,1.81,-56.3,2.0,8.6,True,orb_rvol_Q3,,3.0
orb|rvolQ3|E13k2N20A|S,270,20,S,-5.27,-43.27,43.3,47.9,-1.81,-66.6,-2.0,-8.6,True,orb_rvol_Q3,,3.0
orb|rvolQ4|E13k2N20A|L,339,20,L,5.27,-32.73,54.0,48.5,2.0,-56.4,5.32,5.22,True,orb_rvol_Q4,,4.0
orb|rvolQ4|E13k2N20A|S,339,20,S,-5.27,-43.27,46.0,48.5,-2.0,-66.6,-5.32,-5.22,True,orb_rvol_Q4,,4.0
orb|rvolQ5|E13k2N20A|L,418,20,L,2.06,-35.94,55.5,53.8,0.78,-59.8,-1.72,5.88,False,orb_rvol_Q5,,5.0
orb|rvolQ5|E13k2N20A|S,418,20,S,-2.06,-40.06,44.5,53.8,-0.78,-63.8,1.72,-5.88,False,orb_rvol_Q5,,5.0
orb|vol20Q1|E13k2N20A|L,301,20,L,2.6,-35.4,56.1,32.9,1.37,-59.1,0.91,4.31,True,orb_vol20_Q1,,1.0
orb|vol20Q1|E13k2N20A|S,301,20,S,-2.6,-40.6,43.9,32.9,-1.37,-64.2,-0.91,-4.31,True,orb_vol20_Q1,,1.0
orb|vol20Q2|E13k2N20A|L,313,20,L,3.35,-34.65,54.0,41.1,1.44,-58.4,2.64,4.07,True,orb_vol20_Q2,,2.0
orb|vol20Q2|E13k2N20A|S,313,20,S,-3.35,-41.35,46.0,41.1,-1.44,-64.9,-2.64,-4.07,True,orb_vol20_Q2,,2.0
orb|vol20Q3|E13k2N20A|L,306,20,L,8.14,-29.86,55.2,50.9,2.8,-53.1,8.14,8.15,True,orb_vol20_Q3,,3.0
orb|vol20Q3|E13k2N20A|S,306,20,S,-8.14,-46.14,44.8,50.9,-2.8,-68.9,-8.14,-8.15,True,orb_vol20_Q3,,3.0
orb|vol20Q4|E13k2N20A|L,295,20,L,10.42,-27.58,58.3,56.7,3.15,-50.3,10.22,10.62,True,orb_vol20_Q4,,4.0
orb|vol20Q4|E13k2N20A|S,295,20,S,-10.42,-48.42,41.7,56.7,-3.15,-70.7,-10.22,-10.62,True,orb_vol20_Q4,,4.0
orb|vol20Q5|E13k2N20A|L,284,20,L,5.88,-32.12,54.6,66.3,1.5,-55.8,2.3,9.51,True,orb_vol20_Q5,,5.0
orb|vol20Q5|E13k2N20A|S,284,20,S,-5.88,-43.88,45.4,66.3,-1.5,-67.2,-2.3,-9.51,True,orb_vol20_Q5,,5.0
orb|or_w_relQ1|E13k2N20A|L,355,20,L,4.55,-33.45,56.6,45.5,1.89,-57.1,3.26,5.85,True,orb_or_w_rel_Q1,,1.0
orb|or_w_relQ1|E13k2N20A|S,355,20,S,-4.55,-42.55,43.4,45.5,-1.89,-65.9,-3.26,-5.85,True,orb_or_w_rel_Q1,,1.0
orb|or_w_relQ2|E13k2N20A|L,305,20,L,5.7,-32.3,58.0,47.3,2.11,-55.9,5.09,6.32,True,orb_or_w_rel_Q2,,2.0
orb|or_w_relQ2|E13k2N20A|S,305,20,S,-5.7,-43.7,42.0,47.3,-2.11,-66.9,-5.09,-6.32,True,orb_or_w_rel_Q2,,2.0
orb|or_w_relQ3|E13k2N20A|L,270,20,L,5.33,-32.67,55.6,46.2,1.89,-56.3,3.54,7.14,True,orb_or_w_rel_Q3,,3.0
orb|or_w_relQ3|E13k2N20A|S,270,20,S,-5.33,-43.33,44.4,46.2,-1.89,-66.6,-3.54,-7.14,True,orb_or_w_rel_Q3,,3.0
orb|or_w_relQ4|E13k2N20A|L,291,20,L,7.59,-30.41,56.4,49.1,2.64,-53.7,7.7,7.48,True,orb_or_w_rel_Q4,,4.0
orb|or_w_relQ4|E13k2N20A|S,291,20,S,-7.59,-45.59,43.6,49.1,-2.64,-68.5,-7.7,-7.48,True,orb_or_w_rel_Q4,,4.0
orb|or_w_relQ5|E13k2N20A|L,302,20,L,2.99,-35.01,54.0,51.3,1.01,-58.8,1.57,4.42,True,orb_or_w_rel_Q5,,5.0
orb|or_w_relQ5|E13k2N20A|S,302,20,S,-2.99,-40.99,46.0,51.3,-1.01,-64.6,-1.57,-4.42,True,orb_or_w_rel_Q5,,5.0
brkSig>=0.0|E13k2N20B,466,20,L,3.09,-17.91,54.3,47.1,1.42,-36.5,0.67,5.53,True,brkSig>=0.0,0.0,
brkSig>=0.0|E13k2N20B|fade,466,20,S,-3.09,-24.09,45.7,47.1,-1.42,-45.7,-0.67,-5.53,True,brkSig>=0.0_fade,0.0,
brkSig>=0.1|E13k2N20B,436,20,L,4.47,-16.53,55.3,50.2,1.86,-34.3,2.77,6.19,True,brkSig>=0.1,0.1,
brkSig>=0.1|E13k2N20B|fade,436,20,S,-4.47,-25.47,44.7,50.2,-1.86,-47.6,-2.77,-6.19,True,brkSig>=0.1_fade,0.1,
brkSig>=0.2|E13k2N20B,389,20,L,5.14,-15.86,55.8,51.3,1.98,-33.2,2.37,7.92,True,brkSig>=0.2,0.2,
brkSig>=0.2|E13k2N20B|fade,389,20,S,-5.14,-26.14,44.2,51.3,-1.98,-48.5,-2.37,-7.92,True,brkSig>=0.2_fade,0.2,
brkSig>=0.3|E13k2N20B,311,20,L,5.35,-15.65,58.2,52.5,1.8,-32.8,0.96,9.78,True,brkSig>=0.3,0.3,
brkSig>=0.3|E13k2N20B|fade,311,20,S,-5.35,-26.35,41.8,52.5,-1.8,-48.8,-0.96,-9.78,True,brkSig>=0.3_fade,0.3,
brkSig>=0.5|E13k2N20B,132,20,L,5.45,-15.55,53.0,55.0,1.14,-32.7,5.19,5.72,True,brkSig>=0.5,0.5,
brkSig>=0.5|E13k2N20B|fade,132,20,S,-5.45,-26.45,47.0,55.0,-1.14,-48.9,-5.19,-5.72,True,brkSig>=0.5_fade,0.5,
orb|or_w_sigQ1|E13k2N20B|L,343,20,L,4.19,-16.81,56.9,44.9,1.73,-34.7,2.23,6.16,True,orb_or_w_sig_Q1,,1.0
orb|or_w_sigQ1|E13k2N20B|S,343,20,S,-4.19,-25.19,43.1,44.9,-1.73,-47.2,-2.23,-6.16,True,orb_or_w_sig_Q1,,1.0
orb|or_w_sigQ2|E13k2N20B|L,300,20,L,2.97,-18.03,52.3,45.0,1.14,-36.7,2.64,3.31,True,orb_or_w_sig_Q2,,2.0
orb|or_w_sigQ2|E13k2N20B|S,300,20,S,-2.97,-23.97,47.7,45.0,-1.14,-45.5,-2.64,-3.31,True,orb_or_w_sig_Q2,,2.0
orb|or_w_sigQ3|E13k2N20B|L,275,20,L,4.1,-16.9,52.4,47.1,1.44,-34.9,4.39,3.82,True,orb_or_w_sig_Q3,,3.0
orb|or_w_sigQ3|E13k2N20B|S,275,20,S,-4.1,-25.1,47.6,47.1,-1.44,-47.1,-4.39,-3.82,True,orb_or_w_sig_Q3,,3.0
orb|or_w_sigQ4|E13k2N20B|L,281,20,L,9.02,-11.98,59.1,47.5,3.18,-26.3,6.79,11.26,True,orb_or_w_sig_Q4,,4.0
orb|or_w_sigQ4|E13k2N20B|S,281,20,S,-9.02,-30.02,40.9,47.5,-3.18,-53.3,-6.79,-11.26,True,orb_or_w_sig_Q4,,4.0
orb|or_w_sigQ5|E13k2N20B|L,278,20,L,4.38,-16.62,59.0,54.1,1.35,-34.5,-2.46,11.32,False,orb_or_w_sig_Q5,,5.0
orb|or_w_sigQ5|E13k2N20B|S,278,20,S,-4.38,-25.38,41.0,54.1,-1.35,-47.5,2.46,-11.32,False,orb_or_w_sig_Q5,,5.0
orb|rvolQ1|E13k2N20B|L,124,20,L,4.28,-16.72,56.5,39.1,1.22,-34.5,1.61,7.04,True,orb_rvol_Q1,,1.0
orb|rvolQ1|E13k2N20B|S,124,20,S,-4.28,-25.28,43.5,39.1,-1.22,-47.3,-1.61,-7.04,True,orb_rvol_Q1,,1.0
orb|rvolQ2|E13k2N20B|L,204,20,L,4.42,-16.58,54.4,42.1,1.5,-34.3,5.1,3.74,True,orb_rvol_Q2,,2.0
orb|rvolQ2|E13k2N20B|S,204,20,S,-4.42,-25.42,45.6,42.1,-1.5,-47.5,-5.1,-3.74,True,orb_rvol_Q2,,2.0
orb|rvolQ3|E13k2N20B|L,265,20,L,6.12,-14.88,57.0,45.1,2.21,-31.5,4.15,8.11,True,orb_rvol_Q3,,3.0
orb|rvolQ3|E13k2N20B|S,265,20,S,-6.12,-27.12,43.0,45.1,-2.21,-49.7,-4.15,-8.11,True,orb_rvol_Q3,,3.0
orb|rvolQ4|E13k2N20B|L,336,20,L,5.44,-15.56,54.2,49.1,2.03,-32.7,5.77,5.1,True,orb_rvol_Q4,,4.0
orb|rvolQ4|E13k2N20B|S,336,20,S,-5.44,-26.44,45.8,49.1,-2.03,-48.8,-5.77,-5.1,True,orb_rvol_Q4,,4.0
orb|rvolQ5|E13k2N20B|L,412,20,L,3.67,-17.33,55.1,53.1,1.41,-35.6,-0.03,7.42,False,orb_rvol_Q5,,5.0
orb|rvolQ5|E13k2N20B|S,412,20,S,-3.67,-24.67,44.9,53.1,-1.41,-46.5,0.03,-7.42,False,orb_rvol_Q5,,5.0
orb|vol20Q1|E13k2N20B|L,299,20,L,2.55,-18.45,56.5,32.7,1.35,-37.3,1.17,3.93,True,orb_vol20_Q1,,1.0
orb|vol20Q1|E13k2N20B|S,299,20,S,-2.55,-23.55,43.5,32.7,-1.35,-44.9,-1.17,-3.93,True,orb_vol20_Q1,,1.0
orb|vol20Q2|E13k2N20B|L,308,20,L,3.05,-17.95,54.9,40.8,1.31,-36.5,2.08,4.03,True,orb_vol20_Q2,,2.0
orb|vol20Q2|E13k2N20B|S,308,20,S,-3.05,-24.05,45.1,40.8,-1.31,-45.6,-2.08,-4.03,True,orb_vol20_Q2,,2.0
orb|vol20Q3|E13k2N20B|L,296,20,L,8.26,-12.74,55.4,49.6,2.87,-27.7,8.33,8.19,True,orb_vol20_Q3,,3.0
orb|vol20Q3|E13k2N20B|S,296,20,S,-8.26,-29.26,44.6,49.6,-2.87,-52.4,-8.33,-8.19,True,orb_vol20_Q3,,3.0
orb|vol20Q4|E13k2N20B|L,288,20,L,9.65,-11.35,58.7,56.5,2.9,-25.2,7.55,11.78,True,orb_vol20_Q4,,4.0
orb|vol20Q4|E13k2N20B|S,288,20,S,-9.65,-30.65,41.3,56.5,-2.9,-54.1,-7.55,-11.78,True,orb_vol20_Q4,,4.0
orb|vol20Q5|E13k2N20B|L,272,20,L,9.65,-11.35,56.6,68.5,2.32,-25.3,8.18,11.13,True,orb_vol20_Q5,,5.0
orb|vol20Q5|E13k2N20B|S,272,20,S,-9.65,-30.65,43.4,68.5,-2.32,-54.1,-8.18,-11.13,True,orb_vol20_Q5,,5.0
orb|or_w_relQ1|E13k2N20B|L,351,20,L,5.18,-15.82,57.0,46.0,2.11,-33.1,3.83,6.54,True,orb_or_w_rel_Q1,,1.0
orb|or_w_relQ1|E13k2N20B|S,351,20,S,-5.18,-26.18,43.0,46.0,-2.11,-48.5,-3.83,-6.54,True,orb_or_w_rel_Q1,,1.0
orb|or_w_relQ2|E13k2N20B|L,298,20,L,6.31,-14.69,59.7,47.8,2.28,-31.2,6.23,6.39,True,orb_or_w_rel_Q2,,2.0
orb|or_w_relQ2|E13k2N20B|S,298,20,S,-6.31,-27.31,40.3,47.8,-2.28,-49.9,-6.23,-6.39,True,orb_or_w_rel_Q2,,2.0
orb|or_w_relQ3|E13k2N20B|L,266,20,L,5.25,-15.75,55.6,45.7,1.88,-33.0,3.67,6.86,True,orb_or_w_rel_Q3,,3.0
orb|or_w_relQ3|E13k2N20B|S,266,20,S,-5.25,-26.25,44.4,45.7,-1.88,-48.6,-3.67,-6.86,True,orb_or_w_rel_Q3,,3.0
orb|or_w_relQ4|E13k2N20B|L,286,20,L,7.01,-13.99,55.6,49.0,2.42,-29.9,7.12,6.89,True,orb_or_w_rel_Q4,,4.0
orb|or_w_relQ4|E13k2N20B|S,286,20,S,-7.01,-28.01,44.4,49.0,-2.42,-50.8,-7.12,-6.89,True,orb_or_w_rel_Q4,,4.0
orb|or_w_relQ5|E13k2N20B|L,288,20,L,3.26,-17.74,55.2,50.1,1.11,-36.3,-0.49,7.07,False,orb_or_w_rel_Q5,,5.0
orb|or_w_relQ5|E13k2N20B|S,288,20,S,-3.26,-24.26,44.8,50.1,-1.11,-46.0,0.49,-7.07,False,orb_or_w_rel_Q5,,5.0
