label,days,topn,side,gross_bp,net_bp,hit,std_bp,tstat,ann_net,h1_bp,h2_bp,consistent,sig,entry,k,min_liq,cost,tier
orb_up|E10|k1|N5|A,480,5,L,-0.81,-38.81,48.8,81.1,-0.22,-62.8,-0.88,-0.75,True,orb_up,10:15,1,10000000.0,38.0,A
orb_up_sh|E10|k1|N5|A,480,5,S,0.81,-37.19,51.2,81.1,0.22,-61.2,0.88,0.75,True,orb_up_sh,10:15,1,10000000.0,38.0,A
orb_dn_sh|E10|k1|N5|A,480,5,S,-3.26,-41.26,48.1,81.0,-0.88,-65.0,-5.38,-1.12,True,orb_dn_sh,10:15,1,10000000.0,38.0,A
orb_dn_lg|E10|k1|N5|A,480,5,L,3.26,-34.74,51.9,81.0,0.88,-58.7,5.38,1.12,True,orb_dn_lg,10:15,1,10000000.0,38.0,A
orb_up_sig|E10|k1|N5|A,480,5,L,-0.68,-38.68,47.5,76.9,-0.19,-62.6,-1.17,-0.18,True,orb_up_sig,10:15,1,10000000.0,38.0,A
orb_up_sig_sh|E10|k1|N5|A,480,5,S,0.68,-37.32,52.5,76.9,0.19,-61.3,1.17,0.18,True,orb_up_sig_sh,10:15,1,10000000.0,38.0,A
orb_dn_sig_sh|E10|k1|N5|A,480,5,S,-5.11,-43.11,49.4,81.3,-1.38,-66.6,-6.44,-3.77,True,orb_dn_sig_sh,10:15,1,10000000.0,38.0,A
orb_dn_sig_lg|E10|k1|N5|A,480,5,L,5.11,-32.89,50.6,81.3,1.38,-56.8,6.44,3.77,True,orb_dn_sig_lg,10:15,1,10000000.0,38.0,A
pos_in_or|E10|k1|N5|A,480,5,L,-0.81,-38.81,48.8,81.1,-0.22,-62.8,-0.88,-0.75,True,pos_in_or,10:15,1,10000000.0,38.0,A
pos_in_or_sh|E10|k1|N5|A,480,5,S,0.81,-37.19,51.2,81.1,0.22,-61.2,0.88,0.75,True,pos_in_or_sh,10:15,1,10000000.0,38.0,A
pos_in_or_lo|E10|k1|N5|A,480,5,L,3.26,-34.74,51.9,81.0,0.88,-58.7,5.38,1.12,True,pos_in_or_lo,10:15,1,10000000.0,38.0,A
pos_in_or_lo_sh|E10|k1|N5|A,480,5,S,-3.26,-41.26,48.1,81.0,-0.88,-65.0,-5.38,-1.12,True,pos_in_or_lo_sh,10:15,1,10000000.0,38.0,A
or_close_pos|E10|k1|N5|A,480,5,L,0.36,-37.64,51.7,78.4,0.1,-61.6,1.6,-0.89,False,or_close_pos,10:15,1,10000000.0,38.0,A
or_close_pos_lo|E10|k1|N5|A,480,5,L,2.05,-35.95,49.6,79.6,0.56,-60.0,2.71,1.38,True,or_close_pos_lo,10:15,1,10000000.0,38.0,A
or_close_pos_sh|E10|k1|N5|A,480,5,S,-0.36,-38.36,48.3,78.4,-0.1,-62.3,-1.6,0.89,False,or_close_pos_sh,10:15,1,10000000.0,38.0,A
posrange_hi|E10|k1|N5|A,480,5,L,-0.81,-38.81,48.8,81.1,-0.22,-62.8,-0.88,-0.75,True,posrange_hi,10:15,1,10000000.0,38.0,A
posrange_hi_sh|E10|k1|N5|A,480,5,S,0.81,-37.19,51.2,81.1,0.22,-61.2,0.88,0.75,True,posrange_hi_sh,10:15,1,10000000.0,38.0,A
posrange_lo|E10|k1|N5|A,480,5,L,3.26,-34.74,51.9,81.0,0.88,-58.7,5.38,1.12,True,posrange_lo,10:15,1,10000000.0,38.0,A
posrange_lo_sh|E10|k1|N5|A,480,5,S,-3.26,-41.26,48.1,81.0,-0.88,-65.0,-5.38,-1.12,True,posrange_lo_sh,10:15,1,10000000.0,38.0,A
today_sofar|E10|k1|N5|A,480,5,L,0.92,-37.08,48.1,158.2,0.13,-62.0,-2.38,4.25,False,today_sofar,10:15,1,10000000.0,38.0,A
today_sofar_sh|E10|k1|N5|A,480,5,S,-0.92,-38.92,51.9,158.2,-0.13,-63.7,2.38,-4.25,False,today_sofar_sh,10:15,1,10000000.0,38.0,A
today_sofar_lo|E10|k1|N5|A,480,5,L,-2.66,-40.66,45.6,130.7,-0.45,-64.9,3.44,-8.82,False,today_sofar_lo,10:15,1,10000000.0,38.0,A
or_ret|E10|k1|N5|A,480,5,L,0.83,-37.17,49.0,156.9,0.12,-62.1,-2.74,4.43,False,or_ret,10:15,1,10000000.0,38.0,A
or_ret_sh|E10|k1|N5|A,480,5,S,-0.83,-38.83,51.0,156.9,-0.12,-63.6,2.74,-4.43,False,or_ret_sh,10:15,1,10000000.0,38.0,A
orbT_up|E10|k1|N5|A,129,5,L,-6.25,-44.25,47.3,101.5,-0.7,-67.7,-8.6,-3.86,True,orbT_up,10:15,1,10000000.0,38.0,A
orbT_up_sh|E10|k1|N5|A,129,5,S,6.25,-31.75,52.7,101.5,0.7,-55.7,8.6,3.86,True,orbT_up_sh,10:15,1,10000000.0,38.0,A
orbT_dn_sh|E10|k1|N5|A,172,5,S,-5.31,-43.31,54.1,107.4,-0.65,-67.0,-3.04,-7.63,True,orbT_dn_sh,10:15,1,10000000.0,38.0,A
orbT_dn_lg|E10|k1|N5|A,172,5,L,5.31,-32.69,45.9,107.4,0.65,-56.8,3.04,7.63,True,orbT_dn_lg,10:15,1,10000000.0,38.0,A
orbT_up_small|E10|k1|N5|A,129,5,L,-4.71,-42.71,48.8,100.6,-0.53,-66.4,-6.74,-2.65,True,orbT_up_small,10:15,1,10000000.0,38.0,A
orbT_up_small_sh|E10|k1|N5|A,129,5,S,4.71,-33.29,51.2,100.6,0.53,-57.4,6.74,2.65,True,orbT_up_small_sh,10:15,1,10000000.0,38.0,A
orbT_dn_small_sh|E10|k1|N5|A,172,5,S,-6.61,-44.61,52.3,105.7,-0.82,-68.0,-9.43,-3.73,True,orbT_dn_small_sh,10:15,1,10000000.0,38.0,A
orbT_dn_small_lg|E10|k1|N5|A,172,5,L,6.61,-31.39,47.7,105.7,0.82,-55.3,9.43,3.73,True,orbT_dn_small_lg,10:15,1,10000000.0,38.0,A
inside_posor|E10|k1|N5|A,480,5,L,1.6,-36.4,50.8,74.5,0.47,-60.4,2.56,0.63,True,inside_posor,10:15,1,10000000.0,38.0,A
inside_posor_sh|E10|k1|N5|A,480,5,S,-1.6,-39.6,49.2,74.5,-0.47,-63.5,-2.56,-0.63,True,inside_posor_sh,10:15,1,10000000.0,38.0,A
inside_posor_lo|E10|k1|N5|A,480,5,L,5.37,-32.63,53.5,71.9,1.64,-56.4,8.65,2.07,True,inside_posor_lo,10:15,1,10000000.0,38.0,A
or_wide|E10|k1|N5|A,480,5,L,-1.54,-39.54,48.1,126.9,-0.27,-63.9,3.99,-7.12,False,or_wide,10:15,1,10000000.0,38.0,A
or_wide_sh|E10|k1|N5|A,480,5,S,1.54,-36.46,51.9,126.9,0.27,-61.0,-3.99,7.12,False,or_wide_sh,10:15,1,10000000.0,38.0,A
or_narrow|E10|k1|N5|A,480,5,L,-1.66,-39.66,45.2,63.8,-0.57,-63.5,-1.75,-1.58,True,or_narrow,10:15,1,10000000.0,38.0,A
or_narrow_sh|E10|k1|N5|A,480,5,S,1.66,-36.34,54.8,63.8,0.57,-60.2,1.75,1.58,True,or_narrow_sh,10:15,1,10000000.0,38.0,A
or_wrel_hi|E10|k1|N5|A,480,5,L,1.11,-36.89,49.0,136.1,0.18,-61.5,8.43,-6.28,False,or_wrel_hi,10:15,1,10000000.0,38.0,A
or_wrel_lo|E10|k1|N5|A,480,5,L,0.23,-37.77,45.6,82.6,0.06,-61.8,-0.38,0.85,False,or_wrel_lo,10:15,1,10000000.0,38.0,A
or_wrel_hi_sh|E10|k1|N5|A,480,5,S,-1.11,-39.11,51.0,136.1,-0.18,-63.6,-8.43,6.28,False,or_wrel_hi_sh,10:15,1,10000000.0,38.0,A
or_wrel_lo_sh|E10|k1|N5|A,480,5,S,-0.23,-38.23,54.2,82.6,-0.06,-62.2,0.38,-0.85,False,or_wrel_lo_sh,10:15,1,10000000.0,38.0,A
rng_expand|E10|k1|N5|A,480,5,L,-1.54,-39.54,48.1,126.9,-0.27,-63.9,3.99,-7.12,False,rng_expand,10:15,1,10000000.0,38.0,A
rng_expand_sh|E10|k1|N5|A,480,5,S,1.54,-36.46,51.9,126.9,0.27,-61.0,-3.99,7.12,False,rng_expand_sh,10:15,1,10000000.0,38.0,A
rng_compress|E10|k1|N5|A,480,5,L,-1.66,-39.66,45.2,63.8,-0.57,-63.5,-1.75,-1.58,True,rng_compress,10:15,1,10000000.0,38.0,A
rng_compress_sh|E10|k1|N5|A,480,5,S,1.66,-36.34,54.8,63.8,0.57,-60.2,1.75,1.58,True,rng_compress_sh,10:15,1,10000000.0,38.0,A
vol20_hi|E10|k1|N5|A,479,5,L,-3.27,-41.27,48.9,145.4,-0.49,-65.7,-3.4,-3.15,True,vol20_hi,10:15,1,10000000.0,38.0,A
vol20_hi_sh|E10|k1|N5|A,479,5,S,3.27,-34.73,51.1,145.4,0.49,-59.5,3.4,3.15,True,vol20_hi_sh,10:15,1,10000000.0,38.0,A
vol20_lo|E10|k1|N5|A,479,5,L,-0.02,-38.02,40.7,2.3,-0.24,-61.7,-0.03,-0.02,True,vol20_lo,10:15,1,10000000.0,38.0,A
vol20_lo_sh|E10|k1|N5|A,479,5,S,0.02,-37.98,57.6,2.3,0.24,-61.7,0.03,0.02,True,vol20_lo_sh,10:15,1,10000000.0,38.0,A
atr_hi|E10|k1|N5|A,480,5,L,-6.38,-44.38,47.5,149.5,-0.93,-68.3,3.02,-15.86,False,atr_hi,10:15,1,10000000.0,38.0,A
atr_lo|E10|k1|N5|A,480,5,L,0.03,-37.97,53.3,1.3,0.56,-61.7,0.05,0.02,True,atr_lo,10:15,1,10000000.0,38.0,A
atr_hi_sh|E10|k1|N5|A,480,5,S,6.38,-31.62,52.5,149.5,0.93,-56.2,-3.02,15.86,False,atr_hi_sh,10:15,1,10000000.0,38.0,A
gap_up|E10|k1|N5|A,480,5,L,9.61,-28.39,50.0,127.2,1.65,-52.1,0.87,18.41,True,gap_up,10:15,1,10000000.0,38.0,A
gap_up_sh|E10|k1|N5|A,480,5,S,-9.61,-47.61,50.0,127.2,-1.65,-70.6,-0.87,-18.41,True,gap_up_sh,10:15,1,10000000.0,38.0,A
gap_dn_lg|E10|k1|N5|A,480,5,L,1.43,-36.57,48.5,131.1,0.24,-61.1,12.35,-9.57,False,gap_dn_lg,10:15,1,10000000.0,38.0,A
gap_dn_sh|E10|k1|N5|A,480,5,S,-1.43,-39.43,51.5,131.1,-0.24,-63.8,-12.35,9.57,False,gap_dn_sh,10:15,1,10000000.0,38.0,A
posrange_hivol|E10|k1|N5|A,479,5,L,-4.0,-42.0,50.3,120.9,-0.72,-66.0,-6.81,-1.18,True,posrange_hivol,10:15,1,10000000.0,38.0,A
posrange_lovol|E10|k1|N5|A,479,5,L,-2.11,-40.11,47.6,62.6,-0.74,-63.9,-1.58,-2.65,True,posrange_lovol,10:15,1,10000000.0,38.0,A
posrange_hivol_sh|E10|k1|N5|A,479,5,S,4.0,-34.0,49.7,120.9,0.72,-58.4,6.81,1.18,True,posrange_hivol_sh,10:15,1,10000000.0,38.0,A
posrange_lovol_sh|E10|k1|N5|A,479,5,S,2.11,-35.89,52.4,62.6,0.74,-59.8,1.58,2.65,True,posrange_lovol_sh,10:15,1,10000000.0,38.0,A
orb_minus_width|E10|k1|N5|A,480,5,L,-2.33,-40.33,47.5,76.6,-0.67,-64.1,-4.11,-0.53,True,orb_minus_width,10:15,1,10000000.0,38.0,A
orb_plus_width|E10|k1|N5|A,480,5,L,-0.27,-38.27,49.0,124.7,-0.05,-62.7,-0.09,-0.44,True,orb_plus_width,10:15,1,10000000.0,38.0,A
orb_plus_width_sh|E10|k1|N5|A,480,5,S,0.27,-37.73,51.0,124.7,0.05,-62.2,0.09,0.44,True,orb_plus_width_sh,10:15,1,10000000.0,38.0,A
orb_minus_width_sh|E10|k1|N5|A,480,5,S,2.33,-35.67,52.5,76.6,0.67,-59.7,4.11,0.53,True,orb_minus_width_sh,10:15,1,10000000.0,38.0,A
orb_minus_d20|E10|k1|N5|A,469,5,L,6.23,-31.77,48.4,119.0,1.13,-55.9,7.13,5.32,True,orb_minus_d20,10:15,1,10000000.0,38.0,A
orb_plus_d20|E10|k1|N5|A,469,5,L,-2.73,-40.73,49.3,142.5,-0.41,-65.2,6.96,-12.46,False,orb_plus_d20,10:15,1,10000000.0,38.0,A
orb_plus_d20_sh|E10|k1|N5|A,469,5,S,2.73,-35.27,50.7,142.5,0.41,-60.0,-6.96,12.46,False,orb_plus_d20_sh,10:15,1,10000000.0,38.0,A
orb_plus_pct52|E10|k1|N5|A,430,5,L,-2.61,-40.61,49.1,71.4,-0.76,-64.4,-0.01,-5.23,True,orb_plus_pct52,10:15,1,10000000.0,38.0,A
orb_plus_pct52_sh|E10|k1|N5|A,430,5,S,2.61,-35.39,50.9,71.4,0.76,-59.3,0.01,5.23,True,orb_plus_pct52_sh,10:15,1,10000000.0,38.0,A
compress_then_pos|E10|k1|N5|A,480,5,L,-2.33,-40.33,47.5,76.6,-0.67,-64.1,-4.11,-0.53,True,compress_then_pos,10:15,1,10000000.0,38.0,A
compress_then_pos_sh|E10|k1|N5|A,480,5,S,2.33,-35.67,52.5,76.6,0.67,-59.7,4.11,0.53,True,compress_then_pos_sh,10:15,1,10000000.0,38.0,A
expand_then_pos|E10|k1|N5|A,480,5,L,-0.27,-38.27,49.0,124.7,-0.05,-62.7,-0.09,-0.44,True,expand_then_pos,10:15,1,10000000.0,38.0,A
expand_then_pos_sh|E10|k1|N5|A,480,5,S,0.27,-37.73,51.0,124.7,0.05,-62.2,0.09,0.44,True,expand_then_pos_sh,10:15,1,10000000.0,38.0,A
orb_up|E10|k1|N10|A,480,10,L,-0.11,-38.11,50.2,70.4,-0.03,-62.0,-1.58,1.38,False,orb_up,10:15,1,10000000.0,38.0,A
orb_up_sh|E10|k1|N10|A,480,10,S,0.11,-37.89,49.8,70.4,0.03,-61.8,1.58,-1.38,False,orb_up_sh,10:15,1,10000000.0,38.0,A
orb_dn_sh|E10|k1|N10|A,480,10,S,-3.69,-41.69,48.8,73.4,-1.1,-65.3,-6.61,-0.74,True,orb_dn_sh,10:15,1,10000000.0,38.0,A
orb_dn_lg|E10|k1|N10|A,480,10,L,3.69,-34.31,51.2,73.4,1.1,-58.2,6.61,0.74,True,orb_dn_lg,10:15,1,10000000.0,38.0,A
orb_up_sig|E10|k1|N10|A,480,10,L,-2.01,-40.01,48.5,64.0,-0.69,-63.8,-2.95,-1.06,True,orb_up_sig,10:15,1,10000000.0,38.0,A
orb_up_sig_sh|E10|k1|N10|A,480,10,S,2.01,-35.99,51.5,64.0,0.69,-59.9,2.95,1.06,True,orb_up_sig_sh,10:15,1,10000000.0,38.0,A
orb_dn_sig_sh|E10|k1|N10|A,480,10,S,-1.47,-39.47,51.2,69.9,-0.46,-63.3,-3.97,1.06,False,orb_dn_sig_sh,10:15,1,10000000.0,38.0,A
orb_dn_sig_lg|E10|k1|N10|A,480,10,L,1.47,-36.53,48.8,69.9,0.46,-60.5,3.97,-1.06,False,orb_dn_sig_lg,10:15,1,10000000.0,38.0,A
pos_in_or|E10|k1|N10|A,480,10,L,-0.11,-38.11,50.2,70.4,-0.03,-62.0,-1.58,1.38,False,pos_in_or,10:15,1,10000000.0,38.0,A
pos_in_or_sh|E10|k1|N10|A,480,10,S,0.11,-37.89,49.8,70.4,0.03,-61.8,1.58,-1.38,False,pos_in_or_sh,10:15,1,10000000.0,38.0,A
pos_in_or_lo|E10|k1|N10|A,480,10,L,3.69,-34.31,51.2,73.4,1.1,-58.2,6.61,0.74,True,pos_in_or_lo,10:15,1,10000000.0,38.0,A
pos_in_or_lo_sh|E10|k1|N10|A,480,10,S,-3.69,-41.69,48.8,73.4,-1.1,-65.3,-6.61,-0.74,True,pos_in_or_lo_sh,10:15,1,10000000.0,38.0,A
or_close_pos|E10|k1|N10|A,480,10,L,3.29,-34.71,53.8,72.1,1.0,-58.6,1.79,4.81,True,or_close_pos,10:15,1,10000000.0,38.0,A
or_close_pos_lo|E10|k1|N10|A,480,10,L,1.33,-36.67,49.2,73.2,0.4,-60.6,1.4,1.26,True,or_close_pos_lo,10:15,1,10000000.0,38.0,A
or_close_pos_sh|E10|k1|N10|A,480,10,S,-3.29,-41.29,46.2,72.1,-1.0,-65.0,-1.79,-4.81,True,or_close_pos_sh,10:15,1,10000000.0,38.0,A
posrange_hi|E10|k1|N10|A,480,10,L,-0.11,-38.11,50.2,70.4,-0.03,-62.0,-1.58,1.38,False,posrange_hi,10:15,1,10000000.0,38.0,A
posrange_hi_sh|E10|k1|N10|A,480,10,S,0.11,-37.89,49.8,70.4,0.03,-61.8,1.58,-1.38,False,posrange_hi_sh,10:15,1,10000000.0,38.0,A
posrange_lo|E10|k1|N10|A,480,10,L,3.69,-34.31,51.2,73.4,1.1,-58.2,6.61,0.74,True,posrange_lo,10:15,1,10000000.0,38.0,A
posrange_lo_sh|E10|k1|N10|A,480,10,S,-3.69,-41.69,48.8,73.4,-1.1,-65.3,-6.61,-0.74,True,posrange_lo_sh,10:15,1,10000000.0,38.0,A
today_sofar|E10|k1|N10|A,480,10,L,2.69,-35.31,51.0,110.5,0.53,-59.6,2.62,2.75,True,today_sofar,10:15,1,10000000.0,38.0,A
today_sofar_sh|E10|k1|N10|A,480,10,S,-2.69,-40.69,49.0,110.5,-0.53,-64.8,-2.62,-2.75,True,today_sofar_sh,10:15,1,10000000.0,38.0,A
today_sofar_lo|E10|k1|N10|A,480,10,L,-1.85,-39.85,45.8,106.5,-0.38,-64.0,0.26,-3.97,False,today_sofar_lo,10:15,1,10000000.0,38.0,A
or_ret|E10|k1|N10|A,480,10,L,3.0,-35.0,50.6,111.4,0.59,-59.3,2.16,3.86,True,or_ret,10:15,1,10000000.0,38.0,A
or_ret_sh|E10|k1|N10|A,480,10,S,-3.0,-41.0,49.4,111.4,-0.59,-65.0,-2.16,-3.86,True,or_ret_sh,10:15,1,10000000.0,38.0,A
orbT_up|E10|k1|N10|A,129,10,L,-6.25,-44.25,46.5,97.9,-0.73,-67.7,-7.71,-4.77,True,orbT_up,10:15,1,10000000.0,38.0,A
orbT_up_sh|E10|k1|N10|A,129,10,S,6.25,-31.75,53.5,97.9,0.73,-55.7,7.71,4.77,True,orbT_up_sh,10:15,1,10000000.0,38.0,A
orbT_dn_sh|E10|k1|N10|A,172,10,S,-4.03,-42.03,52.9,103.3,-0.51,-65.9,-2.02,-6.09,True,orbT_dn_sh,10:15,1,10000000.0,38.0,A
orbT_dn_lg|E10|k1|N10|A,172,10,L,4.03,-33.97,47.1,103.3,0.51,-58.1,2.02,6.09,True,orbT_dn_lg,10:15,1,10000000.0,38.0,A
orbT_up_small|E10|k1|N10|A,129,10,L,-5.06,-43.06,48.1,97.6,-0.59,-66.7,-5.53,-4.58,True,orbT_up_small,10:15,1,10000000.0,38.0,A
orbT_up_small_sh|E10|k1|N10|A,129,10,S,5.06,-32.94,51.9,97.6,0.59,-57.0,5.53,4.58,True,orbT_up_small_sh,10:15,1,10000000.0,38.0,A
orbT_dn_small_sh|E10|k1|N10|A,172,10,S,-6.92,-44.92,52.3,103.0,-0.88,-68.3,-5.9,-7.95,True,orbT_dn_small_sh,10:15,1,10000000.0,38.0,A
orbT_dn_small_lg|E10|k1|N10|A,172,10,L,6.92,-31.08,47.7,103.0,0.88,-55.0,5.9,7.95,True,orbT_dn_small_lg,10:15,1,10000000.0,38.0,A
inside_posor|E10|k1|N10|A,480,10,L,1.41,-36.59,51.5,70.2,0.44,-60.5,0.24,2.59,True,inside_posor,10:15,1,10000000.0,38.0,A
inside_posor_sh|E10|k1|N10|A,480,10,S,-1.41,-39.41,48.5,70.2,-0.44,-63.3,-0.24,-2.59,True,inside_posor_sh,10:15,1,10000000.0,38.0,A
inside_posor_lo|E10|k1|N10|A,480,10,L,3.8,-34.2,51.2,70.4,1.18,-58.1,6.4,1.18,True,inside_posor_lo,10:15,1,10000000.0,38.0,A
or_wide|E10|k1|N10|A,480,10,L,2.99,-35.01,52.5,98.5,0.66,-59.2,3.49,2.48,True,or_wide,10:15,1,10000000.0,38.0,A
or_wide_sh|E10|k1|N10|A,480,10,S,-2.99,-40.99,47.5,98.5,-0.66,-64.9,-3.49,-2.48,True,or_wide_sh,10:15,1,10000000.0,38.0,A
or_narrow|E10|k1|N10|A,480,10,L,-1.87,-39.87,50.0,60.9,-0.67,-63.6,-3.79,0.07,False,or_narrow,10:15,1,10000000.0,38.0,A
or_narrow_sh|E10|k1|N10|A,480,10,S,1.87,-36.13,50.0,60.9,0.67,-60.0,3.79,-0.07,False,or_narrow_sh,10:15,1,10000000.0,38.0,A
or_wrel_hi|E10|k1|N10|A,480,10,L,0.92,-37.08,50.8,107.5,0.19,-61.4,4.12,-2.31,False,or_wrel_hi,10:15,1,10000000.0,38.0,A
or_wrel_lo|E10|k1|N10|A,480,10,L,-3.52,-41.52,45.2,72.9,-1.06,-65.2,-5.56,-1.46,True,or_wrel_lo,10:15,1,10000000.0,38.0,A
or_wrel_hi_sh|E10|k1|N10|A,480,10,S,-0.92,-38.92,49.2,107.5,-0.19,-63.1,-4.12,2.31,False,or_wrel_hi_sh,10:15,1,10000000.0,38.0,A
or_wrel_lo_sh|E10|k1|N10|A,480,10,S,3.52,-34.48,54.8,72.9,1.06,-58.4,5.56,1.46,True,or_wrel_lo_sh,10:15,1,10000000.0,38.0,A
rng_expand|E10|k1|N10|A,480,10,L,2.99,-35.01,52.5,98.5,0.66,-59.2,3.49,2.48,True,rng_expand,10:15,1,10000000.0,38.0,A
rng_expand_sh|E10|k1|N10|A,480,10,S,-2.99,-40.99,47.5,98.5,-0.66,-64.9,-3.49,-2.48,True,rng_expand_sh,10:15,1,10000000.0,38.0,A
rng_compress|E10|k1|N10|A,480,10,L,-1.87,-39.87,50.0,60.9,-0.67,-63.6,-3.79,0.07,False,rng_compress,10:15,1,10000000.0,38.0,A
rng_compress_sh|E10|k1|N10|A,480,10,S,1.87,-36.13,50.0,60.9,0.67,-60.0,3.79,-0.07,False,rng_compress_sh,10:15,1,10000000.0,38.0,A
vol20_hi|E10|k1|N10|A,479,10,L,-5.81,-43.81,48.0,122.4,-1.04,-67.5,-3.67,-7.96,True,vol20_hi,10:15,1,10000000.0,38.0,A
vol20_hi_sh|E10|k1|N10|A,479,10,S,5.81,-32.19,52.0,122.4,1.04,-56.5,3.67,7.96,True,vol20_hi_sh,10:15,1,10000000.0,38.0,A
vol20_lo|E10|k1|N10|A,479,10,L,1.0,-37.0,52.0,21.8,1.0,-60.7,2.81,-0.81,False,vol20_lo,10:15,1,10000000.0,38.0,A
vol20_lo_sh|E10|k1|N10|A,479,10,S,-1.0,-39.0,48.0,21.8,-1.0,-62.7,-2.81,0.81,False,vol20_lo_sh,10:15,1,10000000.0,38.0,A
atr_hi|E10|k1|N10|A,480,10,L,-5.78,-43.78,50.0,122.7,-1.03,-67.5,-2.42,-9.17,True,atr_hi,10:15,1,10000000.0,38.0,A
atr_lo|E10|k1|N10|A,480,10,L,2.48,-35.52,58.8,19.2,2.83,-59.2,3.56,1.39,True,atr_lo,10:15,1,10000000.0,38.0,A
atr_hi_sh|E10|k1|N10|A,480,10,S,5.78,-32.22,50.0,122.7,1.03,-56.5,2.42,9.17,True,atr_hi_sh,10:15,1,10000000.0,38.0,A
gap_up|E10|k1|N10|A,480,10,L,4.1,-33.9,50.4,98.4,0.91,-58.0,-0.88,9.11,False,gap_up,10:15,1,10000000.0,38.0,A
gap_up_sh|E10|k1|N10|A,480,10,S,-4.1,-42.1,49.6,98.4,-0.91,-65.9,0.88,-9.11,False,gap_up_sh,10:15,1,10000000.0,38.0,A
gap_dn_lg|E10|k1|N10|A,480,10,L,2.13,-35.87,47.7,102.2,0.46,-60.1,10.19,-6.01,False,gap_dn_lg,10:15,1,10000000.0,38.0,A
gap_dn_sh|E10|k1|N10|A,480,10,S,-2.13,-40.13,52.3,102.2,-0.46,-64.2,-10.19,6.01,False,gap_dn_sh,10:15,1,10000000.0,38.0,A
posrange_hivol|E10|k1|N10|A,479,10,L,-5.52,-43.52,52.6,101.9,-1.19,-67.1,-9.38,-1.65,True,posrange_hivol,10:15,1,10000000.0,38.0,A
posrange_lovol|E10|k1|N10|A,479,10,L,-1.08,-39.08,48.4,56.5,-0.42,-62.9,-1.38,-0.78,True,posrange_lovol,10:15,1,10000000.0,38.0,A
posrange_hivol_sh|E10|k1|N10|A,479,10,S,5.52,-32.48,47.4,101.9,1.19,-56.5,9.38,1.65,True,posrange_hivol_sh,10:15,1,10000000.0,38.0,A
posrange_lovol_sh|E10|k1|N10|A,479,10,S,1.08,-36.92,51.6,56.5,0.42,-60.8,1.38,0.78,True,posrange_lovol_sh,10:15,1,10000000.0,38.0,A
orb_minus_width|E10|k1|N10|A,480,10,L,-0.0,-38.0,49.2,66.9,-0.0,-61.9,-1.94,1.96,False,orb_minus_width,10:15,1,10000000.0,38.0,A
orb_plus_width|E10|k1|N10|A,480,10,L,2.48,-35.52,51.0,97.3,0.56,-59.7,3.02,1.94,True,orb_plus_width,10:15,1,10000000.0,38.0,A
orb_plus_width_sh|E10|k1|N10|A,480,10,S,-2.48,-40.48,49.0,97.3,-0.56,-64.5,-3.02,-1.94,True,orb_plus_width_sh,10:15,1,10000000.0,38.0,A
orb_minus_width_sh|E10|k1|N10|A,480,10,S,0.0,-38.0,50.8,66.9,0.0,-61.9,1.94,-1.96,False,orb_minus_width_sh,10:15,1,10000000.0,38.0,A
orb_minus_d20|E10|k1|N10|A,469,10,L,6.02,-31.98,53.9,97.9,1.33,-55.9,7.0,5.04,True,orb_minus_d20,10:15,1,10000000.0,38.0,A
orb_plus_d20|E10|k1|N10|A,469,10,L,-4.77,-42.77,48.0,107.6,-0.96,-66.5,1.35,-10.91,False,orb_plus_d20,10:15,1,10000000.0,38.0,A
orb_plus_d20_sh|E10|k1|N10|A,469,10,S,4.77,-33.23,52.0,107.6,0.96,-57.4,-1.35,10.91,False,orb_plus_d20_sh,10:15,1,10000000.0,38.0,A
orb_plus_pct52|E10|k1|N10|A,430,10,L,-1.67,-39.67,51.2,68.9,-0.5,-63.5,-0.26,-3.09,True,orb_plus_pct52,10:15,1,10000000.0,38.0,A
orb_plus_pct52_sh|E10|k1|N10|A,430,10,S,1.67,-36.33,48.8,68.9,0.5,-60.3,0.26,3.09,True,orb_plus_pct52_sh,10:15,1,10000000.0,38.0,A
compress_then_pos|E10|k1|N10|A,480,10,L,-0.0,-38.0,49.2,66.9,-0.0,-61.9,-1.94,1.96,False,compress_then_pos,10:15,1,10000000.0,38.0,A
compress_then_pos_sh|E10|k1|N10|A,480,10,S,0.0,-38.0,50.8,66.9,0.0,-61.9,1.94,-1.96,False,compress_then_pos_sh,10:15,1,10000000.0,38.0,A
expand_then_pos|E10|k1|N10|A,480,10,L,2.48,-35.52,51.0,97.3,0.56,-59.7,3.02,1.94,True,expand_then_pos,10:15,1,10000000.0,38.0,A
expand_then_pos_sh|E10|k1|N10|A,480,10,S,-2.48,-40.48,49.0,97.3,-0.56,-64.5,-3.02,-1.94,True,expand_then_pos_sh,10:15,1,10000000.0,38.0,A
orb_up|E10|k1|N20|A,480,20,L,0.12,-37.88,51.7,69.0,0.04,-61.8,0.11,0.14,True,orb_up,10:15,1,10000000.0,38.0,A
orb_up_sh|E10|k1|N20|A,480,20,S,-0.12,-38.12,48.3,69.0,-0.04,-62.0,-0.11,-0.14,True,orb_up_sh,10:15,1,10000000.0,38.0,A
orb_dn_sh|E10|k1|N20|A,480,20,S,-1.48,-39.48,49.8,69.6,-0.46,-63.3,-1.2,-1.75,True,orb_dn_sh,10:15,1,10000000.0,38.0,A
orb_dn_lg|E10|k1|N20|A,480,20,L,1.48,-36.52,50.2,69.6,0.46,-60.5,1.2,1.75,True,orb_dn_lg,10:15,1,10000000.0,38.0,A
orb_up_sig|E10|k1|N20|A,480,20,L,0.34,-37.66,52.7,63.0,0.12,-61.6,-0.7,1.38,False,orb_up_sig,10:15,1,10000000.0,38.0,A
orb_up_sig_sh|E10|k1|N20|A,480,20,S,-0.34,-38.34,47.3,63.0,-0.12,-62.2,0.7,-1.38,False,orb_up_sig_sh,10:15,1,10000000.0,38.0,A
orb_dn_sig_sh|E10|k1|N20|A,480,20,S,-2.6,-40.6,47.3,66.1,-0.86,-64.3,-3.06,-2.14,True,orb_dn_sig_sh,10:15,1,10000000.0,38.0,A
orb_dn_sig_lg|E10|k1|N20|A,480,20,L,2.6,-35.4,52.7,66.1,0.86,-59.3,3.06,2.14,True,orb_dn_sig_lg,10:15,1,10000000.0,38.0,A
pos_in_or|E10|k1|N20|A,480,20,L,0.12,-37.88,51.7,69.0,0.04,-61.8,0.11,0.14,True,pos_in_or,10:15,1,10000000.0,38.0,A
pos_in_or_sh|E10|k1|N20|A,480,20,S,-0.12,-38.12,48.3,69.0,-0.04,-62.0,-0.11,-0.14,True,pos_in_or_sh,10:15,1,10000000.0,38.0,A
pos_in_or_lo|E10|k1|N20|A,480,20,L,1.48,-36.52,50.2,69.6,0.46,-60.5,1.2,1.75,True,pos_in_or_lo,10:15,1,10000000.0,38.0,A
pos_in_or_lo_sh|E10|k1|N20|A,480,20,S,-1.48,-39.48,49.8,69.6,-0.46,-63.3,-1.2,-1.75,True,pos_in_or_lo_sh,10:15,1,10000000.0,38.0,A
or_close_pos|E10|k1|N20|A,480,20,L,0.64,-37.36,51.2,68.6,0.2,-61.3,0.05,1.23,True,or_close_pos,10:15,1,10000000.0,38.0,A
or_close_pos_lo|E10|k1|N20|A,480,20,L,-0.36,-38.36,51.2,69.6,-0.11,-62.3,-0.86,0.14,False,or_close_pos_lo,10:15,1,10000000.0,38.0,A
or_close_pos_sh|E10|k1|N20|A,480,20,S,-0.64,-38.64,48.8,68.6,-0.2,-62.5,-0.05,-1.23,True,or_close_pos_sh,10:15,1,10000000.0,38.0,A
posrange_hi|E10|k1|N20|A,480,20,L,0.12,-37.88,51.7,69.0,0.04,-61.8,0.11,0.14,True,posrange_hi,10:15,1,10000000.0,38.0,A
posrange_hi_sh|E10|k1|N20|A,480,20,S,-0.12,-38.12,48.3,69.0,-0.04,-62.0,-0.11,-0.14,True,posrange_hi_sh,10:15,1,10000000.0,38.0,A
posrange_lo|E10|k1|N20|A,480,20,L,1.48,-36.52,50.2,69.6,0.46,-60.5,1.2,1.75,True,posrange_lo,10:15,1,10000000.0,38.0,A
posrange_lo_sh|E10|k1|N20|A,480,20,S,-1.48,-39.48,49.8,69.6,-0.46,-63.3,-1.2,-1.75,True,posrange_lo_sh,10:15,1,10000000.0,38.0,A
today_sofar|E10|k1|N20|A,480,20,L,1.61,-36.39,53.1,90.9,0.39,-60.5,0.2,3.03,True,today_sofar,10:15,1,10000000.0,38.0,A
today_sofar_sh|E10|k1|N20|A,480,20,S,-1.61,-39.61,46.9,90.9,-0.39,-63.6,-0.2,-3.03,True,today_sofar_sh,10:15,1,10000000.0,38.0,A
today_sofar_lo|E10|k1|N20|A,480,20,L,-1.87,-39.87,49.6,91.2,-0.45,-63.8,-2.62,-1.11,True,today_sofar_lo,10:15,1,10000000.0,38.0,A
or_ret|E10|k1|N20|A,480,20,L,2.04,-35.96,54.2,90.5,0.49,-60.1,0.75,3.33,True,or_ret,10:15,1,10000000.0,38.0,A
or_ret_sh|E10|k1|N20|A,480,20,S,-2.04,-40.04,45.8,90.5,-0.49,-64.0,-0.75,-3.33,True,or_ret_sh,10:15,1,10000000.0,38.0,A
inside_posor|E10|k1|N20|A,480,20,L,0.79,-37.21,51.7,68.6,0.25,-61.1,0.74,0.85,True,inside_posor,10:15,1,10000000.0,38.0,A
inside_posor_sh|E10|k1|N20|A,480,20,S,-0.79,-38.79,48.3,68.6,-0.25,-62.7,-0.74,-0.85,True,inside_posor_sh,10:15,1,10000000.0,38.0,A
inside_posor_lo|E10|k1|N20|A,480,20,L,1.43,-36.57,50.4,69.8,0.45,-60.5,0.94,1.91,True,inside_posor_lo,10:15,1,10000000.0,38.0,A
or_wide|E10|k1|N20|A,480,20,L,2.6,-35.4,52.7,85.3,0.67,-59.5,4.93,0.25,True,or_wide,10:15,1,10000000.0,38.0,A
or_wide_sh|E10|k1|N20|A,480,20,S,-2.6,-40.6,47.3,85.3,-0.67,-64.5,-4.93,-0.25,True,or_wide_sh,10:15,1,10000000.0,38.0,A
or_narrow|E10|k1|N20|A,480,20,L,-2.47,-40.47,47.1,61.3,-0.88,-64.2,-3.04,-1.9,True,or_narrow,10:15,1,10000000.0,38.0,A
or_narrow_sh|E10|k1|N20|A,480,20,S,2.47,-35.53,52.9,61.3,0.88,-59.4,3.04,1.9,True,or_narrow_sh,10:15,1,10000000.0,38.0,A
or_wrel_hi|E10|k1|N20|A,480,20,L,1.64,-36.36,52.5,89.2,0.4,-60.5,3.9,-0.63,False,or_wrel_hi,10:15,1,10000000.0,38.0,A
or_wrel_lo|E10|k1|N20|A,480,20,L,-1.91,-39.91,48.5,71.8,-0.58,-63.7,-4.49,0.68,False,or_wrel_lo,10:15,1,10000000.0,38.0,A
or_wrel_hi_sh|E10|k1|N20|A,480,20,S,-1.64,-39.64,47.5,89.2,-0.4,-63.6,-3.9,0.63,False,or_wrel_hi_sh,10:15,1,10000000.0,38.0,A
or_wrel_lo_sh|E10|k1|N20|A,480,20,S,1.91,-36.09,51.5,71.8,0.58,-60.1,4.49,-0.68,False,or_wrel_lo_sh,10:15,1,10000000.0,38.0,A
rng_expand|E10|k1|N20|A,480,20,L,2.6,-35.4,52.7,85.3,0.67,-59.5,4.93,0.25,True,rng_expand,10:15,1,10000000.0,38.0,A
rng_expand_sh|E10|k1|N20|A,480,20,S,-2.6,-40.6,47.3,85.3,-0.67,-64.5,-4.93,-0.25,True,rng_expand_sh,10:15,1,10000000.0,38.0,A
rng_compress|E10|k1|N20|A,480,20,L,-2.47,-40.47,47.1,61.3,-0.88,-64.2,-3.04,-1.9,True,rng_compress,10:15,1,10000000.0,38.0,A
rng_compress_sh|E10|k1|N20|A,480,20,S,2.47,-35.53,52.9,61.3,0.88,-59.4,3.04,1.9,True,rng_compress_sh,10:15,1,10000000.0,38.0,A
vol20_hi|E10|k1|N20|A,479,20,L,-8.43,-46.43,47.2,104.5,-1.77,-69.5,-7.41,-9.45,True,vol20_hi,10:15,1,10000000.0,38.0,A
vol20_hi_sh|E10|k1|N20|A,479,20,S,8.43,-29.57,52.8,104.5,1.77,-53.2,7.41,9.45,True,vol20_hi_sh,10:15,1,10000000.0,38.0,A
vol20_lo|E10|k1|N20|A,479,20,L,0.88,-37.12,51.4,33.8,0.57,-60.9,1.51,0.25,True,vol20_lo,10:15,1,10000000.0,38.0,A
vol20_lo_sh|E10|k1|N20|A,479,20,S,-0.88,-38.88,48.6,33.8,-0.57,-62.6,-1.51,-0.25,True,vol20_lo_sh,10:15,1,10000000.0,38.0,A
atr_hi|E10|k1|N20|A,480,20,L,-7.62,-45.62,48.1,108.3,-1.54,-68.9,-7.04,-8.21,True,atr_hi,10:15,1,10000000.0,38.0,A
atr_lo|E10|k1|N20|A,480,20,L,2.25,-35.75,55.0,31.2,1.58,-59.5,2.65,1.85,True,atr_lo,10:15,1,10000000.0,38.0,A
atr_hi_sh|E10|k1|N20|A,480,20,S,7.62,-30.38,51.9,108.3,1.54,-54.2,7.04,8.21,True,atr_hi_sh,10:15,1,10000000.0,38.0,A
gap_up|E10|k1|N20|A,480,20,L,0.5,-37.5,50.8,84.1,0.13,-61.6,-5.21,6.25,False,gap_up,10:15,1,10000000.0,38.0,A
gap_up_sh|E10|k1|N20|A,480,20,S,-0.5,-38.5,49.2,84.1,-0.13,-62.5,5.21,-6.25,False,gap_up_sh,10:15,1,10000000.0,38.0,A
gap_dn_lg|E10|k1|N20|A,480,20,L,2.28,-35.72,51.2,84.5,0.59,-59.8,7.66,-3.15,False,gap_dn_lg,10:15,1,10000000.0,38.0,A
gap_dn_sh|E10|k1|N20|A,480,20,S,-2.28,-40.28,48.8,84.5,-0.59,-64.2,-7.66,3.15,False,gap_dn_sh,10:15,1,10000000.0,38.0,A
posrange_hivol|E10|k1|N20|A,479,20,L,-0.66,-38.66,53.7,93.6,-0.16,-62.7,-4.31,3.0,False,posrange_hivol,10:15,1,10000000.0,38.0,A
posrange_lovol|E10|k1|N20|A,479,20,L,-0.73,-38.73,49.1,53.3,-0.3,-62.5,-1.77,0.31,False,posrange_lovol,10:15,1,10000000.0,38.0,A
posrange_hivol_sh|E10|k1|N20|A,479,20,S,0.66,-37.34,46.3,93.6,0.16,-61.5,4.31,-3.0,False,posrange_hivol_sh,10:15,1,10000000.0,38.0,A
posrange_lovol_sh|E10|k1|N20|A,479,20,S,0.73,-37.27,50.9,53.3,0.3,-61.1,1.77,-0.31,False,posrange_lovol_sh,10:15,1,10000000.0,38.0,A
orb_minus_width|E10|k1|N20|A,480,20,L,-0.34,-38.34,51.2,64.2,-0.12,-62.2,-1.16,0.49,False,orb_minus_width,10:15,1,10000000.0,38.0,A
orb_plus_width|E10|k1|N20|A,480,20,L,2.63,-35.37,52.1,81.1,0.71,-59.4,2.47,2.8,True,orb_plus_width,10:15,1,10000000.0,38.0,A
orb_plus_width_sh|E10|k1|N20|A,480,20,S,-2.63,-40.63,47.9,81.1,-0.71,-64.5,-2.47,-2.8,True,orb_plus_width_sh,10:15,1,10000000.0,38.0,A
orb_minus_width_sh|E10|k1|N20|A,480,20,S,0.34,-37.66,48.8,64.2,0.12,-61.6,1.16,-0.49,False,orb_minus_width_sh,10:15,1,10000000.0,38.0,A
orb_minus_d20|E10|k1|N20|A,469,20,L,3.41,-34.59,54.8,84.9,0.87,-58.6,3.18,3.64,True,orb_minus_d20,10:15,1,10000000.0,38.0,A
orb_plus_d20|E10|k1|N20|A,469,20,L,-3.28,-41.28,48.8,83.5,-0.85,-65.1,1.37,-7.95,False,orb_plus_d20,10:15,1,10000000.0,38.0,A
orb_plus_d20_sh|E10|k1|N20|A,469,20,S,3.28,-34.72,51.2,83.5,0.85,-58.7,-1.37,7.95,False,orb_plus_d20_sh,10:15,1,10000000.0,38.0,A
orb_plus_pct52|E10|k1|N20|A,430,20,L,-0.09,-38.09,52.8,63.4,-0.03,-62.0,0.47,-0.66,False,orb_plus_pct52,10:15,1,10000000.0,38.0,A
orb_plus_pct52_sh|E10|k1|N20|A,430,20,S,0.09,-37.91,47.2,63.4,0.03,-61.8,-0.47,0.66,False,orb_plus_pct52_sh,10:15,1,10000000.0,38.0,A
compress_then_pos|E10|k1|N20|A,480,20,L,-0.34,-38.34,51.2,64.2,-0.12,-62.2,-1.16,0.49,False,compress_then_pos,10:15,1,10000000.0,38.0,A
compress_then_pos_sh|E10|k1|N20|A,480,20,S,0.34,-37.66,48.8,64.2,0.12,-61.6,1.16,-0.49,False,compress_then_pos_sh,10:15,1,10000000.0,38.0,A
expand_then_pos|E10|k1|N20|A,480,20,L,2.63,-35.37,52.1,81.1,0.71,-59.4,2.47,2.8,True,expand_then_pos,10:15,1,10000000.0,38.0,A
expand_then_pos_sh|E10|k1|N20|A,480,20,S,-2.63,-40.63,47.9,81.1,-0.71,-64.5,-2.47,-2.8,True,expand_then_pos_sh,10:15,1,10000000.0,38.0,A
orb_up|E10|k1|N30|A,480,30,L,0.81,-37.19,52.1,67.8,0.26,-61.1,1.11,0.5,True,orb_up,10:15,1,10000000.0,38.0,A
orb_up_sh|E10|k1|N30|A,480,30,S,-0.81,-38.81,47.9,67.8,-0.26,-62.7,-1.11,-0.5,True,orb_up_sh,10:15,1,10000000.0,38.0,A
orb_dn_sh|E10|k1|N30|A,480,30,S,-0.31,-38.31,46.2,69.1,-0.1,-62.2,0.59,-1.21,False,orb_dn_sh,10:15,1,10000000.0,38.0,A
orb_dn_lg|E10|k1|N30|A,480,30,L,0.31,-37.69,53.8,69.1,0.1,-61.6,-0.59,1.21,False,orb_dn_lg,10:15,1,10000000.0,38.0,A
orb_up_sig|E10|k1|N30|A,480,30,L,0.01,-37.99,52.7,62.5,0.0,-61.9,-1.47,1.51,False,orb_up_sig,10:15,1,10000000.0,38.0,A
orb_up_sig_sh|E10|k1|N30|A,480,30,S,-0.01,-38.01,47.3,62.5,-0.0,-61.9,1.47,-1.51,False,orb_up_sig_sh,10:15,1,10000000.0,38.0,A
orb_dn_sig_sh|E10|k1|N30|A,480,30,S,-0.96,-38.96,47.3,66.9,-0.31,-62.8,-0.46,-1.46,True,orb_dn_sig_sh,10:15,1,10000000.0,38.0,A
orb_dn_sig_lg|E10|k1|N30|A,480,30,L,0.96,-37.04,52.7,66.9,0.31,-61.0,0.46,1.46,True,orb_dn_sig_lg,10:15,1,10000000.0,38.0,A
pos_in_or|E10|k1|N30|A,480,30,L,0.81,-37.19,52.1,67.8,0.26,-61.1,1.11,0.5,True,pos_in_or,10:15,1,10000000.0,38.0,A
pos_in_or_sh|E10|k1|N30|A,480,30,S,-0.81,-38.81,47.9,67.8,-0.26,-62.7,-1.11,-0.5,True,pos_in_or_sh,10:15,1,10000000.0,38.0,A
pos_in_or_lo|E10|k1|N30|A,480,30,L,0.31,-37.69,53.8,69.1,0.1,-61.6,-0.59,1.21,False,pos_in_or_lo,10:15,1,10000000.0,38.0,A
pos_in_or_lo_sh|E10|k1|N30|A,480,30,S,-0.31,-38.31,46.2,69.1,-0.1,-62.2,0.59,-1.21,False,pos_in_or_lo_sh,10:15,1,10000000.0,38.0,A
or_close_pos|E10|k1|N30|A,480,30,L,1.56,-36.44,51.7,68.2,0.5,-60.4,0.42,2.72,True,or_close_pos,10:15,1,10000000.0,38.0,A
or_close_pos_lo|E10|k1|N30|A,480,30,L,-0.79,-38.79,50.2,69.0,-0.25,-62.7,-1.81,0.23,False,or_close_pos_lo,10:15,1,10000000.0,38.0,A
or_close_pos_sh|E10|k1|N30|A,480,30,S,-1.56,-39.56,48.3,68.2,-0.5,-63.4,-0.42,-2.72,True,or_close_pos_sh,10:15,1,10000000.0,38.0,A
posrange_hi|E10|k1|N30|A,480,30,L,0.81,-37.19,52.1,67.8,0.26,-61.1,1.11,0.5,True,posrange_hi,10:15,1,10000000.0,38.0,A
posrange_hi_sh|E10|k1|N30|A,480,30,S,-0.81,-38.81,47.9,67.8,-0.26,-62.7,-1.11,-0.5,True,posrange_hi_sh,10:15,1,10000000.0,38.0,A
posrange_lo|E10|k1|N30|A,480,30,L,0.31,-37.69,53.8,69.1,0.1,-61.6,-0.59,1.21,False,posrange_lo,10:15,1,10000000.0,38.0,A
posrange_lo_sh|E10|k1|N30|A,480,30,S,-0.31,-38.31,46.2,69.1,-0.1,-62.2,0.59,-1.21,False,posrange_lo_sh,10:15,1,10000000.0,38.0,A
today_sofar|E10|k1|N30|A,480,30,L,2.26,-35.74,54.2,82.6,0.6,-59.8,3.34,1.18,True,today_sofar,10:15,1,10000000.0,38.0,A
today_sofar_sh|E10|k1|N30|A,480,30,S,-2.26,-40.26,45.8,82.6,-0.6,-64.1,-3.34,-1.18,True,today_sofar_sh,10:15,1,10000000.0,38.0,A
today_sofar_lo|E10|k1|N30|A,480,30,L,-1.11,-39.11,48.8,87.5,-0.28,-63.1,-3.37,1.18,False,today_sofar_lo,10:15,1,10000000.0,38.0,A
or_ret|E10|k1|N30|A,480,30,L,2.53,-35.47,55.0,82.2,0.67,-59.5,3.12,1.94,True,or_ret,10:15,1,10000000.0,38.0,A
or_ret_sh|E10|k1|N30|A,480,30,S,-2.53,-40.53,45.0,82.2,-0.67,-64.4,-3.12,-1.94,True,or_ret_sh,10:15,1,10000000.0,38.0,A
inside_posor|E10|k1|N30|A,480,30,L,1.19,-36.81,52.3,67.3,0.39,-60.7,1.36,1.03,True,inside_posor,10:15,1,10000000.0,38.0,A
inside_posor_sh|E10|k1|N30|A,480,30,S,-1.19,-39.19,47.7,67.3,-0.39,-63.0,-1.36,-1.03,True,inside_posor_sh,10:15,1,10000000.0,38.0,A
inside_posor_lo|E10|k1|N30|A,480,30,L,0.79,-37.21,52.9,69.1,0.25,-61.2,-0.35,1.93,False,inside_posor_lo,10:15,1,10000000.0,38.0,A
or_wide|E10|k1|N30|A,480,30,L,2.21,-35.79,53.1,79.0,0.61,-59.8,4.96,-0.56,False,or_wide,10:15,1,10000000.0,38.0,A
or_wide_sh|E10|k1|N30|A,480,30,S,-2.21,-40.21,46.9,79.0,-0.61,-64.1,-4.96,0.56,False,or_wide_sh,10:15,1,10000000.0,38.0,A
or_narrow|E10|k1|N30|A,480,30,L,-2.79,-40.79,46.7,63.6,-0.96,-64.5,-4.34,-1.22,True,or_narrow,10:15,1,10000000.0,38.0,A
or_narrow_sh|E10|k1|N30|A,480,30,S,2.79,-35.21,53.3,63.6,0.96,-59.1,4.34,1.22,True,or_narrow_sh,10:15,1,10000000.0,38.0,A
or_wrel_hi|E10|k1|N30|A,480,30,L,1.9,-36.1,52.7,79.8,0.52,-60.1,3.26,0.52,True,or_wrel_hi,10:15,1,10000000.0,38.0,A
or_wrel_lo|E10|k1|N30|A,480,30,L,-2.4,-40.4,46.7,69.2,-0.76,-64.2,-3.42,-1.37,True,or_wrel_lo,10:15,1,10000000.0,38.0,A
or_wrel_hi_sh|E10|k1|N30|A,480,30,S,-1.9,-39.9,47.3,79.8,-0.52,-63.8,-3.26,-0.52,True,or_wrel_hi_sh,10:15,1,10000000.0,38.0,A
or_wrel_lo_sh|E10|k1|N30|A,480,30,S,2.4,-35.6,53.3,69.2,0.76,-59.5,3.42,1.37,True,or_wrel_lo_sh,10:15,1,10000000.0,38.0,A
rng_expand|E10|k1|N30|A,480,30,L,2.21,-35.79,53.1,79.0,0.61,-59.8,4.96,-0.56,False,rng_expand,10:15,1,10000000.0,38.0,A
rng_expand_sh|E10|k1|N30|A,480,30,S,-2.21,-40.21,46.9,79.0,-0.61,-64.1,-4.96,0.56,False,rng_expand_sh,10:15,1,10000000.0,38.0,A
rng_compress|E10|k1|N30|A,480,30,L,-2.79,-40.79,46.7,63.6,-0.96,-64.5,-4.34,-1.22,True,rng_compress,10:15,1,10000000.0,38.0,A
rng_compress_sh|E10|k1|N30|A,480,30,S,2.79,-35.21,53.3,63.6,0.96,-59.1,4.34,1.22,True,rng_compress_sh,10:15,1,10000000.0,38.0,A
vol20_hi|E10|k1|N30|A,479,30,L,-7.28,-45.28,47.4,98.8,-1.61,-68.5,-6.42,-8.15,True,vol20_hi,10:15,1,10000000.0,38.0,A
vol20_hi_sh|E10|k1|N30|A,479,30,S,7.28,-30.72,52.6,98.8,1.61,-54.5,6.42,8.15,True,vol20_hi_sh,10:15,1,10000000.0,38.0,A
vol20_lo|E10|k1|N30|A,479,30,L,1.23,-36.77,51.8,39.1,0.69,-60.6,1.1,1.36,True,vol20_lo,10:15,1,10000000.0,38.0,A
vol20_lo_sh|E10|k1|N30|A,479,30,S,-1.23,-39.23,48.2,39.1,-0.69,-62.9,-1.1,-1.36,True,vol20_lo_sh,10:15,1,10000000.0,38.0,A
atr_hi|E10|k1|N30|A,480,30,L,-6.39,-44.39,47.5,100.9,-1.39,-67.8,-5.96,-6.83,True,atr_hi,10:15,1,10000000.0,38.0,A
atr_lo|E10|k1|N30|A,480,30,L,1.69,-36.31,54.8,36.3,1.02,-60.1,2.03,1.34,True,atr_lo,10:15,1,10000000.0,38.0,A
atr_hi_sh|E10|k1|N30|A,480,30,S,6.39,-31.61,52.5,100.9,1.39,-55.5,5.96,6.83,True,atr_hi_sh,10:15,1,10000000.0,38.0,A
gap_up|E10|k1|N30|A,480,30,L,-0.41,-38.41,51.9,80.3,-0.11,-62.4,-5.24,4.45,False,gap_up,10:15,1,10000000.0,38.0,A
gap_up_sh|E10|k1|N30|A,480,30,S,0.41,-37.59,48.1,80.3,0.11,-61.6,5.24,-4.45,False,gap_up_sh,10:15,1,10000000.0,38.0,A
gap_dn_lg|E10|k1|N30|A,480,30,L,2.83,-35.17,54.0,79.1,0.79,-59.2,7.2,-1.57,False,gap_dn_lg,10:15,1,10000000.0,38.0,A
gap_dn_sh|E10|k1|N30|A,480,30,S,-2.83,-40.83,46.0,79.1,-0.79,-64.6,-7.2,1.57,False,gap_dn_sh,10:15,1,10000000.0,38.0,A
posrange_hivol|E10|k1|N30|A,479,30,L,-1.09,-39.09,53.0,91.5,-0.26,-63.1,-4.47,2.3,False,posrange_hivol,10:15,1,10000000.0,38.0,A
posrange_lovol|E10|k1|N30|A,479,30,L,-0.21,-38.21,50.9,53.2,-0.09,-62.0,-1.59,1.18,False,posrange_lovol,10:15,1,10000000.0,38.0,A
posrange_hivol_sh|E10|k1|N30|A,479,30,S,1.09,-36.91,47.0,91.5,0.26,-61.0,4.47,-2.3,False,posrange_hivol_sh,10:15,1,10000000.0,38.0,A
posrange_lovol_sh|E10|k1|N30|A,479,30,S,0.21,-37.79,49.1,53.2,0.09,-61.6,1.59,-1.18,False,posrange_lovol_sh,10:15,1,10000000.0,38.0,A
orb_minus_width|E10|k1|N30|A,480,30,L,-1.36,-39.36,51.2,64.2,-0.47,-63.2,-2.46,-0.25,True,orb_minus_width,10:15,1,10000000.0,38.0,A
orb_plus_width|E10|k1|N30|A,480,30,L,2.0,-36.0,52.9,75.8,0.58,-60.0,2.11,1.89,True,orb_plus_width,10:15,1,10000000.0,38.0,A
orb_plus_width_sh|E10|k1|N30|A,480,30,S,-2.0,-40.0,47.1,75.8,-0.58,-63.8,-2.11,-1.89,True,orb_plus_width_sh,10:15,1,10000000.0,38.0,A
orb_minus_width_sh|E10|k1|N30|A,480,30,S,1.36,-36.64,48.8,64.2,0.47,-60.6,2.46,0.25,True,orb_minus_width_sh,10:15,1,10000000.0,38.0,A
orb_minus_d20|E10|k1|N30|A,469,30,L,3.02,-34.98,52.7,80.7,0.81,-59.0,2.15,3.9,True,orb_minus_d20,10:15,1,10000000.0,38.0,A
orb_plus_d20|E10|k1|N30|A,469,30,L,-2.32,-40.32,50.3,75.8,-0.66,-64.1,0.12,-4.76,False,orb_plus_d20,10:15,1,10000000.0,38.0,A
orb_plus_d20_sh|E10|k1|N30|A,469,30,S,2.32,-35.68,49.7,75.8,0.66,-59.7,-0.12,4.76,False,orb_plus_d20_sh,10:15,1,10000000.0,38.0,A
orb_plus_pct52|E10|k1|N30|A,430,30,L,-0.46,-38.46,54.0,60.3,-0.16,-62.3,0.72,-1.65,False,orb_plus_pct52,10:15,1,10000000.0,38.0,A
orb_plus_pct52_sh|E10|k1|N30|A,430,30,S,0.46,-37.54,46.0,60.3,0.16,-61.4,-0.72,1.65,False,orb_plus_pct52_sh,10:15,1,10000000.0,38.0,A
compress_then_pos|E10|k1|N30|A,480,30,L,-1.36,-39.36,51.2,64.2,-0.47,-63.2,-2.46,-0.25,True,compress_then_pos,10:15,1,10000000.0,38.0,A
compress_then_pos_sh|E10|k1|N30|A,480,30,S,1.36,-36.64,48.8,64.2,0.47,-60.6,2.46,0.25,True,compress_then_pos_sh,10:15,1,10000000.0,38.0,A
expand_then_pos|E10|k1|N30|A,480,30,L,2.0,-36.0,52.9,75.8,0.58,-60.0,2.11,1.89,True,expand_then_pos,10:15,1,10000000.0,38.0,A
expand_then_pos_sh|E10|k1|N30|A,480,30,S,-2.0,-40.0,47.1,75.8,-0.58,-63.8,-2.11,-1.89,True,expand_then_pos_sh,10:15,1,10000000.0,38.0,A
orb_up|E10|k1|N5|B,480,5,L,-0.83,-21.83,49.4,81.5,-0.22,-42.8,1.2,-2.88,False,orb_up,10:15,1,100000000.0,21.0,B
orb_up_sh|E10|k1|N5|B,480,5,S,0.83,-20.17,50.6,81.5,0.22,-40.4,-1.2,2.88,False,orb_up_sh,10:15,1,100000000.0,21.0,B
orb_dn_sh|E10|k1|N5|B,480,5,S,-2.17,-23.17,48.8,79.0,-0.6,-44.7,-2.64,-1.71,True,orb_dn_sh,10:15,1,100000000.0,21.0,B
orb_dn_lg|E10|k1|N5|B,480,5,L,2.17,-18.83,51.2,79.0,0.6,-38.3,2.64,1.71,True,orb_dn_lg,10:15,1,100000000.0,21.0,B
orb_up_sig|E10|k1|N5|B,480,5,L,-0.64,-21.64,48.5,76.0,-0.18,-42.5,1.52,-2.81,False,orb_up_sig,10:15,1,100000000.0,21.0,B
orb_up_sig_sh|E10|k1|N5|B,480,5,S,0.64,-20.36,51.5,76.0,0.18,-40.6,-1.52,2.81,False,orb_up_sig_sh,10:15,1,100000000.0,21.0,B
orb_dn_sig_sh|E10|k1|N5|B,480,5,S,-4.23,-25.23,50.2,79.1,-1.17,-47.5,-3.77,-4.69,True,orb_dn_sig_sh,10:15,1,100000000.0,21.0,B
orb_dn_sig_lg|E10|k1|N5|B,480,5,L,4.23,-16.77,49.8,79.1,1.17,-35.0,3.77,4.69,True,orb_dn_sig_lg,10:15,1,100000000.0,21.0,B
pos_in_or|E10|k1|N5|B,480,5,L,-0.83,-21.83,49.4,81.5,-0.22,-42.8,1.2,-2.88,False,pos_in_or,10:15,1,100000000.0,21.0,B
pos_in_or_sh|E10|k1|N5|B,480,5,S,0.83,-20.17,50.6,81.5,0.22,-40.4,-1.2,2.88,False,pos_in_or_sh,10:15,1,100000000.0,21.0,B
pos_in_or_lo|E10|k1|N5|B,480,5,L,2.17,-18.83,51.2,79.0,0.6,-38.3,2.64,1.71,True,pos_in_or_lo,10:15,1,100000000.0,21.0,B
pos_in_or_lo_sh|E10|k1|N5|B,480,5,S,-2.17,-23.17,48.8,79.0,-0.6,-44.7,-2.64,-1.71,True,pos_in_or_lo_sh,10:15,1,100000000.0,21.0,B
or_close_pos|E10|k1|N5|B,480,5,L,1.63,-19.37,52.5,77.0,0.46,-39.1,3.89,-0.64,False,or_close_pos,10:15,1,100000000.0,21.0,B
or_close_pos_lo|E10|k1|N5|B,480,5,L,-0.24,-21.24,47.9,77.8,-0.07,-41.9,-0.76,0.28,False,or_close_pos_lo,10:15,1,100000000.0,21.0,B
or_close_pos_sh|E10|k1|N5|B,480,5,S,-1.63,-22.63,47.5,77.0,-0.46,-43.9,-3.89,0.64,False,or_close_pos_sh,10:15,1,100000000.0,21.0,B
posrange_hi|E10|k1|N5|B,480,5,L,-0.83,-21.83,49.4,81.5,-0.22,-42.8,1.2,-2.88,False,posrange_hi,10:15,1,100000000.0,21.0,B
posrange_hi_sh|E10|k1|N5|B,480,5,S,0.83,-20.17,50.6,81.5,0.22,-40.4,-1.2,2.88,False,posrange_hi_sh,10:15,1,100000000.0,21.0,B
posrange_lo|E10|k1|N5|B,480,5,L,2.17,-18.83,51.2,79.0,0.6,-38.3,2.64,1.71,True,posrange_lo,10:15,1,100000000.0,21.0,B
posrange_lo_sh|E10|k1|N5|B,480,5,S,-2.17,-23.17,48.8,79.0,-0.6,-44.7,-2.64,-1.71,True,posrange_lo_sh,10:15,1,100000000.0,21.0,B
today_sofar|E10|k1|N5|B,480,5,L,2.99,-18.01,48.1,154.0,0.43,-38.4,0.69,5.32,True,today_sofar,10:15,1,100000000.0,21.0,B
today_sofar_sh|E10|k1|N5|B,480,5,S,-2.99,-23.99,51.9,154.0,-0.43,-47.0,-0.69,-5.32,True,today_sofar_sh,10:15,1,100000000.0,21.0,B
today_sofar_lo|E10|k1|N5|B,480,5,L,-5.33,-26.33,43.5,130.1,-0.9,-49.6,0.15,-10.86,False,today_sofar_lo,10:15,1,100000000.0,21.0,B
or_ret|E10|k1|N5|B,480,5,L,2.37,-18.63,48.3,154.1,0.34,-39.3,0.29,4.48,True,or_ret,10:15,1,100000000.0,21.0,B
or_ret_sh|E10|k1|N5|B,480,5,S,-2.37,-23.37,51.7,154.1,-0.34,-46.2,-0.29,-4.48,True,or_ret_sh,10:15,1,100000000.0,21.0,B
orbT_up|E10|k1|N5|B,123,5,L,-10.25,-31.25,46.3,93.0,-1.22,-55.1,-7.62,-12.92,True,orbT_up,10:15,1,100000000.0,21.0,B
orbT_up_sh|E10|k1|N5|B,123,5,S,10.25,-10.75,53.7,93.0,1.22,-24.6,7.62,12.92,True,orbT_up_sh,10:15,1,100000000.0,21.0,B
orbT_dn_sh|E10|k1|N5|B,161,5,S,-8.83,-29.83,52.2,108.2,-1.04,-53.6,-4.8,-12.91,True,orbT_dn_sh,10:15,1,100000000.0,21.0,B
orbT_dn_lg|E10|k1|N5|B,161,5,L,8.83,-12.17,47.8,108.2,1.04,-27.5,4.8,12.91,True,orbT_dn_lg,10:15,1,100000000.0,21.0,B
orbT_up_small|E10|k1|N5|B,123,5,L,-6.69,-27.69,48.0,94.4,-0.79,-50.8,-1.97,-11.47,True,orbT_up_small,10:15,1,100000000.0,21.0,B
orbT_up_small_sh|E10|k1|N5|B,123,5,S,6.69,-14.31,52.0,94.4,0.79,-31.1,1.97,11.47,True,orbT_up_small_sh,10:15,1,100000000.0,21.0,B
orbT_dn_small_sh|E10|k1|N5|B,161,5,S,-10.86,-31.86,50.3,106.1,-1.3,-55.9,-9.62,-12.12,True,orbT_dn_small_sh,10:15,1,100000000.0,21.0,B
orbT_dn_small_lg|E10|k1|N5|B,161,5,L,10.86,-10.14,49.7,106.1,1.3,-23.6,9.62,12.12,True,orbT_dn_small_lg,10:15,1,100000000.0,21.0,B
inside_posor|E10|k1|N5|B,480,5,L,3.03,-17.97,51.2,77.1,0.86,-36.9,5.0,1.03,True,inside_posor,10:15,1,100000000.0,21.0,B
inside_posor_sh|E10|k1|N5|B,480,5,S,-3.03,-24.03,48.8,77.1,-0.86,-45.9,-5.0,-1.03,True,inside_posor_sh,10:15,1,100000000.0,21.0,B
inside_posor_lo|E10|k1|N5|B,480,5,L,3.13,-17.87,53.1,70.8,0.97,-36.7,3.94,2.32,True,inside_posor_lo,10:15,1,100000000.0,21.0,B
or_wide|E10|k1|N5|B,480,5,L,-0.05,-21.05,48.1,122.8,-0.01,-42.3,7.15,-7.31,False,or_wide,10:15,1,100000000.0,21.0,B
or_wide_sh|E10|k1|N5|B,480,5,S,0.05,-20.95,51.9,122.8,0.01,-42.2,-7.15,7.31,False,or_wide_sh,10:15,1,100000000.0,21.0,B
or_narrow|E10|k1|N5|B,480,5,L,-0.41,-21.41,45.6,65.5,-0.14,-42.1,1.41,-2.25,False,or_narrow,10:15,1,100000000.0,21.0,B
or_narrow_sh|E10|k1|N5|B,480,5,S,0.41,-20.59,54.2,65.5,0.14,-40.8,-1.41,2.25,False,or_narrow_sh,10:15,1,100000000.0,21.0,B
or_wrel_hi|E10|k1|N5|B,480,5,L,-0.67,-21.67,47.7,127.3,-0.12,-43.3,6.56,-7.97,False,or_wrel_hi,10:15,1,100000000.0,21.0,B
or_wrel_lo|E10|k1|N5|B,480,5,L,-1.43,-22.43,45.8,82.8,-0.38,-43.7,-1.13,-1.73,True,or_wrel_lo,10:15,1,100000000.0,21.0,B
or_wrel_hi_sh|E10|k1|N5|B,480,5,S,0.67,-20.33,52.3,127.3,0.12,-41.3,-6.56,7.97,False,or_wrel_hi_sh,10:15,1,100000000.0,21.0,B
or_wrel_lo_sh|E10|k1|N5|B,480,5,S,1.43,-19.57,54.0,82.8,0.38,-39.5,1.13,1.73,True,or_wrel_lo_sh,10:15,1,100000000.0,21.0,B
rng_expand|E10|k1|N5|B,480,5,L,-0.05,-21.05,48.1,122.8,-0.01,-42.3,7.15,-7.31,False,rng_expand,10:15,1,100000000.0,21.0,B
rng_expand_sh|E10|k1|N5|B,480,5,S,0.05,-20.95,51.9,122.8,0.01,-42.2,-7.15,7.31,False,rng_expand_sh,10:15,1,100000000.0,21.0,B
rng_compress|E10|k1|N5|B,480,5,L,-0.41,-21.41,45.6,65.5,-0.14,-42.1,1.41,-2.25,False,rng_compress,10:15,1,100000000.0,21.0,B
rng_compress_sh|E10|k1|N5|B,480,5,S,0.41,-20.59,54.2,65.5,0.14,-40.8,-1.41,2.25,False,rng_compress_sh,10:15,1,100000000.0,21.0,B
vol20_hi|E10|k1|N5|B,479,5,L,-6.08,-27.08,47.6,146.7,-0.91,-50.9,-3.93,-8.23,True,vol20_hi,10:15,1,100000000.0,21.0,B
vol20_hi_sh|E10|k1|N5|B,479,5,S,6.08,-14.92,52.4,146.7,0.91,-33.2,3.93,8.23,True,vol20_hi_sh,10:15,1,100000000.0,21.0,B
vol20_lo|E10|k1|N5|B,479,5,L,0.18,-20.82,46.3,3.7,1.09,-40.9,0.39,-0.02,False,vol20_lo,10:15,1,100000000.0,21.0,B
vol20_lo_sh|E10|k1|N5|B,479,5,S,-0.18,-21.18,52.0,3.7,-1.09,-41.4,-0.39,0.02,False,vol20_lo_sh,10:15,1,100000000.0,21.0,B
atr_hi|E10|k1|N5|B,480,5,L,-6.87,-27.87,47.1,148.6,-1.01,-51.9,5.37,-19.22,False,atr_hi,10:15,1,100000000.0,21.0,B
atr_lo|E10|k1|N5|B,480,5,L,0.16,-20.84,55.4,2.0,1.71,-40.9,0.29,0.02,True,atr_lo,10:15,1,100000000.0,21.0,B
atr_hi_sh|E10|k1|N5|B,480,5,S,6.87,-14.13,52.9,148.6,1.01,-31.9,-5.37,19.22,False,atr_hi_sh,10:15,1,100000000.0,21.0,B
gap_up|E10|k1|N5|B,480,5,L,2.34,-18.66,47.7,130.4,0.39,-38.9,-8.35,13.11,False,gap_up,10:15,1,100000000.0,21.0,B
gap_up_sh|E10|k1|N5|B,480,5,S,-2.34,-23.34,52.3,130.4,-0.39,-45.7,8.35,-13.11,False,gap_up_sh,10:15,1,100000000.0,21.0,B
gap_dn_lg|E10|k1|N5|B,480,5,L,-2.4,-23.4,47.3,125.0,-0.42,-45.7,9.91,-14.82,False,gap_dn_lg,10:15,1,100000000.0,21.0,B
gap_dn_sh|E10|k1|N5|B,480,5,S,2.4,-18.6,52.7,125.0,0.42,-38.7,-9.91,14.82,False,gap_dn_sh,10:15,1,100000000.0,21.0,B
posrange_hivol|E10|k1|N5|B,479,5,L,-4.03,-25.03,50.7,122.4,-0.72,-47.8,-6.68,-1.38,True,posrange_hivol,10:15,1,100000000.0,21.0,B
posrange_lovol|E10|k1|N5|B,479,5,L,-1.09,-22.09,49.1,62.1,-0.38,-43.0,-0.69,-1.49,True,posrange_lovol,10:15,1,100000000.0,21.0,B
posrange_hivol_sh|E10|k1|N5|B,479,5,S,4.03,-16.97,49.3,122.4,0.72,-36.0,6.68,1.38,True,posrange_hivol_sh,10:15,1,100000000.0,21.0,B
posrange_lovol_sh|E10|k1|N5|B,479,5,S,1.09,-19.91,50.9,62.1,0.38,-39.8,0.69,1.49,True,posrange_lovol_sh,10:15,1,100000000.0,21.0,B
orb_minus_width|E10|k1|N5|B,480,5,L,-1.35,-22.35,46.9,76.0,-0.39,-43.5,-2.82,0.14,False,orb_minus_width,10:15,1,100000000.0,21.0,B
orb_plus_width|E10|k1|N5|B,480,5,L,-0.12,-21.12,49.6,120.4,-0.02,-42.4,2.1,-2.37,False,orb_plus_width,10:15,1,100000000.0,21.0,B
orb_plus_width_sh|E10|k1|N5|B,480,5,S,0.12,-20.88,50.4,120.4,0.02,-42.0,-2.1,2.37,False,orb_plus_width_sh,10:15,1,100000000.0,21.0,B
orb_minus_width_sh|E10|k1|N5|B,480,5,S,1.35,-19.65,53.1,76.0,0.39,-39.5,2.82,-0.14,False,orb_minus_width_sh,10:15,1,100000000.0,21.0,B
orb_minus_d20|E10|k1|N5|B,469,5,L,6.39,-14.61,50.3,116.6,1.19,-32.0,9.55,3.22,True,orb_minus_d20,10:15,1,100000000.0,21.0,B
orb_plus_d20|E10|k1|N5|B,469,5,L,-4.44,-25.44,47.5,139.2,-0.69,-48.7,6.4,-15.32,False,orb_plus_d20,10:15,1,100000000.0,21.0,B
orb_plus_d20_sh|E10|k1|N5|B,469,5,S,4.44,-16.56,52.5,139.2,0.69,-35.7,-6.4,15.32,False,orb_plus_d20_sh,10:15,1,100000000.0,21.0,B
orb_plus_pct52|E10|k1|N5|B,430,5,L,-3.17,-24.17,49.8,71.8,-0.92,-46.0,-0.47,-5.89,True,orb_plus_pct52,10:15,1,100000000.0,21.0,B
orb_plus_pct52_sh|E10|k1|N5|B,430,5,S,3.17,-17.83,50.2,71.8,0.92,-36.6,0.47,5.89,True,orb_plus_pct52_sh,10:15,1,100000000.0,21.0,B
compress_then_pos|E10|k1|N5|B,480,5,L,-1.35,-22.35,46.9,76.0,-0.39,-43.5,-2.82,0.14,False,compress_then_pos,10:15,1,100000000.0,21.0,B
compress_then_pos_sh|E10|k1|N5|B,480,5,S,1.35,-19.65,53.1,76.0,0.39,-39.5,2.82,-0.14,False,compress_then_pos_sh,10:15,1,100000000.0,21.0,B
expand_then_pos|E10|k1|N5|B,480,5,L,-0.12,-21.12,49.6,120.4,-0.02,-42.4,2.1,-2.37,False,expand_then_pos,10:15,1,100000000.0,21.0,B
expand_then_pos_sh|E10|k1|N5|B,480,5,S,0.12,-20.88,50.4,120.4,0.02,-42.0,-2.1,2.37,False,expand_then_pos_sh,10:15,1,100000000.0,21.0,B
orb_up|E10|k1|N10|B,480,10,L,0.21,-20.79,50.4,71.7,0.06,-41.2,-0.03,0.45,False,orb_up,10:15,1,100000000.0,21.0,B
orb_up_sh|E10|k1|N10|B,480,10,S,-0.21,-21.21,49.6,71.7,-0.06,-41.8,0.03,-0.45,False,orb_up_sh,10:15,1,100000000.0,21.0,B
orb_dn_sh|E10|k1|N10|B,480,10,S,-2.71,-23.71,49.4,72.1,-0.82,-45.4,-3.28,-2.13,True,orb_dn_sh,10:15,1,100000000.0,21.0,B
orb_dn_lg|E10|k1|N10|B,480,10,L,2.71,-18.29,50.6,72.1,0.82,-37.4,3.28,2.13,True,orb_dn_lg,10:15,1,100000000.0,21.0,B
orb_up_sig|E10|k1|N10|B,480,10,L,-0.27,-21.27,48.8,65.8,-0.09,-41.8,0.57,-1.11,False,orb_up_sig,10:15,1,100000000.0,21.0,B
orb_up_sig_sh|E10|k1|N10|B,480,10,S,0.27,-20.73,51.2,65.8,0.09,-41.0,-0.57,1.11,False,orb_up_sig_sh,10:15,1,100000000.0,21.0,B
orb_dn_sig_sh|E10|k1|N10|B,480,10,S,-0.67,-21.67,51.2,70.0,-0.21,-42.5,-1.42,0.07,False,orb_dn_sig_sh,10:15,1,100000000.0,21.0,B
orb_dn_sig_lg|E10|k1|N10|B,480,10,L,0.67,-20.33,48.8,70.0,0.21,-40.5,1.42,-0.07,False,orb_dn_sig_lg,10:15,1,100000000.0,21.0,B
pos_in_or|E10|k1|N10|B,480,10,L,0.21,-20.79,50.4,71.7,0.06,-41.2,-0.03,0.45,False,pos_in_or,10:15,1,100000000.0,21.0,B
pos_in_or_sh|E10|k1|N10|B,480,10,S,-0.21,-21.21,49.6,71.7,-0.06,-41.8,0.03,-0.45,False,pos_in_or_sh,10:15,1,100000000.0,21.0,B
pos_in_or_lo|E10|k1|N10|B,480,10,L,2.71,-18.29,50.6,72.1,0.82,-37.4,3.28,2.13,True,pos_in_or_lo,10:15,1,100000000.0,21.0,B
pos_in_or_lo_sh|E10|k1|N10|B,480,10,S,-2.71,-23.71,49.4,72.1,-0.82,-45.4,-3.28,-2.13,True,pos_in_or_lo_sh,10:15,1,100000000.0,21.0,B
or_close_pos|E10|k1|N10|B,480,10,L,2.85,-18.15,53.8,71.0,0.88,-37.1,3.22,2.48,True,or_close_pos,10:15,1,100000000.0,21.0,B
or_close_pos_lo|E10|k1|N10|B,480,10,L,-1.19,-22.19,48.8,72.3,-0.36,-43.2,-2.76,0.4,False,or_close_pos_lo,10:15,1,100000000.0,21.0,B
or_close_pos_sh|E10|k1|N10|B,480,10,S,-2.85,-23.85,46.2,71.0,-0.88,-45.6,-3.22,-2.48,True,or_close_pos_sh,10:15,1,100000000.0,21.0,B
posrange_hi|E10|k1|N10|B,480,10,L,0.21,-20.79,50.4,71.7,0.06,-41.2,-0.03,0.45,False,posrange_hi,10:15,1,100000000.0,21.0,B
posrange_hi_sh|E10|k1|N10|B,480,10,S,-0.21,-21.21,49.6,71.7,-0.06,-41.8,0.03,-0.45,False,posrange_hi_sh,10:15,1,100000000.0,21.0,B
posrange_lo|E10|k1|N10|B,480,10,L,2.71,-18.29,50.6,72.1,0.82,-37.4,3.28,2.13,True,posrange_lo,10:15,1,100000000.0,21.0,B
posrange_lo_sh|E10|k1|N10|B,480,10,S,-2.71,-23.71,49.4,72.1,-0.82,-45.4,-3.28,-2.13,True,posrange_lo_sh,10:15,1,100000000.0,21.0,B
today_sofar|E10|k1|N10|B,480,10,L,3.63,-17.37,49.4,110.0,0.72,-36.4,3.73,3.54,True,today_sofar,10:15,1,100000000.0,21.0,B
today_sofar_sh|E10|k1|N10|B,480,10,S,-3.63,-24.63,50.6,110.0,-0.72,-47.1,-3.73,-3.54,True,today_sofar_sh,10:15,1,100000000.0,21.0,B
today_sofar_lo|E10|k1|N10|B,480,10,L,-4.05,-25.05,45.0,106.1,-0.84,-47.6,-2.29,-5.83,True,today_sofar_lo,10:15,1,100000000.0,21.0,B
or_ret|E10|k1|N10|B,480,10,L,3.95,-17.05,48.5,111.3,0.78,-36.0,3.5,4.42,True,or_ret,10:15,1,100000000.0,21.0,B
or_ret_sh|E10|k1|N10|B,480,10,S,-3.95,-24.95,51.5,111.3,-0.78,-47.5,-3.5,-4.42,True,or_ret_sh,10:15,1,100000000.0,21.0,B
orbT_up|E10|k1|N10|B,123,10,L,-9.95,-30.95,46.3,90.7,-1.22,-54.7,-6.1,-13.86,True,orbT_up,10:15,1,100000000.0,21.0,B
orbT_up_sh|E10|k1|N10|B,123,10,S,9.95,-11.05,53.7,90.7,1.22,-25.1,6.1,13.86,True,orbT_up_sh,10:15,1,100000000.0,21.0,B
orbT_dn_sh|E10|k1|N10|B,161,10,S,-7.96,-28.96,51.6,105.0,-0.96,-52.5,-3.52,-12.44,True,orbT_dn_sh,10:15,1,100000000.0,21.0,B
orbT_dn_lg|E10|k1|N10|B,161,10,L,7.96,-13.04,48.4,105.0,0.96,-29.0,3.52,12.44,True,orbT_dn_lg,10:15,1,100000000.0,21.0,B
orbT_up_small|E10|k1|N10|B,123,10,L,-8.3,-29.3,47.2,90.4,-1.02,-52.8,-3.97,-12.71,True,orbT_up_small,10:15,1,100000000.0,21.0,B
orbT_up_small_sh|E10|k1|N10|B,123,10,S,8.3,-12.7,52.8,90.4,1.02,-28.1,3.97,12.71,True,orbT_up_small_sh,10:15,1,100000000.0,21.0,B
orbT_dn_small_sh|E10|k1|N10|B,161,10,S,-9.65,-30.65,50.9,105.1,-1.16,-54.5,-5.29,-14.05,True,orbT_dn_small_sh,10:15,1,100000000.0,21.0,B
orbT_dn_small_lg|E10|k1|N10|B,161,10,L,9.65,-11.35,49.1,105.1,1.16,-25.9,5.29,14.05,True,orbT_dn_small_lg,10:15,1,100000000.0,21.0,B
inside_posor|E10|k1|N10|B,480,10,L,1.86,-19.14,51.0,71.2,0.57,-38.7,1.69,2.03,True,inside_posor,10:15,1,100000000.0,21.0,B
inside_posor_sh|E10|k1|N10|B,480,10,S,-1.86,-22.86,49.0,71.2,-0.57,-44.2,-1.69,-2.03,True,inside_posor_sh,10:15,1,100000000.0,21.0,B
inside_posor_lo|E10|k1|N10|B,480,10,L,2.09,-18.91,51.5,70.0,0.65,-38.3,2.62,1.55,True,inside_posor_lo,10:15,1,100000000.0,21.0,B
or_wide|E10|k1|N10|B,480,10,L,0.56,-20.44,51.0,97.2,0.13,-41.0,1.75,-0.64,False,or_wide,10:15,1,100000000.0,21.0,B
or_wide_sh|E10|k1|N10|B,480,10,S,-0.56,-21.56,49.0,97.2,-0.13,-42.6,-1.75,0.64,False,or_wide_sh,10:15,1,100000000.0,21.0,B
or_narrow|E10|k1|N10|B,480,10,L,-2.2,-23.2,50.0,60.7,-0.79,-44.6,-3.1,-1.29,True,or_narrow,10:15,1,100000000.0,21.0,B
or_narrow_sh|E10|k1|N10|B,480,10,S,2.2,-18.8,50.0,60.7,0.79,-38.1,3.1,1.29,True,or_narrow_sh,10:15,1,100000000.0,21.0,B
or_wrel_hi|E10|k1|N10|B,480,10,L,-1.19,-22.19,50.8,105.4,-0.25,-43.7,3.87,-6.28,False,or_wrel_hi,10:15,1,100000000.0,21.0,B
or_wrel_lo|E10|k1|N10|B,480,10,L,-3.74,-24.74,44.6,73.6,-1.11,-46.8,-4.75,-2.72,True,or_wrel_lo,10:15,1,100000000.0,21.0,B
or_wrel_hi_sh|E10|k1|N10|B,480,10,S,1.19,-19.81,49.2,105.4,0.25,-40.2,-3.87,6.28,False,or_wrel_hi_sh,10:15,1,100000000.0,21.0,B
or_wrel_lo_sh|E10|k1|N10|B,480,10,S,3.74,-17.26,55.4,73.6,1.11,-35.7,4.75,2.72,True,or_wrel_lo_sh,10:15,1,100000000.0,21.0,B
rng_expand|E10|k1|N10|B,480,10,L,0.56,-20.44,51.0,97.2,0.13,-41.0,1.75,-0.64,False,rng_expand,10:15,1,100000000.0,21.0,B
rng_expand_sh|E10|k1|N10|B,480,10,S,-0.56,-21.56,49.0,97.2,-0.13,-42.6,-1.75,0.64,False,rng_expand_sh,10:15,1,100000000.0,21.0,B
rng_compress|E10|k1|N10|B,480,10,L,-2.2,-23.2,50.0,60.7,-0.79,-44.6,-3.1,-1.29,True,rng_compress,10:15,1,100000000.0,21.0,B
rng_compress_sh|E10|k1|N10|B,480,10,S,2.2,-18.8,50.0,60.7,0.79,-38.1,3.1,1.29,True,rng_compress_sh,10:15,1,100000000.0,21.0,B
vol20_hi|E10|k1|N10|B,479,10,L,-7.44,-28.44,47.4,123.1,-1.32,-52.1,-3.78,-11.11,True,vol20_hi,10:15,1,100000000.0,21.0,B
vol20_hi_sh|E10|k1|N10|B,479,10,S,7.44,-13.56,52.6,123.1,1.32,-30.3,3.78,11.11,True,vol20_hi_sh,10:15,1,100000000.0,21.0,B
vol20_lo|E10|k1|N10|B,479,10,L,0.19,-20.81,49.9,24.1,0.17,-40.9,1.57,-1.21,False,vol20_lo,10:15,1,100000000.0,21.0,B
vol20_lo_sh|E10|k1|N10|B,479,10,S,-0.19,-21.19,50.1,24.1,-0.17,-41.4,-1.57,1.21,False,vol20_lo_sh,10:15,1,100000000.0,21.0,B
atr_hi|E10|k1|N10|B,480,10,L,-5.69,-26.69,48.3,123.6,-1.01,-50.0,-1.12,-10.3,True,atr_hi,10:15,1,100000000.0,21.0,B
atr_lo|E10|k1|N10|B,480,10,L,2.48,-18.52,58.3,20.0,2.72,-37.3,3.3,1.67,True,atr_lo,10:15,1,100000000.0,21.0,B
atr_hi_sh|E10|k1|N10|B,480,10,S,5.69,-15.31,51.7,123.6,1.01,-33.3,1.12,10.3,True,atr_hi_sh,10:15,1,100000000.0,21.0,B
gap_up|E10|k1|N10|B,480,10,L,0.37,-20.63,48.8,99.8,0.08,-41.3,-8.2,9.02,False,gap_up,10:15,1,100000000.0,21.0,B
gap_up_sh|E10|k1|N10|B,480,10,S,-0.37,-21.37,51.2,99.8,-0.08,-42.4,8.2,-9.02,False,gap_up_sh,10:15,1,100000000.0,21.0,B
gap_dn_lg|E10|k1|N10|B,480,10,L,3.51,-17.49,49.4,99.6,0.77,-36.5,14.89,-7.96,False,gap_dn_lg,10:15,1,100000000.0,21.0,B
gap_dn_sh|E10|k1|N10|B,480,10,S,-3.51,-24.51,50.6,99.6,-0.77,-46.8,-14.89,7.96,False,gap_dn_sh,10:15,1,100000000.0,21.0,B
posrange_hivol|E10|k1|N10|B,479,10,L,-5.38,-26.38,53.9,101.9,-1.16,-49.3,-8.66,-2.09,True,posrange_hivol,10:15,1,100000000.0,21.0,B
posrange_lovol|E10|k1|N10|B,479,10,L,-0.68,-21.68,48.0,55.8,-0.27,-42.4,-1.27,-0.08,True,posrange_lovol,10:15,1,100000000.0,21.0,B
posrange_hivol_sh|E10|k1|N10|B,479,10,S,5.38,-15.62,46.1,101.9,1.16,-33.4,8.66,2.09,True,posrange_hivol_sh,10:15,1,100000000.0,21.0,B
posrange_lovol_sh|E10|k1|N10|B,479,10,S,0.68,-20.32,52.0,55.8,0.27,-40.3,1.27,0.08,True,posrange_lovol_sh,10:15,1,100000000.0,21.0,B
orb_minus_width|E10|k1|N10|B,480,10,L,0.17,-20.83,49.4,66.6,0.06,-41.2,-1.31,1.67,False,orb_minus_width,10:15,1,100000000.0,21.0,B
orb_plus_width|E10|k1|N10|B,480,10,L,2.54,-18.46,50.2,95.2,0.59,-37.9,4.31,0.76,True,orb_plus_width,10:15,1,100000000.0,21.0,B
orb_plus_width_sh|E10|k1|N10|B,480,10,S,-2.54,-23.54,49.8,95.2,-0.59,-45.4,-4.31,-0.76,True,orb_plus_width_sh,10:15,1,100000000.0,21.0,B
orb_minus_width_sh|E10|k1|N10|B,480,10,S,-0.17,-21.17,50.6,66.6,-0.06,-41.7,1.31,-1.67,False,orb_minus_width_sh,10:15,1,100000000.0,21.0,B
orb_minus_d20|E10|k1|N10|B,469,10,L,6.54,-14.46,53.3,96.9,1.46,-31.4,9.88,3.18,True,orb_minus_d20,10:15,1,100000000.0,21.0,B
orb_plus_d20|E10|k1|N10|B,469,10,L,-6.36,-27.36,47.8,105.7,-1.3,-50.6,0.62,-13.36,False,orb_plus_d20,10:15,1,100000000.0,21.0,B
orb_plus_d20_sh|E10|k1|N10|B,469,10,S,6.36,-14.64,52.2,105.7,1.3,-31.8,-0.62,13.36,False,orb_plus_d20_sh,10:15,1,100000000.0,21.0,B
orb_plus_pct52|E10|k1|N10|B,430,10,L,-1.27,-22.27,50.7,69.3,-0.38,-43.3,0.42,-2.97,False,orb_plus_pct52,10:15,1,100000000.0,21.0,B
orb_plus_pct52_sh|E10|k1|N10|B,430,10,S,1.27,-19.73,49.3,69.3,0.38,-39.6,-0.42,2.97,False,orb_plus_pct52_sh,10:15,1,100000000.0,21.0,B
compress_then_pos|E10|k1|N10|B,480,10,L,0.17,-20.83,49.4,66.6,0.06,-41.2,-1.31,1.67,False,compress_then_pos,10:15,1,100000000.0,21.0,B
compress_then_pos_sh|E10|k1|N10|B,480,10,S,-0.17,-21.17,50.6,66.6,-0.06,-41.7,1.31,-1.67,False,compress_then_pos_sh,10:15,1,100000000.0,21.0,B
expand_then_pos|E10|k1|N10|B,480,10,L,2.54,-18.46,50.2,95.2,0.59,-37.9,4.31,0.76,True,expand_then_pos,10:15,1,100000000.0,21.0,B
expand_then_pos_sh|E10|k1|N10|B,480,10,S,-2.54,-23.54,49.8,95.2,-0.59,-45.4,-4.31,-0.76,True,expand_then_pos_sh,10:15,1,100000000.0,21.0,B
orb_up|E10|k1|N20|B,480,20,L,-0.16,-21.16,51.9,69.0,-0.05,-41.7,0.35,-0.67,False,orb_up,10:15,1,100000000.0,21.0,B
orb_up_sh|E10|k1|N20|B,480,20,S,0.16,-20.84,48.1,69.0,0.05,-41.2,-0.35,0.67,False,orb_up_sh,10:15,1,100000000.0,21.0,B
orb_dn_sh|E10|k1|N20|B,480,20,S,-0.38,-21.38,50.0,70.4,-0.12,-42.1,0.97,-1.74,False,orb_dn_sh,10:15,1,100000000.0,21.0,B
orb_dn_lg|E10|k1|N20|B,480,20,L,0.38,-20.62,50.0,70.4,0.12,-40.9,-0.97,1.74,False,orb_dn_lg,10:15,1,100000000.0,21.0,B
orb_up_sig|E10|k1|N20|B,480,20,L,0.9,-20.1,54.0,62.3,0.31,-40.1,0.14,1.65,True,orb_up_sig,10:15,1,100000000.0,21.0,B
orb_up_sig_sh|E10|k1|N20|B,480,20,S,-0.9,-21.9,46.0,62.3,-0.31,-42.7,-0.14,-1.65,True,orb_up_sig_sh,10:15,1,100000000.0,21.0,B
orb_dn_sig_sh|E10|k1|N20|B,480,20,S,-1.1,-22.1,48.1,65.9,-0.37,-43.1,-0.11,-2.1,True,orb_dn_sig_sh,10:15,1,100000000.0,21.0,B
orb_dn_sig_lg|E10|k1|N20|B,480,20,L,1.1,-19.9,51.9,65.9,0.37,-39.8,0.11,2.1,True,orb_dn_sig_lg,10:15,1,100000000.0,21.0,B
pos_in_or|E10|k1|N20|B,480,20,L,-0.16,-21.16,51.9,69.0,-0.05,-41.7,0.35,-0.67,False,pos_in_or,10:15,1,100000000.0,21.0,B
pos_in_or_sh|E10|k1|N20|B,480,20,S,0.16,-20.84,48.1,69.0,0.05,-41.2,-0.35,0.67,False,pos_in_or_sh,10:15,1,100000000.0,21.0,B
pos_in_or_lo|E10|k1|N20|B,480,20,L,0.38,-20.62,50.0,70.4,0.12,-40.9,-0.97,1.74,False,pos_in_or_lo,10:15,1,100000000.0,21.0,B
pos_in_or_lo_sh|E10|k1|N20|B,480,20,S,-0.38,-21.38,50.0,70.4,-0.12,-42.1,0.97,-1.74,False,pos_in_or_lo_sh,10:15,1,100000000.0,21.0,B
or_close_pos|E10|k1|N20|B,480,20,L,0.43,-20.57,51.9,68.4,0.14,-40.8,0.8,0.05,True,or_close_pos,10:15,1,100000000.0,21.0,B
or_close_pos_lo|E10|k1|N20|B,480,20,L,-1.47,-22.47,49.8,70.1,-0.46,-43.6,-3.09,0.17,False,or_close_pos_lo,10:15,1,100000000.0,21.0,B
or_close_pos_sh|E10|k1|N20|B,480,20,S,-0.43,-21.43,48.1,68.4,-0.14,-42.1,-0.8,-0.05,True,or_close_pos_sh,10:15,1,100000000.0,21.0,B
posrange_hi|E10|k1|N20|B,480,20,L,-0.16,-21.16,51.9,69.0,-0.05,-41.7,0.35,-0.67,False,posrange_hi,10:15,1,100000000.0,21.0,B
posrange_hi_sh|E10|k1|N20|B,480,20,S,0.16,-20.84,48.1,69.0,0.05,-41.2,-0.35,0.67,False,posrange_hi_sh,10:15,1,100000000.0,21.0,B
posrange_lo|E10|k1|N20|B,480,20,L,0.38,-20.62,50.0,70.4,0.12,-40.9,-0.97,1.74,False,posrange_lo,10:15,1,100000000.0,21.0,B
posrange_lo_sh|E10|k1|N20|B,480,20,S,-0.38,-21.38,50.0,70.4,-0.12,-42.1,0.97,-1.74,False,posrange_lo_sh,10:15,1,100000000.0,21.0,B
today_sofar|E10|k1|N20|B,480,20,L,1.37,-19.63,52.3,91.3,0.33,-39.7,0.59,2.15,True,today_sofar,10:15,1,100000000.0,21.0,B
today_sofar_sh|E10|k1|N20|B,480,20,S,-1.37,-22.37,47.7,91.3,-0.33,-43.7,-0.59,-2.15,True,today_sofar_sh,10:15,1,100000000.0,21.0,B
today_sofar_lo|E10|k1|N20|B,480,20,L,-2.83,-23.83,49.0,91.2,-0.68,-45.8,-3.87,-1.77,True,today_sofar_lo,10:15,1,100000000.0,21.0,B
or_ret|E10|k1|N20|B,480,20,L,2.09,-18.91,52.3,90.7,0.5,-38.6,1.21,2.97,True,or_ret,10:15,1,100000000.0,21.0,B
or_ret_sh|E10|k1|N20|B,480,20,S,-2.09,-23.09,47.7,90.7,-0.5,-44.7,-1.21,-2.97,True,or_ret_sh,10:15,1,100000000.0,21.0,B
inside_posor|E10|k1|N20|B,480,20,L,0.88,-20.12,51.5,69.1,0.28,-40.2,1.21,0.55,True,inside_posor,10:15,1,100000000.0,21.0,B
inside_posor_sh|E10|k1|N20|B,480,20,S,-0.88,-21.88,48.5,69.1,-0.28,-42.8,-1.21,-0.55,True,inside_posor_sh,10:15,1,100000000.0,21.0,B
inside_posor_lo|E10|k1|N20|B,480,20,L,-0.24,-21.24,50.0,70.2,-0.07,-41.8,-1.77,1.3,False,inside_posor_lo,10:15,1,100000000.0,21.0,B
or_wide|E10|k1|N20|B,480,20,L,2.12,-18.88,52.7,85.0,0.55,-38.5,5.47,-1.26,False,or_wide,10:15,1,100000000.0,21.0,B
or_wide_sh|E10|k1|N20|B,480,20,S,-2.12,-23.12,47.3,85.0,-0.55,-44.7,-5.47,1.26,False,or_wide_sh,10:15,1,100000000.0,21.0,B
or_narrow|E10|k1|N20|B,480,20,L,-2.46,-23.46,47.3,61.2,-0.88,-44.9,-2.57,-2.35,True,or_narrow,10:15,1,100000000.0,21.0,B
or_narrow_sh|E10|k1|N20|B,480,20,S,2.46,-18.54,52.7,61.2,0.88,-37.6,2.57,2.35,True,or_narrow_sh,10:15,1,100000000.0,21.0,B
or_wrel_hi|E10|k1|N20|B,480,20,L,0.68,-20.32,53.3,87.5,0.17,-40.7,3.28,-1.94,False,or_wrel_hi,10:15,1,100000000.0,21.0,B
or_wrel_lo|E10|k1|N20|B,480,20,L,-1.72,-22.72,48.3,71.2,-0.53,-44.0,-3.49,0.06,False,or_wrel_lo,10:15,1,100000000.0,21.0,B
or_wrel_hi_sh|E10|k1|N20|B,480,20,S,-0.68,-21.68,46.7,87.5,-0.17,-42.7,-3.28,1.94,False,or_wrel_hi_sh,10:15,1,100000000.0,21.0,B
or_wrel_lo_sh|E10|k1|N20|B,480,20,S,1.72,-19.28,51.7,71.2,0.53,-38.9,3.49,-0.06,False,or_wrel_lo_sh,10:15,1,100000000.0,21.0,B
rng_expand|E10|k1|N20|B,480,20,L,2.12,-18.88,52.7,85.0,0.55,-38.5,5.47,-1.26,False,rng_expand,10:15,1,100000000.0,21.0,B
rng_expand_sh|E10|k1|N20|B,480,20,S,-2.12,-23.12,47.3,85.0,-0.55,-44.7,-5.47,1.26,False,rng_expand_sh,10:15,1,100000000.0,21.0,B
rng_compress|E10|k1|N20|B,480,20,L,-2.46,-23.46,47.3,61.2,-0.88,-44.9,-2.57,-2.35,True,rng_compress,10:15,1,100000000.0,21.0,B
rng_compress_sh|E10|k1|N20|B,480,20,S,2.46,-18.54,52.7,61.2,0.88,-37.6,2.57,2.35,True,rng_compress_sh,10:15,1,100000000.0,21.0,B
vol20_hi|E10|k1|N20|B,479,20,L,-9.02,-30.02,47.8,105.6,-1.87,-53.8,-6.85,-11.19,True,vol20_hi,10:15,1,100000000.0,21.0,B
vol20_hi_sh|E10|k1|N20|B,479,20,S,9.02,-11.98,52.2,105.6,1.87,-27.1,6.85,11.19,True,vol20_hi_sh,10:15,1,100000000.0,21.0,B
vol20_lo|E10|k1|N20|B,479,20,L,0.69,-20.31,51.4,34.7,0.44,-40.2,1.19,0.2,True,vol20_lo,10:15,1,100000000.0,21.0,B
vol20_lo_sh|E10|k1|N20|B,479,20,S,-0.69,-21.69,48.6,34.7,-0.44,-42.2,-1.19,-0.2,True,vol20_lo_sh,10:15,1,100000000.0,21.0,B
atr_hi|E10|k1|N20|B,480,20,L,-9.56,-30.56,49.0,108.8,-1.93,-54.5,-8.6,-10.54,True,atr_hi,10:15,1,100000000.0,21.0,B
atr_lo|E10|k1|N20|B,480,20,L,2.13,-18.87,54.6,31.9,1.46,-38.0,2.31,1.94,True,atr_lo,10:15,1,100000000.0,21.0,B
atr_hi_sh|E10|k1|N20|B,480,20,S,9.56,-11.44,51.0,108.8,1.93,-26.2,8.6,10.54,True,atr_hi_sh,10:15,1,100000000.0,21.0,B
gap_up|E10|k1|N20|B,480,20,L,-1.23,-22.23,52.5,86.2,-0.31,-43.5,-6.96,4.54,False,gap_up,10:15,1,100000000.0,21.0,B
gap_up_sh|E10|k1|N20|B,480,20,S,1.23,-19.77,47.5,86.2,0.31,-39.8,6.96,-4.54,False,gap_up_sh,10:15,1,100000000.0,21.0,B
gap_dn_lg|E10|k1|N20|B,480,20,L,2.32,-18.68,52.3,83.7,0.61,-38.1,9.16,-4.57,False,gap_dn_lg,10:15,1,100000000.0,21.0,B
gap_dn_sh|E10|k1|N20|B,480,20,S,-2.32,-23.32,47.7,83.7,-0.61,-45.0,-9.16,4.57,False,gap_dn_sh,10:15,1,100000000.0,21.0,B
posrange_hivol|E10|k1|N20|B,479,20,L,-0.7,-21.7,54.5,93.9,-0.16,-42.8,-3.5,2.11,False,posrange_hivol,10:15,1,100000000.0,21.0,B
posrange_lovol|E10|k1|N20|B,479,20,L,-0.67,-21.67,49.7,53.4,-0.28,-42.3,-1.75,0.41,False,posrange_lovol,10:15,1,100000000.0,21.0,B
posrange_hivol_sh|E10|k1|N20|B,479,20,S,0.7,-20.3,45.5,93.9,0.16,-40.7,3.5,-2.11,False,posrange_hivol_sh,10:15,1,100000000.0,21.0,B
posrange_lovol_sh|E10|k1|N20|B,479,20,S,0.67,-20.33,50.3,53.4,0.28,-40.3,1.75,-0.41,False,posrange_lovol_sh,10:15,1,100000000.0,21.0,B
orb_minus_width|E10|k1|N20|B,480,20,L,0.21,-20.79,50.6,64.0,0.07,-41.1,-0.73,1.15,False,orb_minus_width,10:15,1,100000000.0,21.0,B
orb_plus_width|E10|k1|N20|B,480,20,L,2.14,-18.86,51.9,80.5,0.58,-38.4,2.8,1.47,True,orb_plus_width,10:15,1,100000000.0,21.0,B
orb_plus_width_sh|E10|k1|N20|B,480,20,S,-2.14,-23.14,48.1,80.5,-0.58,-44.7,-2.8,-1.47,True,orb_plus_width_sh,10:15,1,100000000.0,21.0,B
orb_minus_width_sh|E10|k1|N20|B,480,20,S,-0.21,-21.21,49.4,64.0,-0.07,-41.7,0.73,-1.15,False,orb_minus_width_sh,10:15,1,100000000.0,21.0,B
orb_minus_d20|E10|k1|N20|B,469,20,L,3.74,-17.26,54.8,83.9,0.97,-35.9,4.81,2.67,True,orb_minus_d20,10:15,1,100000000.0,21.0,B
orb_plus_d20|E10|k1|N20|B,469,20,L,-3.63,-24.63,47.8,82.9,-0.95,-46.8,1.12,-8.41,False,orb_plus_d20,10:15,1,100000000.0,21.0,B
orb_plus_d20_sh|E10|k1|N20|B,469,20,S,3.63,-17.37,52.2,82.9,0.95,-36.0,-1.12,8.41,False,orb_plus_d20_sh,10:15,1,100000000.0,21.0,B
orb_plus_pct52|E10|k1|N20|B,430,20,L,-0.08,-21.08,52.1,63.2,-0.03,-41.5,0.7,-0.88,False,orb_plus_pct52,10:15,1,100000000.0,21.0,B
orb_plus_pct52_sh|E10|k1|N20|B,430,20,S,0.08,-20.92,47.9,63.2,0.03,-41.3,-0.7,0.88,False,orb_plus_pct52_sh,10:15,1,100000000.0,21.0,B
compress_then_pos|E10|k1|N20|B,480,20,L,0.21,-20.79,50.6,64.0,0.07,-41.1,-0.73,1.15,False,compress_then_pos,10:15,1,100000000.0,21.0,B
compress_then_pos_sh|E10|k1|N20|B,480,20,S,-0.21,-21.21,49.4,64.0,-0.07,-41.7,0.73,-1.15,False,compress_then_pos_sh,10:15,1,100000000.0,21.0,B
expand_then_pos|E10|k1|N20|B,480,20,L,2.14,-18.86,51.9,80.5,0.58,-38.4,2.8,1.47,True,expand_then_pos,10:15,1,100000000.0,21.0,B
expand_then_pos_sh|E10|k1|N20|B,480,20,S,-2.14,-23.14,48.1,80.5,-0.58,-44.7,-2.8,-1.47,True,expand_then_pos_sh,10:15,1,100000000.0,21.0,B
orb_up|E10|k1|N30|B,480,30,L,1.1,-19.9,52.1,67.1,0.36,-39.8,1.59,0.6,True,orb_up,10:15,1,100000000.0,21.0,B
orb_up_sh|E10|k1|N30|B,480,30,S,-1.1,-22.1,47.9,67.1,-0.36,-43.1,-1.59,-0.6,True,orb_up_sh,10:15,1,100000000.0,21.0,B
orb_dn_sh|E10|k1|N30|B,480,30,S,0.02,-20.98,47.3,70.2,0.01,-41.5,1.58,-1.56,False,orb_dn_sh,10:15,1,100000000.0,21.0,B
orb_dn_lg|E10|k1|N30|B,480,30,L,-0.02,-21.02,52.7,70.2,-0.01,-41.5,-1.58,1.56,False,orb_dn_lg,10:15,1,100000000.0,21.0,B
orb_up_sig|E10|k1|N30|B,480,30,L,0.22,-20.78,51.2,63.0,0.08,-41.1,-0.48,0.92,False,orb_up_sig,10:15,1,100000000.0,21.0,B
orb_up_sig_sh|E10|k1|N30|B,480,30,S,-0.22,-21.22,48.8,63.0,-0.08,-41.7,0.48,-0.92,False,orb_up_sig_sh,10:15,1,100000000.0,21.0,B
orb_dn_sig_sh|E10|k1|N30|B,480,30,S,-0.43,-21.43,47.7,67.5,-0.14,-42.1,1.1,-1.97,False,orb_dn_sig_sh,10:15,1,100000000.0,21.0,B
orb_dn_sig_lg|E10|k1|N30|B,480,30,L,0.43,-20.57,52.3,67.5,0.14,-40.8,-1.1,1.97,False,orb_dn_sig_lg,10:15,1,100000000.0,21.0,B
pos_in_or|E10|k1|N30|B,480,30,L,1.1,-19.9,52.1,67.1,0.36,-39.8,1.59,0.6,True,pos_in_or,10:15,1,100000000.0,21.0,B
pos_in_or_sh|E10|k1|N30|B,480,30,S,-1.1,-22.1,47.9,67.1,-0.36,-43.1,-1.59,-0.6,True,pos_in_or_sh,10:15,1,100000000.0,21.0,B
pos_in_or_lo|E10|k1|N30|B,480,30,L,-0.02,-21.02,52.7,70.2,-0.01,-41.5,-1.58,1.56,False,pos_in_or_lo,10:15,1,100000000.0,21.0,B
pos_in_or_lo_sh|E10|k1|N30|B,480,30,S,0.02,-20.98,47.3,70.2,0.01,-41.5,1.58,-1.56,False,pos_in_or_lo_sh,10:15,1,100000000.0,21.0,B
or_close_pos|E10|k1|N30|B,480,30,L,1.58,-19.42,52.1,67.8,0.51,-39.1,0.87,2.31,True,or_close_pos,10:15,1,100000000.0,21.0,B
or_close_pos_lo|E10|k1|N30|B,480,30,L,-1.62,-22.62,49.4,69.2,-0.51,-43.8,-3.25,0.02,False,or_close_pos_lo,10:15,1,100000000.0,21.0,B
or_close_pos_sh|E10|k1|N30|B,480,30,S,-1.58,-22.58,47.9,67.8,-0.51,-43.8,-0.87,-2.31,True,or_close_pos_sh,10:15,1,100000000.0,21.0,B
posrange_hi|E10|k1|N30|B,480,30,L,1.1,-19.9,52.1,67.1,0.36,-39.8,1.59,0.6,True,posrange_hi,10:15,1,100000000.0,21.0,B
posrange_hi_sh|E10|k1|N30|B,480,30,S,-1.1,-22.1,47.9,67.1,-0.36,-43.1,-1.59,-0.6,True,posrange_hi_sh,10:15,1,100000000.0,21.0,B
posrange_lo|E10|k1|N30|B,480,30,L,-0.02,-21.02,52.7,70.2,-0.01,-41.5,-1.58,1.56,False,posrange_lo,10:15,1,100000000.0,21.0,B
posrange_lo_sh|E10|k1|N30|B,480,30,S,0.02,-20.98,47.3,70.2,0.01,-41.5,1.58,-1.56,False,posrange_lo_sh,10:15,1,100000000.0,21.0,B
today_sofar|E10|k1|N30|B,480,30,L,2.21,-18.79,55.6,82.7,0.59,-38.3,2.89,1.52,True,today_sofar,10:15,1,100000000.0,21.0,B
today_sofar_sh|E10|k1|N30|B,480,30,S,-2.21,-23.21,44.4,82.7,-0.59,-44.8,-2.89,-1.52,True,today_sofar_sh,10:15,1,100000000.0,21.0,B
today_sofar_lo|E10|k1|N30|B,480,30,L,-2.07,-23.07,50.0,87.3,-0.52,-44.7,-4.34,0.23,False,today_sofar_lo,10:15,1,100000000.0,21.0,B
or_ret|E10|k1|N30|B,480,30,L,2.17,-18.83,55.4,82.3,0.58,-38.3,2.8,1.54,True,or_ret,10:15,1,100000000.0,21.0,B
or_ret_sh|E10|k1|N30|B,480,30,S,-2.17,-23.17,44.6,82.3,-0.58,-44.7,-2.8,-1.54,True,or_ret_sh,10:15,1,100000000.0,21.0,B
inside_posor|E10|k1|N30|B,480,30,L,1.81,-19.19,53.1,67.2,0.59,-38.7,2.19,1.43,True,inside_posor,10:15,1,100000000.0,21.0,B
inside_posor_sh|E10|k1|N30|B,480,30,S,-1.81,-22.81,46.9,67.2,-0.59,-44.1,-2.19,-1.43,True,inside_posor_sh,10:15,1,100000000.0,21.0,B
inside_posor_lo|E10|k1|N30|B,480,30,L,0.09,-20.91,52.3,69.6,0.03,-41.3,-1.38,1.57,False,inside_posor_lo,10:15,1,100000000.0,21.0,B
or_wide|E10|k1|N30|B,480,30,L,0.9,-20.1,52.7,78.6,0.25,-40.2,3.58,-1.8,False,or_wide,10:15,1,100000000.0,21.0,B
or_wide_sh|E10|k1|N30|B,480,30,S,-0.9,-21.9,47.3,78.6,-0.25,-42.9,-3.58,1.8,False,or_wide_sh,10:15,1,100000000.0,21.0,B
or_narrow|E10|k1|N30|B,480,30,L,-3.21,-24.21,46.2,63.4,-1.11,-46.0,-4.36,-2.05,True,or_narrow,10:15,1,100000000.0,21.0,B
or_narrow_sh|E10|k1|N30|B,480,30,S,3.21,-17.79,53.8,63.4,1.11,-36.5,4.36,2.05,True,or_narrow_sh,10:15,1,100000000.0,21.0,B
or_wrel_hi|E10|k1|N30|B,480,30,L,1.15,-19.85,52.1,79.8,0.32,-39.9,3.55,-1.27,False,or_wrel_hi,10:15,1,100000000.0,21.0,B
or_wrel_lo|E10|k1|N30|B,480,30,L,-2.27,-23.27,48.1,68.9,-0.72,-44.7,-3.11,-1.42,True,or_wrel_lo,10:15,1,100000000.0,21.0,B
or_wrel_hi_sh|E10|k1|N30|B,480,30,S,-1.15,-22.15,47.9,79.8,-0.32,-43.3,-3.55,1.27,False,or_wrel_hi_sh,10:15,1,100000000.0,21.0,B
or_wrel_lo_sh|E10|k1|N30|B,480,30,S,2.27,-18.73,51.9,68.9,0.72,-38.0,3.11,1.42,True,or_wrel_lo_sh,10:15,1,100000000.0,21.0,B
rng_expand|E10|k1|N30|B,480,30,L,0.9,-20.1,52.7,78.6,0.25,-40.2,3.58,-1.8,False,rng_expand,10:15,1,100000000.0,21.0,B
rng_expand_sh|E10|k1|N30|B,480,30,S,-0.9,-21.9,47.3,78.6,-0.25,-42.9,-3.58,1.8,False,rng_expand_sh,10:15,1,100000000.0,21.0,B
rng_compress|E10|k1|N30|B,480,30,L,-3.21,-24.21,46.2,63.4,-1.11,-46.0,-4.36,-2.05,True,rng_compress,10:15,1,100000000.0,21.0,B
rng_compress_sh|E10|k1|N30|B,480,30,S,3.21,-17.79,53.8,63.4,1.11,-36.5,4.36,2.05,True,rng_compress_sh,10:15,1,100000000.0,21.0,B
vol20_hi|E10|k1|N30|B,479,30,L,-7.48,-28.48,47.8,100.0,-1.64,-51.9,-5.61,-9.36,True,vol20_hi,10:15,1,100000000.0,21.0,B
vol20_hi_sh|E10|k1|N30|B,479,30,S,7.48,-13.52,52.2,100.0,1.64,-29.8,5.61,9.36,True,vol20_hi_sh,10:15,1,100000000.0,21.0,B
vol20_lo|E10|k1|N30|B,479,30,L,0.95,-20.05,51.8,39.8,0.52,-39.8,0.41,1.49,True,vol20_lo,10:15,1,100000000.0,21.0,B
vol20_lo_sh|E10|k1|N30|B,479,30,S,-0.95,-21.95,48.2,39.8,-0.52,-42.6,-0.41,-1.49,True,vol20_lo_sh,10:15,1,100000000.0,21.0,B
atr_hi|E10|k1|N30|B,480,30,L,-8.2,-29.2,47.1,101.1,-1.78,-52.8,-8.47,-7.91,True,atr_hi,10:15,1,100000000.0,21.0,B
atr_lo|E10|k1|N30|B,480,30,L,1.66,-19.34,54.0,36.8,0.99,-38.7,1.85,1.46,True,atr_lo,10:15,1,100000000.0,21.0,B
atr_hi_sh|E10|k1|N30|B,480,30,S,8.2,-12.8,52.9,101.1,1.78,-28.5,8.47,7.91,True,atr_hi_sh,10:15,1,100000000.0,21.0,B
gap_up|E10|k1|N30|B,480,30,L,-1.53,-22.53,51.2,80.0,-0.42,-43.8,-6.41,3.39,False,gap_up,10:15,1,100000000.0,21.0,B
gap_up_sh|E10|k1|N30|B,480,30,S,1.53,-19.47,48.8,80.0,0.42,-39.3,6.41,-3.39,False,gap_up_sh,10:15,1,100000000.0,21.0,B
gap_dn_lg|E10|k1|N30|B,480,30,L,2.98,-18.02,54.8,79.0,0.83,-37.0,7.83,-1.92,False,gap_dn_lg,10:15,1,100000000.0,21.0,B
gap_dn_sh|E10|k1|N30|B,480,30,S,-2.98,-23.98,45.2,79.0,-0.83,-45.8,-7.83,1.92,False,gap_dn_sh,10:15,1,100000000.0,21.0,B
posrange_hivol|E10|k1|N30|B,479,30,L,-0.33,-21.33,51.8,91.9,-0.08,-42.2,-2.72,2.06,False,posrange_hivol,10:15,1,100000000.0,21.0,B
posrange_lovol|E10|k1|N30|B,479,30,L,-0.27,-21.27,51.4,53.0,-0.11,-41.7,-1.5,0.96,False,posrange_lovol,10:15,1,100000000.0,21.0,B
posrange_hivol_sh|E10|k1|N30|B,479,30,S,0.33,-20.67,48.2,91.9,0.08,-41.3,2.72,-2.06,False,posrange_hivol_sh,10:15,1,100000000.0,21.0,B
posrange_lovol_sh|E10|k1|N30|B,479,30,S,0.27,-20.73,48.6,53.0,0.11,-40.9,1.5,-0.96,False,posrange_lovol_sh,10:15,1,100000000.0,21.0,B
orb_minus_width|E10|k1|N30|B,480,30,L,-1.0,-22.0,51.7,64.4,-0.34,-42.9,-2.34,0.35,False,orb_minus_width,10:15,1,100000000.0,21.0,B
orb_plus_width|E10|k1|N30|B,480,30,L,1.72,-19.28,52.5,75.6,0.5,-39.0,1.98,1.46,True,orb_plus_width,10:15,1,100000000.0,21.0,B
orb_plus_width_sh|E10|k1|N30|B,480,30,S,-1.72,-22.72,47.5,75.6,-0.5,-44.0,-1.98,-1.46,True,orb_plus_width_sh,10:15,1,100000000.0,21.0,B
orb_minus_width_sh|E10|k1|N30|B,480,30,S,1.0,-20.0,48.3,64.4,0.34,-39.9,2.34,-0.35,False,orb_minus_width_sh,10:15,1,100000000.0,21.0,B
orb_minus_d20|E10|k1|N30|B,469,30,L,3.09,-17.91,53.9,80.0,0.84,-36.9,3.28,2.91,True,orb_minus_d20,10:15,1,100000000.0,21.0,B
orb_plus_d20|E10|k1|N30|B,469,30,L,-2.75,-23.75,50.7,75.5,-0.79,-45.5,0.13,-5.65,False,orb_plus_d20,10:15,1,100000000.0,21.0,B
orb_plus_d20_sh|E10|k1|N30|B,469,30,S,2.75,-18.25,49.3,75.5,0.79,-37.3,-0.13,5.65,False,orb_plus_d20_sh,10:15,1,100000000.0,21.0,B
orb_plus_pct52|E10|k1|N30|B,430,30,L,-0.28,-21.28,53.3,60.3,-0.1,-41.8,1.06,-1.63,False,orb_plus_pct52,10:15,1,100000000.0,21.0,B
orb_plus_pct52_sh|E10|k1|N30|B,430,30,S,0.28,-20.72,46.7,60.3,0.1,-41.0,-1.06,1.63,False,orb_plus_pct52_sh,10:15,1,100000000.0,21.0,B
compress_then_pos|E10|k1|N30|B,480,30,L,-1.0,-22.0,51.7,64.4,-0.34,-42.9,-2.34,0.35,False,compress_then_pos,10:15,1,100000000.0,21.0,B
compress_then_pos_sh|E10|k1|N30|B,480,30,S,1.0,-20.0,48.3,64.4,0.34,-39.9,2.34,-0.35,False,compress_then_pos_sh,10:15,1,100000000.0,21.0,B
expand_then_pos|E10|k1|N30|B,480,30,L,1.72,-19.28,52.5,75.6,0.5,-39.0,1.98,1.46,True,expand_then_pos,10:15,1,100000000.0,21.0,B
expand_then_pos_sh|E10|k1|N30|B,480,30,S,-1.72,-22.72,47.5,75.6,-0.5,-44.0,-1.98,-1.46,True,expand_then_pos_sh,10:15,1,100000000.0,21.0,B
orb_up|E11|k1|N5|A,480,5,L,-4.31,-42.31,50.2,100.3,-0.94,-66.1,-8.97,0.38,False,orb_up,11:15,1,10000000.0,38.0,A
orb_up_sh|E11|k1|N5|A,480,5,S,4.31,-33.69,49.8,100.3,0.94,-57.8,8.97,-0.38,False,orb_up_sh,11:15,1,10000000.0,38.0,A
orb_dn_sh|E11|k1|N5|A,480,5,S,-2.26,-40.26,50.4,82.2,-0.6,-64.1,1.36,-5.9,False,orb_dn_sh,11:15,1,10000000.0,38.0,A
orb_dn_lg|E11|k1|N5|A,480,5,L,2.26,-35.74,49.6,82.2,0.6,-59.8,-1.36,5.9,False,orb_dn_lg,11:15,1,10000000.0,38.0,A
orb_up_sig|E11|k1|N5|A,480,5,L,-4.79,-42.79,47.1,107.3,-0.98,-66.6,-9.85,0.31,False,orb_up_sig,11:15,1,10000000.0,38.0,A
orb_up_sig_sh|E11|k1|N5|A,480,5,S,4.79,-33.21,52.9,107.3,0.98,-57.4,9.85,-0.31,False,orb_up_sig_sh,11:15,1,10000000.0,38.0,A
orb_dn_sig_sh|E11|k1|N5|A,480,5,S,-5.89,-43.89,47.3,90.4,-1.43,-67.3,-1.52,-10.29,True,orb_dn_sig_sh,11:15,1,10000000.0,38.0,A
orb_dn_sig_lg|E11|k1|N5|A,480,5,L,5.89,-32.11,52.7,90.4,1.43,-56.0,1.52,10.29,True,orb_dn_sig_lg,11:15,1,10000000.0,38.0,A
pos_in_or|E11|k1|N5|A,480,5,L,-4.31,-42.31,50.2,100.3,-0.94,-66.1,-8.97,0.38,False,pos_in_or,11:15,1,10000000.0,38.0,A
pos_in_or_sh|E11|k1|N5|A,480,5,S,4.31,-33.69,49.8,100.3,0.94,-57.8,8.97,-0.38,False,pos_in_or_sh,11:15,1,10000000.0,38.0,A
pos_in_or_lo|E11|k1|N5|A,480,5,L,2.26,-35.74,49.6,82.2,0.6,-59.8,-1.36,5.9,False,pos_in_or_lo,11:15,1,10000000.0,38.0,A
pos_in_or_lo_sh|E11|k1|N5|A,480,5,S,-2.26,-40.26,50.4,82.2,-0.6,-64.1,1.36,-5.9,False,pos_in_or_lo_sh,11:15,1,10000000.0,38.0,A
or_close_pos|E11|k1|N5|A,480,5,L,-1.39,-39.39,51.0,63.6,-0.48,-63.2,-0.62,-2.16,True,or_close_pos,11:15,1,10000000.0,38.0,A
or_close_pos_lo|E11|k1|N5|A,480,5,L,-0.31,-38.31,46.9,66.8,-0.1,-62.2,-1.78,1.18,False,or_close_pos_lo,11:15,1,10000000.0,38.0,A
or_close_pos_sh|E11|k1|N5|A,480,5,S,1.39,-36.61,49.0,63.6,0.48,-60.5,0.62,2.16,True,or_close_pos_sh,11:15,1,10000000.0,38.0,A
posrange_hi|E11|k1|N5|A,480,5,L,-0.71,-38.71,48.8,76.6,-0.2,-62.6,-7.45,6.09,False,posrange_hi,11:15,1,10000000.0,38.0,A
posrange_hi_sh|E11|k1|N5|A,480,5,S,0.71,-37.29,51.2,76.6,0.2,-61.3,7.45,-6.09,False,posrange_hi_sh,11:15,1,10000000.0,38.0,A
posrange_lo|E11|k1|N5|A,480,5,L,6.41,-31.59,53.8,65.3,2.15,-55.2,6.14,6.68,True,posrange_lo,11:15,1,10000000.0,38.0,A
posrange_lo_sh|E11|k1|N5|A,480,5,S,-6.41,-44.41,46.0,65.3,-2.15,-67.6,-6.14,-6.68,True,posrange_lo_sh,11:15,1,10000000.0,38.0,A
today_sofar|E11|k1|N5|A,480,5,L,-3.65,-41.65,48.5,132.2,-0.6,-65.8,-9.0,1.76,False,today_sofar,11:15,1,10000000.0,38.0,A
today_sofar_sh|E11|k1|N5|A,480,5,S,3.65,-34.35,51.5,132.2,0.6,-58.9,9.0,-1.76,False,today_sofar_sh,11:15,1,10000000.0,38.0,A
today_sofar_lo|E11|k1|N5|A,480,5,L,-8.7,-46.7,46.0,114.2,-1.67,-69.8,-5.39,-12.04,True,today_sofar_lo,11:15,1,10000000.0,38.0,A
or_ret|E11|k1|N5|A,480,5,L,-1.08,-39.08,46.7,135.0,-0.18,-63.6,-5.11,2.98,False,or_ret,11:15,1,10000000.0,38.0,A
or_ret_sh|E11|k1|N5|A,480,5,S,1.08,-36.92,53.3,135.0,0.18,-61.5,5.11,-2.98,False,or_ret_sh,11:15,1,10000000.0,38.0,A
orbT_up|E11|k1|N5|A,476,5,L,-4.21,-42.21,50.6,100.7,-0.91,-66.0,-8.98,0.61,False,orbT_up,11:15,1,10000000.0,38.0,A
orbT_up_sh|E11|k1|N5|A,476,5,S,4.21,-33.79,49.4,100.7,0.91,-57.9,8.98,-0.61,False,orbT_up_sh,11:15,1,10000000.0,38.0,A
orbT_dn_sh|E11|k1|N5|A,479,5,S,-2.26,-40.26,50.5,82.8,-0.6,-64.1,1.49,-6.03,False,orbT_dn_sh,11:15,1,10000000.0,38.0,A
orbT_dn_lg|E11|k1|N5|A,479,5,L,2.26,-35.74,49.5,82.8,0.6,-59.8,-1.49,6.03,False,orbT_dn_lg,11:15,1,10000000.0,38.0,A
orbT_up_small|E11|k1|N5|A,476,5,L,3.51,-34.49,50.4,85.1,0.9,-58.5,1.66,5.37,True,orbT_up_small,11:15,1,10000000.0,38.0,A
orbT_up_small_sh|E11|k1|N5|A,476,5,S,-3.51,-41.51,49.6,85.1,-0.9,-65.3,-1.66,-5.37,True,orbT_up_small_sh,11:15,1,10000000.0,38.0,A
orbT_dn_small_sh|E11|k1|N5|A,479,5,S,3.48,-34.52,52.6,79.1,0.96,-58.5,7.84,-0.9,False,orbT_dn_small_sh,11:15,1,10000000.0,38.0,A
orbT_dn_small_lg|E11|k1|N5|A,479,5,L,-3.48,-41.48,47.4,79.1,-0.96,-65.2,-7.84,0.9,False,orbT_dn_small_lg,11:15,1,10000000.0,38.0,A
inside_posor|E11|k1|N5|A,480,5,L,-1.08,-39.08,47.9,62.1,-0.38,-62.9,-1.68,-0.46,True,inside_posor,11:15,1,10000000.0,38.0,A
inside_posor_sh|E11|k1|N5|A,480,5,S,1.08,-36.92,52.1,62.1,0.38,-60.8,1.68,0.46,True,inside_posor_sh,11:15,1,10000000.0,38.0,A
inside_posor_lo|E11|k1|N5|A,480,5,L,1.53,-36.47,48.8,63.4,0.53,-60.4,-4.06,7.17,False,inside_posor_lo,11:15,1,10000000.0,38.0,A
or_wide|E11|k1|N5|A,480,5,L,-5.98,-43.98,45.8,106.1,-1.23,-67.5,-2.77,-9.21,True,or_wide,11:15,1,10000000.0,38.0,A
or_wide_sh|E11|k1|N5|A,480,5,S,5.98,-32.02,54.2,106.1,1.23,-56.1,2.77,9.21,True,or_wide_sh,11:15,1,10000000.0,38.0,A
or_narrow|E11|k1|N5|A,480,5,L,-2.22,-40.22,45.2,56.4,-0.86,-63.9,-4.48,0.07,False,or_narrow,11:15,1,10000000.0,38.0,A
or_narrow_sh|E11|k1|N5|A,480,5,S,2.22,-35.78,54.8,56.4,0.86,-59.6,4.48,-0.07,False,or_narrow_sh,11:15,1,10000000.0,38.0,A
or_wrel_hi|E11|k1|N5|A,480,5,L,-5.37,-43.37,46.9,113.9,-1.03,-67.1,-2.79,-7.98,True,or_wrel_hi,11:15,1,10000000.0,38.0,A
or_wrel_lo|E11|k1|N5|A,480,5,L,0.86,-37.14,47.7,72.8,0.26,-61.1,-1.5,3.24,False,or_wrel_lo,11:15,1,10000000.0,38.0,A
or_wrel_hi_sh|E11|k1|N5|A,480,5,S,5.37,-32.63,53.1,113.9,1.03,-56.8,2.79,7.98,True,or_wrel_hi_sh,11:15,1,10000000.0,38.0,A
or_wrel_lo_sh|E11|k1|N5|A,480,5,S,-0.86,-38.86,52.3,72.8,-0.26,-62.8,1.5,-3.24,False,or_wrel_lo_sh,11:15,1,10000000.0,38.0,A
rng_expand|E11|k1|N5|A,480,5,L,-3.14,-41.14,48.3,115.3,-0.6,-65.2,-5.09,-1.18,True,rng_expand,11:15,1,10000000.0,38.0,A
rng_expand_sh|E11|k1|N5|A,480,5,S,3.14,-34.86,51.7,115.3,0.6,-59.2,5.09,1.18,True,rng_expand_sh,11:15,1,10000000.0,38.0,A
rng_compress|E11|k1|N5|A,480,5,L,-2.17,-40.17,47.5,57.3,-0.83,-63.9,-4.73,0.42,False,rng_compress,11:15,1,10000000.0,38.0,A
rng_compress_sh|E11|k1|N5|A,480,5,S,2.17,-35.83,52.5,57.3,0.83,-59.7,4.73,-0.42,False,rng_compress_sh,11:15,1,10000000.0,38.0,A
vol20_hi|E11|k1|N5|A,479,5,L,-9.38,-47.38,44.3,123.0,-1.67,-70.4,-12.93,-5.81,True,vol20_hi,11:15,1,10000000.0,38.0,A
vol20_hi_sh|E11|k1|N5|A,479,5,S,9.38,-28.62,55.7,123.0,1.67,-52.4,12.93,5.81,True,vol20_hi_sh,11:15,1,10000000.0,38.0,A
vol20_lo|E11|k1|N5|A,479,5,L,-0.02,-38.02,37.8,2.6,-0.16,-61.7,-0.02,-0.02,True,vol20_lo,11:15,1,10000000.0,38.0,A
vol20_lo_sh|E11|k1|N5|A,479,5,S,0.02,-37.98,60.8,2.6,0.16,-61.7,0.02,0.02,True,vol20_lo_sh,11:15,1,10000000.0,38.0,A
atr_hi|E11|k1|N5|A,480,5,L,-11.6,-49.6,43.5,128.2,-1.98,-72.0,-9.74,-13.48,True,atr_hi,11:15,1,10000000.0,38.0,A
atr_lo|E11|k1|N5|A,480,5,L,0.07,-37.93,47.3,1.4,1.06,-61.6,0.12,0.02,True,atr_lo,11:15,1,10000000.0,38.0,A
atr_hi_sh|E11|k1|N5|A,480,5,S,11.6,-26.4,56.5,128.2,1.98,-49.7,9.74,13.48,True,atr_hi_sh,11:15,1,10000000.0,38.0,A
fail_up_sh|E11|k1|N5|A,477,5,S,1.56,-36.44,51.4,81.6,0.42,-60.5,7.69,-4.61,False,fail_up_sh,11:15,1,10000000.0,38.0,A
fail_up_lg|E11|k1|N5|A,477,5,L,-1.56,-39.56,48.6,81.6,-0.42,-63.5,-7.69,4.61,False,fail_up_lg,11:15,1,10000000.0,38.0,A
fail_dn_lg|E11|k1|N5|A,480,5,L,-2.17,-40.17,49.8,79.1,-0.6,-64.0,-3.39,-0.94,True,fail_dn_lg,11:15,1,10000000.0,38.0,A
fail_dn_sh|E11|k1|N5|A,480,5,S,2.17,-35.83,50.2,79.1,0.6,-59.8,3.39,0.94,True,fail_dn_sh,11:15,1,10000000.0,38.0,A
giveback_up_sh|E11|k1|N5|A,480,5,S,-3.87,-41.87,51.7,79.1,-1.07,-65.5,-5.13,-2.6,True,giveback_up_sh,11:15,1,10000000.0,38.0,A
giveback_up_lg|E11|k1|N5|A,480,5,L,3.87,-34.13,48.3,79.1,1.07,-58.1,5.13,2.6,True,giveback_up_lg,11:15,1,10000000.0,38.0,A
giveback_dn_lg|E11|k1|N5|A,480,5,L,-2.04,-40.04,47.7,95.6,-0.47,-64.0,-3.86,-0.21,True,giveback_dn_lg,11:15,1,10000000.0,38.0,A
giveback_dn_sh|E11|k1|N5|A,480,5,S,2.04,-35.96,52.3,95.6,0.47,-60.1,3.86,0.21,True,giveback_dn_sh,11:15,1,10000000.0,38.0,A
poke_up|E11|k1|N5|A,480,5,L,-1.12,-39.12,46.9,90.2,-0.27,-63.1,-4.57,2.37,False,poke_up,11:15,1,10000000.0,38.0,A
poke_up_sh|E11|k1|N5|A,480,5,S,1.12,-36.88,53.1,90.2,0.27,-61.0,4.57,-2.37,False,poke_up_sh,11:15,1,10000000.0,38.0,A
poke_dn_sh|E11|k1|N5|A,480,5,S,-5.34,-43.34,50.4,79.5,-1.47,-66.8,-1.37,-9.34,True,poke_dn_sh,11:15,1,10000000.0,38.0,A
poke_dn_lg|E11|k1|N5|A,480,5,L,5.34,-32.66,49.6,79.5,1.47,-56.5,1.37,9.34,True,poke_dn_lg,11:15,1,10000000.0,38.0,A
ext_up_sh|E11|k1|N5|A,480,5,S,-3.86,-41.86,51.7,79.1,-1.07,-65.5,-5.1,-2.6,True,ext_up_sh,11:15,1,10000000.0,38.0,A
ext_up_lg|E11|k1|N5|A,480,5,L,3.86,-34.14,48.3,79.1,1.07,-58.1,5.1,2.6,True,ext_up_lg,11:15,1,10000000.0,38.0,A
held_up|E11|k1|N5|A,476,5,L,-3.8,-41.8,50.6,99.3,-0.84,-65.6,-8.93,1.37,False,held_up,11:15,1,10000000.0,38.0,A
held_up_sh|E11|k1|N5|A,476,5,S,3.8,-34.2,49.4,99.3,0.84,-58.3,8.93,-1.37,False,held_up_sh,11:15,1,10000000.0,38.0,A
held_dn_sh|E11|k1|N5|A,479,5,S,-2.02,-40.02,50.5,82.3,-0.54,-63.9,1.49,-5.54,False,held_dn_sh,11:15,1,10000000.0,38.0,A
held_dn_lg|E11|k1|N5|A,479,5,L,2.02,-35.98,49.5,82.3,0.54,-60.0,-1.49,5.54,False,held_dn_lg,11:15,1,10000000.0,38.0,A
rvol_hi|E11|k1|N5|A,480,5,L,-4.89,-42.89,43.8,127.4,-0.84,-66.8,-4.02,-5.76,True,rvol_hi,11:15,1,10000000.0,38.0,A
rvol_hi_sh|E11|k1|N5|A,480,5,S,4.89,-33.11,56.2,127.4,0.84,-57.5,4.02,5.76,True,rvol_hi_sh,11:15,1,10000000.0,38.0,A
rvol_lo|E11|k1|N5|A,480,5,L,-5.7,-43.7,46.5,66.3,-1.88,-67.0,-5.59,-5.82,True,rvol_lo,11:15,1,10000000.0,38.0,A
rvol_lo_sh|E11|k1|N5|A,480,5,S,5.7,-32.3,53.5,66.3,1.88,-56.0,5.59,5.82,True,rvol_lo_sh,11:15,1,10000000.0,38.0,A
orb_vol125|E11|k1|N5|A,473,5,L,-2.77,-40.77,49.3,103.1,-0.58,-64.8,-6.05,0.54,False,orb_vol125,11:15,1,10000000.0,38.0,A
orb_vol125_sh|E11|k1|N5|A,473,5,S,2.77,-35.23,50.7,103.1,0.58,-59.5,6.05,-0.54,False,orb_vol125_sh,11:15,1,10000000.0,38.0,A
orbdn_vol125_sh|E11|k1|N5|A,469,5,S,-2.95,-40.95,48.0,91.2,-0.7,-64.8,-3.94,-1.95,True,orbdn_vol125_sh,11:15,1,10000000.0,38.0,A
orbdn_vol125_lg|E11|k1|N5|A,469,5,L,2.95,-35.05,52.0,91.2,0.7,-59.2,3.94,1.95,True,orbdn_vol125_lg,11:15,1,10000000.0,38.0,A
orb_vol15|E11|k1|N5|A,470,5,L,-0.4,-38.4,50.9,108.2,-0.08,-62.6,-1.3,0.51,False,orb_vol15,11:15,1,10000000.0,38.0,A
orb_vol15_sh|E11|k1|N5|A,470,5,S,0.4,-37.6,49.1,108.2,0.08,-61.9,1.3,-0.51,False,orb_vol15_sh,11:15,1,10000000.0,38.0,A
orbdn_vol15_sh|E11|k1|N5|A,456,5,S,-3.59,-41.59,49.3,94.5,-0.81,-65.4,-5.21,-1.95,True,orbdn_vol15_sh,11:15,1,10000000.0,38.0,A
orbdn_vol15_lg|E11|k1|N5|A,456,5,L,3.59,-34.41,50.7,94.5,0.81,-58.5,5.21,1.95,True,orbdn_vol15_lg,11:15,1,10000000.0,38.0,A
orb_vol20|E11|k1|N5|A,464,5,L,2.44,-35.56,52.8,109.4,0.48,-59.9,1.06,3.82,True,orb_vol20,11:15,1,10000000.0,38.0,A
orb_vol20_sh|E11|k1|N5|A,464,5,S,-2.44,-40.44,47.2,109.4,-0.48,-64.5,-1.06,-3.82,True,orb_vol20_sh,11:15,1,10000000.0,38.0,A
orbdn_vol20_sh|E11|k1|N5|A,421,5,S,-4.43,-42.43,51.3,96.5,-0.94,-66.2,-0.01,-8.88,True,orbdn_vol20_sh,11:15,1,10000000.0,38.0,A
orbdn_vol20_lg|E11|k1|N5|A,421,5,L,4.43,-33.57,48.7,96.5,0.94,-57.6,0.01,8.88,True,orbdn_vol20_lg,11:15,1,10000000.0,38.0,A
orb_x_rvol|E11|k1|N5|A,480,5,L,-5.47,-43.47,47.3,124.9,-0.96,-67.3,-9.86,-1.04,True,orb_x_rvol,11:15,1,10000000.0,38.0,A
orb_x_rvol_sh|E11|k1|N5|A,480,5,S,5.47,-32.53,52.7,124.9,0.96,-56.9,9.86,1.04,True,orb_x_rvol_sh,11:15,1,10000000.0,38.0,A
orb_novol|E11|k1|N5|A,410,5,L,-3.67,-41.67,47.8,70.0,-1.06,-65.3,-7.24,-0.07,True,orb_novol,11:15,1,10000000.0,38.0,A
orb_novol_sh|E11|k1|N5|A,410,5,S,3.67,-34.33,52.2,70.0,1.06,-58.2,7.24,0.07,True,orb_novol_sh,11:15,1,10000000.0,38.0,A
orb_wideOR|E11|k1|N5|A,424,5,L,3.64,-34.36,51.4,108.2,0.69,-58.6,1.6,5.69,True,orb_wideOR,11:15,1,10000000.0,38.0,A
orb_wideOR_sh|E11|k1|N5|A,424,5,S,-3.64,-41.64,48.6,108.2,-0.69,-65.6,-1.6,-5.69,True,orb_wideOR_sh,11:15,1,10000000.0,38.0,A
orb_narrowOR|E11|k1|N5|A,461,5,L,0.14,-37.86,52.5,82.9,0.04,-61.9,-1.14,1.43,False,orb_narrowOR,11:15,1,10000000.0,38.0,A
orb_narrowOR_sh|E11|k1|N5|A,461,5,S,-0.14,-38.14,47.5,82.9,-0.04,-62.2,1.14,-1.43,False,orb_narrowOR_sh,11:15,1,10000000.0,38.0,A
orbdn_wideOR_sh|E11|k1|N5|A,413,5,S,0.73,-37.27,50.8,93.2,0.16,-61.4,3.5,-2.07,False,orbdn_wideOR_sh,11:15,1,10000000.0,38.0,A
orbdn_narrowOR_sh|E11|k1|N5|A,459,5,S,-2.7,-40.7,51.0,75.3,-0.77,-64.5,0.08,-5.49,False,orbdn_narrowOR_sh,11:15,1,10000000.0,38.0,A
orbdn_wideOR_lg|E11|k1|N5|A,413,5,L,-0.73,-38.73,49.2,93.2,-0.16,-62.8,-3.5,2.07,False,orbdn_wideOR_lg,11:15,1,10000000.0,38.0,A
orbdn_narrowOR_lg|E11|k1|N5|A,459,5,L,2.7,-35.3,49.0,75.3,0.77,-59.3,-0.08,5.49,False,orbdn_narrowOR_lg,11:15,1,10000000.0,38.0,A
orb_coiled|E11|k1|N5|A,460,5,L,-1.29,-39.29,50.7,84.4,-0.33,-63.3,-3.93,1.38,False,orb_coiled,11:15,1,10000000.0,38.0,A
orb_coiled_sh|E11|k1|N5|A,460,5,S,1.29,-36.71,49.3,84.4,0.33,-60.8,3.93,-1.38,False,orb_coiled_sh,11:15,1,10000000.0,38.0,A
orbdn_coiled_sh|E11|k1|N5|A,462,5,S,-1.51,-39.51,51.7,75.9,-0.43,-63.4,3.69,-6.75,False,orbdn_coiled_sh,11:15,1,10000000.0,38.0,A
orb_gapup|E11|k1|N5|A,372,5,L,13.71,-24.29,54.8,102.8,2.57,-46.5,8.68,18.8,True,orb_gapup,11:15,1,10000000.0,38.0,A
orb_gapup_sh|E11|k1|N5|A,372,5,S,-13.71,-51.71,45.2,102.8,-2.57,-73.3,-8.68,-18.8,True,orb_gapup_sh,11:15,1,10000000.0,38.0,A
orb_nogap|E11|k1|N5|A,452,5,L,-2.45,-40.45,50.2,82.2,-0.63,-64.3,-6.68,1.83,False,orb_nogap,11:15,1,10000000.0,38.0,A
orb_nogap_sh|E11|k1|N5|A,452,5,S,2.45,-35.55,49.8,82.2,0.63,-59.6,6.68,-1.83,False,orb_nogap_sh,11:15,1,10000000.0,38.0,A
orb_gapdn|E11|k1|N5|A,239,5,L,2.43,-35.57,51.5,105.1,0.36,-59.8,9.05,-4.25,False,orb_gapdn,11:15,1,10000000.0,38.0,A
orb_gapdn_sh|E11|k1|N5|A,239,5,S,-2.43,-40.43,48.5,105.1,-0.36,-64.5,-9.05,4.25,False,orb_gapdn_sh,11:15,1,10000000.0,38.0,A
orbdn_gapdn_sh|E11|k1|N5|A,255,5,S,-3.82,-41.82,50.2,87.2,-0.7,-65.6,-3.45,-4.19,True,orbdn_gapdn_sh,11:15,1,10000000.0,38.0,A
orbdn_gapdn_lg|E11|k1|N5|A,255,5,L,3.82,-34.18,49.8,87.2,0.7,-58.2,3.45,4.19,True,orbdn_gapdn_lg,11:15,1,10000000.0,38.0,A
orbdn_gapup_sh|E11|k1|N5|A,402,5,S,-2.63,-40.63,49.5,90.7,-0.58,-64.5,4.25,-9.59,False,orbdn_gapup_sh,11:15,1,10000000.0,38.0,A
gap_up|E11|k1|N5|A,480,5,L,8.03,-29.97,50.4,114.1,1.54,-53.8,0.18,15.95,True,gap_up,11:15,1,10000000.0,38.0,A
gap_up_sh|E11|k1|N5|A,480,5,S,-8.03,-46.03,49.6,114.1,-1.54,-69.2,-0.18,-15.95,True,gap_up_sh,11:15,1,10000000.0,38.0,A
gap_dn_lg|E11|k1|N5|A,480,5,L,-2.57,-40.57,46.0,112.0,-0.5,-64.7,2.5,-7.69,False,gap_dn_lg,11:15,1,10000000.0,38.0,A
gap_dn_sh|E11|k1|N5|A,480,5,S,2.57,-35.43,54.0,112.0,0.5,-59.8,-2.5,7.69,False,gap_dn_sh,11:15,1,10000000.0,38.0,A
orb_hivol|E11|k1|N5|A,438,5,L,0.18,-37.82,49.1,119.3,0.03,-62.2,-3.42,3.81,False,orb_hivol,11:15,1,10000000.0,38.0,A
orb_hivol_sh|E11|k1|N5|A,438,5,S,-0.18,-38.18,50.9,119.3,-0.03,-62.5,3.42,-3.81,False,orb_hivol_sh,11:15,1,10000000.0,38.0,A
orb_lovol|E11|k1|N5|A,443,5,L,0.4,-37.6,52.4,66.2,0.13,-61.5,-2.1,2.92,False,orb_lovol,11:15,1,10000000.0,38.0,A
orb_lovol_sh|E11|k1|N5|A,443,5,S,-0.4,-38.4,47.6,66.2,-0.13,-62.3,2.1,-2.92,False,orb_lovol_sh,11:15,1,10000000.0,38.0,A
orbdn_hivol_sh|E11|k1|N5|A,444,5,S,0.24,-37.76,50.2,102.1,0.05,-62.0,6.87,-6.45,False,orbdn_hivol_sh,11:15,1,10000000.0,38.0,A
orbdn_lovol_sh|E11|k1|N5|A,453,5,S,-5.82,-43.82,46.6,64.9,-1.91,-67.1,-0.18,-11.49,True,orbdn_lovol_sh,11:15,1,10000000.0,38.0,A
posrange_hivol|E11|k1|N5|A,479,5,L,-3.81,-41.81,48.0,111.9,-0.74,-65.8,-15.5,7.94,False,posrange_hivol,11:15,1,10000000.0,38.0,A
posrange_lovol|E11|k1|N5|A,479,5,L,-2.45,-40.45,45.9,51.2,-1.05,-64.1,-2.52,-2.39,True,posrange_lovol,11:15,1,10000000.0,38.0,A
posrange_hivol_sh|E11|k1|N5|A,479,5,S,3.81,-34.19,52.0,111.9,0.74,-58.5,15.5,-7.94,False,posrange_hivol_sh,11:15,1,10000000.0,38.0,A
posrange_lovol_sh|E11|k1|N5|A,479,5,S,2.45,-35.55,54.1,51.2,1.05,-59.4,2.52,2.39,True,posrange_lovol_sh,11:15,1,10000000.0,38.0,A
orb_minus_width|E11|k1|N5|A,480,5,L,-2.02,-40.02,50.0,86.7,-0.51,-63.9,-6.94,2.93,False,orb_minus_width,11:15,1,10000000.0,38.0,A
orb_plus_width|E11|k1|N5|A,480,5,L,-3.82,-41.82,46.0,106.7,-0.78,-65.7,-6.23,-1.39,True,orb_plus_width,11:15,1,10000000.0,38.0,A
orb_plus_width_sh|E11|k1|N5|A,480,5,S,3.82,-34.18,54.0,106.7,0.78,-58.4,6.23,1.39,True,orb_plus_width_sh,11:15,1,10000000.0,38.0,A
orb_minus_width_sh|E11|k1|N5|A,480,5,S,2.02,-35.98,50.0,86.7,0.51,-60.1,6.94,-2.93,False,orb_minus_width_sh,11:15,1,10000000.0,38.0,A
orb_minus_d20|E11|k1|N5|A,469,5,L,4.78,-33.22,52.2,106.2,0.97,-57.4,-1.65,11.23,False,orb_minus_d20,11:15,1,10000000.0,38.0,A
orb_plus_d20|E11|k1|N5|A,469,5,L,-4.86,-42.86,46.9,125.4,-0.84,-66.8,3.4,-13.15,False,orb_plus_d20,11:15,1,10000000.0,38.0,A
orb_plus_d20_sh|E11|k1|N5|A,469,5,S,4.86,-33.14,53.1,125.4,0.84,-57.5,-3.4,13.15,False,orb_plus_d20_sh,11:15,1,10000000.0,38.0,A
orb_plus_pct52|E11|k1|N5|A,430,5,L,-0.33,-38.33,50.9,88.1,-0.08,-62.4,-0.52,-0.14,True,orb_plus_pct52,11:15,1,10000000.0,38.0,A
orb_plus_pct52_sh|E11|k1|N5|A,430,5,S,0.33,-37.67,49.1,88.1,0.08,-61.7,0.52,0.14,True,orb_plus_pct52_sh,11:15,1,10000000.0,38.0,A
compress_then_pos|E11|k1|N5|A,480,5,L,-2.02,-40.02,50.0,86.7,-0.51,-63.9,-6.94,2.93,False,compress_then_pos,11:15,1,10000000.0,38.0,A
compress_then_pos_sh|E11|k1|N5|A,480,5,S,2.02,-35.98,50.0,86.7,0.51,-60.1,6.94,-2.93,False,compress_then_pos_sh,11:15,1,10000000.0,38.0,A
expand_then_pos|E11|k1|N5|A,480,5,L,-3.82,-41.82,46.0,106.7,-0.78,-65.7,-6.23,-1.39,True,expand_then_pos,11:15,1,10000000.0,38.0,A
expand_then_pos_sh|E11|k1|N5|A,480,5,S,3.82,-34.18,54.0,106.7,0.78,-58.4,6.23,1.39,True,expand_then_pos_sh,11:15,1,10000000.0,38.0,A
orb_up|E11|k1|N10|A,480,10,L,-0.65,-38.65,53.3,75.6,-0.19,-62.6,-3.71,2.44,False,orb_up,11:15,1,10000000.0,38.0,A
orb_up_sh|E11|k1|N10|A,480,10,S,0.65,-37.35,46.7,75.6,0.19,-61.3,3.71,-2.44,False,orb_up_sh,11:15,1,10000000.0,38.0,A
orb_dn_sh|E11|k1|N10|A,480,10,S,-3.06,-41.06,46.7,72.1,-0.93,-64.8,2.11,-8.26,False,orb_dn_sh,11:15,1,10000000.0,38.0,A
orb_dn_lg|E11|k1|N10|A,480,10,L,3.06,-34.94,53.3,72.1,0.93,-58.9,-2.11,8.26,False,orb_dn_lg,11:15,1,10000000.0,38.0,A
orb_up_sig|E11|k1|N10|A,480,10,L,-0.19,-38.19,52.9,79.8,-0.05,-62.2,-3.94,3.59,False,orb_up_sig,11:15,1,10000000.0,38.0,A
orb_up_sig_sh|E11|k1|N10|A,480,10,S,0.19,-37.81,47.1,79.8,0.05,-61.8,3.94,-3.59,False,orb_up_sig_sh,11:15,1,10000000.0,38.0,A
orb_dn_sig_sh|E11|k1|N10|A,480,10,S,-5.16,-43.16,47.9,75.2,-1.51,-66.6,-1.15,-9.21,True,orb_dn_sig_sh,11:15,1,10000000.0,38.0,A
orb_dn_sig_lg|E11|k1|N10|A,480,10,L,5.16,-32.84,52.1,75.2,1.51,-56.7,1.15,9.21,True,orb_dn_sig_lg,11:15,1,10000000.0,38.0,A
pos_in_or|E11|k1|N10|A,480,10,L,-0.65,-38.65,53.3,75.6,-0.19,-62.6,-3.71,2.44,False,pos_in_or,11:15,1,10000000.0,38.0,A
pos_in_or_sh|E11|k1|N10|A,480,10,S,0.65,-37.35,46.7,75.6,0.19,-61.3,3.71,-2.44,False,pos_in_or_sh,11:15,1,10000000.0,38.0,A
pos_in_or_lo|E11|k1|N10|A,480,10,L,3.06,-34.94,53.3,72.1,0.93,-58.9,-2.11,8.26,False,pos_in_or_lo,11:15,1,10000000.0,38.0,A
pos_in_or_lo_sh|E11|k1|N10|A,480,10,S,-3.06,-41.06,46.7,72.1,-0.93,-64.8,2.11,-8.26,False,pos_in_or_lo_sh,11:15,1,10000000.0,38.0,A
or_close_pos|E11|k1|N10|A,480,10,L,1.33,-36.67,52.5,59.9,0.48,-60.6,-1.12,3.79,False,or_close_pos,11:15,1,10000000.0,38.0,A
or_close_pos_lo|E11|k1|N10|A,480,10,L,-1.34,-39.34,48.8,62.2,-0.47,-63.1,-3.18,0.51,False,or_close_pos_lo,11:15,1,10000000.0,38.0,A
or_close_pos_sh|E11|k1|N10|A,480,10,S,-1.33,-39.33,47.5,59.9,-0.48,-63.1,1.12,-3.79,False,or_close_pos_sh,11:15,1,10000000.0,38.0,A
posrange_hi|E11|k1|N10|A,480,10,L,-0.34,-38.34,53.3,66.9,-0.11,-62.2,-4.87,4.23,False,posrange_hi,11:15,1,10000000.0,38.0,A
posrange_hi_sh|E11|k1|N10|A,480,10,S,0.34,-37.66,46.7,66.9,0.11,-61.6,4.87,-4.23,False,posrange_hi_sh,11:15,1,10000000.0,38.0,A
posrange_lo|E11|k1|N10|A,480,10,L,1.69,-36.31,51.9,62.5,0.59,-60.2,-1.03,4.43,False,posrange_lo,11:15,1,10000000.0,38.0,A
posrange_lo_sh|E11|k1|N10|A,480,10,S,-1.69,-39.69,48.1,62.5,-0.59,-63.5,1.03,-4.43,False,posrange_lo_sh,11:15,1,10000000.0,38.0,A
today_sofar|E11|k1|N10|A,480,10,L,1.22,-36.78,52.3,99.8,0.27,-61.0,-0.5,2.96,False,today_sofar,11:15,1,10000000.0,38.0,A
today_sofar_sh|E11|k1|N10|A,480,10,S,-1.22,-39.22,47.7,99.8,-0.27,-63.3,0.5,-2.96,False,today_sofar_sh,11:15,1,10000000.0,38.0,A
today_sofar_lo|E11|k1|N10|A,480,10,L,-7.32,-45.32,42.5,91.0,-1.76,-68.5,-10.02,-4.6,True,today_sofar_lo,11:15,1,10000000.0,38.0,A
or_ret|E11|k1|N10|A,480,10,L,1.29,-36.71,50.0,96.2,0.29,-60.9,-2.07,4.68,False,or_ret,11:15,1,10000000.0,38.0,A
or_ret_sh|E11|k1|N10|A,480,10,S,-1.29,-39.29,50.0,96.2,-0.29,-63.4,2.07,-4.68,False,or_ret_sh,11:15,1,10000000.0,38.0,A
orbT_up|E11|k1|N10|A,476,10,L,-1.57,-39.57,53.4,76.1,-0.45,-63.4,-4.73,1.63,False,orbT_up,11:15,1,10000000.0,38.0,A
orbT_up_sh|E11|k1|N10|A,476,10,S,1.57,-36.43,46.6,76.1,0.45,-60.4,4.73,-1.63,False,orbT_up_sh,11:15,1,10000000.0,38.0,A
orbT_dn_sh|E11|k1|N10|A,479,10,S,-2.72,-40.72,46.8,73.3,-0.81,-64.5,3.1,-8.56,False,orbT_dn_sh,11:15,1,10000000.0,38.0,A
orbT_dn_lg|E11|k1|N10|A,479,10,L,2.72,-35.28,53.2,73.3,0.81,-59.2,-3.1,8.56,False,orbT_dn_lg,11:15,1,10000000.0,38.0,A
orbT_up_small|E11|k1|N10|A,476,10,L,3.31,-34.69,52.9,73.9,0.98,-58.6,1.18,5.46,True,orbT_up_small,11:15,1,10000000.0,38.0,A
orbT_up_small_sh|E11|k1|N10|A,476,10,S,-3.31,-41.31,47.1,73.9,-0.98,-65.0,-1.18,-5.46,True,orbT_up_small_sh,11:15,1,10000000.0,38.0,A
orbT_dn_small_sh|E11|k1|N10|A,479,10,S,5.0,-33.0,54.9,71.8,1.53,-56.8,10.93,-0.95,False,orbT_dn_small_sh,11:15,1,10000000.0,38.0,A
orbT_dn_small_lg|E11|k1|N10|A,479,10,L,-5.0,-43.0,45.1,71.8,-1.53,-66.5,-10.93,0.95,False,orbT_dn_small_lg,11:15,1,10000000.0,38.0,A
inside_posor|E11|k1|N10|A,480,10,L,-2.65,-40.65,46.7,58.0,-1.0,-64.3,-5.17,-0.1,True,inside_posor,11:15,1,10000000.0,38.0,A
inside_posor_sh|E11|k1|N10|A,480,10,S,2.65,-35.35,53.3,58.0,1.0,-59.2,5.17,0.1,True,inside_posor_sh,11:15,1,10000000.0,38.0,A
inside_posor_lo|E11|k1|N10|A,480,10,L,-0.57,-38.57,48.5,62.9,-0.2,-62.4,-6.31,5.22,False,inside_posor_lo,11:15,1,10000000.0,38.0,A
or_wide|E11|k1|N10|A,480,10,L,-2.88,-40.88,49.2,81.7,-0.77,-64.7,-3.11,-2.64,True,or_wide,11:15,1,10000000.0,38.0,A
or_wide_sh|E11|k1|N10|A,480,10,S,2.88,-35.12,50.8,81.7,0.77,-59.1,3.11,2.64,True,or_wide_sh,11:15,1,10000000.0,38.0,A
or_narrow|E11|k1|N10|A,480,10,L,-2.71,-40.71,47.5,53.0,-1.12,-64.4,-5.96,0.57,False,or_narrow,11:15,1,10000000.0,38.0,A
or_narrow_sh|E11|k1|N10|A,480,10,S,2.71,-35.29,52.5,53.0,1.12,-59.1,5.96,-0.57,False,or_narrow_sh,11:15,1,10000000.0,38.0,A
or_wrel_hi|E11|k1|N10|A,480,10,L,-4.4,-42.4,49.6,93.9,-1.03,-66.1,-3.92,-4.9,True,or_wrel_hi,11:15,1,10000000.0,38.0,A
or_wrel_lo|E11|k1|N10|A,480,10,L,-3.38,-41.38,46.0,63.6,-1.17,-65.0,-6.89,0.15,False,or_wrel_lo,11:15,1,10000000.0,38.0,A
or_wrel_hi_sh|E11|k1|N10|A,480,10,S,4.4,-33.6,50.4,93.9,1.03,-57.6,3.92,4.9,True,or_wrel_hi_sh,11:15,1,10000000.0,38.0,A
or_wrel_lo_sh|E11|k1|N10|A,480,10,S,3.38,-34.62,54.0,63.6,1.17,-58.5,6.89,-0.15,False,or_wrel_lo_sh,11:15,1,10000000.0,38.0,A
rng_expand|E11|k1|N10|A,480,10,L,-2.53,-40.53,50.0,88.7,-0.62,-64.4,-2.16,-2.89,True,rng_expand,11:15,1,10000000.0,38.0,A
rng_expand_sh|E11|k1|N10|A,480,10,S,2.53,-35.47,50.0,88.7,0.62,-59.6,2.16,2.89,True,rng_expand_sh,11:15,1,10000000.0,38.0,A
rng_compress|E11|k1|N10|A,480,10,L,-2.74,-40.74,47.1,52.7,-1.14,-64.4,-5.88,0.42,False,rng_compress,11:15,1,10000000.0,38.0,A
rng_compress_sh|E11|k1|N10|A,480,10,S,2.74,-35.26,52.9,52.7,1.14,-59.1,5.88,-0.42,False,rng_compress_sh,11:15,1,10000000.0,38.0,A
vol20_hi|E11|k1|N10|A,479,10,L,-11.66,-49.66,44.5,104.9,-2.43,-71.9,-12.97,-10.34,True,vol20_hi,11:15,1,10000000.0,38.0,A
vol20_hi_sh|E11|k1|N10|A,479,10,S,11.66,-26.34,55.5,104.9,2.43,-49.3,12.97,10.34,True,vol20_hi_sh,11:15,1,10000000.0,38.0,A
vol20_lo|E11|k1|N10|A,479,10,L,0.89,-37.11,50.3,18.8,1.03,-60.8,2.52,-0.76,False,vol20_lo,11:15,1,10000000.0,38.0,A
vol20_lo_sh|E11|k1|N10|A,479,10,S,-0.89,-38.89,49.7,18.8,-1.03,-62.6,-2.52,0.76,False,vol20_lo_sh,11:15,1,10000000.0,38.0,A
atr_hi|E11|k1|N10|A,480,10,L,-10.53,-48.53,44.8,104.0,-2.22,-71.0,-11.8,-9.25,True,atr_hi,11:15,1,10000000.0,38.0,A
atr_lo|E11|k1|N10|A,480,10,L,2.56,-35.44,59.2,17.3,3.23,-59.1,3.54,1.56,True,atr_lo,11:15,1,10000000.0,38.0,A
atr_hi_sh|E11|k1|N10|A,480,10,S,10.53,-27.47,55.2,104.0,2.22,-50.7,11.8,9.25,True,atr_hi_sh,11:15,1,10000000.0,38.0,A
fail_up_sh|E11|k1|N10|A,477,10,S,3.35,-34.65,54.5,72.3,1.01,-58.6,7.91,-1.23,False,fail_up_sh,11:15,1,10000000.0,38.0,A
fail_up_lg|E11|k1|N10|A,477,10,L,-3.35,-41.35,45.5,72.3,-1.01,-65.0,-7.91,1.23,False,fail_up_lg,11:15,1,10000000.0,38.0,A
fail_dn_lg|E11|k1|N10|A,480,10,L,-0.14,-38.14,49.8,71.0,-0.04,-62.1,-4.62,4.37,False,fail_dn_lg,11:15,1,10000000.0,38.0,A
fail_dn_sh|E11|k1|N10|A,480,10,S,0.14,-37.86,50.2,71.0,0.04,-61.8,4.62,-4.37,False,fail_dn_sh,11:15,1,10000000.0,38.0,A
giveback_up_sh|E11|k1|N10|A,480,10,S,-4.34,-42.34,49.4,67.4,-1.41,-65.9,-4.04,-4.65,True,giveback_up_sh,11:15,1,10000000.0,38.0,A
giveback_up_lg|E11|k1|N10|A,480,10,L,4.34,-33.66,50.6,67.4,1.41,-57.5,4.04,4.65,True,giveback_up_lg,11:15,1,10000000.0,38.0,A
giveback_dn_lg|E11|k1|N10|A,480,10,L,-0.31,-38.31,49.6,72.5,-0.09,-62.2,-3.29,2.7,False,giveback_dn_lg,11:15,1,10000000.0,38.0,A
giveback_dn_sh|E11|k1|N10|A,480,10,S,0.31,-37.69,50.4,72.5,0.09,-61.6,3.29,-2.7,False,giveback_dn_sh,11:15,1,10000000.0,38.0,A
poke_up|E11|k1|N10|A,480,10,L,-1.06,-39.06,49.4,75.8,-0.31,-63.0,-5.7,3.62,False,poke_up,11:15,1,10000000.0,38.0,A
poke_up_sh|E11|k1|N10|A,480,10,S,1.06,-36.94,50.6,75.8,0.31,-60.9,5.7,-3.62,False,poke_up_sh,11:15,1,10000000.0,38.0,A
poke_dn_sh|E11|k1|N10|A,480,10,S,-5.11,-43.11,47.1,68.6,-1.63,-66.5,0.48,-10.75,False,poke_dn_sh,11:15,1,10000000.0,38.0,A
poke_dn_lg|E11|k1|N10|A,480,10,L,5.11,-32.89,52.9,68.6,1.63,-56.7,-0.48,10.75,False,poke_dn_lg,11:15,1,10000000.0,38.0,A
ext_up_sh|E11|k1|N10|A,480,10,S,-4.36,-42.36,49.4,67.4,-1.42,-65.9,-4.04,-4.69,True,ext_up_sh,11:15,1,10000000.0,38.0,A
ext_up_lg|E11|k1|N10|A,480,10,L,4.36,-33.64,50.6,67.4,1.42,-57.5,4.04,4.69,True,ext_up_lg,11:15,1,10000000.0,38.0,A
held_up|E11|k1|N10|A,476,10,L,-1.23,-39.23,53.4,75.3,-0.36,-63.1,-4.58,2.15,False,held_up,11:15,1,10000000.0,38.0,A
held_up_sh|E11|k1|N10|A,476,10,S,1.23,-36.77,46.6,75.3,0.36,-60.8,4.58,-2.15,False,held_up_sh,11:15,1,10000000.0,38.0,A
held_dn_sh|E11|k1|N10|A,479,10,S,-2.1,-40.1,46.8,71.5,-0.64,-63.9,3.09,-7.3,False,held_dn_sh,11:15,1,10000000.0,38.0,A
held_dn_lg|E11|k1|N10|A,479,10,L,2.1,-35.9,53.2,71.5,0.64,-59.9,-3.09,7.3,False,held_dn_lg,11:15,1,10000000.0,38.0,A
rvol_hi|E11|k1|N10|A,480,10,L,-2.31,-40.31,48.5,94.8,-0.54,-64.3,-1.98,-2.66,True,rvol_hi,11:15,1,10000000.0,38.0,A
rvol_hi_sh|E11|k1|N10|A,480,10,S,2.31,-35.69,51.5,94.8,0.54,-59.8,1.98,2.66,True,rvol_hi_sh,11:15,1,10000000.0,38.0,A
rvol_lo|E11|k1|N10|A,480,10,L,-4.11,-42.11,47.5,58.0,-1.55,-65.6,-5.86,-2.34,True,rvol_lo,11:15,1,10000000.0,38.0,A
rvol_lo_sh|E11|k1|N10|A,480,10,S,4.11,-33.89,52.5,58.0,1.55,-57.7,5.86,2.34,True,rvol_lo_sh,11:15,1,10000000.0,38.0,A
orb_vol125|E11|k1|N10|A,473,10,L,1.04,-36.96,53.7,82.9,0.27,-61.0,-2.6,4.68,False,orb_vol125,11:15,1,10000000.0,38.0,A
orb_vol125_sh|E11|k1|N10|A,473,10,S,-1.04,-39.04,46.3,82.9,-0.27,-63.0,2.6,-4.68,False,orb_vol125_sh,11:15,1,10000000.0,38.0,A
orbdn_vol125_sh|E11|k1|N10|A,469,10,S,-3.62,-41.62,48.6,74.9,-1.05,-65.3,-1.74,-5.52,True,orbdn_vol125_sh,11:15,1,10000000.0,38.0,A
orbdn_vol125_lg|E11|k1|N10|A,469,10,L,3.62,-34.38,51.4,74.9,1.05,-58.3,1.74,5.52,True,orbdn_vol125_lg,11:15,1,10000000.0,38.0,A
orb_vol15|E11|k1|N10|A,470,10,L,2.69,-35.31,54.3,89.8,0.65,-59.4,0.28,5.13,True,orb_vol15,11:15,1,10000000.0,38.0,A
orb_vol15_sh|E11|k1|N10|A,470,10,S,-2.69,-40.69,45.7,89.8,-0.65,-64.6,-0.28,-5.13,True,orb_vol15_sh,11:15,1,10000000.0,38.0,A
orbdn_vol15_sh|E11|k1|N10|A,456,10,S,-3.43,-41.43,47.8,81.0,-0.9,-65.2,-1.87,-5.0,True,orbdn_vol15_sh,11:15,1,10000000.0,38.0,A
orbdn_vol15_lg|E11|k1|N10|A,456,10,L,3.43,-34.57,52.2,81.0,0.9,-58.6,1.87,5.0,True,orbdn_vol15_lg,11:15,1,10000000.0,38.0,A
orb_vol20|E11|k1|N10|A,464,10,L,3.11,-34.89,53.0,93.2,0.72,-59.0,1.28,4.95,True,orb_vol20,11:15,1,10000000.0,38.0,A
orb_vol20_sh|E11|k1|N10|A,464,10,S,-3.11,-41.11,47.0,93.2,-0.72,-65.0,-1.28,-4.95,True,orb_vol20_sh,11:15,1,10000000.0,38.0,A
orbdn_vol20_sh|E11|k1|N10|A,421,10,S,-1.61,-39.61,51.8,86.9,-0.38,-63.6,3.06,-6.3,False,orbdn_vol20_sh,11:15,1,10000000.0,38.0,A
orbdn_vol20_lg|E11|k1|N10|A,421,10,L,1.61,-36.39,48.2,86.9,0.38,-60.5,-3.06,6.3,False,orbdn_vol20_lg,11:15,1,10000000.0,38.0,A
orb_x_rvol|E11|k1|N10|A,480,10,L,-1.78,-39.78,47.5,93.2,-0.42,-63.8,-4.36,0.83,False,orb_x_rvol,11:15,1,10000000.0,38.0,A
orb_x_rvol_sh|E11|k1|N10|A,480,10,S,1.78,-36.22,52.5,93.2,0.42,-60.4,4.36,-0.83,False,orb_x_rvol_sh,11:15,1,10000000.0,38.0,A
orb_novol|E11|k1|N10|A,410,10,L,-3.9,-41.9,50.7,63.8,-1.24,-65.5,-7.88,0.12,False,orb_novol,11:15,1,10000000.0,38.0,A
orb_novol_sh|E11|k1|N10|A,410,10,S,3.9,-34.1,49.3,63.8,1.24,-57.9,7.88,-0.12,False,orb_novol_sh,11:15,1,10000000.0,38.0,A
orb_wideOR|E11|k1|N10|A,424,10,L,4.88,-33.12,52.4,88.9,1.13,-57.1,0.34,9.47,True,orb_wideOR,11:15,1,10000000.0,38.0,A
orb_wideOR_sh|E11|k1|N10|A,424,10,S,-4.88,-42.88,47.6,88.9,-1.13,-66.5,-0.34,-9.47,True,orb_wideOR_sh,11:15,1,10000000.0,38.0,A
orb_narrowOR|E11|k1|N10|A,461,10,L,-1.6,-39.6,50.8,71.2,-0.48,-63.4,-3.94,0.74,False,orb_narrowOR,11:15,1,10000000.0,38.0,A
orb_narrowOR_sh|E11|k1|N10|A,461,10,S,1.6,-36.4,49.2,71.2,0.48,-60.4,3.94,-0.74,False,orb_narrowOR_sh,11:15,1,10000000.0,38.0,A
orbdn_wideOR_sh|E11|k1|N10|A,413,10,S,-0.2,-38.2,54.0,82.0,-0.05,-62.2,3.06,-3.48,False,orbdn_wideOR_sh,11:15,1,10000000.0,38.0,A
orbdn_narrowOR_sh|E11|k1|N10|A,459,10,S,-1.0,-39.0,51.2,65.0,-0.33,-62.8,2.17,-4.19,False,orbdn_narrowOR_sh,11:15,1,10000000.0,38.0,A
orbdn_wideOR_lg|E11|k1|N10|A,413,10,L,0.2,-37.8,46.0,82.0,0.05,-61.8,-3.06,3.48,False,orbdn_wideOR_lg,11:15,1,10000000.0,38.0,A
orbdn_narrowOR_lg|E11|k1|N10|A,459,10,L,1.0,-37.0,48.8,65.0,0.33,-60.9,-2.17,4.19,False,orbdn_narrowOR_lg,11:15,1,10000000.0,38.0,A
orb_coiled|E11|k1|N10|A,460,10,L,-1.08,-39.08,50.2,73.3,-0.31,-63.0,-3.61,1.47,False,orb_coiled,11:15,1,10000000.0,38.0,A
orb_coiled_sh|E11|k1|N10|A,460,10,S,1.08,-36.92,49.8,73.3,0.31,-60.9,3.61,-1.47,False,orb_coiled_sh,11:15,1,10000000.0,38.0,A
orbdn_coiled_sh|E11|k1|N10|A,462,10,S,-0.97,-38.97,53.2,69.2,-0.3,-62.8,4.75,-6.74,False,orbdn_coiled_sh,11:15,1,10000000.0,38.0,A
orb_gapup|E11|k1|N10|A,372,10,L,10.43,-27.57,54.6,90.8,2.22,-50.6,5.4,15.52,True,orb_gapup,11:15,1,10000000.0,38.0,A
orb_gapup_sh|E11|k1|N10|A,372,10,S,-10.43,-48.43,45.4,90.8,-2.22,-70.9,-5.4,-15.52,True,orb_gapup_sh,11:15,1,10000000.0,38.0,A
orb_nogap|E11|k1|N10|A,452,10,L,-0.84,-38.84,52.0,67.7,-0.26,-62.7,-3.89,2.24,False,orb_nogap,11:15,1,10000000.0,38.0,A
orb_nogap_sh|E11|k1|N10|A,452,10,S,0.84,-37.16,48.0,67.7,0.26,-61.1,3.89,-2.24,False,orb_nogap_sh,11:15,1,10000000.0,38.0,A
orb_gapdn|E11|k1|N10|A,239,10,L,3.15,-34.85,52.7,96.9,0.5,-59.0,6.75,-0.47,False,orb_gapdn,11:15,1,10000000.0,38.0,A
orb_gapdn_sh|E11|k1|N10|A,239,10,S,-3.15,-41.15,47.3,96.9,-0.5,-65.0,-6.75,0.47,False,orb_gapdn_sh,11:15,1,10000000.0,38.0,A
orbdn_gapdn_sh|E11|k1|N10|A,255,10,S,-3.45,-41.45,49.8,82.1,-0.67,-65.2,0.64,-7.57,False,orbdn_gapdn_sh,11:15,1,10000000.0,38.0,A
orbdn_gapdn_lg|E11|k1|N10|A,255,10,L,3.45,-34.55,50.2,82.1,0.67,-58.5,-0.64,7.57,False,orbdn_gapdn_lg,11:15,1,10000000.0,38.0,A
orbdn_gapup_sh|E11|k1|N10|A,402,10,S,0.49,-37.51,52.2,82.1,0.12,-61.5,8.69,-7.79,False,orbdn_gapup_sh,11:15,1,10000000.0,38.0,A
gap_up|E11|k1|N10|A,480,10,L,2.37,-35.63,49.6,88.3,0.59,-59.7,-4.41,9.21,False,gap_up,11:15,1,10000000.0,38.0,A
gap_up_sh|E11|k1|N10|A,480,10,S,-2.37,-40.37,50.4,88.3,-0.59,-64.3,4.41,-9.21,False,gap_up_sh,11:15,1,10000000.0,38.0,A
gap_dn_lg|E11|k1|N10|A,480,10,L,-0.51,-38.51,48.5,84.6,-0.13,-62.5,2.79,-3.84,False,gap_dn_lg,11:15,1,10000000.0,38.0,A
gap_dn_sh|E11|k1|N10|A,480,10,S,0.51,-37.49,51.5,84.6,0.13,-61.5,-2.79,3.84,False,gap_dn_sh,11:15,1,10000000.0,38.0,A
orb_hivol|E11|k1|N10|A,438,10,L,1.88,-36.12,51.8,98.4,0.4,-60.3,-3.98,7.79,False,orb_hivol,11:15,1,10000000.0,38.0,A
orb_hivol_sh|E11|k1|N10|A,438,10,S,-1.88,-39.88,48.2,98.4,-0.4,-63.9,3.98,-7.79,False,orb_hivol_sh,11:15,1,10000000.0,38.0,A
orb_lovol|E11|k1|N10|A,443,10,L,-0.55,-38.55,50.3,60.5,-0.19,-62.4,-1.29,0.19,False,orb_lovol,11:15,1,10000000.0,38.0,A
orb_lovol_sh|E11|k1|N10|A,443,10,S,0.55,-37.45,49.7,60.5,0.19,-61.3,1.29,-0.19,False,orb_lovol_sh,11:15,1,10000000.0,38.0,A
orbdn_hivol_sh|E11|k1|N10|A,444,10,S,4.42,-33.58,50.0,85.6,1.09,-57.6,11.93,-3.15,False,orbdn_hivol_sh,11:15,1,10000000.0,38.0,A
orbdn_lovol_sh|E11|k1|N10|A,453,10,S,-4.31,-42.31,47.7,61.2,-1.5,-65.8,-1.42,-7.21,True,orbdn_lovol_sh,11:15,1,10000000.0,38.0,A
posrange_hivol|E11|k1|N10|A,479,10,L,0.34,-37.66,51.4,91.1,0.08,-61.8,-8.49,9.21,False,posrange_hivol,11:15,1,10000000.0,38.0,A
posrange_lovol|E11|k1|N10|A,479,10,L,-2.78,-40.78,48.9,48.8,-1.25,-64.4,-3.04,-2.53,True,posrange_lovol,11:15,1,10000000.0,38.0,A
posrange_hivol_sh|E11|k1|N10|A,479,10,S,-0.34,-38.34,48.6,91.1,-0.08,-62.4,8.49,-9.21,False,posrange_hivol_sh,11:15,1,10000000.0,38.0,A
posrange_lovol_sh|E11|k1|N10|A,479,10,S,2.78,-35.22,51.1,48.8,1.25,-59.0,3.04,2.53,True,posrange_lovol_sh,11:15,1,10000000.0,38.0,A
orb_minus_width|E11|k1|N10|A,480,10,L,-0.38,-38.38,50.0,69.4,-0.12,-62.3,-4.4,3.68,False,orb_minus_width,11:15,1,10000000.0,38.0,A
orb_plus_width|E11|k1|N10|A,480,10,L,-1.02,-39.02,49.6,83.0,-0.27,-63.0,-1.9,-0.13,True,orb_plus_width,11:15,1,10000000.0,38.0,A
orb_plus_width_sh|E11|k1|N10|A,480,10,S,1.02,-36.98,50.4,83.0,0.27,-61.0,1.9,0.13,True,orb_plus_width_sh,11:15,1,10000000.0,38.0,A
orb_minus_width_sh|E11|k1|N10|A,480,10,S,0.38,-37.62,50.0,69.4,0.12,-61.6,4.4,-3.68,False,orb_minus_width_sh,11:15,1,10000000.0,38.0,A
orb_minus_d20|E11|k1|N10|A,469,10,L,3.38,-34.62,52.0,87.7,0.83,-58.7,-3.46,10.25,False,orb_minus_d20,11:15,1,10000000.0,38.0,A
orb_plus_d20|E11|k1|N10|A,469,10,L,-4.67,-42.67,48.2,91.9,-1.1,-66.3,-1.31,-8.03,True,orb_plus_d20,11:15,1,10000000.0,38.0,A
orb_plus_d20_sh|E11|k1|N10|A,469,10,S,4.67,-33.33,51.8,91.9,1.1,-57.3,1.31,8.03,True,orb_plus_d20_sh,11:15,1,10000000.0,38.0,A
orb_plus_pct52|E11|k1|N10|A,430,10,L,1.24,-36.76,52.6,67.9,0.38,-60.7,1.83,0.65,True,orb_plus_pct52,11:15,1,10000000.0,38.0,A
orb_plus_pct52_sh|E11|k1|N10|A,430,10,S,-1.24,-39.24,47.4,67.9,-0.38,-63.1,-1.83,-0.65,True,orb_plus_pct52_sh,11:15,1,10000000.0,38.0,A
compress_then_pos|E11|k1|N10|A,480,10,L,-0.38,-38.38,50.0,69.4,-0.12,-62.3,-4.4,3.68,False,compress_then_pos,11:15,1,10000000.0,38.0,A
compress_then_pos_sh|E11|k1|N10|A,480,10,S,0.38,-37.62,50.0,69.4,0.12,-61.6,4.4,-3.68,False,compress_then_pos_sh,11:15,1,10000000.0,38.0,A
expand_then_pos|E11|k1|N10|A,480,10,L,-1.02,-39.02,49.6,83.0,-0.27,-63.0,-1.9,-0.13,True,expand_then_pos,11:15,1,10000000.0,38.0,A
expand_then_pos_sh|E11|k1|N10|A,480,10,S,1.02,-36.98,50.4,83.0,0.27,-61.0,1.9,0.13,True,expand_then_pos_sh,11:15,1,10000000.0,38.0,A
orb_up|E11|k1|N20|A,480,20,L,0.28,-37.72,52.7,67.0,0.09,-61.6,-3.88,4.46,False,orb_up,11:15,1,10000000.0,38.0,A
orb_up_sh|E11|k1|N20|A,480,20,S,-0.28,-38.28,47.3,67.0,-0.09,-62.2,3.88,-4.46,False,orb_up_sh,11:15,1,10000000.0,38.0,A
orb_dn_sh|E11|k1|N20|A,480,20,S,-2.42,-40.42,49.8,63.8,-0.83,-64.2,2.53,-7.41,False,orb_dn_sh,11:15,1,10000000.0,38.0,A
orb_dn_lg|E11|k1|N20|A,480,20,L,2.42,-35.58,50.2,63.8,0.83,-59.5,-2.53,7.41,False,orb_dn_lg,11:15,1,10000000.0,38.0,A
orb_up_sig|E11|k1|N20|A,480,20,L,1.3,-36.7,53.1,67.5,0.42,-60.6,-2.06,4.68,False,orb_up_sig,11:15,1,10000000.0,38.0,A
orb_up_sig_sh|E11|k1|N20|A,480,20,S,-1.3,-39.3,46.9,67.5,-0.42,-63.1,2.06,-4.68,False,orb_up_sig_sh,11:15,1,10000000.0,38.0,A
orb_dn_sig_sh|E11|k1|N20|A,480,20,S,-3.59,-41.59,50.0,65.7,-1.2,-65.2,-0.5,-6.71,True,orb_dn_sig_sh,11:15,1,10000000.0,38.0,A
orb_dn_sig_lg|E11|k1|N20|A,480,20,L,3.59,-34.41,50.0,65.7,1.2,-58.3,0.5,6.71,True,orb_dn_sig_lg,11:15,1,10000000.0,38.0,A
pos_in_or|E11|k1|N20|A,480,20,L,0.28,-37.72,52.7,67.0,0.09,-61.6,-3.88,4.46,False,pos_in_or,11:15,1,10000000.0,38.0,A
pos_in_or_sh|E11|k1|N20|A,480,20,S,-0.28,-38.28,47.3,67.0,-0.09,-62.2,3.88,-4.46,False,pos_in_or_sh,11:15,1,10000000.0,38.0,A
pos_in_or_lo|E11|k1|N20|A,480,20,L,2.42,-35.58,50.2,63.8,0.83,-59.5,-2.53,7.41,False,pos_in_or_lo,11:15,1,10000000.0,38.0,A
pos_in_or_lo_sh|E11|k1|N20|A,480,20,S,-2.42,-40.42,49.8,63.8,-0.83,-64.2,2.53,-7.41,False,pos_in_or_lo_sh,11:15,1,10000000.0,38.0,A
or_close_pos|E11|k1|N20|A,480,20,L,-0.25,-38.25,50.8,59.1,-0.09,-62.1,-1.78,1.29,False,or_close_pos,11:15,1,10000000.0,38.0,A
or_close_pos_lo|E11|k1|N20|A,480,20,L,-3.73,-41.73,49.2,60.2,-1.36,-65.3,-6.26,-1.18,True,or_close_pos_lo,11:15,1,10000000.0,38.0,A
or_close_pos_sh|E11|k1|N20|A,480,20,S,0.25,-37.75,49.2,59.1,0.09,-61.6,1.78,-1.29,False,or_close_pos_sh,11:15,1,10000000.0,38.0,A
posrange_hi|E11|k1|N20|A,480,20,L,-0.8,-38.8,50.2,59.8,-0.29,-62.6,-5.54,3.98,False,posrange_hi,11:15,1,10000000.0,38.0,A
posrange_hi_sh|E11|k1|N20|A,480,20,S,0.8,-37.2,49.8,59.8,0.29,-61.1,5.54,-3.98,False,posrange_hi_sh,11:15,1,10000000.0,38.0,A
posrange_lo|E11|k1|N20|A,480,20,L,0.8,-37.2,50.0,61.7,0.29,-61.1,-2.64,4.28,False,posrange_lo,11:15,1,10000000.0,38.0,A
posrange_lo_sh|E11|k1|N20|A,480,20,S,-0.8,-38.8,50.0,61.7,-0.29,-62.6,2.64,-4.28,False,posrange_lo_sh,11:15,1,10000000.0,38.0,A
today_sofar|E11|k1|N20|A,480,20,L,0.97,-37.03,51.5,78.5,0.27,-61.0,-3.05,5.03,False,today_sofar,11:15,1,10000000.0,38.0,A
today_sofar_sh|E11|k1|N20|A,480,20,S,-0.97,-38.97,48.5,78.5,-0.27,-62.9,3.05,-5.03,False,today_sofar_sh,11:15,1,10000000.0,38.0,A
today_sofar_lo|E11|k1|N20|A,480,20,L,-4.6,-42.6,45.0,78.3,-1.29,-66.2,-10.33,1.18,False,today_sofar_lo,11:15,1,10000000.0,38.0,A
or_ret|E11|k1|N20|A,480,20,L,0.04,-37.96,51.5,76.9,0.01,-61.9,-4.25,4.37,False,or_ret,11:15,1,10000000.0,38.0,A
or_ret_sh|E11|k1|N20|A,480,20,S,-0.04,-38.04,48.5,76.9,-0.01,-62.0,4.25,-4.37,False,or_ret_sh,11:15,1,10000000.0,38.0,A
orbT_up|E11|k1|N20|A,463,20,L,1.16,-36.84,54.2,68.2,0.37,-60.8,-1.42,3.76,False,orbT_up,11:15,1,10000000.0,38.0,A
orbT_up_sh|E11|k1|N20|A,463,20,S,-1.16,-39.16,45.8,68.2,-0.37,-63.0,1.42,-3.76,False,orbT_up_sh,11:15,1,10000000.0,38.0,A
orbT_dn_sh|E11|k1|N20|A,467,20,S,-2.52,-40.52,48.4,64.5,-0.84,-64.2,1.67,-6.73,False,orbT_dn_sh,11:15,1,10000000.0,38.0,A
orbT_dn_lg|E11|k1|N20|A,467,20,L,2.52,-35.48,51.6,64.5,0.84,-59.4,-1.67,6.73,False,orbT_dn_lg,11:15,1,10000000.0,38.0,A
orbT_up_small|E11|k1|N20|A,463,20,L,2.98,-35.02,56.8,65.6,0.98,-58.9,2.58,3.39,True,orbT_up_small,11:15,1,10000000.0,38.0,A
orbT_up_small_sh|E11|k1|N20|A,463,20,S,-2.98,-40.98,43.2,65.6,-0.98,-64.7,-2.58,-3.39,True,orbT_up_small_sh,11:15,1,10000000.0,38.0,A
orbT_dn_small_sh|E11|k1|N20|A,467,20,S,3.81,-34.19,52.0,65.5,1.26,-58.0,7.35,0.25,True,orbT_dn_small_sh,11:15,1,10000000.0,38.0,A
orbT_dn_small_lg|E11|k1|N20|A,467,20,L,-3.81,-41.81,48.0,65.5,-1.26,-65.4,-7.35,-0.25,True,orbT_dn_small_lg,11:15,1,10000000.0,38.0,A
inside_posor|E11|k1|N20|A,480,20,L,-1.73,-39.73,50.2,57.7,-0.66,-63.5,-5.54,2.11,False,inside_posor,11:15,1,10000000.0,38.0,A
inside_posor_sh|E11|k1|N20|A,480,20,S,1.73,-36.27,49.8,57.7,0.66,-60.1,5.54,-2.11,False,inside_posor_sh,11:15,1,10000000.0,38.0,A
inside_posor_lo|E11|k1|N20|A,480,20,L,-3.43,-41.43,46.0,62.4,-1.2,-65.0,-9.34,2.53,False,inside_posor_lo,11:15,1,10000000.0,38.0,A
or_wide|E11|k1|N20|A,480,20,L,-1.7,-39.7,50.6,73.1,-0.51,-63.6,-1.75,-1.66,True,or_wide,11:15,1,10000000.0,38.0,A
or_wide_sh|E11|k1|N20|A,480,20,S,1.7,-36.3,49.4,73.1,0.51,-60.3,1.75,1.66,True,or_wide_sh,11:15,1,10000000.0,38.0,A
or_narrow|E11|k1|N20|A,480,20,L,-3.39,-41.39,45.2,52.7,-1.41,-65.0,-5.73,-1.03,True,or_narrow,11:15,1,10000000.0,38.0,A
or_narrow_sh|E11|k1|N20|A,480,20,S,3.39,-34.61,54.8,52.7,1.41,-58.4,5.73,1.03,True,or_narrow_sh,11:15,1,10000000.0,38.0,A
or_wrel_hi|E11|k1|N20|A,480,20,L,-2.09,-40.09,49.4,76.9,-0.59,-63.9,-2.61,-1.56,True,or_wrel_hi,11:15,1,10000000.0,38.0,A
or_wrel_lo|E11|k1|N20|A,480,20,L,-2.59,-40.59,47.9,61.0,-0.93,-64.3,-6.47,1.33,False,or_wrel_lo,11:15,1,10000000.0,38.0,A
or_wrel_hi_sh|E11|k1|N20|A,480,20,S,2.09,-35.91,50.6,76.9,0.59,-59.9,2.61,1.56,True,or_wrel_hi_sh,11:15,1,10000000.0,38.0,A
or_wrel_lo_sh|E11|k1|N20|A,480,20,S,2.59,-35.41,52.1,61.0,0.93,-59.3,6.47,-1.33,False,or_wrel_lo_sh,11:15,1,10000000.0,38.0,A
rng_expand|E11|k1|N20|A,480,20,L,-0.64,-38.64,51.5,73.2,-0.19,-62.6,-0.37,-0.92,True,rng_expand,11:15,1,10000000.0,38.0,A
rng_expand_sh|E11|k1|N20|A,480,20,S,0.64,-37.36,48.5,73.2,0.19,-61.3,0.37,0.92,True,rng_expand_sh,11:15,1,10000000.0,38.0,A
rng_compress|E11|k1|N20|A,480,20,L,-4.5,-42.5,45.0,53.6,-1.84,-65.9,-7.59,-1.38,True,rng_compress,11:15,1,10000000.0,38.0,A
rng_compress_sh|E11|k1|N20|A,480,20,S,4.5,-33.5,55.0,53.6,1.84,-57.2,7.59,1.38,True,rng_compress_sh,11:15,1,10000000.0,38.0,A
vol20_hi|E11|k1|N20|A,479,20,L,-11.26,-49.26,44.5,89.2,-2.76,-71.5,-13.92,-8.59,True,vol20_hi,11:15,1,10000000.0,38.0,A
vol20_hi_sh|E11|k1|N20|A,479,20,S,11.26,-26.74,55.5,89.2,2.76,-49.6,13.92,8.59,True,vol20_hi_sh,11:15,1,10000000.0,38.0,A
vol20_lo|E11|k1|N20|A,479,20,L,0.06,-37.94,49.1,29.4,0.04,-61.7,0.46,-0.35,False,vol20_lo,11:15,1,10000000.0,38.0,A
vol20_lo_sh|E11|k1|N20|A,479,20,S,-0.06,-38.06,50.9,29.4,-0.04,-61.8,-0.46,0.35,False,vol20_lo_sh,11:15,1,10000000.0,38.0,A
atr_hi|E11|k1|N20|A,480,20,L,-11.05,-49.05,45.8,90.8,-2.66,-71.3,-14.63,-7.44,True,atr_hi,11:15,1,10000000.0,38.0,A
atr_lo|E11|k1|N20|A,480,20,L,2.01,-35.99,53.1,28.0,1.57,-59.7,2.26,1.76,True,atr_lo,11:15,1,10000000.0,38.0,A
atr_hi_sh|E11|k1|N20|A,480,20,S,11.05,-26.95,54.2,90.8,2.66,-49.9,14.63,7.44,True,atr_hi_sh,11:15,1,10000000.0,38.0,A
fail_up_sh|E11|k1|N20|A,476,20,S,2.0,-36.0,50.8,67.0,0.65,-59.9,6.05,-2.09,False,fail_up_sh,11:15,1,10000000.0,38.0,A
fail_up_lg|E11|k1|N20|A,476,20,L,-2.0,-40.0,49.2,67.0,-0.65,-63.8,-6.05,2.09,False,fail_up_lg,11:15,1,10000000.0,38.0,A
fail_dn_lg|E11|k1|N20|A,480,20,L,-3.65,-41.65,48.1,64.6,-1.24,-65.3,-5.57,-1.71,True,fail_dn_lg,11:15,1,10000000.0,38.0,A
fail_dn_sh|E11|k1|N20|A,480,20,S,3.65,-34.35,51.9,64.6,1.24,-58.2,5.57,1.71,True,fail_dn_sh,11:15,1,10000000.0,38.0,A
giveback_up_sh|E11|k1|N20|A,480,20,S,-1.74,-39.74,48.8,62.4,-0.61,-63.5,1.75,-5.25,False,giveback_up_sh,11:15,1,10000000.0,38.0,A
giveback_up_lg|E11|k1|N20|A,480,20,L,1.74,-36.26,51.2,62.4,0.61,-60.2,-1.75,5.25,False,giveback_up_lg,11:15,1,10000000.0,38.0,A
giveback_dn_lg|E11|k1|N20|A,480,20,L,-1.09,-39.09,50.8,62.3,-0.38,-62.9,-4.7,2.54,False,giveback_dn_lg,11:15,1,10000000.0,38.0,A
giveback_dn_sh|E11|k1|N20|A,480,20,S,1.09,-36.91,49.2,62.3,0.38,-60.8,4.7,-2.54,False,giveback_dn_sh,11:15,1,10000000.0,38.0,A
poke_up|E11|k1|N20|A,480,20,L,-0.31,-38.31,50.6,66.3,-0.1,-62.2,-3.23,2.63,False,poke_up,11:15,1,10000000.0,38.0,A
poke_up_sh|E11|k1|N20|A,480,20,S,0.31,-37.69,49.4,66.3,0.1,-61.6,3.23,-2.63,False,poke_up_sh,11:15,1,10000000.0,38.0,A
poke_dn_sh|E11|k1|N20|A,480,20,S,-0.46,-38.46,46.9,62.5,-0.16,-62.3,4.23,-5.2,False,poke_dn_sh,11:15,1,10000000.0,38.0,A
poke_dn_lg|E11|k1|N20|A,480,20,L,0.46,-37.54,53.1,62.5,0.16,-61.4,-4.23,5.2,False,poke_dn_lg,11:15,1,10000000.0,38.0,A
ext_up_sh|E11|k1|N20|A,480,20,S,-1.74,-39.74,48.8,62.4,-0.61,-63.5,1.75,-5.25,False,ext_up_sh,11:15,1,10000000.0,38.0,A
ext_up_lg|E11|k1|N20|A,480,20,L,1.74,-36.26,51.2,62.4,0.61,-60.2,-1.75,5.25,False,ext_up_lg,11:15,1,10000000.0,38.0,A
held_up|E11|k1|N20|A,463,20,L,1.39,-36.61,54.2,67.6,0.44,-60.6,-1.46,4.24,False,held_up,11:15,1,10000000.0,38.0,A
held_up_sh|E11|k1|N20|A,463,20,S,-1.39,-39.39,45.8,67.6,-0.44,-63.2,1.46,-4.24,False,held_up_sh,11:15,1,10000000.0,38.0,A
held_dn_sh|E11|k1|N20|A,467,20,S,-2.06,-40.06,48.4,63.2,-0.7,-63.8,1.62,-5.76,False,held_dn_sh,11:15,1,10000000.0,38.0,A
held_dn_lg|E11|k1|N20|A,467,20,L,2.06,-35.94,51.6,63.2,0.7,-59.8,-1.62,5.76,False,held_dn_lg,11:15,1,10000000.0,38.0,A
rvol_hi|E11|k1|N20|A,480,20,L,-1.37,-39.37,50.2,73.4,-0.41,-63.2,-2.71,-0.02,True,rvol_hi,11:15,1,10000000.0,38.0,A
rvol_hi_sh|E11|k1|N20|A,480,20,S,1.37,-36.63,49.8,73.4,0.41,-60.6,2.71,0.02,True,rvol_hi_sh,11:15,1,10000000.0,38.0,A
rvol_lo|E11|k1|N20|A,480,20,L,-4.88,-42.88,47.9,56.8,-1.88,-66.3,-7.28,-2.47,True,rvol_lo,11:15,1,10000000.0,38.0,A
rvol_lo_sh|E11|k1|N20|A,480,20,S,4.88,-33.12,52.1,56.8,1.88,-56.8,7.28,2.47,True,rvol_lo_sh,11:15,1,10000000.0,38.0,A
orb_vol125|E11|k1|N20|A,453,20,L,1.61,-36.39,54.1,74.2,0.46,-60.4,-0.4,3.63,False,orb_vol125,11:15,1,10000000.0,38.0,A
orb_vol125_sh|E11|k1|N20|A,453,20,S,-1.61,-39.61,45.9,74.2,-0.46,-63.5,0.4,-3.63,False,orb_vol125_sh,11:15,1,10000000.0,38.0,A
orbdn_vol125_sh|E11|k1|N20|A,431,20,S,-2.26,-40.26,50.3,71.4,-0.66,-64.1,-0.79,-3.74,True,orbdn_vol125_sh,11:15,1,10000000.0,38.0,A
orbdn_vol125_lg|E11|k1|N20|A,431,20,L,2.26,-35.74,49.7,71.4,0.66,-59.7,0.79,3.74,True,orbdn_vol125_lg,11:15,1,10000000.0,38.0,A
orb_vol15|E11|k1|N20|A,450,20,L,1.85,-36.15,54.7,77.1,0.51,-60.2,-0.79,4.52,False,orb_vol15,11:15,1,10000000.0,38.0,A
orb_vol15_sh|E11|k1|N20|A,450,20,S,-1.85,-39.85,45.3,77.1,-0.51,-63.7,0.79,-4.52,False,orb_vol15_sh,11:15,1,10000000.0,38.0,A
orbdn_vol15_sh|E11|k1|N20|A,398,20,S,-4.5,-42.5,48.0,71.3,-1.26,-66.0,-1.14,-7.9,True,orbdn_vol15_sh,11:15,1,10000000.0,38.0,A
orbdn_vol15_lg|E11|k1|N20|A,398,20,L,4.5,-33.5,52.0,71.3,1.26,-57.3,1.14,7.9,True,orbdn_vol15_lg,11:15,1,10000000.0,38.0,A
orb_vol20|E11|k1|N20|A,429,20,L,3.26,-34.74,53.4,81.2,0.83,-58.7,1.29,5.23,True,orb_vol20,11:15,1,10000000.0,38.0,A
orb_vol20_sh|E11|k1|N20|A,429,20,S,-3.26,-41.26,46.6,81.2,-0.83,-65.0,-1.29,-5.23,True,orb_vol20_sh,11:15,1,10000000.0,38.0,A
orbdn_vol20_sh|E11|k1|N20|A,293,20,S,-6.59,-44.59,50.2,77.6,-1.45,-67.8,-1.87,-11.34,True,orbdn_vol20_sh,11:15,1,10000000.0,38.0,A
orbdn_vol20_lg|E11|k1|N20|A,293,20,L,6.59,-31.41,49.8,77.6,1.45,-55.1,1.87,11.34,True,orbdn_vol20_lg,11:15,1,10000000.0,38.0,A
orb_x_rvol|E11|k1|N20|A,480,20,L,-0.94,-38.94,52.9,72.6,-0.28,-62.8,-4.01,2.15,False,orb_x_rvol,11:15,1,10000000.0,38.0,A
orb_x_rvol_sh|E11|k1|N20|A,480,20,S,0.94,-37.06,47.1,72.6,0.28,-61.0,4.01,-2.15,False,orb_x_rvol_sh,11:15,1,10000000.0,38.0,A
orb_novol|E11|k1|N20|A,327,20,L,-0.11,-38.11,54.7,59.6,-0.03,-62.0,0.23,-0.44,False,orb_novol,11:15,1,10000000.0,38.0,A
orb_novol_sh|E11|k1|N20|A,327,20,S,0.11,-37.89,45.3,59.6,0.03,-61.8,-0.23,0.44,False,orb_novol_sh,11:15,1,10000000.0,38.0,A
orb_wideOR|E11|k1|N20|A,371,20,L,4.64,-33.36,54.2,76.5,1.17,-57.2,1.56,7.74,True,orb_wideOR,11:15,1,10000000.0,38.0,A
orb_wideOR_sh|E11|k1|N20|A,371,20,S,-4.64,-42.64,45.8,76.5,-1.17,-66.2,-1.56,-7.74,True,orb_wideOR_sh,11:15,1,10000000.0,38.0,A
orb_narrowOR|E11|k1|N20|A,415,20,L,-1.33,-39.33,52.8,66.4,-0.41,-63.2,-3.29,0.64,False,orb_narrowOR,11:15,1,10000000.0,38.0,A
orb_narrowOR_sh|E11|k1|N20|A,415,20,S,1.33,-36.67,47.2,66.4,0.41,-60.6,3.29,-0.64,False,orb_narrowOR_sh,11:15,1,10000000.0,38.0,A
orbdn_wideOR_sh|E11|k1|N20|A,335,20,S,1.11,-36.89,54.6,77.4,0.26,-60.9,4.79,-2.59,False,orbdn_wideOR_sh,11:15,1,10000000.0,38.0,A
orbdn_narrowOR_sh|E11|k1|N20|A,423,20,S,0.91,-37.09,51.3,61.8,0.3,-61.0,4.86,-3.07,False,orbdn_narrowOR_sh,11:15,1,10000000.0,38.0,A
orbdn_wideOR_lg|E11|k1|N20|A,335,20,L,-1.11,-39.11,45.4,77.4,-0.26,-63.0,-4.79,2.59,False,orbdn_wideOR_lg,11:15,1,10000000.0,38.0,A
orbdn_narrowOR_lg|E11|k1|N20|A,423,20,L,-0.91,-38.91,48.7,61.8,-0.3,-62.7,-4.86,3.07,False,orbdn_narrowOR_lg,11:15,1,10000000.0,38.0,A
orb_coiled|E11|k1|N20|A,411,20,L,-0.33,-38.33,50.1,68.4,-0.1,-62.2,-1.21,0.56,False,orb_coiled,11:15,1,10000000.0,38.0,A
orb_coiled_sh|E11|k1|N20|A,411,20,S,0.33,-37.67,49.9,68.4,0.1,-61.6,1.21,-0.56,False,orb_coiled_sh,11:15,1,10000000.0,38.0,A
orbdn_coiled_sh|E11|k1|N20|A,416,20,S,0.81,-37.19,51.9,65.0,0.25,-61.1,6.48,-4.92,False,orbdn_coiled_sh,11:15,1,10000000.0,38.0,A
orb_gapup|E11|k1|N20|A,278,20,L,5.3,-32.7,56.8,75.7,1.17,-56.5,1.48,9.17,True,orb_gapup,11:15,1,10000000.0,38.0,A
orb_gapup_sh|E11|k1|N20|A,278,20,S,-5.3,-43.3,43.2,75.7,-1.17,-66.7,-1.48,-9.17,True,orb_gapup_sh,11:15,1,10000000.0,38.0,A
orb_nogap|E11|k1|N20|A,422,20,L,-0.77,-38.77,54.5,61.9,-0.26,-62.6,-4.29,2.79,False,orb_nogap,11:15,1,10000000.0,38.0,A
orb_nogap_sh|E11|k1|N20|A,422,20,S,0.77,-37.23,45.5,61.9,0.26,-61.1,4.29,-2.79,False,orb_nogap_sh,11:15,1,10000000.0,38.0,A
orb_gapdn|E11|k1|N20|A,122,20,L,7.35,-30.65,61.5,79.3,1.02,-54.2,10.33,4.27,True,orb_gapdn,11:15,1,10000000.0,38.0,A
orb_gapdn_sh|E11|k1|N20|A,122,20,S,-7.35,-45.35,38.5,79.3,-1.02,-68.4,-10.33,-4.27,True,orb_gapdn_sh,11:15,1,10000000.0,38.0,A
orbdn_gapdn_sh|E11|k1|N20|A,155,20,S,-6.54,-44.54,47.7,81.6,-1.0,-67.8,-6.68,-6.41,True,orbdn_gapdn_sh,11:15,1,10000000.0,38.0,A
orbdn_gapdn_lg|E11|k1|N20|A,155,20,L,6.54,-31.46,52.3,81.6,1.0,-55.2,6.68,6.41,True,orbdn_gapdn_lg,11:15,1,10000000.0,38.0,A
orbdn_gapup_sh|E11|k1|N20|A,320,20,S,2.53,-35.47,52.2,77.8,0.58,-59.5,8.35,-3.38,False,orbdn_gapup_sh,11:15,1,10000000.0,38.0,A
gap_up|E11|k1|N20|A,480,20,L,-0.8,-38.8,50.8,74.2,-0.23,-62.7,-7.97,6.44,False,gap_up,11:15,1,10000000.0,38.0,A
gap_up_sh|E11|k1|N20|A,480,20,S,0.8,-37.2,49.2,74.2,0.23,-61.2,7.97,-6.44,False,gap_up_sh,11:15,1,10000000.0,38.0,A
gap_dn_lg|E11|k1|N20|A,480,20,L,0.61,-37.39,50.2,70.7,0.19,-61.3,2.59,-1.38,False,gap_dn_lg,11:15,1,10000000.0,38.0,A
gap_dn_sh|E11|k1|N20|A,480,20,S,-0.61,-38.61,49.8,70.7,-0.19,-62.5,-2.59,1.38,False,gap_dn_sh,11:15,1,10000000.0,38.0,A
orb_hivol|E11|k1|N20|A,374,20,L,2.84,-35.16,54.8,85.2,0.64,-59.2,-1.8,7.52,False,orb_hivol,11:15,1,10000000.0,38.0,A
orb_hivol_sh|E11|k1|N20|A,374,20,S,-2.84,-40.84,45.2,85.2,-0.64,-64.7,1.8,-7.52,False,orb_hivol_sh,11:15,1,10000000.0,38.0,A
orb_lovol|E11|k1|N20|A,391,20,L,-0.25,-38.25,50.4,55.5,-0.09,-62.1,0.78,-1.28,False,orb_lovol,11:15,1,10000000.0,38.0,A
orb_lovol_sh|E11|k1|N20|A,391,20,S,0.25,-37.75,49.6,55.5,0.09,-61.6,-0.78,1.28,False,orb_lovol_sh,11:15,1,10000000.0,38.0,A
orbdn_hivol_sh|E11|k1|N20|A,392,20,S,5.62,-32.38,50.5,78.0,1.43,-56.2,13.27,-2.12,False,orbdn_hivol_sh,11:15,1,10000000.0,38.0,A
orbdn_lovol_sh|E11|k1|N20|A,392,20,S,-4.52,-42.52,48.2,56.0,-1.6,-66.0,-3.62,-5.43,True,orbdn_lovol_sh,11:15,1,10000000.0,38.0,A
posrange_hivol|E11|k1|N20|A,479,20,L,-0.52,-38.52,54.3,82.1,-0.14,-62.5,-5.3,4.27,False,posrange_hivol,11:15,1,10000000.0,38.0,A
posrange_lovol|E11|k1|N20|A,479,20,L,-1.06,-39.06,49.7,46.8,-0.49,-62.8,-2.22,0.11,False,posrange_lovol,11:15,1,10000000.0,38.0,A
posrange_hivol_sh|E11|k1|N20|A,479,20,S,0.52,-37.48,45.7,82.1,0.14,-61.5,5.3,-4.27,False,posrange_hivol_sh,11:15,1,10000000.0,38.0,A
posrange_lovol_sh|E11|k1|N20|A,479,20,S,1.06,-36.94,50.3,46.8,0.49,-60.8,2.22,-0.11,False,posrange_lovol_sh,11:15,1,10000000.0,38.0,A
orb_minus_width|E11|k1|N20|A,480,20,L,-1.0,-39.0,52.1,60.1,-0.36,-62.8,-4.39,2.42,False,orb_minus_width,11:15,1,10000000.0,38.0,A
orb_plus_width|E11|k1|N20|A,480,20,L,-0.4,-38.4,50.8,70.8,-0.13,-62.3,-2.61,1.81,False,orb_plus_width,11:15,1,10000000.0,38.0,A
orb_plus_width_sh|E11|k1|N20|A,480,20,S,0.4,-37.6,49.2,70.8,0.13,-61.5,2.61,-1.81,False,orb_plus_width_sh,11:15,1,10000000.0,38.0,A
orb_minus_width_sh|E11|k1|N20|A,480,20,S,1.0,-37.0,47.9,60.1,0.36,-60.9,4.39,-2.42,False,orb_minus_width_sh,11:15,1,10000000.0,38.0,A
orb_minus_d20|E11|k1|N20|A,469,20,L,2.71,-35.29,51.4,74.4,0.79,-59.3,0.02,5.4,True,orb_minus_d20,11:15,1,10000000.0,38.0,A
orb_plus_d20|E11|k1|N20|A,469,20,L,-3.58,-41.58,49.9,74.6,-1.04,-65.3,-3.77,-3.39,True,orb_plus_d20,11:15,1,10000000.0,38.0,A
orb_plus_d20_sh|E11|k1|N20|A,469,20,S,3.58,-34.42,50.1,74.6,1.04,-58.4,3.77,3.39,True,orb_plus_d20_sh,11:15,1,10000000.0,38.0,A
orb_plus_pct52|E11|k1|N20|A,430,20,L,0.24,-37.76,55.6,57.1,0.09,-61.6,-0.19,0.68,False,orb_plus_pct52,11:15,1,10000000.0,38.0,A
orb_plus_pct52_sh|E11|k1|N20|A,430,20,S,-0.24,-38.24,44.4,57.1,-0.09,-62.1,0.19,-0.68,False,orb_plus_pct52_sh,11:15,1,10000000.0,38.0,A
compress_then_pos|E11|k1|N20|A,480,20,L,-1.0,-39.0,52.1,60.1,-0.36,-62.8,-4.39,2.42,False,compress_then_pos,11:15,1,10000000.0,38.0,A
compress_then_pos_sh|E11|k1|N20|A,480,20,S,1.0,-37.0,47.9,60.1,0.36,-60.9,4.39,-2.42,False,compress_then_pos_sh,11:15,1,10000000.0,38.0,A
expand_then_pos|E11|k1|N20|A,480,20,L,-0.4,-38.4,50.8,70.8,-0.13,-62.3,-2.61,1.81,False,expand_then_pos,11:15,1,10000000.0,38.0,A
expand_then_pos_sh|E11|k1|N20|A,480,20,S,0.4,-37.6,49.2,70.8,0.13,-61.5,2.61,-1.81,False,expand_then_pos_sh,11:15,1,10000000.0,38.0,A
orb_up|E11|k1|N30|A,480,30,L,0.68,-37.32,53.5,62.6,0.24,-61.2,-2.94,4.32,False,orb_up,11:15,1,10000000.0,38.0,A
orb_up_sh|E11|k1|N30|A,480,30,S,-0.68,-38.68,46.5,62.6,-0.24,-62.5,2.94,-4.32,False,orb_up_sh,11:15,1,10000000.0,38.0,A
orb_dn_sh|E11|k1|N30|A,480,30,S,-1.4,-39.4,49.2,62.6,-0.49,-63.2,2.33,-5.15,False,orb_dn_sh,11:15,1,10000000.0,38.0,A
orb_dn_lg|E11|k1|N30|A,480,30,L,1.4,-36.6,50.8,62.6,0.49,-60.5,-2.33,5.15,False,orb_dn_lg,11:15,1,10000000.0,38.0,A
orb_up_sig|E11|k1|N30|A,480,30,L,1.04,-36.96,54.6,62.0,0.37,-60.9,-2.63,4.74,False,orb_up_sig,11:15,1,10000000.0,38.0,A
orb_up_sig_sh|E11|k1|N30|A,480,30,S,-1.04,-39.04,45.4,62.0,-0.37,-62.9,2.63,-4.74,False,orb_up_sig_sh,11:15,1,10000000.0,38.0,A
orb_dn_sig_sh|E11|k1|N30|A,480,30,S,-1.98,-39.98,48.1,62.5,-0.69,-63.7,1.25,-5.23,False,orb_dn_sig_sh,11:15,1,10000000.0,38.0,A
orb_dn_sig_lg|E11|k1|N30|A,480,30,L,1.98,-36.02,51.9,62.5,0.69,-59.9,-1.25,5.23,False,orb_dn_sig_lg,11:15,1,10000000.0,38.0,A
pos_in_or|E11|k1|N30|A,480,30,L,0.68,-37.32,53.5,62.6,0.24,-61.2,-2.94,4.32,False,pos_in_or,11:15,1,10000000.0,38.0,A
pos_in_or_sh|E11|k1|N30|A,480,30,S,-0.68,-38.68,46.5,62.6,-0.24,-62.5,2.94,-4.32,False,pos_in_or_sh,11:15,1,10000000.0,38.0,A
pos_in_or_lo|E11|k1|N30|A,480,30,L,1.4,-36.6,50.8,62.6,0.49,-60.5,-2.33,5.15,False,pos_in_or_lo,11:15,1,10000000.0,38.0,A
pos_in_or_lo_sh|E11|k1|N30|A,480,30,S,-1.4,-39.4,49.2,62.6,-0.49,-63.2,2.33,-5.15,False,pos_in_or_lo_sh,11:15,1,10000000.0,38.0,A
or_close_pos|E11|k1|N30|A,480,30,L,0.33,-37.67,53.3,58.0,0.13,-61.5,-1.99,2.68,False,or_close_pos,11:15,1,10000000.0,38.0,A
or_close_pos_lo|E11|k1|N30|A,480,30,L,-3.53,-41.53,49.2,59.3,-1.31,-65.1,-6.64,-0.4,True,or_close_pos_lo,11:15,1,10000000.0,38.0,A
or_close_pos_sh|E11|k1|N30|A,480,30,S,-0.33,-38.33,46.7,58.0,-0.13,-62.2,1.99,-2.68,False,or_close_pos_sh,11:15,1,10000000.0,38.0,A
posrange_hi|E11|k1|N30|A,480,30,L,0.03,-37.97,56.0,58.8,0.01,-61.8,-3.03,3.11,False,posrange_hi,11:15,1,10000000.0,38.0,A
posrange_hi_sh|E11|k1|N30|A,480,30,S,-0.03,-38.03,44.0,58.8,-0.01,-61.9,3.03,-3.11,False,posrange_hi_sh,11:15,1,10000000.0,38.0,A
posrange_lo|E11|k1|N30|A,480,30,L,-0.45,-38.45,49.6,61.7,-0.16,-62.3,-4.37,3.5,False,posrange_lo,11:15,1,10000000.0,38.0,A
posrange_lo_sh|E11|k1|N30|A,480,30,S,0.45,-37.55,50.4,61.7,0.16,-61.4,4.37,-3.5,False,posrange_lo_sh,11:15,1,10000000.0,38.0,A
today_sofar|E11|k1|N30|A,480,30,L,1.21,-36.79,52.3,71.9,0.37,-60.8,-2.64,5.1,False,today_sofar,11:15,1,10000000.0,38.0,A
today_sofar_sh|E11|k1|N30|A,480,30,S,-1.21,-39.21,47.7,71.9,-0.37,-63.1,2.64,-5.1,False,today_sofar_sh,11:15,1,10000000.0,38.0,A
today_sofar_lo|E11|k1|N30|A,480,30,L,-3.66,-41.66,46.5,74.8,-1.07,-65.3,-8.65,1.38,False,today_sofar_lo,11:15,1,10000000.0,38.0,A
or_ret|E11|k1|N30|A,480,30,L,0.41,-37.59,50.4,69.7,0.13,-61.5,-2.06,2.91,False,or_ret,11:15,1,10000000.0,38.0,A
or_ret_sh|E11|k1|N30|A,480,30,S,-0.41,-38.41,49.6,69.7,-0.13,-62.3,2.06,-2.91,False,or_ret_sh,11:15,1,10000000.0,38.0,A
orbT_up|E11|k1|N30|A,452,30,L,1.37,-36.63,54.6,64.7,0.45,-60.5,-0.93,3.69,False,orbT_up,11:15,1,10000000.0,38.0,A
orbT_up_sh|E11|k1|N30|A,452,30,S,-1.37,-39.37,45.4,64.7,-0.45,-63.2,0.93,-3.69,False,orbT_up_sh,11:15,1,10000000.0,38.0,A
orbT_dn_sh|E11|k1|N30|A,447,30,S,-2.09,-40.09,48.3,64.0,-0.69,-63.9,1.06,-5.26,False,orbT_dn_sh,11:15,1,10000000.0,38.0,A
orbT_dn_lg|E11|k1|N30|A,447,30,L,2.09,-35.91,51.7,64.0,0.69,-59.8,-1.06,5.26,False,orbT_dn_lg,11:15,1,10000000.0,38.0,A
orbT_up_small|E11|k1|N30|A,452,30,L,2.51,-35.49,58.2,63.4,0.84,-59.4,1.25,3.79,True,orbT_up_small,11:15,1,10000000.0,38.0,A
orbT_up_small_sh|E11|k1|N30|A,452,30,S,-2.51,-40.51,41.8,63.4,-0.84,-64.2,-1.25,-3.79,True,orbT_up_small_sh,11:15,1,10000000.0,38.0,A
orbT_dn_small_sh|E11|k1|N30|A,447,30,S,2.65,-35.35,52.8,64.9,0.86,-59.3,6.65,-1.38,False,orbT_dn_small_sh,11:15,1,10000000.0,38.0,A
orbT_dn_small_lg|E11|k1|N30|A,447,30,L,-2.65,-40.65,47.2,64.9,-0.86,-64.4,-6.65,1.38,False,orbT_dn_small_lg,11:15,1,10000000.0,38.0,A
inside_posor|E11|k1|N30|A,480,30,L,-1.39,-39.39,53.5,57.9,-0.53,-63.2,-4.91,2.15,False,inside_posor,11:15,1,10000000.0,38.0,A
inside_posor_sh|E11|k1|N30|A,480,30,S,1.39,-36.61,46.5,57.9,0.53,-60.5,4.91,-2.15,False,inside_posor_sh,11:15,1,10000000.0,38.0,A
inside_posor_lo|E11|k1|N30|A,480,30,L,-4.82,-42.82,44.8,62.2,-1.7,-66.2,-11.14,1.56,False,inside_posor_lo,11:15,1,10000000.0,38.0,A
or_wide|E11|k1|N30|A,480,30,L,-1.53,-39.53,51.2,67.4,-0.5,-63.4,-1.48,-1.58,True,or_wide,11:15,1,10000000.0,38.0,A
or_wide_sh|E11|k1|N30|A,480,30,S,1.53,-36.47,48.8,67.4,0.5,-60.4,1.48,1.58,True,or_wide_sh,11:15,1,10000000.0,38.0,A
or_narrow|E11|k1|N30|A,480,30,L,-3.45,-41.45,47.7,53.6,-1.41,-65.0,-6.28,-0.6,True,or_narrow,11:15,1,10000000.0,38.0,A
or_narrow_sh|E11|k1|N30|A,480,30,S,3.45,-34.55,52.3,53.6,1.41,-58.3,6.28,0.6,True,or_narrow_sh,11:15,1,10000000.0,38.0,A
or_wrel_hi|E11|k1|N30|A,480,30,L,-1.61,-39.61,51.2,69.3,-0.51,-63.4,-3.0,-0.21,True,or_wrel_hi,11:15,1,10000000.0,38.0,A
or_wrel_lo|E11|k1|N30|A,480,30,L,-3.04,-41.04,46.7,59.3,-1.12,-64.7,-5.79,-0.27,True,or_wrel_lo,11:15,1,10000000.0,38.0,A
or_wrel_hi_sh|E11|k1|N30|A,480,30,S,1.61,-36.39,48.8,69.3,0.51,-60.3,3.0,0.21,True,or_wrel_hi_sh,11:15,1,10000000.0,38.0,A
or_wrel_lo_sh|E11|k1|N30|A,480,30,S,3.04,-34.96,53.3,59.3,1.12,-58.8,5.79,0.27,True,or_wrel_lo_sh,11:15,1,10000000.0,38.0,A
rng_expand|E11|k1|N30|A,480,30,L,-0.41,-38.41,51.7,69.1,-0.13,-62.3,-0.9,0.09,False,rng_expand,11:15,1,10000000.0,38.0,A
rng_expand_sh|E11|k1|N30|A,480,30,S,0.41,-37.59,48.3,69.1,0.13,-61.5,0.9,-0.09,False,rng_expand_sh,11:15,1,10000000.0,38.0,A
rng_compress|E11|k1|N30|A,480,30,L,-4.01,-42.01,47.5,54.4,-1.62,-65.5,-7.02,-0.98,True,rng_compress,11:15,1,10000000.0,38.0,A
rng_compress_sh|E11|k1|N30|A,480,30,S,4.01,-33.99,52.5,54.4,1.62,-57.8,7.02,0.98,True,rng_compress_sh,11:15,1,10000000.0,38.0,A
vol20_hi|E11|k1|N30|A,479,30,L,-9.77,-47.77,44.9,83.7,-2.56,-70.3,-12.94,-6.59,True,vol20_hi,11:15,1,10000000.0,38.0,A
vol20_hi_sh|E11|k1|N30|A,479,30,S,9.77,-28.23,55.1,83.7,2.56,-51.4,12.94,6.59,True,vol20_hi_sh,11:15,1,10000000.0,38.0,A
vol20_lo|E11|k1|N30|A,479,30,L,0.11,-37.89,49.7,34.1,0.07,-61.6,-0.64,0.86,False,vol20_lo,11:15,1,10000000.0,38.0,A
vol20_lo_sh|E11|k1|N30|A,479,30,S,-0.11,-38.11,50.3,34.1,-0.07,-61.9,0.64,-0.86,False,vol20_lo_sh,11:15,1,10000000.0,38.0,A
atr_hi|E11|k1|N30|A,480,30,L,-9.35,-47.35,47.1,85.1,-2.41,-70.0,-12.24,-6.43,True,atr_hi,11:15,1,10000000.0,38.0,A
atr_lo|E11|k1|N30|A,480,30,L,0.79,-37.21,51.0,32.1,0.54,-61.0,0.6,0.99,True,atr_lo,11:15,1,10000000.0,38.0,A
atr_hi_sh|E11|k1|N30|A,480,30,S,9.35,-28.65,52.9,85.1,2.41,-51.9,12.24,6.43,True,atr_hi_sh,11:15,1,10000000.0,38.0,A
fail_up_sh|E11|k1|N30|A,467,30,S,2.71,-35.29,50.3,62.5,0.94,-59.2,5.06,0.36,True,fail_up_sh,11:15,1,10000000.0,38.0,A
fail_up_lg|E11|k1|N30|A,467,30,L,-2.71,-40.71,49.7,62.5,-0.94,-64.4,-5.06,-0.36,True,fail_up_lg,11:15,1,10000000.0,38.0,A
fail_dn_lg|E11|k1|N30|A,474,30,L,-4.3,-42.3,47.9,63.6,-1.47,-65.8,-6.91,-1.66,True,fail_dn_lg,11:15,1,10000000.0,38.0,A
fail_dn_sh|E11|k1|N30|A,474,30,S,4.3,-33.7,52.1,63.6,1.47,-57.5,6.91,1.66,True,fail_dn_sh,11:15,1,10000000.0,38.0,A
giveback_up_sh|E11|k1|N30|A,480,30,S,-0.6,-38.6,47.9,60.7,-0.22,-62.4,2.6,-3.84,False,giveback_up_sh,11:15,1,10000000.0,38.0,A
giveback_up_lg|E11|k1|N30|A,480,30,L,0.6,-37.4,52.1,60.7,0.22,-61.3,-2.6,3.84,False,giveback_up_lg,11:15,1,10000000.0,38.0,A
giveback_dn_lg|E11|k1|N30|A,480,30,L,-0.99,-38.99,53.1,59.6,-0.36,-62.8,-4.08,2.12,False,giveback_dn_lg,11:15,1,10000000.0,38.0,A
giveback_dn_sh|E11|k1|N30|A,480,30,S,0.99,-37.01,46.9,59.6,0.36,-60.9,4.08,-2.12,False,giveback_dn_sh,11:15,1,10000000.0,38.0,A
poke_up|E11|k1|N30|A,480,30,L,-0.97,-38.97,53.5,63.2,-0.34,-62.8,-4.58,2.67,False,poke_up,11:15,1,10000000.0,38.0,A
poke_up_sh|E11|k1|N30|A,480,30,S,0.97,-37.03,46.5,63.2,0.34,-60.9,4.58,-2.67,False,poke_up_sh,11:15,1,10000000.0,38.0,A
poke_dn_sh|E11|k1|N30|A,480,30,S,0.36,-37.64,49.2,60.9,0.13,-61.5,3.92,-3.23,False,poke_dn_sh,11:15,1,10000000.0,38.0,A
poke_dn_lg|E11|k1|N30|A,480,30,L,-0.36,-38.36,50.8,60.9,-0.13,-62.2,-3.92,3.23,False,poke_dn_lg,11:15,1,10000000.0,38.0,A
ext_up_sh|E11|k1|N30|A,480,30,S,-0.61,-38.61,47.9,60.6,-0.22,-62.5,2.6,-3.85,False,ext_up_sh,11:15,1,10000000.0,38.0,A
ext_up_lg|E11|k1|N30|A,480,30,L,0.61,-37.39,52.1,60.6,0.22,-61.3,-2.6,3.85,False,ext_up_lg,11:15,1,10000000.0,38.0,A
held_up|E11|k1|N30|A,451,30,L,1.63,-36.37,54.5,63.9,0.54,-60.3,-1.04,4.3,False,held_up,11:15,1,10000000.0,38.0,A
held_up_sh|E11|k1|N30|A,451,30,S,-1.63,-39.63,45.5,63.9,-0.54,-63.4,1.04,-4.3,False,held_up_sh,11:15,1,10000000.0,38.0,A
held_dn_sh|E11|k1|N30|A,446,30,S,-1.56,-39.56,48.4,63.1,-0.52,-63.4,1.05,-4.2,False,held_dn_sh,11:15,1,10000000.0,38.0,A
held_dn_lg|E11|k1|N30|A,446,30,L,1.56,-36.44,51.6,63.1,0.52,-60.3,-1.05,4.2,False,held_dn_lg,11:15,1,10000000.0,38.0,A
rvol_hi|E11|k1|N30|A,480,30,L,-0.68,-38.68,52.9,68.0,-0.22,-62.6,-2.61,1.27,False,rvol_hi,11:15,1,10000000.0,38.0,A
rvol_hi_sh|E11|k1|N30|A,480,30,S,0.68,-37.32,47.1,68.0,0.22,-61.3,2.61,-1.27,False,rvol_hi_sh,11:15,1,10000000.0,38.0,A
rvol_lo|E11|k1|N30|A,480,30,L,-4.24,-42.24,48.5,58.0,-1.6,-65.7,-7.63,-0.82,True,rvol_lo,11:15,1,10000000.0,38.0,A
rvol_lo_sh|E11|k1|N30|A,480,30,S,4.24,-33.76,51.5,58.0,1.6,-57.5,7.63,0.82,True,rvol_lo_sh,11:15,1,10000000.0,38.0,A
orb_vol125|E11|k1|N30|A,420,30,L,1.97,-36.03,54.0,67.1,0.6,-60.0,-1.29,5.26,False,orb_vol125,11:15,1,10000000.0,38.0,A
orb_vol125_sh|E11|k1|N30|A,420,30,S,-1.97,-39.97,46.0,67.1,-0.6,-63.8,1.29,-5.26,False,orb_vol125_sh,11:15,1,10000000.0,38.0,A
orbdn_vol125_sh|E11|k1|N30|A,353,30,S,-1.54,-39.54,51.6,68.6,-0.42,-63.4,1.95,-5.05,False,orbdn_vol125_sh,11:15,1,10000000.0,38.0,A
orbdn_vol125_lg|E11|k1|N30|A,353,30,L,1.54,-36.46,48.4,68.6,0.42,-60.4,-1.95,5.05,False,orbdn_vol125_lg,11:15,1,10000000.0,38.0,A
orb_vol15|E11|k1|N30|A,402,30,L,3.79,-34.21,55.0,71.2,1.07,-58.1,0.81,6.79,True,orb_vol15,11:15,1,10000000.0,38.0,A
orb_vol15_sh|E11|k1|N30|A,402,30,S,-3.79,-41.79,45.0,71.2,-1.07,-65.4,-0.81,-6.79,True,orb_vol15_sh,11:15,1,10000000.0,38.0,A
orbdn_vol15_sh|E11|k1|N30|A,288,30,S,-3.85,-41.85,50.7,74.2,-0.88,-65.5,0.78,-8.55,False,orbdn_vol15_sh,11:15,1,10000000.0,38.0,A
orbdn_vol15_lg|E11|k1|N30|A,288,30,L,3.85,-34.15,49.3,74.2,0.88,-58.1,-0.78,8.55,False,orbdn_vol15_lg,11:15,1,10000000.0,38.0,A
orb_vol20|E11|k1|N30|A,357,30,L,4.93,-33.07,57.4,71.8,1.3,-56.9,3.3,6.57,True,orb_vol20,11:15,1,10000000.0,38.0,A
orb_vol20_sh|E11|k1|N30|A,357,30,S,-4.93,-42.93,42.6,71.8,-1.3,-66.4,-3.3,-6.57,True,orb_vol20_sh,11:15,1,10000000.0,38.0,A
orbdn_vol20_sh|E11|k1|N30|A,168,30,S,-8.71,-46.71,50.6,85.1,-1.33,-69.5,-7.24,-10.21,True,orbdn_vol20_sh,11:15,1,10000000.0,38.0,A
orbdn_vol20_lg|E11|k1|N30|A,168,30,L,8.71,-29.29,49.4,85.1,1.33,-52.7,7.24,10.21,True,orbdn_vol20_lg,11:15,1,10000000.0,38.0,A
orb_x_rvol|E11|k1|N30|A,480,30,L,-0.22,-38.22,53.5,66.3,-0.07,-62.1,-4.03,3.63,False,orb_x_rvol,11:15,1,10000000.0,38.0,A
orb_x_rvol_sh|E11|k1|N30|A,480,30,S,0.22,-37.78,46.5,66.3,0.07,-61.7,4.03,-3.63,False,orb_x_rvol_sh,11:15,1,10000000.0,38.0,A
orb_novol|E11|k1|N30|A,228,30,L,5.5,-32.5,57.5,57.2,1.45,-56.2,9.23,1.7,True,orb_novol,11:15,1,10000000.0,38.0,A
orb_novol_sh|E11|k1|N30|A,228,30,S,-5.5,-43.5,42.5,57.2,-1.45,-66.8,-9.23,-1.7,True,orb_novol_sh,11:15,1,10000000.0,38.0,A
orb_wideOR|E11|k1|N30|A,267,30,L,7.72,-30.28,58.1,71.0,1.78,-53.7,10.08,5.34,True,orb_wideOR,11:15,1,10000000.0,38.0,A
orb_wideOR_sh|E11|k1|N30|A,267,30,S,-7.72,-45.72,41.9,71.0,-1.78,-68.7,-10.08,-5.34,True,orb_wideOR_sh,11:15,1,10000000.0,38.0,A
orb_narrowOR|E11|k1|N30|A,319,30,L,0.24,-37.76,52.7,60.5,0.07,-61.6,-1.34,1.82,False,orb_narrowOR,11:15,1,10000000.0,38.0,A
orb_narrowOR_sh|E11|k1|N30|A,319,30,S,-0.24,-38.24,47.3,60.5,-0.07,-62.1,1.34,-1.82,False,orb_narrowOR_sh,11:15,1,10000000.0,38.0,A
orbdn_wideOR_sh|E11|k1|N30|A,212,30,S,-0.62,-38.62,53.3,83.2,-0.11,-62.6,1.27,-2.53,False,orbdn_wideOR_sh,11:15,1,10000000.0,38.0,A
orbdn_narrowOR_sh|E11|k1|N30|A,367,30,S,4.07,-33.93,54.5,59.8,1.3,-57.7,7.11,1.01,True,orbdn_narrowOR_sh,11:15,1,10000000.0,38.0,A
orbdn_wideOR_lg|E11|k1|N30|A,212,30,L,0.62,-37.38,46.7,83.2,0.11,-61.4,-1.27,2.53,False,orbdn_wideOR_lg,11:15,1,10000000.0,38.0,A
orbdn_narrowOR_lg|E11|k1|N30|A,367,30,L,-4.07,-42.07,45.5,59.8,-1.3,-65.6,-7.11,-1.01,True,orbdn_narrowOR_lg,11:15,1,10000000.0,38.0,A
orb_coiled|E11|k1|N30|A,313,30,L,2.06,-35.94,52.1,65.1,0.56,-59.9,1.79,2.33,True,orb_coiled,11:15,1,10000000.0,38.0,A
orb_coiled_sh|E11|k1|N30|A,313,30,S,-2.06,-40.06,47.9,65.1,-0.56,-63.8,-1.79,-2.33,True,orb_coiled_sh,11:15,1,10000000.0,38.0,A
orbdn_coiled_sh|E11|k1|N30|A,360,30,S,5.08,-32.92,52.8,61.5,1.57,-56.6,10.6,-0.5,False,orbdn_coiled_sh,11:15,1,10000000.0,38.0,A
orb_gapup|E11|k1|N30|A,182,30,L,3.31,-34.69,58.2,70.8,0.63,-58.6,3.29,3.32,True,orb_gapup,11:15,1,10000000.0,38.0,A
orb_gapup_sh|E11|k1|N30|A,182,30,S,-3.31,-41.31,41.8,70.8,-0.63,-65.0,-3.29,-3.32,True,orb_gapup_sh,11:15,1,10000000.0,38.0,A
orb_nogap|E11|k1|N30|A,379,30,L,-0.6,-38.6,54.9,58.2,-0.2,-62.4,-4.65,3.47,False,orb_nogap,11:15,1,10000000.0,38.0,A
orb_nogap_sh|E11|k1|N30|A,379,30,S,0.6,-37.4,45.1,58.2,0.2,-61.3,4.65,-3.47,False,orb_nogap_sh,11:15,1,10000000.0,38.0,A
orbdn_gapup_sh|E11|k1|N30|A,231,30,S,2.76,-35.24,54.1,78.2,0.54,-59.2,7.97,-2.49,False,orbdn_gapup_sh,11:15,1,10000000.0,38.0,A
gap_up|E11|k1|N30|A,480,30,L,-1.76,-39.76,50.2,70.8,-0.54,-63.6,-7.46,3.98,False,gap_up,11:15,1,10000000.0,38.0,A
gap_up_sh|E11|k1|N30|A,480,30,S,1.76,-36.24,49.8,70.8,0.54,-60.2,7.46,-3.98,False,gap_up_sh,11:15,1,10000000.0,38.0,A
gap_dn_lg|E11|k1|N30|A,480,30,L,1.02,-36.98,51.9,65.0,0.34,-60.9,1.82,0.21,True,gap_dn_lg,11:15,1,10000000.0,38.0,A
gap_dn_sh|E11|k1|N30|A,480,30,S,-1.02,-39.02,48.1,65.0,-0.34,-62.9,-1.82,-0.21,True,gap_dn_sh,11:15,1,10000000.0,38.0,A
orb_hivol|E11|k1|N30|A,276,30,L,0.07,-37.93,55.8,78.9,0.01,-61.9,-2.62,2.8,False,orb_hivol,11:15,1,10000000.0,38.0,A
orb_hivol_sh|E11|k1|N30|A,276,30,S,-0.07,-38.07,44.2,78.9,-0.01,-62.1,2.62,-2.8,False,orb_hivol_sh,11:15,1,10000000.0,38.0,A
orb_lovol|E11|k1|N30|A,289,30,L,3.53,-34.47,52.9,51.1,1.17,-58.3,4.1,2.95,True,orb_lovol,11:15,1,10000000.0,38.0,A
orb_lovol_sh|E11|k1|N30|A,289,30,S,-3.53,-41.53,47.1,51.1,-1.17,-65.1,-4.1,-2.95,True,orb_lovol_sh,11:15,1,10000000.0,38.0,A
orbdn_hivol_sh|E11|k1|N30|A,311,30,S,6.91,-31.09,52.1,76.3,1.6,-54.7,15.47,-1.69,False,orbdn_hivol_sh,11:15,1,10000000.0,38.0,A
orbdn_lovol_sh|E11|k1|N30|A,299,30,S,-1.42,-39.42,52.2,55.9,-0.44,-63.2,1.36,-4.21,False,orbdn_lovol_sh,11:15,1,10000000.0,38.0,A
posrange_hivol|E11|k1|N30|A,479,30,L,-1.49,-39.49,54.1,78.4,-0.41,-63.4,-6.17,3.21,False,posrange_hivol,11:15,1,10000000.0,38.0,A
posrange_lovol|E11|k1|N30|A,479,30,L,-1.59,-39.59,50.3,45.8,-0.76,-63.3,-3.08,-0.1,True,posrange_lovol,11:15,1,10000000.0,38.0,A
posrange_hivol_sh|E11|k1|N30|A,479,30,S,1.49,-36.51,45.9,78.4,0.41,-60.5,6.17,-3.21,False,posrange_hivol_sh,11:15,1,10000000.0,38.0,A
posrange_lovol_sh|E11|k1|N30|A,479,30,S,1.59,-36.41,49.7,45.8,0.76,-60.2,3.08,0.1,True,posrange_lovol_sh,11:15,1,10000000.0,38.0,A
orb_minus_width|E11|k1|N30|A,480,30,L,-0.57,-38.57,50.4,58.2,-0.21,-62.4,-4.03,2.92,False,orb_minus_width,11:15,1,10000000.0,38.0,A
orb_plus_width|E11|k1|N30|A,480,30,L,0.29,-37.71,54.0,65.7,0.1,-61.6,-2.43,3.03,False,orb_plus_width,11:15,1,10000000.0,38.0,A
orb_plus_width_sh|E11|k1|N30|A,480,30,S,-0.29,-38.29,46.0,65.7,-0.1,-62.2,2.43,-3.03,False,orb_plus_width_sh,11:15,1,10000000.0,38.0,A
orb_minus_width_sh|E11|k1|N30|A,480,30,S,0.57,-37.43,49.6,58.2,0.21,-61.3,4.03,-2.92,False,orb_minus_width_sh,11:15,1,10000000.0,38.0,A
orb_minus_d20|E11|k1|N30|A,469,30,L,1.59,-36.41,52.7,69.4,0.5,-60.4,-1.39,4.59,False,orb_minus_d20,11:15,1,10000000.0,38.0,A
orb_plus_d20|E11|k1|N30|A,469,30,L,-3.11,-41.11,51.6,67.0,-1.01,-64.8,-3.33,-2.9,True,orb_plus_d20,11:15,1,10000000.0,38.0,A
orb_plus_d20_sh|E11|k1|N30|A,469,30,S,3.11,-34.89,48.4,67.0,1.01,-58.8,3.33,2.9,True,orb_plus_d20_sh,11:15,1,10000000.0,38.0,A
orb_plus_pct52|E11|k1|N30|A,430,30,L,0.55,-37.45,57.2,53.3,0.22,-61.3,0.9,0.21,True,orb_plus_pct52,11:15,1,10000000.0,38.0,A
orb_plus_pct52_sh|E11|k1|N30|A,430,30,S,-0.55,-38.55,42.8,53.3,-0.22,-62.4,-0.9,-0.21,True,orb_plus_pct52_sh,11:15,1,10000000.0,38.0,A
compress_then_pos|E11|k1|N30|A,480,30,L,-0.57,-38.57,50.4,58.2,-0.21,-62.4,-4.03,2.92,False,compress_then_pos,11:15,1,10000000.0,38.0,A
compress_then_pos_sh|E11|k1|N30|A,480,30,S,0.57,-37.43,49.6,58.2,0.21,-61.3,4.03,-2.92,False,compress_then_pos_sh,11:15,1,10000000.0,38.0,A
expand_then_pos|E11|k1|N30|A,480,30,L,0.29,-37.71,54.0,65.7,0.1,-61.6,-2.43,3.03,False,expand_then_pos,11:15,1,10000000.0,38.0,A
expand_then_pos_sh|E11|k1|N30|A,480,30,S,-0.29,-38.29,46.0,65.7,-0.1,-62.2,2.43,-3.03,False,expand_then_pos_sh,11:15,1,10000000.0,38.0,A
orb_up|E11|k1|N5|B,480,5,L,-2.73,-23.73,51.7,99.0,-0.6,-45.7,-8.14,2.72,False,orb_up,11:15,1,100000000.0,21.0,B
orb_up_sh|E11|k1|N5|B,480,5,S,2.73,-18.27,48.3,99.0,0.6,-37.7,8.14,-2.72,False,orb_up_sh,11:15,1,100000000.0,21.0,B
orb_dn_sh|E11|k1|N5|B,480,5,S,-1.81,-22.81,48.5,80.2,-0.5,-44.2,1.82,-5.48,False,orb_dn_sh,11:15,1,100000000.0,21.0,B
orb_dn_lg|E11|k1|N5|B,480,5,L,1.81,-19.19,51.5,80.2,0.5,-38.9,-1.82,5.48,False,orb_dn_lg,11:15,1,100000000.0,21.0,B
orb_up_sig|E11|k1|N5|B,480,5,L,-1.64,-22.64,50.0,103.1,-0.35,-44.3,-7.27,4.03,False,orb_up_sig,11:15,1,100000000.0,21.0,B
orb_up_sig_sh|E11|k1|N5|B,480,5,S,1.64,-19.36,50.0,103.1,0.35,-39.4,7.27,-4.03,False,orb_up_sig_sh,11:15,1,100000000.0,21.0,B
orb_dn_sig_sh|E11|k1|N5|B,480,5,S,-5.88,-26.88,46.0,89.2,-1.44,-49.8,-1.71,-10.09,True,orb_dn_sig_sh,11:15,1,100000000.0,21.0,B
orb_dn_sig_lg|E11|k1|N5|B,480,5,L,5.88,-15.12,54.0,89.2,1.44,-32.4,1.71,10.09,True,orb_dn_sig_lg,11:15,1,100000000.0,21.0,B
pos_in_or|E11|k1|N5|B,480,5,L,-2.73,-23.73,51.7,99.0,-0.6,-45.7,-8.14,2.72,False,pos_in_or,11:15,1,100000000.0,21.0,B
pos_in_or_sh|E11|k1|N5|B,480,5,S,2.73,-18.27,48.3,99.0,0.6,-37.7,8.14,-2.72,False,pos_in_or_sh,11:15,1,100000000.0,21.0,B
pos_in_or_lo|E11|k1|N5|B,480,5,L,1.81,-19.19,51.5,80.2,0.5,-38.9,-1.82,5.48,False,pos_in_or_lo,11:15,1,100000000.0,21.0,B
pos_in_or_lo_sh|E11|k1|N5|B,480,5,S,-1.81,-22.81,48.5,80.2,-0.5,-44.2,1.82,-5.48,False,pos_in_or_lo_sh,11:15,1,100000000.0,21.0,B
or_close_pos|E11|k1|N5|B,480,5,L,-0.41,-21.41,51.5,63.1,-0.14,-42.0,-0.31,-0.5,True,or_close_pos,11:15,1,100000000.0,21.0,B
or_close_pos_lo|E11|k1|N5|B,480,5,L,-2.4,-23.4,46.0,65.3,-0.8,-44.9,-4.31,-0.47,True,or_close_pos_lo,11:15,1,100000000.0,21.0,B
or_close_pos_sh|E11|k1|N5|B,480,5,S,0.41,-20.59,48.5,63.1,0.14,-40.8,0.31,0.5,True,or_close_pos_sh,11:15,1,100000000.0,21.0,B
posrange_hi|E11|k1|N5|B,480,5,L,0.78,-20.22,50.0,74.4,0.23,-40.4,-4.29,5.91,False,posrange_hi,11:15,1,100000000.0,21.0,B
posrange_hi_sh|E11|k1|N5|B,480,5,S,-0.78,-21.78,50.0,74.4,-0.23,-42.7,4.29,-5.91,False,posrange_hi_sh,11:15,1,100000000.0,21.0,B
posrange_lo|E11|k1|N5|B,480,5,L,4.02,-16.98,53.1,64.7,1.36,-35.2,2.74,5.31,True,posrange_lo,11:15,1,100000000.0,21.0,B
posrange_lo_sh|E11|k1|N5|B,480,5,S,-4.02,-25.02,46.7,64.7,-1.36,-47.1,-2.74,-5.31,True,posrange_lo_sh,11:15,1,100000000.0,21.0,B
today_sofar|E11|k1|N5|B,480,5,L,-1.19,-22.19,47.9,130.5,-0.2,-44.1,-3.55,1.18,False,today_sofar,11:15,1,100000000.0,21.0,B
today_sofar_sh|E11|k1|N5|B,480,5,S,1.19,-19.81,52.1,130.5,0.2,-40.6,3.55,-1.18,False,today_sofar_sh,11:15,1,100000000.0,21.0,B
today_sofar_lo|E11|k1|N5|B,480,5,L,-8.79,-29.79,44.2,115.8,-1.66,-53.6,-8.09,-9.49,True,today_sofar_lo,11:15,1,100000000.0,21.0,B
or_ret|E11|k1|N5|B,480,5,L,-0.08,-21.08,46.9,131.1,-0.01,-42.5,-2.1,1.96,False,or_ret,11:15,1,100000000.0,21.0,B
or_ret_sh|E11|k1|N5|B,480,5,S,0.08,-20.92,53.1,131.1,0.01,-42.3,2.1,-1.96,False,or_ret_sh,11:15,1,100000000.0,21.0,B
orbT_up|E11|k1|N5|B,475,5,L,-2.32,-23.32,52.2,99.3,-0.51,-45.2,-7.58,2.98,False,orbT_up,11:15,1,100000000.0,21.0,B
orbT_up_sh|E11|k1|N5|B,475,5,S,2.32,-18.68,47.8,99.3,0.51,-38.4,7.58,-2.98,False,orbT_up_sh,11:15,1,100000000.0,21.0,B
orbT_dn_sh|E11|k1|N5|B,479,5,S,-1.82,-22.82,48.6,80.8,-0.49,-44.2,1.96,-5.61,False,orbT_dn_sh,11:15,1,100000000.0,21.0,B
orbT_dn_lg|E11|k1|N5|B,479,5,L,1.82,-19.18,51.4,80.8,0.49,-38.9,-1.96,5.61,False,orbT_dn_lg,11:15,1,100000000.0,21.0,B
orbT_up_small|E11|k1|N5|B,475,5,L,3.09,-17.91,51.2,84.8,0.79,-36.9,2.27,3.9,True,orbT_up_small,11:15,1,100000000.0,21.0,B
orbT_up_small_sh|E11|k1|N5|B,475,5,S,-3.09,-24.09,48.8,84.8,-0.79,-46.0,-2.27,-3.9,True,orbT_up_small_sh,11:15,1,100000000.0,21.0,B
orbT_dn_small_sh|E11|k1|N5|B,479,5,S,3.81,-17.19,52.2,80.1,1.04,-35.7,8.71,-1.12,False,orbT_dn_small_sh,11:15,1,100000000.0,21.0,B
orbT_dn_small_lg|E11|k1|N5|B,479,5,L,-3.81,-24.81,47.8,80.1,-1.04,-47.0,-8.71,1.12,False,orbT_dn_small_lg,11:15,1,100000000.0,21.0,B
inside_posor|E11|k1|N5|B,480,5,L,-1.71,-22.71,49.4,62.9,-0.6,-43.9,-1.51,-1.92,True,inside_posor,11:15,1,100000000.0,21.0,B
inside_posor_sh|E11|k1|N5|B,480,5,S,1.71,-19.29,50.6,62.9,0.6,-38.8,1.51,1.92,True,inside_posor_sh,11:15,1,100000000.0,21.0,B
inside_posor_lo|E11|k1|N5|B,480,5,L,-0.41,-21.41,47.7,62.4,-0.15,-42.0,-6.27,5.49,False,inside_posor_lo,11:15,1,100000000.0,21.0,B
or_wide|E11|k1|N5|B,480,5,L,-4.56,-25.56,46.0,100.2,-1.0,-48.2,1.69,-10.85,False,or_wide,11:15,1,100000000.0,21.0,B
or_wide_sh|E11|k1|N5|B,480,5,S,4.56,-16.44,54.0,100.2,1.0,-34.8,-1.69,10.85,False,or_wide_sh,11:15,1,100000000.0,21.0,B
or_narrow|E11|k1|N5|B,480,5,L,-1.71,-22.71,45.6,57.8,-0.65,-43.9,-2.09,-1.33,True,or_narrow,11:15,1,100000000.0,21.0,B
or_narrow_sh|E11|k1|N5|B,480,5,S,1.71,-19.29,54.4,57.8,0.65,-38.8,2.09,1.33,True,or_narrow_sh,11:15,1,100000000.0,21.0,B
or_wrel_hi|E11|k1|N5|B,480,5,L,-6.14,-27.14,47.7,107.2,-1.26,-50.3,-2.32,-9.99,True,or_wrel_hi,11:15,1,100000000.0,21.0,B
or_wrel_lo|E11|k1|N5|B,480,5,L,-0.85,-21.85,47.1,73.4,-0.25,-42.8,-1.74,0.06,False,or_wrel_lo,11:15,1,100000000.0,21.0,B
or_wrel_hi_sh|E11|k1|N5|B,480,5,S,6.14,-14.86,52.3,107.2,1.26,-32.2,2.32,9.99,True,or_wrel_hi_sh,11:15,1,100000000.0,21.0,B
or_wrel_lo_sh|E11|k1|N5|B,480,5,S,0.85,-20.15,52.9,73.4,0.25,-40.3,1.74,-0.06,False,or_wrel_lo_sh,11:15,1,100000000.0,21.0,B
rng_expand|E11|k1|N5|B,480,5,L,-2.8,-23.8,47.3,106.7,-0.57,-45.9,-1.07,-4.53,True,rng_expand,11:15,1,100000000.0,21.0,B
rng_expand_sh|E11|k1|N5|B,480,5,S,2.8,-18.2,52.7,106.7,0.57,-37.7,1.07,4.53,True,rng_expand_sh,11:15,1,100000000.0,21.0,B
rng_compress|E11|k1|N5|B,480,5,L,-2.25,-23.25,47.9,57.4,-0.86,-44.6,-3.84,-0.65,True,rng_compress,11:15,1,100000000.0,21.0,B
rng_compress_sh|E11|k1|N5|B,480,5,S,2.25,-18.75,52.1,57.4,0.86,-37.9,3.84,0.65,True,rng_compress_sh,11:15,1,100000000.0,21.0,B
vol20_hi|E11|k1|N5|B,479,5,L,-11.49,-32.49,43.4,123.4,-2.04,-56.8,-12.42,-10.54,True,vol20_hi,11:15,1,100000000.0,21.0,B
vol20_hi_sh|E11|k1|N5|B,479,5,S,11.49,-9.51,56.6,123.4,2.04,-22.8,12.42,10.54,True,vol20_hi_sh,11:15,1,100000000.0,21.0,B
vol20_lo|E11|k1|N5|B,479,5,L,0.13,-20.87,41.8,3.3,0.86,-40.9,0.29,-0.03,False,vol20_lo,11:15,1,100000000.0,21.0,B
vol20_lo_sh|E11|k1|N5|B,479,5,S,-0.13,-21.13,56.6,3.3,-0.86,-41.3,-0.29,0.03,False,vol20_lo_sh,11:15,1,100000000.0,21.0,B
atr_hi|E11|k1|N5|B,480,5,L,-11.45,-32.45,44.0,127.1,-1.97,-56.8,-6.57,-16.37,True,atr_hi,11:15,1,100000000.0,21.0,B
atr_lo|E11|k1|N5|B,480,5,L,0.18,-20.82,48.3,2.0,1.92,-40.9,0.34,0.02,True,atr_lo,11:15,1,100000000.0,21.0,B
atr_hi_sh|E11|k1|N5|B,480,5,S,11.45,-9.55,56.0,127.1,1.97,-23.0,6.57,16.37,True,atr_hi_sh,11:15,1,100000000.0,21.0,B
fail_up_sh|E11|k1|N5|B,477,5,S,3.35,-17.65,53.2,78.0,0.94,-36.4,9.05,-2.38,False,fail_up_sh,11:15,1,100000000.0,21.0,B
fail_up_lg|E11|k1|N5|B,477,5,L,-3.35,-24.35,46.8,78.0,-0.94,-46.3,-9.05,2.38,False,fail_up_lg,11:15,1,100000000.0,21.0,B
fail_dn_lg|E11|k1|N5|B,480,5,L,-3.02,-24.02,49.2,78.4,-0.84,-45.9,-3.27,-2.77,True,fail_dn_lg,11:15,1,100000000.0,21.0,B
fail_dn_sh|E11|k1|N5|B,480,5,S,3.02,-17.98,50.8,78.4,0.84,-36.9,3.27,2.77,True,fail_dn_sh,11:15,1,100000000.0,21.0,B
giveback_up_sh|E11|k1|N5|B,480,5,S,-2.75,-23.75,52.1,78.5,-0.77,-45.5,-4.4,-1.08,True,giveback_up_sh,11:15,1,100000000.0,21.0,B
giveback_up_lg|E11|k1|N5|B,480,5,L,2.75,-18.25,47.9,78.5,0.77,-37.4,4.4,1.08,True,giveback_up_lg,11:15,1,100000000.0,21.0,B
giveback_dn_lg|E11|k1|N5|B,480,5,L,-1.97,-22.97,49.0,94.2,-0.46,-44.6,-3.96,0.04,False,giveback_dn_lg,11:15,1,100000000.0,21.0,B
giveback_dn_sh|E11|k1|N5|B,480,5,S,1.97,-19.03,51.0,94.2,0.46,-38.8,3.96,-0.04,False,giveback_dn_sh,11:15,1,100000000.0,21.0,B
poke_up|E11|k1|N5|B,480,5,L,-1.07,-22.07,47.5,90.1,-0.26,-43.3,-4.41,2.3,False,poke_up,11:15,1,100000000.0,21.0,B
poke_up_sh|E11|k1|N5|B,480,5,S,1.07,-19.93,52.5,90.1,0.26,-40.1,4.41,-2.3,False,poke_up_sh,11:15,1,100000000.0,21.0,B
poke_dn_sh|E11|k1|N5|B,480,5,S,-5.35,-26.35,49.4,79.9,-1.47,-49.0,-0.85,-9.89,True,poke_dn_sh,11:15,1,100000000.0,21.0,B
poke_dn_lg|E11|k1|N5|B,480,5,L,5.35,-15.65,50.6,79.9,1.47,-33.2,0.85,9.89,True,poke_dn_lg,11:15,1,100000000.0,21.0,B
ext_up_sh|E11|k1|N5|B,480,5,S,-2.75,-23.75,52.1,78.5,-0.77,-45.5,-4.41,-1.08,True,ext_up_sh,11:15,1,100000000.0,21.0,B
ext_up_lg|E11|k1|N5|B,480,5,L,2.75,-18.25,47.9,78.5,0.77,-37.4,4.41,1.08,True,ext_up_lg,11:15,1,100000000.0,21.0,B
held_up|E11|k1|N5|B,475,5,L,-1.95,-22.95,52.2,97.8,-0.44,-44.6,-7.62,3.73,False,held_up,11:15,1,100000000.0,21.0,B
held_up_sh|E11|k1|N5|B,475,5,S,1.95,-19.05,47.8,97.8,0.44,-38.9,7.62,-3.73,False,held_up_sh,11:15,1,100000000.0,21.0,B
held_dn_sh|E11|k1|N5|B,479,5,S,-1.57,-22.57,48.6,80.3,-0.43,-43.9,1.96,-5.12,False,held_dn_sh,11:15,1,100000000.0,21.0,B
held_dn_lg|E11|k1|N5|B,479,5,L,1.57,-19.43,51.4,80.3,0.43,-39.2,-1.96,5.12,False,held_dn_lg,11:15,1,100000000.0,21.0,B
rvol_hi|E11|k1|N5|B,480,5,L,-2.12,-23.12,46.5,123.1,-0.38,-45.2,2.17,-6.45,False,rvol_hi,11:15,1,100000000.0,21.0,B
rvol_hi_sh|E11|k1|N5|B,480,5,S,2.12,-18.88,53.5,123.1,0.38,-39.1,-2.17,6.45,False,rvol_hi_sh,11:15,1,100000000.0,21.0,B
rvol_lo|E11|k1|N5|B,480,5,L,-6.31,-27.31,44.0,66.5,-2.08,-50.1,-7.26,-5.36,True,rvol_lo,11:15,1,100000000.0,21.0,B
rvol_lo_sh|E11|k1|N5|B,480,5,S,6.31,-14.69,56.0,66.5,2.08,-31.3,7.26,5.36,True,rvol_lo_sh,11:15,1,100000000.0,21.0,B
orb_vol125|E11|k1|N5|B,472,5,L,-0.77,-21.77,49.4,101.8,-0.16,-43.0,-4.25,2.73,False,orb_vol125,11:15,1,100000000.0,21.0,B
orb_vol125_sh|E11|k1|N5|B,472,5,S,0.77,-20.23,50.6,101.8,0.16,-40.7,4.25,-2.73,False,orb_vol125_sh,11:15,1,100000000.0,21.0,B
orbdn_vol125_sh|E11|k1|N5|B,467,5,S,-1.92,-22.92,49.0,88.5,-0.47,-44.5,-2.44,-1.39,True,orbdn_vol125_sh,11:15,1,100000000.0,21.0,B
orbdn_vol125_lg|E11|k1|N5|B,467,5,L,1.92,-19.08,51.0,88.5,0.47,-38.8,2.44,1.39,True,orbdn_vol125_lg,11:15,1,100000000.0,21.0,B
orb_vol15|E11|k1|N5|B,467,5,L,2.25,-18.75,50.7,107.0,0.45,-38.6,0.19,4.32,True,orb_vol15,11:15,1,100000000.0,21.0,B
orb_vol15_sh|E11|k1|N5|B,467,5,S,-2.25,-23.25,49.3,107.0,-0.45,-45.2,-0.19,-4.32,True,orb_vol15_sh,11:15,1,100000000.0,21.0,B
orbdn_vol15_sh|E11|k1|N5|B,456,5,S,-3.53,-24.53,49.6,92.4,-0.82,-46.7,-3.27,-3.8,True,orbdn_vol15_sh,11:15,1,100000000.0,21.0,B
orbdn_vol15_lg|E11|k1|N5|B,456,5,L,3.53,-17.47,50.4,92.4,0.82,-36.3,3.27,3.8,True,orbdn_vol15_lg,11:15,1,100000000.0,21.0,B
orb_vol20|E11|k1|N5|B,460,5,L,4.35,-16.65,52.4,108.6,0.86,-35.3,2.64,6.07,True,orb_vol20,11:15,1,100000000.0,21.0,B
orb_vol20_sh|E11|k1|N5|B,460,5,S,-4.35,-25.35,47.6,108.6,-0.86,-48.0,-2.64,-6.07,True,orb_vol20_sh,11:15,1,100000000.0,21.0,B
orbdn_vol20_sh|E11|k1|N5|B,413,5,S,-3.51,-24.51,51.6,96.4,-0.74,-46.7,2.05,-9.09,False,orbdn_vol20_sh,11:15,1,100000000.0,21.0,B
orbdn_vol20_lg|E11|k1|N5|B,413,5,L,3.51,-17.49,48.4,96.4,0.74,-36.4,-2.05,9.09,False,orbdn_vol20_lg,11:15,1,100000000.0,21.0,B
orb_x_rvol|E11|k1|N5|B,480,5,L,-5.02,-26.02,48.5,119.2,-0.92,-49.1,-7.1,-2.93,True,orb_x_rvol,11:15,1,100000000.0,21.0,B
orb_x_rvol_sh|E11|k1|N5|B,480,5,S,5.02,-15.98,51.5,119.2,0.92,-34.4,7.1,2.93,True,orb_x_rvol_sh,11:15,1,100000000.0,21.0,B
orb_novol|E11|k1|N5|B,407,5,L,-4.28,-25.28,47.9,70.5,-1.22,-47.5,-8.15,-0.39,True,orb_novol,11:15,1,100000000.0,21.0,B
orb_novol_sh|E11|k1|N5|B,407,5,S,4.28,-16.72,52.1,70.5,1.22,-34.8,8.15,0.39,True,orb_novol_sh,11:15,1,100000000.0,21.0,B
orb_wideOR|E11|k1|N5|B,422,5,L,5.87,-15.13,52.8,104.7,1.15,-32.7,4.35,7.41,True,orb_wideOR,11:15,1,100000000.0,21.0,B
orb_wideOR_sh|E11|k1|N5|B,422,5,S,-5.87,-26.87,47.2,104.7,-1.15,-49.9,-4.35,-7.41,True,orb_wideOR_sh,11:15,1,100000000.0,21.0,B
orb_narrowOR|E11|k1|N5|B,459,5,L,-0.34,-21.34,52.5,83.4,-0.09,-42.1,-1.93,1.26,False,orb_narrowOR,11:15,1,100000000.0,21.0,B
orb_narrowOR_sh|E11|k1|N5|B,459,5,S,0.34,-20.66,47.5,83.4,0.09,-41.1,1.93,-1.26,False,orb_narrowOR_sh,11:15,1,100000000.0,21.0,B
orbdn_wideOR_sh|E11|k1|N5|B,410,5,S,2.09,-18.91,50.5,91.5,0.46,-38.6,4.77,-0.63,False,orbdn_wideOR_sh,11:15,1,100000000.0,21.0,B
orbdn_narrowOR_sh|E11|k1|N5|B,459,5,S,-1.97,-22.97,51.0,74.2,-0.57,-44.4,0.8,-4.76,False,orbdn_narrowOR_sh,11:15,1,100000000.0,21.0,B
orbdn_wideOR_lg|E11|k1|N5|B,410,5,L,-2.09,-23.09,49.5,91.5,-0.46,-44.7,-4.77,0.63,False,orbdn_wideOR_lg,11:15,1,100000000.0,21.0,B
orbdn_narrowOR_lg|E11|k1|N5|B,459,5,L,1.97,-19.03,49.0,74.2,0.57,-38.5,-0.8,4.76,False,orbdn_narrowOR_lg,11:15,1,100000000.0,21.0,B
orb_coiled|E11|k1|N5|B,458,5,L,0.18,-20.82,51.7,85.6,0.04,-41.4,-1.9,2.28,False,orb_coiled,11:15,1,100000000.0,21.0,B
orb_coiled_sh|E11|k1|N5|B,458,5,S,-0.18,-21.18,48.3,85.6,-0.04,-41.9,1.9,-2.28,False,orb_coiled_sh,11:15,1,100000000.0,21.0,B
orbdn_coiled_sh|E11|k1|N5|B,460,5,S,-1.57,-22.57,51.3,75.4,-0.45,-43.8,2.92,-6.11,False,orbdn_coiled_sh,11:15,1,100000000.0,21.0,B
orb_gapup|E11|k1|N5|B,363,5,L,10.23,-10.77,52.6,98.1,1.99,-24.7,4.84,15.64,True,orb_gapup,11:15,1,100000000.0,21.0,B
orb_gapup_sh|E11|k1|N5|B,363,5,S,-10.23,-31.23,47.4,98.1,-1.99,-55.1,-4.84,-15.64,True,orb_gapup_sh,11:15,1,100000000.0,21.0,B
orb_nogap|E11|k1|N5|B,451,5,L,-1.83,-22.83,51.0,82.3,-0.47,-44.3,-6.4,2.76,False,orb_nogap,11:15,1,100000000.0,21.0,B
orb_nogap_sh|E11|k1|N5|B,451,5,S,1.83,-19.17,49.0,82.3,0.47,-38.9,6.4,-2.76,False,orb_nogap_sh,11:15,1,100000000.0,21.0,B
orb_gapdn|E11|k1|N5|B,226,5,L,2.72,-18.28,52.7,106.8,0.38,-37.8,10.35,-5.05,False,orb_gapdn,11:15,1,100000000.0,21.0,B
orb_gapdn_sh|E11|k1|N5|B,226,5,S,-2.72,-23.72,47.3,106.8,-0.38,-45.8,-10.35,5.05,False,orb_gapdn_sh,11:15,1,100000000.0,21.0,B
orbdn_gapdn_sh|E11|k1|N5|B,248,5,S,-4.04,-25.04,49.6,86.1,-0.74,-47.3,-2.41,-5.69,True,orbdn_gapdn_sh,11:15,1,100000000.0,21.0,B
orbdn_gapdn_lg|E11|k1|N5|B,248,5,L,4.04,-16.96,50.4,86.1,0.74,-35.4,2.41,5.69,True,orbdn_gapdn_lg,11:15,1,100000000.0,21.0,B
orbdn_gapup_sh|E11|k1|N5|B,397,5,S,-0.81,-21.81,49.9,89.8,-0.18,-42.9,7.73,-9.39,False,orbdn_gapup_sh,11:15,1,100000000.0,21.0,B
gap_up|E11|k1|N5|B,480,5,L,2.63,-18.37,48.1,113.5,0.51,-38.1,-7.58,12.93,False,gap_up,11:15,1,100000000.0,21.0,B
gap_up_sh|E11|k1|N5|B,480,5,S,-2.63,-23.63,51.9,113.5,-0.51,-45.8,7.58,-12.93,False,gap_up_sh,11:15,1,100000000.0,21.0,B
gap_dn_lg|E11|k1|N5|B,480,5,L,-6.28,-27.28,45.2,107.8,-1.28,-50.5,-0.06,-12.56,True,gap_dn_lg,11:15,1,100000000.0,21.0,B
gap_dn_sh|E11|k1|N5|B,480,5,S,6.28,-14.72,54.8,107.8,1.28,-32.0,0.06,12.56,True,gap_dn_sh,11:15,1,100000000.0,21.0,B
orb_hivol|E11|k1|N5|B,436,5,L,0.77,-20.23,49.5,117.2,0.14,-41.0,-4.73,6.32,False,orb_hivol,11:15,1,100000000.0,21.0,B
orb_hivol_sh|E11|k1|N5|B,436,5,S,-0.77,-21.77,50.5,117.2,-0.14,-43.2,4.73,-6.32,False,orb_hivol_sh,11:15,1,100000000.0,21.0,B
orb_lovol|E11|k1|N5|B,441,5,L,0.74,-20.26,52.8,65.3,0.24,-40.3,-1.64,3.12,False,orb_lovol,11:15,1,100000000.0,21.0,B
orb_lovol_sh|E11|k1|N5|B,441,5,S,-0.74,-21.74,47.2,65.3,-0.24,-42.5,1.64,-3.12,False,orb_lovol_sh,11:15,1,100000000.0,21.0,B
orbdn_hivol_sh|E11|k1|N5|B,438,5,S,2.92,-18.08,51.4,100.2,0.61,-37.4,13.9,-8.17,False,orbdn_hivol_sh,11:15,1,100000000.0,21.0,B
orbdn_lovol_sh|E11|k1|N5|B,452,5,S,-5.4,-26.4,46.2,64.8,-1.77,-48.9,-0.34,-10.49,True,orbdn_lovol_sh,11:15,1,100000000.0,21.0,B
posrange_hivol|E11|k1|N5|B,479,5,L,-1.45,-22.45,49.3,109.8,-0.29,-44.1,-11.58,8.73,False,posrange_hivol,11:15,1,100000000.0,21.0,B
posrange_lovol|E11|k1|N5|B,479,5,L,-1.95,-22.95,47.6,50.6,-0.84,-44.1,-1.63,-2.26,True,posrange_lovol,11:15,1,100000000.0,21.0,B
posrange_hivol_sh|E11|k1|N5|B,479,5,S,1.45,-19.55,50.7,109.8,0.29,-39.9,11.58,-8.73,False,posrange_hivol_sh,11:15,1,100000000.0,21.0,B
posrange_lovol_sh|E11|k1|N5|B,479,5,S,1.95,-19.05,52.4,50.6,0.84,-38.4,1.63,2.26,True,posrange_lovol_sh,11:15,1,100000000.0,21.0,B
orb_minus_width|E11|k1|N5|B,480,5,L,-0.6,-21.6,51.5,87.7,-0.15,-42.6,-4.64,3.48,False,orb_minus_width,11:15,1,100000000.0,21.0,B
orb_plus_width|E11|k1|N5|B,480,5,L,-2.34,-23.34,47.9,103.2,-0.5,-45.2,-2.95,-1.73,True,orb_plus_width,11:15,1,100000000.0,21.0,B
orb_plus_width_sh|E11|k1|N5|B,480,5,S,2.34,-18.66,52.1,103.2,0.5,-38.4,2.95,1.73,True,orb_plus_width_sh,11:15,1,100000000.0,21.0,B
orb_minus_width_sh|E11|k1|N5|B,480,5,S,0.6,-20.4,48.5,87.7,0.15,-40.8,4.64,-3.48,False,orb_minus_width_sh,11:15,1,100000000.0,21.0,B
orb_minus_d20|E11|k1|N5|B,469,5,L,5.37,-15.63,52.2,105.4,1.1,-33.5,-0.04,10.8,False,orb_minus_d20,11:15,1,100000000.0,21.0,B
orb_plus_d20|E11|k1|N5|B,469,5,L,-5.83,-26.83,48.8,120.7,-1.05,-50.1,3.2,-14.91,False,orb_plus_d20,11:15,1,100000000.0,21.0,B
orb_plus_d20_sh|E11|k1|N5|B,469,5,S,5.83,-15.17,51.2,120.7,1.05,-33.0,-3.2,14.91,False,orb_plus_d20_sh,11:15,1,100000000.0,21.0,B
orb_plus_pct52|E11|k1|N5|B,430,5,L,-0.39,-21.39,51.9,85.1,-0.1,-42.2,-1.2,0.42,False,orb_plus_pct52,11:15,1,100000000.0,21.0,B
orb_plus_pct52_sh|E11|k1|N5|B,430,5,S,0.39,-20.61,48.1,85.1,0.1,-41.1,1.2,-0.42,False,orb_plus_pct52_sh,11:15,1,100000000.0,21.0,B
compress_then_pos|E11|k1|N5|B,480,5,L,-0.6,-21.6,51.5,87.7,-0.15,-42.6,-4.64,3.48,False,compress_then_pos,11:15,1,100000000.0,21.0,B
compress_then_pos_sh|E11|k1|N5|B,480,5,S,0.6,-20.4,48.5,87.7,0.15,-40.8,4.64,-3.48,False,compress_then_pos_sh,11:15,1,100000000.0,21.0,B
expand_then_pos|E11|k1|N5|B,480,5,L,-2.34,-23.34,47.9,103.2,-0.5,-45.2,-2.95,-1.73,True,expand_then_pos,11:15,1,100000000.0,21.0,B
expand_then_pos_sh|E11|k1|N5|B,480,5,S,2.34,-18.66,52.1,103.2,0.5,-38.4,2.95,1.73,True,expand_then_pos_sh,11:15,1,100000000.0,21.0,B
orb_up|E11|k1|N10|B,480,10,L,-0.08,-21.08,53.1,74.8,-0.02,-41.7,-2.96,2.83,False,orb_up,11:15,1,100000000.0,21.0,B
orb_up_sh|E11|k1|N10|B,480,10,S,0.08,-20.92,46.9,74.8,0.02,-41.4,2.96,-2.83,False,orb_up_sh,11:15,1,100000000.0,21.0,B
orb_dn_sh|E11|k1|N10|B,480,10,S,-2.83,-23.83,46.2,70.4,-0.88,-45.5,3.19,-8.9,False,orb_dn_sh,11:15,1,100000000.0,21.0,B
orb_dn_lg|E11|k1|N10|B,480,10,L,2.83,-18.17,53.8,70.4,0.88,-37.2,-3.19,8.9,False,orb_dn_lg,11:15,1,100000000.0,21.0,B
orb_up_sig|E11|k1|N10|B,480,10,L,2.38,-18.62,53.8,77.5,0.67,-38.0,-0.79,5.57,False,orb_up_sig,11:15,1,100000000.0,21.0,B
orb_up_sig_sh|E11|k1|N10|B,480,10,S,-2.38,-23.38,46.2,77.5,-0.67,-45.0,0.79,-5.57,False,orb_up_sig_sh,11:15,1,100000000.0,21.0,B
orb_dn_sig_sh|E11|k1|N10|B,480,10,S,-4.58,-25.58,47.7,73.9,-1.36,-47.9,-0.16,-9.04,True,orb_dn_sig_sh,11:15,1,100000000.0,21.0,B
orb_dn_sig_lg|E11|k1|N10|B,480,10,L,4.58,-16.42,52.3,73.9,1.36,-34.4,0.16,9.04,True,orb_dn_sig_lg,11:15,1,100000000.0,21.0,B
pos_in_or|E11|k1|N10|B,480,10,L,-0.08,-21.08,53.1,74.8,-0.02,-41.7,-2.96,2.83,False,pos_in_or,11:15,1,100000000.0,21.0,B
pos_in_or_sh|E11|k1|N10|B,480,10,S,0.08,-20.92,46.9,74.8,0.02,-41.4,2.96,-2.83,False,pos_in_or_sh,11:15,1,100000000.0,21.0,B
pos_in_or_lo|E11|k1|N10|B,480,10,L,2.83,-18.17,53.8,70.4,0.88,-37.2,-3.19,8.9,False,pos_in_or_lo,11:15,1,100000000.0,21.0,B
pos_in_or_lo_sh|E11|k1|N10|B,480,10,S,-2.83,-23.83,46.2,70.4,-0.88,-45.5,3.19,-8.9,False,pos_in_or_lo_sh,11:15,1,100000000.0,21.0,B
or_close_pos|E11|k1|N10|B,480,10,L,1.4,-19.6,52.5,59.1,0.52,-39.3,0.33,2.47,True,or_close_pos,11:15,1,100000000.0,21.0,B
or_close_pos_lo|E11|k1|N10|B,480,10,L,-3.25,-24.25,48.3,61.2,-1.16,-46.0,-5.95,-0.53,True,or_close_pos_lo,11:15,1,100000000.0,21.0,B
or_close_pos_sh|E11|k1|N10|B,480,10,S,-1.4,-22.4,47.5,59.1,-0.52,-43.4,-0.33,-2.47,True,or_close_pos_sh,11:15,1,100000000.0,21.0,B
posrange_hi|E11|k1|N10|B,480,10,L,-0.3,-21.3,52.9,66.2,-0.1,-41.9,-3.98,3.41,False,posrange_hi,11:15,1,100000000.0,21.0,B
posrange_hi_sh|E11|k1|N10|B,480,10,S,0.3,-20.7,47.1,66.2,0.1,-41.0,3.98,-3.41,False,posrange_hi_sh,11:15,1,100000000.0,21.0,B
posrange_lo|E11|k1|N10|B,480,10,L,0.28,-20.72,51.2,63.2,0.1,-41.0,-2.23,2.81,False,posrange_lo,11:15,1,100000000.0,21.0,B
posrange_lo_sh|E11|k1|N10|B,480,10,S,-0.28,-21.28,48.8,63.2,-0.1,-41.8,2.23,-2.81,False,posrange_lo_sh,11:15,1,100000000.0,21.0,B
today_sofar|E11|k1|N10|B,480,10,L,1.98,-19.02,51.9,99.1,0.44,-38.9,-0.05,4.03,False,today_sofar,11:15,1,100000000.0,21.0,B
today_sofar_sh|E11|k1|N10|B,480,10,S,-1.98,-22.98,48.1,99.1,-0.44,-44.7,0.05,-4.03,False,today_sofar_sh,11:15,1,100000000.0,21.0,B
today_sofar_lo|E11|k1|N10|B,480,10,L,-7.47,-28.47,42.7,90.9,-1.8,-51.8,-10.78,-4.13,True,today_sofar_lo,11:15,1,100000000.0,21.0,B
or_ret|E11|k1|N10|B,480,10,L,1.48,-19.52,49.8,94.2,0.34,-39.6,-2.13,5.12,False,or_ret,11:15,1,100000000.0,21.0,B
or_ret_sh|E11|k1|N10|B,480,10,S,-1.48,-22.48,50.2,94.2,-0.34,-43.9,2.13,-5.12,False,or_ret_sh,11:15,1,100000000.0,21.0,B
orbT_up|E11|k1|N10|B,475,10,L,-0.42,-21.42,53.5,75.1,-0.12,-42.2,-3.2,2.38,False,orbT_up,11:15,1,100000000.0,21.0,B
orbT_up_sh|E11|k1|N10|B,475,10,S,0.42,-20.58,46.5,75.1,0.12,-40.9,3.2,-2.38,False,orbT_up_sh,11:15,1,100000000.0,21.0,B
orbT_dn_sh|E11|k1|N10|B,479,10,S,-2.73,-23.73,46.3,71.7,-0.83,-45.4,3.7,-9.19,False,orbT_dn_sh,11:15,1,100000000.0,21.0,B
orbT_dn_lg|E11|k1|N10|B,479,10,L,2.73,-18.27,53.7,71.7,0.83,-37.3,-3.7,9.19,False,orbT_dn_lg,11:15,1,100000000.0,21.0,B
orbT_up_small|E11|k1|N10|B,475,10,L,3.22,-17.78,53.5,73.3,0.96,-36.6,1.37,5.08,True,orbT_up_small,11:15,1,100000000.0,21.0,B
orbT_up_small_sh|E11|k1|N10|B,475,10,S,-3.22,-24.22,46.5,73.3,-0.96,-46.1,-1.37,-5.08,True,orbT_up_small_sh,11:15,1,100000000.0,21.0,B
orbT_dn_small_sh|E11|k1|N10|B,479,10,S,4.33,-16.67,54.9,73.6,1.29,-34.8,9.74,-1.11,False,orbT_dn_small_sh,11:15,1,100000000.0,21.0,B
orbT_dn_small_lg|E11|k1|N10|B,479,10,L,-4.33,-25.33,45.1,73.6,-1.29,-47.6,-9.74,1.11,False,orbT_dn_small_lg,11:15,1,100000000.0,21.0,B
inside_posor|E11|k1|N10|B,480,10,L,-2.77,-23.77,49.2,58.8,-1.03,-45.3,-5.72,0.2,False,inside_posor,11:15,1,100000000.0,21.0,B
inside_posor_sh|E11|k1|N10|B,480,10,S,2.77,-18.23,50.8,58.8,1.03,-37.1,5.72,-0.2,False,inside_posor_sh,11:15,1,100000000.0,21.0,B
inside_posor_lo|E11|k1|N10|B,480,10,L,-1.81,-22.81,47.3,62.4,-0.63,-44.0,-7.67,4.11,False,inside_posor_lo,11:15,1,100000000.0,21.0,B
or_wide|E11|k1|N10|B,480,10,L,-4.17,-25.17,48.8,79.6,-1.15,-47.4,-3.84,-4.5,True,or_wide,11:15,1,100000000.0,21.0,B
or_wide_sh|E11|k1|N10|B,480,10,S,4.17,-16.83,51.2,79.6,1.15,-35.1,3.84,4.5,True,or_wide_sh,11:15,1,100000000.0,21.0,B
or_narrow|E11|k1|N10|B,480,10,L,-3.22,-24.22,46.7,53.1,-1.33,-45.9,-5.72,-0.69,True,or_narrow,11:15,1,100000000.0,21.0,B
or_narrow_sh|E11|k1|N10|B,480,10,S,3.22,-17.78,53.3,53.1,1.33,-36.4,5.72,0.69,True,or_narrow_sh,11:15,1,100000000.0,21.0,B
or_wrel_hi|E11|k1|N10|B,480,10,L,-6.07,-27.07,49.4,90.7,-1.46,-50.0,-4.2,-7.94,True,or_wrel_hi,11:15,1,100000000.0,21.0,B
or_wrel_lo|E11|k1|N10|B,480,10,L,-3.57,-24.57,47.3,63.6,-1.23,-46.5,-5.99,-1.13,True,or_wrel_lo,11:15,1,100000000.0,21.0,B
or_wrel_hi_sh|E11|k1|N10|B,480,10,S,6.07,-14.93,50.6,90.7,1.46,-32.1,4.2,7.94,True,or_wrel_hi_sh,11:15,1,100000000.0,21.0,B
or_wrel_lo_sh|E11|k1|N10|B,480,10,S,3.57,-17.43,52.7,63.6,1.23,-35.9,5.99,1.13,True,or_wrel_lo_sh,11:15,1,100000000.0,21.0,B
rng_expand|E11|k1|N10|B,480,10,L,-1.83,-22.83,50.2,86.7,-0.46,-44.3,-0.54,-3.14,True,rng_expand,11:15,1,100000000.0,21.0,B
rng_expand_sh|E11|k1|N10|B,480,10,S,1.83,-19.17,49.8,86.7,0.46,-38.9,0.54,3.14,True,rng_expand_sh,11:15,1,100000000.0,21.0,B
rng_compress|E11|k1|N10|B,480,10,L,-3.37,-24.37,46.7,52.6,-1.41,-46.1,-6.44,-0.28,True,rng_compress,11:15,1,100000000.0,21.0,B
rng_compress_sh|E11|k1|N10|B,480,10,S,3.37,-17.63,53.3,52.6,1.41,-36.1,6.44,0.28,True,rng_compress_sh,11:15,1,100000000.0,21.0,B
vol20_hi|E11|k1|N10|B,479,10,L,-13.02,-34.02,43.2,105.0,-2.71,-58.2,-12.99,-13.04,True,vol20_hi,11:15,1,100000000.0,21.0,B
vol20_hi_sh|E11|k1|N10|B,479,10,S,13.02,-7.98,56.8,105.0,2.71,-19.4,12.99,13.04,True,vol20_hi_sh,11:15,1,100000000.0,21.0,B
vol20_lo|E11|k1|N10|B,479,10,L,-0.02,-21.02,47.8,20.6,-0.02,-41.2,1.1,-1.14,False,vol20_lo,11:15,1,100000000.0,21.0,B
vol20_lo_sh|E11|k1|N10|B,479,10,S,0.02,-20.98,52.2,20.6,0.02,-41.1,-1.1,1.14,False,vol20_lo_sh,11:15,1,100000000.0,21.0,B
atr_hi|E11|k1|N10|B,480,10,L,-10.74,-31.74,44.8,106.3,-2.21,-55.8,-10.6,-10.88,True,atr_hi,11:15,1,100000000.0,21.0,B
atr_lo|E11|k1|N10|B,480,10,L,2.37,-18.63,56.9,18.0,2.89,-37.5,2.96,1.78,True,atr_lo,11:15,1,100000000.0,21.0,B
atr_hi_sh|E11|k1|N10|B,480,10,S,10.74,-10.26,55.2,106.3,2.21,-23.9,10.6,10.88,True,atr_hi_sh,11:15,1,100000000.0,21.0,B
fail_up_sh|E11|k1|N10|B,477,10,S,4.19,-16.81,54.7,69.7,1.31,-35.0,7.62,0.75,True,fail_up_sh,11:15,1,100000000.0,21.0,B
fail_up_lg|E11|k1|N10|B,477,10,L,-4.19,-25.19,45.3,69.7,-1.31,-47.4,-7.62,-0.75,True,fail_up_lg,11:15,1,100000000.0,21.0,B
fail_dn_lg|E11|k1|N10|B,480,10,L,-1.04,-22.04,50.4,70.4,-0.32,-43.0,-5.04,3.0,False,fail_dn_lg,11:15,1,100000000.0,21.0,B
fail_dn_sh|E11|k1|N10|B,480,10,S,1.04,-19.96,49.6,70.4,0.32,-39.9,5.04,-3.0,False,fail_dn_sh,11:15,1,100000000.0,21.0,B
giveback_up_sh|E11|k1|N10|B,480,10,S,-2.83,-23.83,50.8,66.0,-0.94,-45.5,-1.32,-4.35,True,giveback_up_sh,11:15,1,100000000.0,21.0,B
giveback_up_lg|E11|k1|N10|B,480,10,L,2.83,-18.17,49.2,66.0,0.94,-37.1,1.32,4.35,True,giveback_up_lg,11:15,1,100000000.0,21.0,B
giveback_dn_lg|E11|k1|N10|B,480,10,L,0.67,-20.33,50.4,73.3,0.2,-40.5,-1.6,2.96,False,giveback_dn_lg,11:15,1,100000000.0,21.0,B
giveback_dn_sh|E11|k1|N10|B,480,10,S,-0.67,-21.67,49.6,73.3,-0.2,-42.5,1.6,-2.96,False,giveback_dn_sh,11:15,1,100000000.0,21.0,B
poke_up|E11|k1|N10|B,480,10,L,-0.82,-21.82,51.5,75.3,-0.24,-42.7,-5.06,3.45,False,poke_up,11:15,1,100000000.0,21.0,B
poke_up_sh|E11|k1|N10|B,480,10,S,0.82,-20.18,48.5,75.3,0.24,-40.3,5.06,-3.45,False,poke_up_sh,11:15,1,100000000.0,21.0,B
poke_dn_sh|E11|k1|N10|B,480,10,S,-4.69,-25.69,47.7,68.1,-1.51,-48.0,1.24,-10.67,False,poke_dn_sh,11:15,1,100000000.0,21.0,B
poke_dn_lg|E11|k1|N10|B,480,10,L,4.69,-16.31,52.3,68.1,1.51,-34.1,-1.24,10.67,False,poke_dn_lg,11:15,1,100000000.0,21.0,B
ext_up_sh|E11|k1|N10|B,480,10,S,-2.85,-23.85,50.8,66.0,-0.95,-45.5,-1.32,-4.39,True,ext_up_sh,11:15,1,100000000.0,21.0,B
ext_up_lg|E11|k1|N10|B,480,10,L,2.85,-18.15,49.2,66.0,0.95,-37.1,1.32,4.39,True,ext_up_lg,11:15,1,100000000.0,21.0,B
held_up|E11|k1|N10|B,475,10,L,-0.03,-21.03,53.5,74.0,-0.01,-41.6,-3.05,3.01,False,held_up,11:15,1,100000000.0,21.0,B
held_up_sh|E11|k1|N10|B,475,10,S,0.03,-20.97,46.5,74.0,0.01,-41.5,3.05,-3.01,False,held_up_sh,11:15,1,100000000.0,21.0,B
held_dn_sh|E11|k1|N10|B,479,10,S,-2.11,-23.11,46.3,69.8,-0.66,-44.5,3.7,-7.93,False,held_dn_sh,11:15,1,100000000.0,21.0,B
held_dn_lg|E11|k1|N10|B,479,10,L,2.11,-18.89,53.7,69.8,0.66,-38.3,-3.7,7.93,False,held_dn_lg,11:15,1,100000000.0,21.0,B
rvol_hi|E11|k1|N10|B,480,10,L,-3.69,-24.69,49.2,89.9,-0.9,-46.9,-2.6,-4.78,True,rvol_hi,11:15,1,100000000.0,21.0,B
rvol_hi_sh|E11|k1|N10|B,480,10,S,3.69,-17.31,50.8,89.9,0.9,-36.0,2.6,4.78,True,rvol_hi_sh,11:15,1,100000000.0,21.0,B
rvol_lo|E11|k1|N10|B,480,10,L,-3.6,-24.6,48.5,59.9,-1.32,-46.5,-5.08,-2.11,True,rvol_lo,11:15,1,100000000.0,21.0,B
rvol_lo_sh|E11|k1|N10|B,480,10,S,3.6,-17.4,51.5,59.9,1.32,-35.8,5.08,2.11,True,rvol_lo_sh,11:15,1,100000000.0,21.0,B
orb_vol125|E11|k1|N10|B,472,10,L,1.52,-19.48,54.4,81.9,0.4,-39.3,-2.52,5.6,False,orb_vol125,11:15,1,100000000.0,21.0,B
orb_vol125_sh|E11|k1|N10|B,472,10,S,-1.52,-22.52,45.6,81.9,-0.4,-43.8,2.52,-5.6,False,orb_vol125_sh,11:15,1,100000000.0,21.0,B
orbdn_vol125_sh|E11|k1|N10|B,467,10,S,-3.0,-24.0,48.6,75.2,-0.86,-45.8,-0.27,-5.73,True,orbdn_vol125_sh,11:15,1,100000000.0,21.0,B
orbdn_vol125_lg|E11|k1|N10|B,467,10,L,3.0,-18.0,51.4,75.2,0.86,-36.9,0.27,5.73,True,orbdn_vol125_lg,11:15,1,100000000.0,21.0,B
orb_vol15|E11|k1|N10|B,467,10,L,3.23,-17.77,54.2,87.1,0.8,-36.7,0.08,6.4,True,orb_vol15,11:15,1,100000000.0,21.0,B
orb_vol15_sh|E11|k1|N10|B,467,10,S,-3.23,-24.23,45.8,87.1,-0.8,-46.3,-0.08,-6.4,True,orb_vol15_sh,11:15,1,100000000.0,21.0,B
orbdn_vol15_sh|E11|k1|N10|B,456,10,S,-3.17,-24.17,47.4,80.7,-0.84,-46.1,-1.31,-5.04,True,orbdn_vol15_sh,11:15,1,100000000.0,21.0,B
orbdn_vol15_lg|E11|k1|N10|B,456,10,L,3.17,-17.83,52.6,80.7,0.84,-36.7,1.31,5.04,True,orbdn_vol15_lg,11:15,1,100000000.0,21.0,B
orb_vol20|E11|k1|N10|B,460,10,L,4.1,-16.9,53.0,91.4,0.96,-35.4,2.04,6.17,True,orb_vol20,11:15,1,100000000.0,21.0,B
orb_vol20_sh|E11|k1|N10|B,460,10,S,-4.1,-25.1,47.0,91.4,-0.96,-47.5,-2.04,-6.17,True,orb_vol20_sh,11:15,1,100000000.0,21.0,B
orbdn_vol20_sh|E11|k1|N10|B,413,10,S,-2.44,-23.44,52.1,87.8,-0.56,-45.2,2.63,-7.53,False,orbdn_vol20_sh,11:15,1,100000000.0,21.0,B
orbdn_vol20_lg|E11|k1|N10|B,413,10,L,2.44,-18.56,47.9,87.8,0.56,-38.0,-2.63,7.53,False,orbdn_vol20_lg,11:15,1,100000000.0,21.0,B
orb_x_rvol|E11|k1|N10|B,480,10,L,-3.43,-24.43,48.3,88.2,-0.85,-46.5,-5.45,-1.4,True,orb_x_rvol,11:15,1,100000000.0,21.0,B
orb_x_rvol_sh|E11|k1|N10|B,480,10,S,3.43,-17.57,51.7,88.2,0.85,-36.4,5.45,1.4,True,orb_x_rvol_sh,11:15,1,100000000.0,21.0,B
orb_novol|E11|k1|N10|B,407,10,L,-3.84,-24.84,50.9,64.5,-1.2,-46.8,-7.52,-0.15,True,orb_novol,11:15,1,100000000.0,21.0,B
orb_novol_sh|E11|k1|N10|B,407,10,S,3.84,-17.16,49.1,64.5,1.2,-35.5,7.52,0.15,True,orb_novol_sh,11:15,1,100000000.0,21.0,B
orb_wideOR|E11|k1|N10|B,422,10,L,7.34,-13.66,53.8,85.9,1.76,-29.8,3.14,11.59,True,orb_wideOR,11:15,1,100000000.0,21.0,B
orb_wideOR_sh|E11|k1|N10|B,422,10,S,-7.34,-28.34,46.2,85.9,-1.76,-51.5,-3.14,-11.59,True,orb_wideOR_sh,11:15,1,100000000.0,21.0,B
orb_narrowOR|E11|k1|N10|B,459,10,L,-0.85,-21.85,50.5,72.1,-0.25,-42.8,-3.24,1.55,False,orb_narrowOR,11:15,1,100000000.0,21.0,B
orb_narrowOR_sh|E11|k1|N10|B,459,10,S,0.85,-20.15,49.5,72.1,0.25,-40.2,3.24,-1.55,False,orb_narrowOR_sh,11:15,1,100000000.0,21.0,B
orbdn_wideOR_sh|E11|k1|N10|B,410,10,S,2.16,-18.84,54.6,80.7,0.54,-38.3,5.98,-1.7,False,orbdn_wideOR_sh,11:15,1,100000000.0,21.0,B
orbdn_narrowOR_sh|E11|k1|N10|B,459,10,S,-0.85,-21.85,51.6,65.0,-0.28,-42.7,2.05,-3.77,False,orbdn_narrowOR_sh,11:15,1,100000000.0,21.0,B
orbdn_wideOR_lg|E11|k1|N10|B,410,10,L,-2.16,-23.16,45.4,80.7,-0.54,-44.7,-5.98,1.7,False,orbdn_wideOR_lg,11:15,1,100000000.0,21.0,B
orbdn_narrowOR_lg|E11|k1|N10|B,459,10,L,0.85,-20.15,48.4,65.0,0.28,-40.2,-2.05,3.77,False,orbdn_narrowOR_lg,11:15,1,100000000.0,21.0,B
orb_coiled|E11|k1|N10|B,458,10,L,0.3,-20.7,51.1,74.2,0.09,-41.1,-1.83,2.45,False,orb_coiled,11:15,1,100000000.0,21.0,B
orb_coiled_sh|E11|k1|N10|B,458,10,S,-0.3,-21.3,48.9,74.2,-0.09,-42.0,1.83,-2.45,False,orb_coiled_sh,11:15,1,100000000.0,21.0,B
orbdn_coiled_sh|E11|k1|N10|B,460,10,S,-0.54,-21.54,52.8,68.3,-0.17,-42.3,4.64,-5.76,False,orbdn_coiled_sh,11:15,1,100000000.0,21.0,B
orb_gapup|E11|k1|N10|B,363,10,L,7.09,-13.91,53.7,87.5,1.54,-30.3,1.81,12.4,True,orb_gapup,11:15,1,100000000.0,21.0,B
orb_gapup_sh|E11|k1|N10|B,363,10,S,-7.09,-28.09,46.3,87.5,-1.54,-51.3,-1.81,-12.4,True,orb_gapup_sh,11:15,1,100000000.0,21.0,B
orb_nogap|E11|k1|N10|B,451,10,L,-0.24,-21.24,51.4,68.2,-0.08,-41.8,-3.26,2.79,False,orb_nogap,11:15,1,100000000.0,21.0,B
orb_nogap_sh|E11|k1|N10|B,451,10,S,0.24,-20.76,48.6,68.2,0.08,-41.1,3.26,-2.79,False,orb_nogap_sh,11:15,1,100000000.0,21.0,B
orb_gapdn|E11|k1|N10|B,226,10,L,4.54,-16.46,54.4,97.6,0.7,-34.8,10.14,-1.17,False,orb_gapdn,11:15,1,100000000.0,21.0,B
orb_gapdn_sh|E11|k1|N10|B,226,10,S,-4.54,-25.54,45.6,97.6,-0.7,-48.1,-10.14,1.17,False,orb_gapdn_sh,11:15,1,100000000.0,21.0,B
orbdn_gapdn_sh|E11|k1|N10|B,248,10,S,-3.22,-24.22,50.4,82.5,-0.61,-46.2,1.19,-7.7,False,orbdn_gapdn_sh,11:15,1,100000000.0,21.0,B
orbdn_gapdn_lg|E11|k1|N10|B,248,10,L,3.22,-17.78,49.6,82.5,0.61,-36.7,-1.19,7.7,False,orbdn_gapdn_lg,11:15,1,100000000.0,21.0,B
orbdn_gapup_sh|E11|k1|N10|B,397,10,S,1.3,-19.7,51.6,82.8,0.31,-39.7,10.1,-7.55,False,orbdn_gapup_sh,11:15,1,100000000.0,21.0,B
gap_up|E11|k1|N10|B,480,10,L,-0.35,-21.35,48.1,87.3,-0.09,-42.2,-9.72,9.11,False,gap_up,11:15,1,100000000.0,21.0,B
gap_up_sh|E11|k1|N10|B,480,10,S,0.35,-20.65,51.9,87.3,0.09,-41.2,9.72,-9.11,False,gap_up_sh,11:15,1,100000000.0,21.0,B
gap_dn_lg|E11|k1|N10|B,480,10,L,0.6,-20.4,50.8,82.3,0.16,-40.7,6.69,-5.53,False,gap_dn_lg,11:15,1,100000000.0,21.0,B
gap_dn_sh|E11|k1|N10|B,480,10,S,-0.6,-21.6,49.2,82.3,-0.16,-42.5,-6.69,5.53,False,gap_dn_sh,11:15,1,100000000.0,21.0,B
orb_hivol|E11|k1|N10|B,436,10,L,2.88,-18.12,52.3,98.5,0.61,-37.5,-3.74,9.55,False,orb_hivol,11:15,1,100000000.0,21.0,B
orb_hivol_sh|E11|k1|N10|B,436,10,S,-2.88,-23.88,47.7,98.5,-0.61,-45.9,3.74,-9.55,False,orb_hivol_sh,11:15,1,100000000.0,21.0,B
orb_lovol|E11|k1|N10|B,441,10,L,0.11,-20.89,52.2,59.6,0.04,-41.2,-0.71,0.94,False,orb_lovol,11:15,1,100000000.0,21.0,B
orb_lovol_sh|E11|k1|N10|B,441,10,S,-0.11,-21.11,47.8,59.6,-0.04,-41.6,0.71,-0.94,False,orb_lovol_sh,11:15,1,100000000.0,21.0,B
orbdn_hivol_sh|E11|k1|N10|B,438,10,S,4.82,-16.18,50.0,84.7,1.19,-34.1,15.87,-6.33,False,orbdn_hivol_sh,11:15,1,100000000.0,21.0,B
orbdn_lovol_sh|E11|k1|N10|B,452,10,S,-4.13,-25.13,48.0,60.6,-1.45,-47.2,-1.68,-6.61,True,orbdn_lovol_sh,11:15,1,100000000.0,21.0,B
posrange_hivol|E11|k1|N10|B,479,10,L,1.9,-19.1,52.4,89.9,0.46,-38.9,-5.96,9.79,False,posrange_hivol,11:15,1,100000000.0,21.0,B
posrange_lovol|E11|k1|N10|B,479,10,L,-2.92,-23.92,48.6,48.4,-1.32,-45.5,-3.23,-2.61,True,posrange_lovol,11:15,1,100000000.0,21.0,B
posrange_hivol_sh|E11|k1|N10|B,479,10,S,-1.9,-22.9,47.6,89.9,-0.46,-44.4,5.96,-9.79,False,posrange_hivol_sh,11:15,1,100000000.0,21.0,B
posrange_lovol_sh|E11|k1|N10|B,479,10,S,2.92,-18.08,51.4,48.4,1.32,-36.8,3.23,2.61,True,posrange_lovol_sh,11:15,1,100000000.0,21.0,B
orb_minus_width|E11|k1|N10|B,480,10,L,0.56,-20.44,51.2,70.0,0.18,-40.7,-2.95,4.1,False,orb_minus_width,11:15,1,100000000.0,21.0,B
orb_plus_width|E11|k1|N10|B,480,10,L,-0.72,-21.72,50.6,80.9,-0.2,-42.7,-0.4,-1.05,True,orb_plus_width,11:15,1,100000000.0,21.0,B
orb_plus_width_sh|E11|k1|N10|B,480,10,S,0.72,-20.28,49.4,80.9,0.2,-40.5,0.4,1.05,True,orb_plus_width_sh,11:15,1,100000000.0,21.0,B
orb_minus_width_sh|E11|k1|N10|B,480,10,S,-0.56,-21.56,48.8,70.0,-0.18,-42.3,2.95,-4.1,False,orb_minus_width_sh,11:15,1,100000000.0,21.0,B
orb_minus_d20|E11|k1|N10|B,469,10,L,3.84,-17.16,53.1,87.2,0.95,-35.8,-1.88,9.58,False,orb_minus_d20,11:15,1,100000000.0,21.0,B
orb_plus_d20|E11|k1|N10|B,469,10,L,-5.7,-26.7,49.0,90.6,-1.36,-49.6,-2.12,-9.3,True,orb_plus_d20,11:15,1,100000000.0,21.0,B
orb_plus_d20_sh|E11|k1|N10|B,469,10,S,5.7,-15.3,51.0,90.6,1.36,-32.7,2.12,9.3,True,orb_plus_d20_sh,11:15,1,100000000.0,21.0,B
orb_plus_pct52|E11|k1|N10|B,430,10,L,2.13,-18.87,54.2,66.7,0.66,-38.2,2.24,2.01,True,orb_plus_pct52,11:15,1,100000000.0,21.0,B
orb_plus_pct52_sh|E11|k1|N10|B,430,10,S,-2.13,-23.13,45.8,66.7,-0.66,-44.5,-2.24,-2.01,True,orb_plus_pct52_sh,11:15,1,100000000.0,21.0,B
compress_then_pos|E11|k1|N10|B,480,10,L,0.56,-20.44,51.2,70.0,0.18,-40.7,-2.95,4.1,False,compress_then_pos,11:15,1,100000000.0,21.0,B
compress_then_pos_sh|E11|k1|N10|B,480,10,S,-0.56,-21.56,48.8,70.0,-0.18,-42.3,2.95,-4.1,False,compress_then_pos_sh,11:15,1,100000000.0,21.0,B
expand_then_pos|E11|k1|N10|B,480,10,L,-0.72,-21.72,50.6,80.9,-0.2,-42.7,-0.4,-1.05,True,expand_then_pos,11:15,1,100000000.0,21.0,B
expand_then_pos_sh|E11|k1|N10|B,480,10,S,0.72,-20.28,49.4,80.9,0.2,-40.5,0.4,1.05,True,expand_then_pos_sh,11:15,1,100000000.0,21.0,B
orb_up|E11|k1|N20|B,480,20,L,0.61,-20.39,52.9,66.5,0.2,-40.5,-3.34,4.6,False,orb_up,11:15,1,100000000.0,21.0,B
orb_up_sh|E11|k1|N20|B,480,20,S,-0.61,-21.61,47.1,66.5,-0.2,-42.4,3.34,-4.6,False,orb_up_sh,11:15,1,100000000.0,21.0,B
orb_dn_sh|E11|k1|N20|B,480,20,S,-2.41,-23.41,49.4,63.8,-0.83,-44.9,2.78,-7.64,False,orb_dn_sh,11:15,1,100000000.0,21.0,B
orb_dn_lg|E11|k1|N20|B,480,20,L,2.41,-18.59,50.6,63.8,0.83,-37.8,-2.78,7.64,False,orb_dn_lg,11:15,1,100000000.0,21.0,B
orb_up_sig|E11|k1|N20|B,480,20,L,2.15,-18.85,55.2,66.6,0.71,-38.2,-1.32,5.65,False,orb_up_sig,11:15,1,100000000.0,21.0,B
orb_up_sig_sh|E11|k1|N20|B,480,20,S,-2.15,-23.15,44.8,66.6,-0.71,-44.6,1.32,-5.65,False,orb_up_sig_sh,11:15,1,100000000.0,21.0,B
orb_dn_sig_sh|E11|k1|N20|B,480,20,S,-3.32,-24.32,48.8,65.8,-1.11,-46.2,-0.13,-6.54,True,orb_dn_sig_sh,11:15,1,100000000.0,21.0,B
orb_dn_sig_lg|E11|k1|N20|B,480,20,L,3.32,-17.68,51.2,65.8,1.11,-36.3,0.13,6.54,True,orb_dn_sig_lg,11:15,1,100000000.0,21.0,B
pos_in_or|E11|k1|N20|B,480,20,L,0.61,-20.39,52.9,66.5,0.2,-40.5,-3.34,4.6,False,pos_in_or,11:15,1,100000000.0,21.0,B
pos_in_or_sh|E11|k1|N20|B,480,20,S,-0.61,-21.61,47.1,66.5,-0.2,-42.4,3.34,-4.6,False,pos_in_or_sh,11:15,1,100000000.0,21.0,B
pos_in_or_lo|E11|k1|N20|B,480,20,L,2.41,-18.59,50.6,63.8,0.83,-37.8,-2.78,7.64,False,pos_in_or_lo,11:15,1,100000000.0,21.0,B
pos_in_or_lo_sh|E11|k1|N20|B,480,20,S,-2.41,-23.41,49.4,63.8,-0.83,-44.9,2.78,-7.64,False,pos_in_or_lo_sh,11:15,1,100000000.0,21.0,B
or_close_pos|E11|k1|N20|B,480,20,L,-0.41,-21.41,50.4,58.4,-0.15,-42.0,-1.07,0.25,False,or_close_pos,11:15,1,100000000.0,21.0,B
or_close_pos_lo|E11|k1|N20|B,480,20,L,-4.2,-25.2,48.1,60.8,-1.51,-47.3,-7.35,-1.02,True,or_close_pos_lo,11:15,1,100000000.0,21.0,B
or_close_pos_sh|E11|k1|N20|B,480,20,S,0.41,-20.59,49.6,58.4,0.15,-40.8,1.07,-0.25,False,or_close_pos_sh,11:15,1,100000000.0,21.0,B
posrange_hi|E11|k1|N20|B,480,20,L,-0.08,-21.08,50.8,60.3,-0.03,-41.5,-3.87,3.74,False,posrange_hi,11:15,1,100000000.0,21.0,B
posrange_hi_sh|E11|k1|N20|B,480,20,S,0.08,-20.92,49.2,60.3,0.03,-41.3,3.87,-3.74,False,posrange_hi_sh,11:15,1,100000000.0,21.0,B
posrange_lo|E11|k1|N20|B,480,20,L,-0.24,-21.24,48.3,61.5,-0.09,-41.8,-3.5,3.05,False,posrange_lo,11:15,1,100000000.0,21.0,B
posrange_lo_sh|E11|k1|N20|B,480,20,S,0.24,-20.76,51.7,61.5,0.09,-41.1,3.5,-3.05,False,posrange_lo_sh,11:15,1,100000000.0,21.0,B
today_sofar|E11|k1|N20|B,480,20,L,1.98,-19.02,51.9,77.6,0.56,-38.6,-1.57,5.56,False,today_sofar,11:15,1,100000000.0,21.0,B
today_sofar_sh|E11|k1|N20|B,480,20,S,-1.98,-22.98,48.1,77.6,-0.56,-44.4,1.57,-5.56,False,today_sofar_sh,11:15,1,100000000.0,21.0,B
today_sofar_lo|E11|k1|N20|B,480,20,L,-5.26,-26.26,45.0,79.1,-1.46,-48.9,-10.32,-0.16,True,today_sofar_lo,11:15,1,100000000.0,21.0,B
or_ret|E11|k1|N20|B,480,20,L,0.15,-20.85,50.6,76.5,0.04,-41.3,-3.49,3.82,False,or_ret,11:15,1,100000000.0,21.0,B
or_ret_sh|E11|k1|N20|B,480,20,S,-0.15,-21.15,49.4,76.5,-0.04,-41.8,3.49,-3.82,False,or_ret_sh,11:15,1,100000000.0,21.0,B
orbT_up|E11|k1|N20|B,461,20,L,1.33,-19.67,54.2,67.5,0.42,-39.5,-1.33,4.0,False,orbT_up,11:15,1,100000000.0,21.0,B
orbT_up_sh|E11|k1|N20|B,461,20,S,-1.33,-22.33,45.8,67.5,-0.42,-43.4,1.33,-4.0,False,orbT_up_sh,11:15,1,100000000.0,21.0,B
orbT_dn_sh|E11|k1|N20|B,467,20,S,-2.4,-23.4,48.2,64.7,-0.8,-44.9,1.98,-6.79,False,orbT_dn_sh,11:15,1,100000000.0,21.0,B
orbT_dn_lg|E11|k1|N20|B,467,20,L,2.4,-18.6,51.8,64.7,0.8,-37.8,-1.98,6.79,False,orbT_dn_lg,11:15,1,100000000.0,21.0,B
orbT_up_small|E11|k1|N20|B,461,20,L,2.23,-18.77,55.7,65.8,0.73,-38.1,1.25,3.21,True,orbT_up_small,11:15,1,100000000.0,21.0,B
orbT_up_small_sh|E11|k1|N20|B,461,20,S,-2.23,-23.23,44.3,65.8,-0.73,-44.7,-1.25,-3.21,True,orbT_up_small_sh,11:15,1,100000000.0,21.0,B
orbT_dn_small_sh|E11|k1|N20|B,467,20,S,3.23,-17.77,52.0,66.2,1.05,-36.5,6.57,-0.12,False,orbT_dn_small_sh,11:15,1,100000000.0,21.0,B
orbT_dn_small_lg|E11|k1|N20|B,467,20,L,-3.23,-24.23,48.0,66.2,-1.05,-46.0,-6.57,0.12,False,orbT_dn_small_lg,11:15,1,100000000.0,21.0,B
inside_posor|E11|k1|N20|B,480,20,L,-1.52,-22.52,51.2,57.1,-0.58,-43.6,-5.01,2.0,False,inside_posor,11:15,1,100000000.0,21.0,B
inside_posor_sh|E11|k1|N20|B,480,20,S,1.52,-19.48,48.8,57.1,0.58,-39.1,5.01,-2.0,False,inside_posor_sh,11:15,1,100000000.0,21.0,B
inside_posor_lo|E11|k1|N20|B,480,20,L,-3.78,-24.78,45.8,61.9,-1.34,-46.7,-9.68,2.17,False,inside_posor_lo,11:15,1,100000000.0,21.0,B
or_wide|E11|k1|N20|B,480,20,L,-1.33,-22.33,50.0,71.9,-0.4,-43.4,-0.36,-2.3,True,or_wide,11:15,1,100000000.0,21.0,B
or_wide_sh|E11|k1|N20|B,480,20,S,1.33,-19.67,50.0,71.9,0.4,-39.5,0.36,2.3,True,or_wide_sh,11:15,1,100000000.0,21.0,B
or_narrow|E11|k1|N20|B,480,20,L,-3.35,-24.35,45.4,53.0,-1.38,-46.1,-5.13,-1.54,True,or_narrow,11:15,1,100000000.0,21.0,B
or_narrow_sh|E11|k1|N20|B,480,20,S,3.35,-17.65,54.6,53.0,1.38,-36.2,5.13,1.54,True,or_narrow_sh,11:15,1,100000000.0,21.0,B
or_wrel_hi|E11|k1|N20|B,480,20,L,-2.3,-23.3,51.0,75.2,-0.67,-44.8,-2.41,-2.19,True,or_wrel_hi,11:15,1,100000000.0,21.0,B
or_wrel_lo|E11|k1|N20|B,480,20,L,-2.35,-23.35,49.2,60.8,-0.85,-44.8,-5.14,0.46,False,or_wrel_lo,11:15,1,100000000.0,21.0,B
or_wrel_hi_sh|E11|k1|N20|B,480,20,S,2.3,-18.7,49.0,75.2,0.67,-38.0,2.41,2.19,True,or_wrel_hi_sh,11:15,1,100000000.0,21.0,B
or_wrel_lo_sh|E11|k1|N20|B,480,20,S,2.35,-18.65,50.8,60.8,0.85,-37.8,5.14,-0.46,False,or_wrel_lo_sh,11:15,1,100000000.0,21.0,B
rng_expand|E11|k1|N20|B,480,20,L,-0.49,-21.49,50.6,73.4,-0.15,-42.2,0.42,-1.41,False,rng_expand,11:15,1,100000000.0,21.0,B
rng_expand_sh|E11|k1|N20|B,480,20,S,0.49,-20.51,49.4,73.4,0.15,-40.8,-0.42,1.41,False,rng_expand_sh,11:15,1,100000000.0,21.0,B
rng_compress|E11|k1|N20|B,480,20,L,-4.24,-25.24,46.0,54.0,-1.72,-47.3,-6.77,-1.7,True,rng_compress,11:15,1,100000000.0,21.0,B
rng_compress_sh|E11|k1|N20|B,480,20,S,4.24,-16.76,54.0,54.0,1.72,-34.7,6.77,1.7,True,rng_compress_sh,11:15,1,100000000.0,21.0,B
vol20_hi|E11|k1|N20|B,479,20,L,-11.95,-32.95,44.5,89.8,-2.91,-56.9,-13.75,-10.14,True,vol20_hi,11:15,1,100000000.0,21.0,B
vol20_hi_sh|E11|k1|N20|B,479,20,S,11.95,-9.05,55.5,89.8,2.91,-21.2,13.75,10.14,True,vol20_hi_sh,11:15,1,100000000.0,21.0,B
vol20_lo|E11|k1|N20|B,479,20,L,-0.17,-21.17,48.6,30.0,-0.12,-41.4,-0.02,-0.32,True,vol20_lo,11:15,1,100000000.0,21.0,B
vol20_lo_sh|E11|k1|N20|B,479,20,S,0.17,-20.83,51.4,30.0,0.12,-40.9,0.02,0.32,True,vol20_lo_sh,11:15,1,100000000.0,21.0,B
atr_hi|E11|k1|N20|B,480,20,L,-12.09,-33.09,46.7,92.3,-2.87,-57.1,-15.28,-8.87,True,atr_hi,11:15,1,100000000.0,21.0,B
atr_lo|E11|k1|N20|B,480,20,L,1.69,-19.31,52.5,28.4,1.3,-38.6,1.6,1.78,True,atr_lo,11:15,1,100000000.0,21.0,B
atr_hi_sh|E11|k1|N20|B,480,20,S,12.09,-8.91,53.3,92.3,2.87,-21.0,15.28,8.87,True,atr_hi_sh,11:15,1,100000000.0,21.0,B
fail_up_sh|E11|k1|N20|B,475,20,S,3.41,-17.59,49.3,64.2,1.16,-36.2,6.51,0.3,True,fail_up_sh,11:15,1,100000000.0,21.0,B
fail_up_lg|E11|k1|N20|B,475,20,L,-3.41,-24.41,50.7,64.2,-1.16,-46.3,-6.51,-0.3,True,fail_up_lg,11:15,1,100000000.0,21.0,B
fail_dn_lg|E11|k1|N20|B,480,20,L,-3.9,-24.9,47.1,64.6,-1.32,-46.9,-5.4,-2.39,True,fail_dn_lg,11:15,1,100000000.0,21.0,B
fail_dn_sh|E11|k1|N20|B,480,20,S,3.9,-17.1,52.9,64.6,1.32,-35.4,5.4,2.39,True,fail_dn_sh,11:15,1,100000000.0,21.0,B
giveback_up_sh|E11|k1|N20|B,480,20,S,-1.2,-22.2,49.6,61.1,-0.43,-43.1,2.06,-4.48,False,giveback_up_sh,11:15,1,100000000.0,21.0,B
giveback_up_lg|E11|k1|N20|B,480,20,L,1.2,-19.8,50.4,61.1,0.43,-39.6,-2.06,4.48,False,giveback_up_lg,11:15,1,100000000.0,21.0,B
giveback_dn_lg|E11|k1|N20|B,480,20,L,-0.45,-21.45,50.6,62.2,-0.16,-42.1,-3.92,3.04,False,giveback_dn_lg,11:15,1,100000000.0,21.0,B
giveback_dn_sh|E11|k1|N20|B,480,20,S,0.45,-20.55,49.4,62.2,0.16,-40.7,3.92,-3.04,False,giveback_dn_sh,11:15,1,100000000.0,21.0,B
poke_up|E11|k1|N20|B,480,20,L,-0.39,-21.39,51.0,65.0,-0.13,-42.0,-3.31,2.56,False,poke_up,11:15,1,100000000.0,21.0,B
poke_up_sh|E11|k1|N20|B,480,20,S,0.39,-20.61,49.0,65.0,0.13,-40.9,3.31,-2.56,False,poke_up_sh,11:15,1,100000000.0,21.0,B
poke_dn_sh|E11|k1|N20|B,480,20,S,-0.56,-21.56,47.7,62.4,-0.19,-42.2,3.97,-5.11,False,poke_dn_sh,11:15,1,100000000.0,21.0,B
poke_dn_lg|E11|k1|N20|B,480,20,L,0.56,-20.44,52.3,62.4,0.19,-40.6,-3.97,5.11,False,poke_dn_lg,11:15,1,100000000.0,21.0,B
ext_up_sh|E11|k1|N20|B,480,20,S,-1.2,-22.2,49.6,61.1,-0.43,-43.1,2.06,-4.48,False,ext_up_sh,11:15,1,100000000.0,21.0,B
ext_up_lg|E11|k1|N20|B,480,20,L,1.2,-19.8,50.4,61.1,0.43,-39.6,-2.06,4.48,False,ext_up_lg,11:15,1,100000000.0,21.0,B
held_up|E11|k1|N20|B,461,20,L,1.63,-19.37,54.2,66.6,0.53,-39.0,-1.36,4.63,False,held_up,11:15,1,100000000.0,21.0,B
held_up_sh|E11|k1|N20|B,461,20,S,-1.63,-22.63,45.8,66.6,-0.53,-43.8,1.36,-4.63,False,held_up_sh,11:15,1,100000000.0,21.0,B
held_dn_sh|E11|k1|N20|B,467,20,S,-1.93,-22.93,48.2,63.3,-0.66,-44.2,1.96,-5.83,False,held_dn_sh,11:15,1,100000000.0,21.0,B
held_dn_lg|E11|k1|N20|B,467,20,L,1.93,-19.07,51.8,63.3,0.66,-38.5,-1.96,5.83,False,held_dn_lg,11:15,1,100000000.0,21.0,B
rvol_hi|E11|k1|N20|B,480,20,L,-0.85,-21.85,50.4,73.2,-0.26,-42.8,-2.53,0.83,False,rvol_hi,11:15,1,100000000.0,21.0,B
rvol_hi_sh|E11|k1|N20|B,480,20,S,0.85,-20.15,49.6,73.2,0.26,-40.2,2.53,-0.83,False,rvol_hi_sh,11:15,1,100000000.0,21.0,B
rvol_lo|E11|k1|N20|B,480,20,L,-5.05,-26.05,47.3,57.2,-1.93,-48.4,-8.28,-1.79,True,rvol_lo,11:15,1,100000000.0,21.0,B
rvol_lo_sh|E11|k1|N20|B,480,20,S,5.05,-15.95,52.7,57.2,1.93,-33.4,8.28,1.79,True,rvol_lo_sh,11:15,1,100000000.0,21.0,B
orb_vol125|E11|k1|N20|B,449,20,L,1.69,-19.31,54.1,73.0,0.49,-39.0,-0.63,4.03,False,orb_vol125,11:15,1,100000000.0,21.0,B
orb_vol125_sh|E11|k1|N20|B,449,20,S,-1.69,-22.69,45.9,73.0,-0.49,-44.0,0.63,-4.03,False,orb_vol125_sh,11:15,1,100000000.0,21.0,B
orbdn_vol125_sh|E11|k1|N20|B,427,20,S,-1.88,-22.88,49.2,71.4,-0.54,-44.2,0.46,-4.23,False,orbdn_vol125_sh,11:15,1,100000000.0,21.0,B
orbdn_vol125_lg|E11|k1|N20|B,427,20,L,1.88,-19.12,50.8,71.4,0.54,-38.7,-0.46,4.23,False,orbdn_vol125_lg,11:15,1,100000000.0,21.0,B
orb_vol15|E11|k1|N20|B,444,20,L,1.94,-19.06,55.0,75.3,0.54,-38.6,-1.46,5.38,False,orb_vol15,11:15,1,100000000.0,21.0,B
orb_vol15_sh|E11|k1|N20|B,444,20,S,-1.94,-22.94,45.0,75.3,-0.54,-44.3,1.46,-5.38,False,orb_vol15_sh,11:15,1,100000000.0,21.0,B
orbdn_vol15_sh|E11|k1|N20|B,389,20,S,-4.59,-25.59,48.6,70.7,-1.28,-47.9,0.19,-9.4,False,orbdn_vol15_sh,11:15,1,100000000.0,21.0,B
orbdn_vol15_lg|E11|k1|N20|B,389,20,L,4.59,-16.41,51.4,70.7,1.28,-34.3,-0.19,9.4,False,orbdn_vol15_lg,11:15,1,100000000.0,21.0,B
orb_vol20|E11|k1|N20|B,422,20,L,3.88,-17.12,54.5,78.3,1.02,-35.6,1.01,6.78,True,orb_vol20,11:15,1,100000000.0,21.0,B
orb_vol20_sh|E11|k1|N20|B,422,20,S,-3.88,-24.88,45.5,78.3,-1.02,-47.0,-1.01,-6.78,True,orb_vol20_sh,11:15,1,100000000.0,21.0,B
orbdn_vol20_sh|E11|k1|N20|B,286,20,S,-7.48,-28.48,49.7,77.0,-1.64,-51.6,-2.54,-12.49,True,orbdn_vol20_sh,11:15,1,100000000.0,21.0,B
orbdn_vol20_lg|E11|k1|N20|B,286,20,L,7.48,-13.52,50.3,77.0,1.64,-29.4,2.54,12.49,True,orbdn_vol20_lg,11:15,1,100000000.0,21.0,B
orb_x_rvol|E11|k1|N20|B,480,20,L,-1.26,-22.26,52.7,71.2,-0.39,-43.3,-4.2,1.71,False,orb_x_rvol,11:15,1,100000000.0,21.0,B
orb_x_rvol_sh|E11|k1|N20|B,480,20,S,1.26,-19.74,47.3,71.2,0.39,-39.6,4.2,-1.71,False,orb_x_rvol_sh,11:15,1,100000000.0,21.0,B
orb_novol|E11|k1|N20|B,320,20,L,1.18,-19.82,55.6,59.9,0.35,-39.6,2.66,-0.32,False,orb_novol,11:15,1,100000000.0,21.0,B
orb_novol_sh|E11|k1|N20|B,320,20,S,-1.18,-22.18,44.4,59.9,-0.35,-43.1,-2.66,0.32,False,orb_novol_sh,11:15,1,100000000.0,21.0,B
orb_wideOR|E11|k1|N20|B,359,20,L,8.1,-12.9,54.9,74.0,2.07,-28.3,6.68,9.53,True,orb_wideOR,11:15,1,100000000.0,21.0,B
orb_wideOR_sh|E11|k1|N20|B,359,20,S,-8.1,-29.1,45.1,74.0,-2.07,-52.4,-6.68,-9.53,True,orb_wideOR_sh,11:15,1,100000000.0,21.0,B
orb_narrowOR|E11|k1|N20|B,407,20,L,-0.33,-21.33,53.1,67.7,-0.1,-42.0,-1.42,0.76,False,orb_narrowOR,11:15,1,100000000.0,21.0,B
orb_narrowOR_sh|E11|k1|N20|B,407,20,S,0.33,-20.67,46.9,67.7,0.1,-41.0,1.42,-0.76,False,orb_narrowOR_sh,11:15,1,100000000.0,21.0,B
orbdn_wideOR_sh|E11|k1|N20|B,330,20,S,1.86,-19.14,54.5,77.7,0.44,-38.8,5.7,-2.02,False,orbdn_wideOR_sh,11:15,1,100000000.0,21.0,B
orbdn_narrowOR_sh|E11|k1|N20|B,417,20,S,0.45,-20.55,51.3,62.3,0.15,-40.7,4.89,-4.0,False,orbdn_narrowOR_sh,11:15,1,100000000.0,21.0,B
orbdn_wideOR_lg|E11|k1|N20|B,330,20,L,-1.86,-22.86,45.5,77.7,-0.44,-44.3,-5.7,2.02,False,orbdn_wideOR_lg,11:15,1,100000000.0,21.0,B
orbdn_narrowOR_lg|E11|k1|N20|B,417,20,L,-0.45,-21.45,48.7,62.3,-0.15,-42.1,-4.89,4.0,False,orbdn_narrowOR_lg,11:15,1,100000000.0,21.0,B
orb_coiled|E11|k1|N20|B,404,20,L,0.2,-20.8,50.2,69.2,0.06,-41.2,-0.86,1.26,False,orb_coiled,11:15,1,100000000.0,21.0,B
orb_coiled_sh|E11|k1|N20|B,404,20,S,-0.2,-21.2,49.8,69.2,-0.06,-41.8,0.86,-1.26,False,orb_coiled_sh,11:15,1,100000000.0,21.0,B
orbdn_coiled_sh|E11|k1|N20|B,412,20,S,0.84,-20.16,53.4,64.4,0.26,-40.2,6.54,-4.91,False,orbdn_coiled_sh,11:15,1,100000000.0,21.0,B
orb_gapup|E11|k1|N20|B,267,20,L,6.69,-14.31,58.1,74.8,1.46,-30.8,3.66,9.75,True,orb_gapup,11:15,1,100000000.0,21.0,B
orb_gapup_sh|E11|k1|N20|B,267,20,S,-6.69,-27.69,41.9,74.8,-1.46,-50.6,-3.66,-9.75,True,orb_gapup_sh,11:15,1,100000000.0,21.0,B
orb_nogap|E11|k1|N20|B,418,20,L,-1.29,-22.29,53.8,62.1,-0.42,-43.3,-4.97,2.43,False,orb_nogap,11:15,1,100000000.0,21.0,B
orb_nogap_sh|E11|k1|N20|B,418,20,S,1.29,-19.71,46.2,62.1,0.42,-39.5,4.97,-2.43,False,orb_nogap_sh,11:15,1,100000000.0,21.0,B
orbdn_gapdn_sh|E11|k1|N20|B,146,20,S,-4.94,-25.94,50.0,81.3,-0.73,-48.5,-4.99,-4.89,True,orbdn_gapdn_sh,11:15,1,100000000.0,21.0,B
orbdn_gapdn_lg|E11|k1|N20|B,146,20,L,4.94,-16.06,50.0,81.3,0.73,-33.9,4.99,4.89,True,orbdn_gapdn_lg,11:15,1,100000000.0,21.0,B
orbdn_gapup_sh|E11|k1|N20|B,308,20,S,1.73,-19.27,50.3,79.3,0.38,-39.0,7.05,-3.66,False,orbdn_gapup_sh,11:15,1,100000000.0,21.0,B
gap_up|E11|k1|N20|B,480,20,L,-1.74,-22.74,49.8,75.6,-0.5,-44.1,-8.83,5.41,False,gap_up,11:15,1,100000000.0,21.0,B
gap_up_sh|E11|k1|N20|B,480,20,S,1.74,-19.26,50.2,75.6,0.5,-38.9,8.83,-5.41,False,gap_up_sh,11:15,1,100000000.0,21.0,B
gap_dn_lg|E11|k1|N20|B,480,20,L,0.49,-20.51,52.3,68.7,0.16,-40.7,3.6,-2.64,False,gap_dn_lg,11:15,1,100000000.0,21.0,B
gap_dn_sh|E11|k1|N20|B,480,20,S,-0.49,-21.49,47.7,68.7,-0.16,-42.2,-3.6,2.64,False,gap_dn_sh,11:15,1,100000000.0,21.0,B
orb_hivol|E11|k1|N20|B,365,20,L,4.66,-16.34,55.6,85.7,1.04,-34.4,1.94,7.39,True,orb_hivol,11:15,1,100000000.0,21.0,B
orb_hivol_sh|E11|k1|N20|B,365,20,S,-4.66,-25.66,44.4,85.7,-1.04,-48.1,-1.94,-7.39,True,orb_hivol_sh,11:15,1,100000000.0,21.0,B
orb_lovol|E11|k1|N20|B,384,20,L,0.05,-20.95,51.6,55.4,0.02,-41.3,1.36,-1.28,False,orb_lovol,11:15,1,100000000.0,21.0,B
orb_lovol_sh|E11|k1|N20|B,384,20,S,-0.05,-21.05,48.4,55.4,-0.02,-41.4,-1.36,1.28,False,orb_lovol_sh,11:15,1,100000000.0,21.0,B
orbdn_hivol_sh|E11|k1|N20|B,390,20,S,6.03,-14.97,51.5,79.4,1.5,-32.0,14.49,-2.51,False,orbdn_hivol_sh,11:15,1,100000000.0,21.0,B
orbdn_lovol_sh|E11|k1|N20|B,385,20,S,-4.26,-25.26,48.6,54.9,-1.52,-47.3,-4.15,-4.38,True,orbdn_lovol_sh,11:15,1,100000000.0,21.0,B
posrange_hivol|E11|k1|N20|B,479,20,L,0.32,-20.68,54.1,81.7,0.08,-41.2,-4.54,5.2,False,posrange_hivol,11:15,1,100000000.0,21.0,B
posrange_lovol|E11|k1|N20|B,479,20,L,-1.14,-22.14,49.5,47.0,-0.53,-43.0,-2.32,0.05,False,posrange_lovol,11:15,1,100000000.0,21.0,B
posrange_hivol_sh|E11|k1|N20|B,479,20,S,-0.32,-21.32,45.9,81.7,-0.08,-42.1,4.54,-5.2,False,posrange_hivol_sh,11:15,1,100000000.0,21.0,B
posrange_lovol_sh|E11|k1|N20|B,479,20,S,1.14,-19.86,50.5,47.0,0.53,-39.6,2.32,-0.05,False,posrange_lovol_sh,11:15,1,100000000.0,21.0,B
orb_minus_width|E11|k1|N20|B,480,20,L,-0.04,-21.04,52.3,60.3,-0.02,-41.5,-3.17,3.11,False,orb_minus_width,11:15,1,100000000.0,21.0,B
orb_plus_width|E11|k1|N20|B,480,20,L,0.01,-20.99,52.1,70.2,0.0,-41.5,-1.29,1.32,False,orb_plus_width,11:15,1,100000000.0,21.0,B
orb_plus_width_sh|E11|k1|N20|B,480,20,S,-0.01,-21.01,47.9,70.2,-0.0,-41.5,1.29,-1.32,False,orb_plus_width_sh,11:15,1,100000000.0,21.0,B
orb_minus_width_sh|E11|k1|N20|B,480,20,S,0.04,-20.96,47.7,60.3,0.02,-41.3,3.17,-3.11,False,orb_minus_width_sh,11:15,1,100000000.0,21.0,B
orb_minus_d20|E11|k1|N20|B,469,20,L,2.88,-18.12,52.7,73.5,0.85,-37.1,1.21,4.55,True,orb_minus_d20,11:15,1,100000000.0,21.0,B
orb_plus_d20|E11|k1|N20|B,469,20,L,-3.42,-24.42,50.7,73.7,-1.01,-46.4,-2.84,-4.0,True,orb_plus_d20,11:15,1,100000000.0,21.0,B
orb_plus_d20_sh|E11|k1|N20|B,469,20,S,3.42,-17.58,49.3,73.7,1.01,-36.3,2.84,4.0,True,orb_plus_d20_sh,11:15,1,100000000.0,21.0,B
orb_plus_pct52|E11|k1|N20|B,430,20,L,0.81,-20.19,55.8,56.5,0.3,-40.2,0.47,1.15,True,orb_plus_pct52,11:15,1,100000000.0,21.0,B
orb_plus_pct52_sh|E11|k1|N20|B,430,20,S,-0.81,-21.81,44.2,56.5,-0.3,-42.5,-0.47,-1.15,True,orb_plus_pct52_sh,11:15,1,100000000.0,21.0,B
compress_then_pos|E11|k1|N20|B,480,20,L,-0.04,-21.04,52.3,60.3,-0.02,-41.5,-3.17,3.11,False,compress_then_pos,11:15,1,100000000.0,21.0,B
compress_then_pos_sh|E11|k1|N20|B,480,20,S,0.04,-20.96,47.7,60.3,0.02,-41.3,3.17,-3.11,False,compress_then_pos_sh,11:15,1,100000000.0,21.0,B
expand_then_pos|E11|k1|N20|B,480,20,L,0.01,-20.99,52.1,70.2,0.0,-41.5,-1.29,1.32,False,expand_then_pos,11:15,1,100000000.0,21.0,B
expand_then_pos_sh|E11|k1|N20|B,480,20,S,-0.01,-21.01,47.9,70.2,-0.0,-41.5,1.29,-1.32,False,expand_then_pos_sh,11:15,1,100000000.0,21.0,B
orb_up|E11|k1|N30|B,480,30,L,0.82,-20.18,53.8,62.5,0.29,-40.2,-2.6,4.27,False,orb_up,11:15,1,100000000.0,21.0,B
orb_up_sh|E11|k1|N30|B,480,30,S,-0.82,-21.82,46.2,62.5,-0.29,-42.6,2.6,-4.27,False,orb_up_sh,11:15,1,100000000.0,21.0,B
orb_dn_sh|E11|k1|N30|B,480,30,S,-0.98,-21.98,49.8,61.9,-0.35,-42.8,2.93,-4.92,False,orb_dn_sh,11:15,1,100000000.0,21.0,B
orb_dn_lg|E11|k1|N30|B,480,30,L,0.98,-20.02,50.2,61.9,0.35,-39.9,-2.93,4.92,False,orb_dn_lg,11:15,1,100000000.0,21.0,B
orb_up_sig|E11|k1|N30|B,480,30,L,1.28,-19.72,54.6,61.2,0.46,-39.5,-2.19,4.77,False,orb_up_sig,11:15,1,100000000.0,21.0,B
orb_up_sig_sh|E11|k1|N30|B,480,30,S,-1.28,-22.28,45.4,61.2,-0.46,-43.3,2.19,-4.77,False,orb_up_sig_sh,11:15,1,100000000.0,21.0,B
orb_dn_sig_sh|E11|k1|N30|B,480,30,S,-1.17,-22.17,50.0,62.1,-0.41,-43.1,2.38,-4.75,False,orb_dn_sig_sh,11:15,1,100000000.0,21.0,B
orb_dn_sig_lg|E11|k1|N30|B,480,30,L,1.17,-19.83,50.0,62.1,0.41,-39.7,-2.38,4.75,False,orb_dn_sig_lg,11:15,1,100000000.0,21.0,B
pos_in_or|E11|k1|N30|B,480,30,L,0.82,-20.18,53.8,62.5,0.29,-40.2,-2.6,4.27,False,pos_in_or,11:15,1,100000000.0,21.0,B
pos_in_or_sh|E11|k1|N30|B,480,30,S,-0.82,-21.82,46.2,62.5,-0.29,-42.6,2.6,-4.27,False,pos_in_or_sh,11:15,1,100000000.0,21.0,B
pos_in_or_lo|E11|k1|N30|B,480,30,L,0.98,-20.02,50.2,61.9,0.35,-39.9,-2.93,4.92,False,pos_in_or_lo,11:15,1,100000000.0,21.0,B
pos_in_or_lo_sh|E11|k1|N30|B,480,30,S,-0.98,-21.98,49.8,61.9,-0.35,-42.8,2.93,-4.92,False,pos_in_or_lo_sh,11:15,1,100000000.0,21.0,B
or_close_pos|E11|k1|N30|B,480,30,L,0.53,-20.47,53.8,57.4,0.2,-40.6,-1.3,2.37,False,or_close_pos,11:15,1,100000000.0,21.0,B
or_close_pos_lo|E11|k1|N30|B,480,30,L,-4.04,-25.04,49.2,59.7,-1.48,-47.1,-7.49,-0.56,True,or_close_pos_lo,11:15,1,100000000.0,21.0,B
or_close_pos_sh|E11|k1|N30|B,480,30,S,-0.53,-21.53,46.2,57.4,-0.2,-42.1,1.3,-2.37,False,or_close_pos_sh,11:15,1,100000000.0,21.0,B
posrange_hi|E11|k1|N30|B,480,30,L,0.58,-20.42,55.6,59.2,0.21,-40.5,-1.74,2.92,False,posrange_hi,11:15,1,100000000.0,21.0,B
posrange_hi_sh|E11|k1|N30|B,480,30,S,-0.58,-21.58,44.4,59.2,-0.21,-42.2,1.74,-2.92,False,posrange_hi_sh,11:15,1,100000000.0,21.0,B
posrange_lo|E11|k1|N30|B,480,30,L,-0.67,-21.67,48.5,61.8,-0.24,-42.4,-4.29,2.97,False,posrange_lo,11:15,1,100000000.0,21.0,B
posrange_lo_sh|E11|k1|N30|B,480,30,S,0.67,-20.33,51.5,61.8,0.24,-40.4,4.29,-2.97,False,posrange_lo_sh,11:15,1,100000000.0,21.0,B
today_sofar|E11|k1|N30|B,480,30,L,1.61,-19.39,50.8,71.5,0.49,-39.1,-1.42,4.66,False,today_sofar,11:15,1,100000000.0,21.0,B
today_sofar_sh|E11|k1|N30|B,480,30,S,-1.61,-22.61,49.2,71.5,-0.49,-43.8,1.42,-4.66,False,today_sofar_sh,11:15,1,100000000.0,21.0,B
today_sofar_lo|E11|k1|N30|B,480,30,L,-3.87,-24.87,46.0,74.5,-1.14,-47.0,-8.85,1.15,False,today_sofar_lo,11:15,1,100000000.0,21.0,B
or_ret|E11|k1|N30|B,480,30,L,0.25,-20.75,50.6,69.2,0.08,-41.1,-1.84,2.35,False,or_ret,11:15,1,100000000.0,21.0,B
or_ret_sh|E11|k1|N30|B,480,30,S,-0.25,-21.25,49.4,69.2,-0.08,-41.8,1.84,-2.35,False,or_ret_sh,11:15,1,100000000.0,21.0,B
orbT_up|E11|k1|N30|B,448,30,L,1.83,-19.17,54.5,64.5,0.6,-38.7,-0.3,3.97,False,orbT_up,11:15,1,100000000.0,21.0,B
orbT_up_sh|E11|k1|N30|B,448,30,S,-1.83,-22.83,45.5,64.5,-0.6,-44.1,0.3,-3.97,False,orbT_up_sh,11:15,1,100000000.0,21.0,B
orbT_dn_sh|E11|k1|N30|B,443,30,S,-1.69,-22.69,48.3,63.5,-0.56,-43.9,1.82,-5.22,False,orbT_dn_sh,11:15,1,100000000.0,21.0,B
orbT_dn_lg|E11|k1|N30|B,443,30,L,1.69,-19.31,51.7,63.5,0.56,-38.9,-1.82,5.22,False,orbT_dn_lg,11:15,1,100000000.0,21.0,B
orbT_up_small|E11|k1|N30|B,448,30,L,2.86,-18.14,58.3,63.5,0.95,-37.0,1.94,3.78,True,orbT_up_small,11:15,1,100000000.0,21.0,B
orbT_up_small_sh|E11|k1|N30|B,448,30,S,-2.86,-23.86,41.7,63.5,-0.95,-45.5,-1.94,-3.78,True,orbT_up_small_sh,11:15,1,100000000.0,21.0,B
orbT_dn_small_sh|E11|k1|N30|B,443,30,S,2.57,-18.43,52.4,65.8,0.82,-37.5,6.68,-1.55,False,orbT_dn_small_sh,11:15,1,100000000.0,21.0,B
orbT_dn_small_lg|E11|k1|N30|B,443,30,L,-2.57,-23.57,47.6,65.8,-0.82,-45.1,-6.68,1.55,False,orbT_dn_small_lg,11:15,1,100000000.0,21.0,B
inside_posor|E11|k1|N30|B,480,30,L,-1.31,-22.31,53.3,57.6,-0.5,-43.3,-4.75,2.17,False,inside_posor,11:15,1,100000000.0,21.0,B
inside_posor_sh|E11|k1|N30|B,480,30,S,1.31,-19.69,46.7,57.6,0.5,-39.4,4.75,-2.17,False,inside_posor_sh,11:15,1,100000000.0,21.0,B
inside_posor_lo|E11|k1|N30|B,480,30,L,-4.81,-25.81,45.8,62.2,-1.7,-48.1,-10.82,1.25,False,inside_posor_lo,11:15,1,100000000.0,21.0,B
or_wide|E11|k1|N30|B,480,30,L,-2.07,-23.07,49.8,67.1,-0.68,-44.4,-1.83,-2.31,True,or_wide,11:15,1,100000000.0,21.0,B
or_wide_sh|E11|k1|N30|B,480,30,S,2.07,-18.93,50.2,67.1,0.68,-38.3,1.83,2.31,True,or_wide_sh,11:15,1,100000000.0,21.0,B
or_narrow|E11|k1|N30|B,480,30,L,-3.97,-24.97,47.5,53.8,-1.62,-46.9,-6.29,-1.64,True,or_narrow,11:15,1,100000000.0,21.0,B
or_narrow_sh|E11|k1|N30|B,480,30,S,3.97,-17.03,52.5,53.8,1.62,-35.1,6.29,1.64,True,or_narrow_sh,11:15,1,100000000.0,21.0,B
or_wrel_hi|E11|k1|N30|B,480,30,L,-1.71,-22.71,51.2,68.6,-0.54,-43.9,-2.16,-1.25,True,or_wrel_hi,11:15,1,100000000.0,21.0,B
or_wrel_lo|E11|k1|N30|B,480,30,L,-2.82,-23.82,47.9,59.3,-1.04,-45.4,-5.09,-0.53,True,or_wrel_lo,11:15,1,100000000.0,21.0,B
or_wrel_hi_sh|E11|k1|N30|B,480,30,S,1.71,-19.29,48.8,68.6,0.54,-38.9,2.16,1.25,True,or_wrel_hi_sh,11:15,1,100000000.0,21.0,B
or_wrel_lo_sh|E11|k1|N30|B,480,30,S,2.82,-18.18,52.1,59.3,1.04,-37.1,5.09,0.53,True,or_wrel_lo_sh,11:15,1,100000000.0,21.0,B
rng_expand|E11|k1|N30|B,480,30,L,0.07,-20.93,52.7,67.7,0.02,-41.4,-0.1,0.25,False,rng_expand,11:15,1,100000000.0,21.0,B
rng_expand_sh|E11|k1|N30|B,480,30,S,-0.07,-21.07,47.3,67.7,-0.02,-41.6,0.1,-0.25,False,rng_expand_sh,11:15,1,100000000.0,21.0,B
rng_compress|E11|k1|N30|B,480,30,L,-3.76,-24.76,47.9,54.2,-1.52,-46.7,-6.53,-0.96,True,rng_compress,11:15,1,100000000.0,21.0,B
rng_compress_sh|E11|k1|N30|B,480,30,S,3.76,-17.24,52.1,54.2,1.52,-35.5,6.53,0.96,True,rng_compress_sh,11:15,1,100000000.0,21.0,B
vol20_hi|E11|k1|N30|B,479,30,L,-9.77,-30.77,43.6,84.4,-2.53,-54.4,-12.09,-7.45,True,vol20_hi,11:15,1,100000000.0,21.0,B
vol20_hi_sh|E11|k1|N30|B,479,30,S,9.77,-11.23,56.4,84.4,2.53,-25.3,12.09,7.45,True,vol20_hi_sh,11:15,1,100000000.0,21.0,B
vol20_lo|E11|k1|N30|B,479,30,L,-0.22,-21.22,49.3,34.5,-0.14,-41.5,-1.39,0.94,False,vol20_lo,11:15,1,100000000.0,21.0,B
vol20_lo_sh|E11|k1|N30|B,479,30,S,0.22,-20.78,50.7,34.5,0.14,-40.9,1.39,-0.94,False,vol20_lo_sh,11:15,1,100000000.0,21.0,B
atr_hi|E11|k1|N30|B,480,30,L,-10.21,-31.21,48.1,85.4,-2.62,-54.9,-13.49,-6.91,True,atr_hi,11:15,1,100000000.0,21.0,B
atr_lo|E11|k1|N30|B,480,30,L,0.64,-20.36,50.8,32.5,0.43,-40.2,0.29,0.99,True,atr_lo,11:15,1,100000000.0,21.0,B
atr_hi_sh|E11|k1|N30|B,480,30,S,10.21,-10.79,51.9,85.4,2.62,-24.5,13.49,6.91,True,atr_hi_sh,11:15,1,100000000.0,21.0,B
fail_up_sh|E11|k1|N30|B,467,30,S,3.13,-17.87,50.3,62.0,1.09,-36.6,4.79,1.46,True,fail_up_sh,11:15,1,100000000.0,21.0,B
fail_up_lg|E11|k1|N30|B,467,30,L,-3.13,-24.13,49.7,62.0,-1.09,-45.9,-4.79,-1.46,True,fail_up_lg,11:15,1,100000000.0,21.0,B
fail_dn_lg|E11|k1|N30|B,473,30,L,-4.87,-25.87,48.4,63.5,-1.67,-48.2,-7.52,-2.2,True,fail_dn_lg,11:15,1,100000000.0,21.0,B
fail_dn_sh|E11|k1|N30|B,473,30,S,4.87,-16.13,51.6,63.5,1.67,-33.8,7.52,2.2,True,fail_dn_sh,11:15,1,100000000.0,21.0,B
giveback_up_sh|E11|k1|N30|B,480,30,S,-0.58,-21.58,48.1,59.3,-0.21,-42.2,2.58,-3.76,False,giveback_up_sh,11:15,1,100000000.0,21.0,B
giveback_up_lg|E11|k1|N30|B,480,30,L,0.58,-20.42,51.9,59.3,0.21,-40.5,-2.58,3.76,False,giveback_up_lg,11:15,1,100000000.0,21.0,B
giveback_dn_lg|E11|k1|N30|B,480,30,L,-0.75,-21.75,52.3,59.6,-0.28,-42.5,-3.52,2.04,False,giveback_dn_lg,11:15,1,100000000.0,21.0,B
giveback_dn_sh|E11|k1|N30|B,480,30,S,0.75,-20.25,47.7,59.6,0.28,-40.3,3.52,-2.04,False,giveback_dn_sh,11:15,1,100000000.0,21.0,B
poke_up|E11|k1|N30|B,480,30,L,-0.68,-21.68,53.5,62.6,-0.24,-42.4,-4.26,2.93,False,poke_up,11:15,1,100000000.0,21.0,B
poke_up_sh|E11|k1|N30|B,480,30,S,0.68,-20.32,46.5,62.6,0.24,-40.4,4.26,-2.93,False,poke_up_sh,11:15,1,100000000.0,21.0,B
poke_dn_sh|E11|k1|N30|B,480,30,S,0.12,-20.88,49.8,61.2,0.04,-41.2,3.52,-3.31,False,poke_dn_sh,11:15,1,100000000.0,21.0,B
poke_dn_lg|E11|k1|N30|B,480,30,L,-0.12,-21.12,50.2,61.2,-0.04,-41.6,-3.52,3.31,False,poke_dn_lg,11:15,1,100000000.0,21.0,B
ext_up_sh|E11|k1|N30|B,480,30,S,-0.59,-21.59,48.1,59.3,-0.22,-42.2,2.58,-3.78,False,ext_up_sh,11:15,1,100000000.0,21.0,B
ext_up_lg|E11|k1|N30|B,480,30,L,0.59,-20.41,51.9,59.3,0.22,-40.5,-2.58,3.78,False,ext_up_lg,11:15,1,100000000.0,21.0,B
held_up|E11|k1|N30|B,448,30,L,2.2,-18.8,54.5,63.4,0.74,-38.1,-0.33,4.76,False,held_up,11:15,1,100000000.0,21.0,B
held_up_sh|E11|k1|N30|B,448,30,S,-2.2,-23.2,45.5,63.4,-0.74,-44.6,0.33,-4.76,False,held_up_sh,11:15,1,100000000.0,21.0,B
held_dn_sh|E11|k1|N30|B,442,30,S,-1.17,-22.17,48.4,62.6,-0.39,-43.1,1.79,-4.15,False,held_dn_sh,11:15,1,100000000.0,21.0,B
held_dn_lg|E11|k1|N30|B,442,30,L,1.17,-19.83,51.6,62.6,0.39,-39.7,-1.79,4.15,False,held_dn_lg,11:15,1,100000000.0,21.0,B
rvol_hi|E11|k1|N30|B,480,30,L,-0.46,-21.46,51.7,67.5,-0.15,-42.1,-2.25,1.34,False,rvol_hi,11:15,1,100000000.0,21.0,B
rvol_hi_sh|E11|k1|N30|B,480,30,S,0.46,-20.54,48.3,67.5,0.15,-40.8,2.25,-1.34,False,rvol_hi_sh,11:15,1,100000000.0,21.0,B
rvol_lo|E11|k1|N30|B,480,30,L,-4.01,-25.01,49.2,58.4,-1.51,-47.0,-7.53,-0.47,True,rvol_lo,11:15,1,100000000.0,21.0,B
rvol_lo_sh|E11|k1|N30|B,480,30,S,4.01,-16.99,50.8,58.4,1.51,-35.1,7.53,0.47,True,rvol_lo_sh,11:15,1,100000000.0,21.0,B
orb_vol125|E11|k1|N30|B,413,30,L,3.58,-17.42,55.9,66.1,1.1,-35.9,0.75,6.44,True,orb_vol125,11:15,1,100000000.0,21.0,B
orb_vol125_sh|E11|k1|N30|B,413,30,S,-3.58,-24.58,44.1,66.1,-1.1,-46.5,-0.75,-6.44,True,orb_vol125_sh,11:15,1,100000000.0,21.0,B
orbdn_vol125_sh|E11|k1|N30|B,345,30,S,-0.77,-21.77,51.6,68.9,-0.21,-42.6,3.6,-5.17,False,orbdn_vol125_sh,11:15,1,100000000.0,21.0,B
orbdn_vol125_lg|E11|k1|N30|B,345,30,L,0.77,-20.23,48.4,68.9,0.21,-40.3,-3.6,5.17,False,orbdn_vol125_lg,11:15,1,100000000.0,21.0,B
orb_vol15|E11|k1|N30|B,396,30,L,6.27,-14.73,56.8,70.4,1.77,-31.5,4.49,8.08,True,orb_vol15,11:15,1,100000000.0,21.0,B
orb_vol15_sh|E11|k1|N30|B,396,30,S,-6.27,-27.27,43.2,70.4,-1.77,-50.1,-4.49,-8.08,True,orb_vol15_sh,11:15,1,100000000.0,21.0,B
orbdn_vol15_sh|E11|k1|N30|B,283,30,S,-4.25,-25.25,50.5,73.9,-0.97,-47.5,0.12,-8.65,False,orbdn_vol15_sh,11:15,1,100000000.0,21.0,B
orbdn_vol15_lg|E11|k1|N30|B,283,30,L,4.25,-16.75,49.5,73.9,0.97,-34.9,-0.12,8.65,False,orbdn_vol15_lg,11:15,1,100000000.0,21.0,B
orb_vol20|E11|k1|N30|B,347,30,L,6.51,-14.49,57.6,72.1,1.68,-31.1,4.75,8.28,True,orb_vol20,11:15,1,100000000.0,21.0,B
orb_vol20_sh|E11|k1|N30|B,347,30,S,-6.51,-27.51,42.4,72.1,-1.68,-50.4,-4.75,-8.28,True,orb_vol20_sh,11:15,1,100000000.0,21.0,B
orbdn_vol20_sh|E11|k1|N30|B,153,30,S,-6.08,-27.08,51.0,83.9,-0.9,-50.0,-5.83,-6.33,True,orbdn_vol20_sh,11:15,1,100000000.0,21.0,B
orbdn_vol20_lg|E11|k1|N30|B,153,30,L,6.08,-14.92,49.0,83.9,0.9,-32.0,5.83,6.33,True,orbdn_vol20_lg,11:15,1,100000000.0,21.0,B
orb_x_rvol|E11|k1|N30|B,480,30,L,-0.13,-21.13,52.5,65.4,-0.04,-41.6,-3.94,3.71,False,orb_x_rvol,11:15,1,100000000.0,21.0,B
orb_x_rvol_sh|E11|k1|N30|B,480,30,S,0.13,-20.87,47.5,65.4,0.04,-41.3,3.94,-3.71,False,orb_x_rvol_sh,11:15,1,100000000.0,21.0,B
orb_novol|E11|k1|N30|B,221,30,L,7.18,-13.82,58.4,55.4,1.93,-29.7,12.42,1.89,True,orb_novol,11:15,1,100000000.0,21.0,B
orb_novol_sh|E11|k1|N30|B,221,30,S,-7.18,-28.18,41.6,55.4,-1.93,-51.1,-12.42,-1.89,True,orb_novol_sh,11:15,1,100000000.0,21.0,B
orb_wideOR|E11|k1|N30|B,257,30,L,9.69,-11.31,58.0,71.5,2.17,-25.3,13.04,6.31,True,orb_wideOR,11:15,1,100000000.0,21.0,B
orb_wideOR_sh|E11|k1|N30|B,257,30,S,-9.69,-30.69,42.0,71.5,-2.17,-54.2,-13.04,-6.31,True,orb_wideOR_sh,11:15,1,100000000.0,21.0,B
orb_narrowOR|E11|k1|N30|B,309,30,L,2.66,-18.34,54.0,60.7,0.77,-37.3,2.41,2.92,True,orb_narrowOR,11:15,1,100000000.0,21.0,B
orb_narrowOR_sh|E11|k1|N30|B,309,30,S,-2.66,-23.66,46.0,60.7,-0.77,-45.2,-2.41,-2.92,True,orb_narrowOR_sh,11:15,1,100000000.0,21.0,B
orbdn_wideOR_sh|E11|k1|N30|B,205,30,S,-2.13,-23.13,54.1,82.4,-0.37,-44.7,-0.67,-3.6,True,orbdn_wideOR_sh,11:15,1,100000000.0,21.0,B
orbdn_narrowOR_sh|E11|k1|N30|B,362,30,S,4.06,-16.94,55.5,59.7,1.3,-35.1,6.67,1.43,True,orbdn_narrowOR_sh,11:15,1,100000000.0,21.0,B
orbdn_wideOR_lg|E11|k1|N30|B,205,30,L,2.13,-18.87,45.9,82.4,0.37,-38.4,0.67,3.6,True,orbdn_wideOR_lg,11:15,1,100000000.0,21.0,B
orbdn_narrowOR_lg|E11|k1|N30|B,362,30,L,-4.06,-25.06,44.5,59.7,-1.3,-47.1,-6.67,-1.43,True,orbdn_narrowOR_lg,11:15,1,100000000.0,21.0,B
orb_coiled|E11|k1|N30|B,302,30,L,3.4,-17.6,53.6,66.2,0.89,-36.2,3.08,3.71,True,orb_coiled,11:15,1,100000000.0,21.0,B
orb_coiled_sh|E11|k1|N30|B,302,30,S,-3.4,-24.4,46.4,66.2,-0.89,-46.3,-3.08,-3.71,True,orb_coiled_sh,11:15,1,100000000.0,21.0,B
orbdn_coiled_sh|E11|k1|N30|B,350,30,S,5.71,-15.29,54.6,61.7,1.73,-32.3,11.66,-0.3,False,orbdn_coiled_sh,11:15,1,100000000.0,21.0,B
orb_gapup|E11|k1|N30|B,170,30,L,4.85,-16.15,59.4,70.6,0.9,-33.9,8.19,1.44,True,orb_gapup,11:15,1,100000000.0,21.0,B
orb_gapup_sh|E11|k1|N30|B,170,30,S,-4.85,-25.85,40.6,70.6,-0.9,-48.2,-8.19,-1.44,True,orb_gapup_sh,11:15,1,100000000.0,21.0,B
orb_nogap|E11|k1|N30|B,371,30,L,0.6,-20.4,56.3,58.6,0.2,-40.5,-1.83,3.04,False,orb_nogap,11:15,1,100000000.0,21.0,B
orb_nogap_sh|E11|k1|N30|B,371,30,S,-0.6,-21.6,43.7,58.6,-0.2,-42.3,1.83,-3.04,False,orb_nogap_sh,11:15,1,100000000.0,21.0,B
orbdn_gapup_sh|E11|k1|N30|B,222,30,S,4.09,-16.91,53.2,77.6,0.78,-35.2,11.23,-3.19,False,orbdn_gapup_sh,11:15,1,100000000.0,21.0,B
gap_up|E11|k1|N30|B,480,30,L,-2.29,-23.29,50.0,70.3,-0.71,-44.8,-8.0,3.47,False,gap_up,11:15,1,100000000.0,21.0,B
gap_up_sh|E11|k1|N30|B,480,30,S,2.29,-18.71,50.0,70.3,0.71,-38.0,8.0,-3.47,False,gap_up_sh,11:15,1,100000000.0,21.0,B
gap_dn_lg|E11|k1|N30|B,480,30,L,0.91,-20.09,54.2,64.5,0.31,-40.1,2.41,-0.6,False,gap_dn_lg,11:15,1,100000000.0,21.0,B
gap_dn_sh|E11|k1|N30|B,480,30,S,-0.91,-21.91,45.8,64.5,-0.31,-42.8,-2.41,0.6,False,gap_dn_sh,11:15,1,100000000.0,21.0,B
orb_hivol|E11|k1|N30|B,259,30,L,1.99,-19.01,55.2,78.4,0.41,-38.6,0.85,3.15,True,orb_hivol,11:15,1,100000000.0,21.0,B
orb_hivol_sh|E11|k1|N30|B,259,30,S,-1.99,-22.99,44.8,78.4,-0.41,-44.4,-0.85,-3.15,True,orb_hivol_sh,11:15,1,100000000.0,21.0,B
orb_lovol|E11|k1|N30|B,284,30,L,3.15,-17.85,52.8,51.8,1.02,-36.5,3.25,3.04,True,orb_lovol,11:15,1,100000000.0,21.0,B
orb_lovol_sh|E11|k1|N30|B,284,30,S,-3.15,-24.15,47.2,51.8,-1.02,-45.8,-3.25,-3.04,True,orb_lovol_sh,11:15,1,100000000.0,21.0,B
orbdn_hivol_sh|E11|k1|N30|B,302,30,S,6.66,-14.34,52.6,77.5,1.49,-30.9,16.31,-3.12,False,orbdn_hivol_sh,11:15,1,100000000.0,21.0,B
orbdn_lovol_sh|E11|k1|N30|B,293,30,S,-0.82,-21.82,51.9,54.9,-0.25,-42.5,2.74,-4.4,False,orbdn_lovol_sh,11:15,1,100000000.0,21.0,B
posrange_hivol|E11|k1|N30|B,479,30,L,-0.9,-21.9,54.5,78.8,-0.25,-42.9,-5.83,4.05,False,posrange_hivol,11:15,1,100000000.0,21.0,B
posrange_lovol|E11|k1|N30|B,479,30,L,-1.22,-22.22,50.3,46.1,-0.58,-43.1,-2.78,0.34,False,posrange_lovol,11:15,1,100000000.0,21.0,B
posrange_hivol_sh|E11|k1|N30|B,479,30,S,0.9,-20.1,45.5,78.8,0.25,-40.2,5.83,-4.05,False,posrange_hivol_sh,11:15,1,100000000.0,21.0,B
posrange_lovol_sh|E11|k1|N30|B,479,30,S,1.22,-19.78,49.7,46.1,0.58,-39.4,2.78,-0.34,False,posrange_lovol_sh,11:15,1,100000000.0,21.0,B
orb_minus_width|E11|k1|N30|B,480,30,L,-0.12,-21.12,51.0,58.4,-0.04,-41.6,-3.7,3.49,False,orb_minus_width,11:15,1,100000000.0,21.0,B
orb_plus_width|E11|k1|N30|B,480,30,L,0.77,-20.23,54.6,65.3,0.26,-40.3,-1.6,3.16,False,orb_plus_width,11:15,1,100000000.0,21.0,B
orb_plus_width_sh|E11|k1|N30|B,480,30,S,-0.77,-21.77,45.4,65.3,-0.26,-42.6,1.6,-3.16,False,orb_plus_width_sh,11:15,1,100000000.0,21.0,B
orb_minus_width_sh|E11|k1|N30|B,480,30,S,0.12,-20.88,49.0,58.4,0.04,-41.2,3.7,-3.49,False,orb_minus_width_sh,11:15,1,100000000.0,21.0,B
orb_minus_d20|E11|k1|N30|B,469,30,L,1.82,-19.18,53.5,68.0,0.58,-38.7,-0.29,3.94,False,orb_minus_d20,11:15,1,100000000.0,21.0,B
orb_plus_d20|E11|k1|N30|B,469,30,L,-2.97,-23.97,52.0,66.4,-0.97,-45.7,-2.96,-2.97,True,orb_plus_d20,11:15,1,100000000.0,21.0,B
orb_plus_d20_sh|E11|k1|N30|B,469,30,S,2.97,-18.03,48.0,66.4,0.97,-36.9,2.96,2.97,True,orb_plus_d20_sh,11:15,1,100000000.0,21.0,B
orb_plus_pct52|E11|k1|N30|B,430,30,L,0.57,-20.43,57.7,53.2,0.22,-40.5,0.78,0.34,True,orb_plus_pct52,11:15,1,100000000.0,21.0,B
orb_plus_pct52_sh|E11|k1|N30|B,430,30,S,-0.57,-21.57,42.3,53.2,-0.22,-42.2,-0.78,-0.34,True,orb_plus_pct52_sh,11:15,1,100000000.0,21.0,B
compress_then_pos|E11|k1|N30|B,480,30,L,-0.12,-21.12,51.0,58.4,-0.04,-41.6,-3.7,3.49,False,compress_then_pos,11:15,1,100000000.0,21.0,B
compress_then_pos_sh|E11|k1|N30|B,480,30,S,0.12,-20.88,49.0,58.4,0.04,-41.2,3.7,-3.49,False,compress_then_pos_sh,11:15,1,100000000.0,21.0,B
expand_then_pos|E11|k1|N30|B,480,30,L,0.77,-20.23,54.6,65.3,0.26,-40.3,-1.6,3.16,False,expand_then_pos,11:15,1,100000000.0,21.0,B
expand_then_pos_sh|E11|k1|N30|B,480,30,S,-0.77,-21.77,45.4,65.3,-0.26,-42.6,1.6,-3.16,False,expand_then_pos_sh,11:15,1,100000000.0,21.0,B
orb_up|E11|k2|N5|A,480,5,L,-0.71,-38.71,48.8,76.6,-0.2,-62.6,-7.45,6.09,False,orb_up,11:15,2,10000000.0,38.0,A
orb_up_sh|E11|k2|N5|A,480,5,S,0.71,-37.29,51.2,76.6,0.2,-61.3,7.45,-6.09,False,orb_up_sh,11:15,2,10000000.0,38.0,A
orb_dn_sh|E11|k2|N5|A,480,5,S,-6.41,-44.41,46.0,65.3,-2.15,-67.6,-6.14,-6.68,True,orb_dn_sh,11:15,2,10000000.0,38.0,A
orb_dn_lg|E11|k2|N5|A,480,5,L,6.41,-31.59,53.8,65.3,2.15,-55.2,6.14,6.68,True,orb_dn_lg,11:15,2,10000000.0,38.0,A
orb_up_sig|E11|k2|N5|A,480,5,L,-0.59,-38.59,49.0,69.6,-0.18,-62.5,-6.62,5.49,False,orb_up_sig,11:15,2,10000000.0,38.0,A
orb_up_sig_sh|E11|k2|N5|A,480,5,S,0.59,-37.41,51.0,69.6,0.18,-61.4,6.62,-5.49,False,orb_up_sig_sh,11:15,2,10000000.0,38.0,A
orb_dn_sig_sh|E11|k2|N5|A,480,5,S,-7.96,-45.96,45.6,63.9,-2.73,-68.8,-7.17,-8.76,True,orb_dn_sig_sh,11:15,2,10000000.0,38.0,A
orb_dn_sig_lg|E11|k2|N5|A,480,5,L,7.96,-30.04,54.0,63.9,2.73,-53.4,7.17,8.76,True,orb_dn_sig_lg,11:15,2,10000000.0,38.0,A
pos_in_or|E11|k2|N5|A,480,5,L,-0.71,-38.71,48.8,76.6,-0.2,-62.6,-7.45,6.09,False,pos_in_or,11:15,2,10000000.0,38.0,A
pos_in_or_sh|E11|k2|N5|A,480,5,S,0.71,-37.29,51.2,76.6,0.2,-61.3,7.45,-6.09,False,pos_in_or_sh,11:15,2,10000000.0,38.0,A
pos_in_or_lo|E11|k2|N5|A,480,5,L,6.41,-31.59,53.8,65.3,2.15,-55.2,6.14,6.68,True,pos_in_or_lo,11:15,2,10000000.0,38.0,A
pos_in_or_lo_sh|E11|k2|N5|A,480,5,S,-6.41,-44.41,46.0,65.3,-2.15,-67.6,-6.14,-6.68,True,pos_in_or_lo_sh,11:15,2,10000000.0,38.0,A
or_close_pos|E11|k2|N5|A,480,5,L,1.26,-36.74,48.8,73.6,0.37,-60.7,-2.97,5.51,False,or_close_pos,11:15,2,10000000.0,38.0,A
or_close_pos_lo|E11|k2|N5|A,480,5,L,2.61,-35.39,52.3,60.5,0.95,-59.3,1.42,3.82,True,or_close_pos_lo,11:15,2,10000000.0,38.0,A
or_close_pos_sh|E11|k2|N5|A,480,5,S,-1.26,-39.26,51.0,73.6,-0.37,-63.1,2.97,-5.51,False,or_close_pos_sh,11:15,2,10000000.0,38.0,A
posrange_hi|E11|k2|N5|A,480,5,L,-0.71,-38.71,48.8,76.6,-0.2,-62.6,-7.45,6.09,False,posrange_hi,11:15,2,10000000.0,38.0,A
posrange_hi_sh|E11|k2|N5|A,480,5,S,0.71,-37.29,51.2,76.6,0.2,-61.3,7.45,-6.09,False,posrange_hi_sh,11:15,2,10000000.0,38.0,A
posrange_lo|E11|k2|N5|A,480,5,L,6.41,-31.59,53.8,65.3,2.15,-55.2,6.14,6.68,True,posrange_lo,11:15,2,10000000.0,38.0,A
posrange_lo_sh|E11|k2|N5|A,480,5,S,-6.41,-44.41,46.0,65.3,-2.15,-67.6,-6.14,-6.68,True,posrange_lo_sh,11:15,2,10000000.0,38.0,A
today_sofar|E11|k2|N5|A,480,5,L,-3.65,-41.65,48.5,132.2,-0.6,-65.8,-9.0,1.76,False,today_sofar,11:15,2,10000000.0,38.0,A
today_sofar_sh|E11|k2|N5|A,480,5,S,3.65,-34.35,51.5,132.2,0.6,-58.9,9.0,-1.76,False,today_sofar_sh,11:15,2,10000000.0,38.0,A
today_sofar_lo|E11|k2|N5|A,480,5,L,-8.7,-46.7,46.0,114.2,-1.67,-69.8,-5.39,-12.04,True,today_sofar_lo,11:15,2,10000000.0,38.0,A
or_ret|E11|k2|N5|A,480,5,L,-1.31,-39.31,49.2,133.7,-0.21,-63.8,-8.15,5.59,False,or_ret,11:15,2,10000000.0,38.0,A
or_ret_sh|E11|k2|N5|A,480,5,S,1.31,-36.69,50.8,133.7,0.21,-61.3,8.15,-5.59,False,or_ret_sh,11:15,2,10000000.0,38.0,A
inside_posor|E11|k2|N5|A,480,5,L,0.65,-37.35,46.9,69.2,0.2,-61.3,-3.49,4.81,False,inside_posor,11:15,2,10000000.0,38.0,A
inside_posor_sh|E11|k2|N5|A,480,5,S,-0.65,-38.65,52.9,69.2,-0.2,-62.5,3.49,-4.81,False,inside_posor_sh,11:15,2,10000000.0,38.0,A
inside_posor_lo|E11|k2|N5|A,480,5,L,3.28,-34.72,52.5,61.4,1.17,-58.6,1.48,5.1,True,inside_posor_lo,11:15,2,10000000.0,38.0,A
or_wide|E11|k2|N5|A,480,5,L,-3.14,-41.14,48.3,115.3,-0.6,-65.2,-5.09,-1.18,True,or_wide,11:15,2,10000000.0,38.0,A
or_wide_sh|E11|k2|N5|A,480,5,S,3.14,-34.86,51.7,115.3,0.6,-59.2,5.09,1.18,True,or_wide_sh,11:15,2,10000000.0,38.0,A
or_narrow|E11|k2|N5|A,480,5,L,-2.17,-40.17,47.5,57.3,-0.83,-63.9,-4.73,0.42,False,or_narrow,11:15,2,10000000.0,38.0,A
or_narrow_sh|E11|k2|N5|A,480,5,S,2.17,-35.83,52.5,57.3,0.83,-59.7,4.73,-0.42,False,or_narrow_sh,11:15,2,10000000.0,38.0,A
or_wrel_hi|E11|k2|N5|A,480,5,L,-4.98,-42.98,47.9,114.6,-0.95,-66.8,-1.64,-8.35,True,or_wrel_hi,11:15,2,10000000.0,38.0,A
or_wrel_lo|E11|k2|N5|A,480,5,L,-1.08,-39.08,46.9,73.3,-0.32,-63.0,-5.27,3.15,False,or_wrel_lo,11:15,2,10000000.0,38.0,A
or_wrel_hi_sh|E11|k2|N5|A,480,5,S,4.98,-33.02,52.1,114.6,0.95,-57.3,1.64,8.35,True,or_wrel_hi_sh,11:15,2,10000000.0,38.0,A
or_wrel_lo_sh|E11|k2|N5|A,480,5,S,1.08,-36.92,53.1,73.3,0.32,-60.9,5.27,-3.15,False,or_wrel_lo_sh,11:15,2,10000000.0,38.0,A
rng_expand|E11|k2|N5|A,480,5,L,-3.14,-41.14,48.3,115.3,-0.6,-65.2,-5.09,-1.18,True,rng_expand,11:15,2,10000000.0,38.0,A
rng_expand_sh|E11|k2|N5|A,480,5,S,3.14,-34.86,51.7,115.3,0.6,-59.2,5.09,1.18,True,rng_expand_sh,11:15,2,10000000.0,38.0,A
rng_compress|E11|k2|N5|A,480,5,L,-2.17,-40.17,47.5,57.3,-0.83,-63.9,-4.73,0.42,False,rng_compress,11:15,2,10000000.0,38.0,A
rng_compress_sh|E11|k2|N5|A,480,5,S,2.17,-35.83,52.5,57.3,0.83,-59.7,4.73,-0.42,False,rng_compress_sh,11:15,2,10000000.0,38.0,A
vol20_hi|E11|k2|N5|A,479,5,L,-9.38,-47.38,44.3,123.0,-1.67,-70.4,-12.93,-5.81,True,vol20_hi,11:15,2,10000000.0,38.0,A
vol20_hi_sh|E11|k2|N5|A,479,5,S,9.38,-28.62,55.7,123.0,1.67,-52.4,12.93,5.81,True,vol20_hi_sh,11:15,2,10000000.0,38.0,A
vol20_lo|E11|k2|N5|A,479,5,L,-0.02,-38.02,37.8,2.6,-0.16,-61.7,-0.02,-0.02,True,vol20_lo,11:15,2,10000000.0,38.0,A
vol20_lo_sh|E11|k2|N5|A,479,5,S,0.02,-37.98,60.8,2.6,0.16,-61.7,0.02,0.02,True,vol20_lo_sh,11:15,2,10000000.0,38.0,A
atr_hi|E11|k2|N5|A,480,5,L,-11.6,-49.6,43.5,128.2,-1.98,-72.0,-9.74,-13.48,True,atr_hi,11:15,2,10000000.0,38.0,A
atr_lo|E11|k2|N5|A,480,5,L,0.07,-37.93,47.3,1.4,1.06,-61.6,0.12,0.02,True,atr_lo,11:15,2,10000000.0,38.0,A
atr_hi_sh|E11|k2|N5|A,480,5,S,11.6,-26.4,56.5,128.2,1.98,-49.7,9.74,13.48,True,atr_hi_sh,11:15,2,10000000.0,38.0,A
rvol_hi|E11|k2|N5|A,480,5,L,-4.89,-42.89,43.8,127.4,-0.84,-66.8,-4.02,-5.76,True,rvol_hi,11:15,2,10000000.0,38.0,A
rvol_hi_sh|E11|k2|N5|A,480,5,S,4.89,-33.11,56.2,127.4,0.84,-57.5,4.02,5.76,True,rvol_hi_sh,11:15,2,10000000.0,38.0,A
rvol_lo|E11|k2|N5|A,480,5,L,-5.7,-43.7,46.5,66.3,-1.88,-67.0,-5.59,-5.82,True,rvol_lo,11:15,2,10000000.0,38.0,A
rvol_lo_sh|E11|k2|N5|A,480,5,S,5.7,-32.3,53.5,66.3,1.88,-56.0,5.59,5.82,True,rvol_lo_sh,11:15,2,10000000.0,38.0,A
orb_x_rvol|E11|k2|N5|A,480,5,L,-0.54,-38.54,44.8,135.8,-0.09,-63.1,2.34,-3.45,False,orb_x_rvol,11:15,2,10000000.0,38.0,A
orb_x_rvol_sh|E11|k2|N5|A,480,5,S,0.54,-37.46,55.2,135.8,0.09,-62.1,-2.34,3.45,False,orb_x_rvol_sh,11:15,2,10000000.0,38.0,A
gap_up|E11|k2|N5|A,480,5,L,8.03,-29.97,50.4,114.1,1.54,-53.8,0.18,15.95,True,gap_up,11:15,2,10000000.0,38.0,A
gap_up_sh|E11|k2|N5|A,480,5,S,-8.03,-46.03,49.6,114.1,-1.54,-69.2,-0.18,-15.95,True,gap_up_sh,11:15,2,10000000.0,38.0,A
gap_dn_lg|E11|k2|N5|A,480,5,L,-2.57,-40.57,46.0,112.0,-0.5,-64.7,2.5,-7.69,False,gap_dn_lg,11:15,2,10000000.0,38.0,A
gap_dn_sh|E11|k2|N5|A,480,5,S,2.57,-35.43,54.0,112.0,0.5,-59.8,-2.5,7.69,False,gap_dn_sh,11:15,2,10000000.0,38.0,A
posrange_hivol|E11|k2|N5|A,479,5,L,-3.81,-41.81,48.0,111.9,-0.74,-65.8,-15.5,7.94,False,posrange_hivol,11:15,2,10000000.0,38.0,A
posrange_lovol|E11|k2|N5|A,479,5,L,-2.45,-40.45,45.9,51.2,-1.05,-64.1,-2.52,-2.39,True,posrange_lovol,11:15,2,10000000.0,38.0,A
posrange_hivol_sh|E11|k2|N5|A,479,5,S,3.81,-34.19,52.0,111.9,0.74,-58.5,15.5,-7.94,False,posrange_hivol_sh,11:15,2,10000000.0,38.0,A
posrange_lovol_sh|E11|k2|N5|A,479,5,S,2.45,-35.55,54.1,51.2,1.05,-59.4,2.52,2.39,True,posrange_lovol_sh,11:15,2,10000000.0,38.0,A
orb_minus_width|E11|k2|N5|A,480,5,L,-1.93,-39.93,47.7,64.0,-0.66,-63.7,-5.27,1.44,False,orb_minus_width,11:15,2,10000000.0,38.0,A
orb_plus_width|E11|k2|N5|A,480,5,L,-1.24,-39.24,47.5,114.0,-0.24,-63.5,-4.75,2.29,False,orb_plus_width,11:15,2,10000000.0,38.0,A
orb_plus_width_sh|E11|k2|N5|A,480,5,S,1.24,-36.76,52.5,114.0,0.24,-61.1,4.75,-2.29,False,orb_plus_width_sh,11:15,2,10000000.0,38.0,A
orb_minus_width_sh|E11|k2|N5|A,480,5,S,1.93,-36.07,52.3,64.0,0.66,-60.0,5.27,-1.44,False,orb_minus_width_sh,11:15,2,10000000.0,38.0,A
orb_minus_d20|E11|k2|N5|A,469,5,L,5.51,-32.49,48.2,108.5,1.1,-56.6,-3.19,14.25,False,orb_minus_d20,11:15,2,10000000.0,38.0,A
orb_plus_d20|E11|k2|N5|A,469,5,L,-5.41,-43.41,47.8,128.5,-0.91,-67.3,-0.92,-9.91,True,orb_plus_d20,11:15,2,10000000.0,38.0,A
orb_plus_d20_sh|E11|k2|N5|A,469,5,S,5.41,-32.59,52.2,128.5,0.91,-57.0,0.92,9.91,True,orb_plus_d20_sh,11:15,2,10000000.0,38.0,A
orb_plus_pct52|E11|k2|N5|A,430,5,L,0.4,-37.6,50.7,66.8,0.12,-61.5,4.8,-4.05,False,orb_plus_pct52,11:15,2,10000000.0,38.0,A
orb_plus_pct52_sh|E11|k2|N5|A,430,5,S,-0.4,-38.4,49.3,66.8,-0.12,-62.3,-4.8,4.05,False,orb_plus_pct52_sh,11:15,2,10000000.0,38.0,A
compress_then_pos|E11|k2|N5|A,480,5,L,-1.93,-39.93,47.7,64.0,-0.66,-63.7,-5.27,1.44,False,compress_then_pos,11:15,2,10000000.0,38.0,A
compress_then_pos_sh|E11|k2|N5|A,480,5,S,1.93,-36.07,52.3,64.0,0.66,-60.0,5.27,-1.44,False,compress_then_pos_sh,11:15,2,10000000.0,38.0,A
expand_then_pos|E11|k2|N5|A,480,5,L,-1.24,-39.24,47.5,114.0,-0.24,-63.5,-4.75,2.29,False,expand_then_pos,11:15,2,10000000.0,38.0,A
expand_then_pos_sh|E11|k2|N5|A,480,5,S,1.24,-36.76,52.5,114.0,0.24,-61.1,4.75,-2.29,False,expand_then_pos_sh,11:15,2,10000000.0,38.0,A
orb_up|E11|k2|N10|A,480,10,L,-0.34,-38.34,53.3,66.9,-0.11,-62.2,-4.87,4.23,False,orb_up,11:15,2,10000000.0,38.0,A
orb_up_sh|E11|k2|N10|A,480,10,S,0.34,-37.66,46.7,66.9,0.11,-61.6,4.87,-4.23,False,orb_up_sh,11:15,2,10000000.0,38.0,A
orb_dn_sh|E11|k2|N10|A,480,10,S,-1.69,-39.69,48.1,62.5,-0.59,-63.5,1.03,-4.43,False,orb_dn_sh,11:15,2,10000000.0,38.0,A
orb_dn_lg|E11|k2|N10|A,480,10,L,1.69,-36.31,51.9,62.5,0.59,-60.2,-1.03,4.43,False,orb_dn_lg,11:15,2,10000000.0,38.0,A
orb_up_sig|E11|k2|N10|A,480,10,L,-1.21,-39.21,52.3,61.7,-0.43,-63.0,-6.7,4.33,False,orb_up_sig,11:15,2,10000000.0,38.0,A
orb_up_sig_sh|E11|k2|N10|A,480,10,S,1.21,-36.79,47.7,61.7,0.43,-60.7,6.7,-4.33,False,orb_up_sig_sh,11:15,2,10000000.0,38.0,A
orb_dn_sig_sh|E11|k2|N10|A,480,10,S,-2.18,-40.18,47.1,57.9,-0.82,-63.9,-0.93,-3.44,True,orb_dn_sig_sh,11:15,2,10000000.0,38.0,A
orb_dn_sig_lg|E11|k2|N10|A,480,10,L,2.18,-35.82,52.9,57.9,0.82,-59.7,0.93,3.44,True,orb_dn_sig_lg,11:15,2,10000000.0,38.0,A
pos_in_or|E11|k2|N10|A,480,10,L,-0.34,-38.34,53.3,66.9,-0.11,-62.2,-4.87,4.23,False,pos_in_or,11:15,2,10000000.0,38.0,A
pos_in_or_sh|E11|k2|N10|A,480,10,S,0.34,-37.66,46.7,66.9,0.11,-61.6,4.87,-4.23,False,pos_in_or_sh,11:15,2,10000000.0,38.0,A
pos_in_or_lo|E11|k2|N10|A,480,10,L,1.69,-36.31,51.9,62.5,0.59,-60.2,-1.03,4.43,False,pos_in_or_lo,11:15,2,10000000.0,38.0,A
pos_in_or_lo_sh|E11|k2|N10|A,480,10,S,-1.69,-39.69,48.1,62.5,-0.59,-63.5,1.03,-4.43,False,pos_in_or_lo_sh,11:15,2,10000000.0,38.0,A
or_close_pos|E11|k2|N10|A,480,10,L,0.56,-37.44,51.7,68.8,0.18,-61.4,-5.57,6.75,False,or_close_pos,11:15,2,10000000.0,38.0,A
or_close_pos_lo|E11|k2|N10|A,480,10,L,0.4,-37.6,49.0,59.9,0.15,-61.5,-2.7,3.52,False,or_close_pos_lo,11:15,2,10000000.0,38.0,A
or_close_pos_sh|E11|k2|N10|A,480,10,S,-0.56,-38.56,48.3,68.8,-0.18,-62.5,5.57,-6.75,False,or_close_pos_sh,11:15,2,10000000.0,38.0,A
posrange_hi|E11|k2|N10|A,480,10,L,-0.34,-38.34,53.3,66.9,-0.11,-62.2,-4.87,4.23,False,posrange_hi,11:15,2,10000000.0,38.0,A
posrange_hi_sh|E11|k2|N10|A,480,10,S,0.34,-37.66,46.7,66.9,0.11,-61.6,4.87,-4.23,False,posrange_hi_sh,11:15,2,10000000.0,38.0,A
posrange_lo|E11|k2|N10|A,480,10,L,1.69,-36.31,51.9,62.5,0.59,-60.2,-1.03,4.43,False,posrange_lo,11:15,2,10000000.0,38.0,A
posrange_lo_sh|E11|k2|N10|A,480,10,S,-1.69,-39.69,48.1,62.5,-0.59,-63.5,1.03,-4.43,False,posrange_lo_sh,11:15,2,10000000.0,38.0,A
today_sofar|E11|k2|N10|A,480,10,L,1.22,-36.78,52.3,99.8,0.27,-61.0,-0.5,2.96,False,today_sofar,11:15,2,10000000.0,38.0,A
today_sofar_sh|E11|k2|N10|A,480,10,S,-1.22,-39.22,47.7,99.8,-0.27,-63.3,0.5,-2.96,False,today_sofar_sh,11:15,2,10000000.0,38.0,A
today_sofar_lo|E11|k2|N10|A,480,10,L,-7.32,-45.32,42.5,91.0,-1.76,-68.5,-10.02,-4.6,True,today_sofar_lo,11:15,2,10000000.0,38.0,A
or_ret|E11|k2|N10|A,480,10,L,3.19,-34.81,52.3,101.8,0.69,-59.0,-0.66,7.07,False,or_ret,11:15,2,10000000.0,38.0,A
or_ret_sh|E11|k2|N10|A,480,10,S,-3.19,-41.19,47.7,101.8,-0.69,-65.1,0.66,-7.07,False,or_ret_sh,11:15,2,10000000.0,38.0,A
inside_posor|E11|k2|N10|A,480,10,L,-0.4,-38.4,53.1,64.7,-0.14,-62.3,-3.35,2.56,False,inside_posor,11:15,2,10000000.0,38.0,A
inside_posor_sh|E11|k2|N10|A,480,10,S,0.4,-37.6,46.9,64.7,0.14,-61.5,3.35,-2.56,False,inside_posor_sh,11:15,2,10000000.0,38.0,A
inside_posor_lo|E11|k2|N10|A,480,10,L,-0.34,-38.34,49.2,60.5,-0.12,-62.2,-3.8,3.14,False,inside_posor_lo,11:15,2,10000000.0,38.0,A
or_wide|E11|k2|N10|A,480,10,L,-2.53,-40.53,50.0,88.7,-0.62,-64.4,-2.16,-2.89,True,or_wide,11:15,2,10000000.0,38.0,A
or_wide_sh|E11|k2|N10|A,480,10,S,2.53,-35.47,50.0,88.7,0.62,-59.6,2.16,2.89,True,or_wide_sh,11:15,2,10000000.0,38.0,A
or_narrow|E11|k2|N10|A,480,10,L,-2.74,-40.74,47.1,52.7,-1.14,-64.4,-5.88,0.42,False,or_narrow,11:15,2,10000000.0,38.0,A
or_narrow_sh|E11|k2|N10|A,480,10,S,2.74,-35.26,52.9,52.7,1.14,-59.1,5.88,-0.42,False,or_narrow_sh,11:15,2,10000000.0,38.0,A
or_wrel_hi|E11|k2|N10|A,480,10,L,-2.29,-40.29,49.2,94.2,-0.53,-64.3,-1.11,-3.49,True,or_wrel_hi,11:15,2,10000000.0,38.0,A
or_wrel_lo|E11|k2|N10|A,480,10,L,-3.47,-41.47,45.8,64.6,-1.18,-65.1,-6.36,-0.55,True,or_wrel_lo,11:15,2,10000000.0,38.0,A
or_wrel_hi_sh|E11|k2|N10|A,480,10,S,2.29,-35.71,50.8,94.2,0.53,-59.9,1.11,3.49,True,or_wrel_hi_sh,11:15,2,10000000.0,38.0,A
or_wrel_lo_sh|E11|k2|N10|A,480,10,S,3.47,-34.53,54.2,64.6,1.18,-58.4,6.36,0.55,True,or_wrel_lo_sh,11:15,2,10000000.0,38.0,A
rng_expand|E11|k2|N10|A,480,10,L,-2.53,-40.53,50.0,88.7,-0.62,-64.4,-2.16,-2.89,True,rng_expand,11:15,2,10000000.0,38.0,A
rng_expand_sh|E11|k2|N10|A,480,10,S,2.53,-35.47,50.0,88.7,0.62,-59.6,2.16,2.89,True,rng_expand_sh,11:15,2,10000000.0,38.0,A
rng_compress|E11|k2|N10|A,480,10,L,-2.74,-40.74,47.1,52.7,-1.14,-64.4,-5.88,0.42,False,rng_compress,11:15,2,10000000.0,38.0,A
rng_compress_sh|E11|k2|N10|A,480,10,S,2.74,-35.26,52.9,52.7,1.14,-59.1,5.88,-0.42,False,rng_compress_sh,11:15,2,10000000.0,38.0,A
vol20_hi|E11|k2|N10|A,479,10,L,-11.66,-49.66,44.5,104.9,-2.43,-71.9,-12.97,-10.34,True,vol20_hi,11:15,2,10000000.0,38.0,A
vol20_hi_sh|E11|k2|N10|A,479,10,S,11.66,-26.34,55.5,104.9,2.43,-49.3,12.97,10.34,True,vol20_hi_sh,11:15,2,10000000.0,38.0,A
vol20_lo|E11|k2|N10|A,479,10,L,0.89,-37.11,50.3,18.8,1.03,-60.8,2.52,-0.76,False,vol20_lo,11:15,2,10000000.0,38.0,A
vol20_lo_sh|E11|k2|N10|A,479,10,S,-0.89,-38.89,49.7,18.8,-1.03,-62.6,-2.52,0.76,False,vol20_lo_sh,11:15,2,10000000.0,38.0,A
atr_hi|E11|k2|N10|A,480,10,L,-10.53,-48.53,44.8,104.0,-2.22,-71.0,-11.8,-9.25,True,atr_hi,11:15,2,10000000.0,38.0,A
atr_lo|E11|k2|N10|A,480,10,L,2.56,-35.44,59.2,17.3,3.23,-59.1,3.54,1.56,True,atr_lo,11:15,2,10000000.0,38.0,A
atr_hi_sh|E11|k2|N10|A,480,10,S,10.53,-27.47,55.2,104.0,2.22,-50.7,11.8,9.25,True,atr_hi_sh,11:15,2,10000000.0,38.0,A
rvol_hi|E11|k2|N10|A,480,10,L,-2.31,-40.31,48.5,94.8,-0.54,-64.3,-1.98,-2.66,True,rvol_hi,11:15,2,10000000.0,38.0,A
rvol_hi_sh|E11|k2|N10|A,480,10,S,2.31,-35.69,51.5,94.8,0.54,-59.8,1.98,2.66,True,rvol_hi_sh,11:15,2,10000000.0,38.0,A
rvol_lo|E11|k2|N10|A,480,10,L,-4.11,-42.11,47.5,58.0,-1.55,-65.6,-5.86,-2.34,True,rvol_lo,11:15,2,10000000.0,38.0,A
rvol_lo_sh|E11|k2|N10|A,480,10,S,4.11,-33.89,52.5,58.0,1.55,-57.7,5.86,2.34,True,rvol_lo_sh,11:15,2,10000000.0,38.0,A
orb_x_rvol|E11|k2|N10|A,480,10,L,-1.45,-39.45,46.0,91.3,-0.35,-63.5,-1.91,-0.98,True,orb_x_rvol,11:15,2,10000000.0,38.0,A
orb_x_rvol_sh|E11|k2|N10|A,480,10,S,1.45,-36.55,54.0,91.3,0.35,-60.7,1.91,0.98,True,orb_x_rvol_sh,11:15,2,10000000.0,38.0,A
gap_up|E11|k2|N10|A,480,10,L,2.37,-35.63,49.6,88.3,0.59,-59.7,-4.41,9.21,False,gap_up,11:15,2,10000000.0,38.0,A
gap_up_sh|E11|k2|N10|A,480,10,S,-2.37,-40.37,50.4,88.3,-0.59,-64.3,4.41,-9.21,False,gap_up_sh,11:15,2,10000000.0,38.0,A
gap_dn_lg|E11|k2|N10|A,480,10,L,-0.51,-38.51,48.5,84.6,-0.13,-62.5,2.79,-3.84,False,gap_dn_lg,11:15,2,10000000.0,38.0,A
gap_dn_sh|E11|k2|N10|A,480,10,S,0.51,-37.49,51.5,84.6,0.13,-61.5,-2.79,3.84,False,gap_dn_sh,11:15,2,10000000.0,38.0,A
posrange_hivol|E11|k2|N10|A,479,10,L,0.34,-37.66,51.4,91.1,0.08,-61.8,-8.49,9.21,False,posrange_hivol,11:15,2,10000000.0,38.0,A
posrange_lovol|E11|k2|N10|A,479,10,L,-2.78,-40.78,48.9,48.8,-1.25,-64.4,-3.04,-2.53,True,posrange_lovol,11:15,2,10000000.0,38.0,A
posrange_hivol_sh|E11|k2|N10|A,479,10,S,-0.34,-38.34,48.6,91.1,-0.08,-62.4,8.49,-9.21,False,posrange_hivol_sh,11:15,2,10000000.0,38.0,A
posrange_lovol_sh|E11|k2|N10|A,479,10,S,2.78,-35.22,51.1,48.8,1.25,-59.0,3.04,2.53,True,posrange_lovol_sh,11:15,2,10000000.0,38.0,A
orb_minus_width|E11|k2|N10|A,480,10,L,-0.59,-38.59,51.7,59.0,-0.22,-62.4,-2.02,0.86,False,orb_minus_width,11:15,2,10000000.0,38.0,A
orb_plus_width|E11|k2|N10|A,480,10,L,0.54,-37.46,51.0,85.4,0.14,-61.5,-1.82,2.91,False,orb_plus_width,11:15,2,10000000.0,38.0,A
orb_plus_width_sh|E11|k2|N10|A,480,10,S,-0.54,-38.54,49.0,85.4,-0.14,-62.6,1.82,-2.91,False,orb_plus_width_sh,11:15,2,10000000.0,38.0,A
orb_minus_width_sh|E11|k2|N10|A,480,10,S,0.59,-37.41,48.3,59.0,0.22,-61.3,2.02,-0.86,False,orb_minus_width_sh,11:15,2,10000000.0,38.0,A
orb_minus_d20|E11|k2|N10|A,469,10,L,4.74,-33.26,51.4,87.0,1.18,-57.2,-0.17,9.68,False,orb_minus_d20,11:15,2,10000000.0,38.0,A
orb_plus_d20|E11|k2|N10|A,469,10,L,-3.0,-41.0,50.7,94.3,-0.69,-64.9,0.66,-6.68,False,orb_plus_d20,11:15,2,10000000.0,38.0,A
orb_plus_d20_sh|E11|k2|N10|A,469,10,S,3.0,-35.0,49.3,94.3,0.69,-59.1,-0.66,6.68,False,orb_plus_d20_sh,11:15,2,10000000.0,38.0,A
orb_plus_pct52|E11|k2|N10|A,430,10,L,-0.82,-38.82,51.9,57.0,-0.3,-62.6,-1.19,-0.46,True,orb_plus_pct52,11:15,2,10000000.0,38.0,A
orb_plus_pct52_sh|E11|k2|N10|A,430,10,S,0.82,-37.18,48.1,57.0,0.3,-61.0,1.19,0.46,True,orb_plus_pct52_sh,11:15,2,10000000.0,38.0,A
compress_then_pos|E11|k2|N10|A,480,10,L,-0.59,-38.59,51.7,59.0,-0.22,-62.4,-2.02,0.86,False,compress_then_pos,11:15,2,10000000.0,38.0,A
compress_then_pos_sh|E11|k2|N10|A,480,10,S,0.59,-37.41,48.3,59.0,0.22,-61.3,2.02,-0.86,False,compress_then_pos_sh,11:15,2,10000000.0,38.0,A
expand_then_pos|E11|k2|N10|A,480,10,L,0.54,-37.46,51.0,85.4,0.14,-61.5,-1.82,2.91,False,expand_then_pos,11:15,2,10000000.0,38.0,A
expand_then_pos_sh|E11|k2|N10|A,480,10,S,-0.54,-38.54,49.0,85.4,-0.14,-62.6,1.82,-2.91,False,expand_then_pos_sh,11:15,2,10000000.0,38.0,A
orb_up|E11|k2|N20|A,480,20,L,-0.8,-38.8,50.2,59.8,-0.29,-62.6,-5.54,3.98,False,orb_up,11:15,2,10000000.0,38.0,A
orb_up_sh|E11|k2|N20|A,480,20,S,0.8,-37.2,49.8,59.8,0.29,-61.1,5.54,-3.98,False,orb_up_sh,11:15,2,10000000.0,38.0,A
orb_dn_sh|E11|k2|N20|A,480,20,S,-0.8,-38.8,50.0,61.7,-0.29,-62.6,2.64,-4.28,False,orb_dn_sh,11:15,2,10000000.0,38.0,A
orb_dn_lg|E11|k2|N20|A,480,20,L,0.8,-37.2,50.0,61.7,0.29,-61.1,-2.64,4.28,False,orb_dn_lg,11:15,2,10000000.0,38.0,A
orb_up_sig|E11|k2|N20|A,480,20,L,0.3,-37.7,52.1,56.6,0.11,-61.6,-3.62,4.25,False,orb_up_sig,11:15,2,10000000.0,38.0,A
orb_up_sig_sh|E11|k2|N20|A,480,20,S,-0.3,-38.3,47.9,56.6,-0.11,-62.1,3.62,-4.25,False,orb_up_sig_sh,11:15,2,10000000.0,38.0,A
orb_dn_sig_sh|E11|k2|N20|A,480,20,S,0.39,-37.61,51.7,58.3,0.15,-61.5,3.75,-3.0,False,orb_dn_sig_sh,11:15,2,10000000.0,38.0,A
orb_dn_sig_lg|E11|k2|N20|A,480,20,L,-0.39,-38.39,48.3,58.3,-0.15,-62.2,-3.75,3.0,False,orb_dn_sig_lg,11:15,2,10000000.0,38.0,A
pos_in_or|E11|k2|N20|A,480,20,L,-0.8,-38.8,50.2,59.8,-0.29,-62.6,-5.54,3.98,False,pos_in_or,11:15,2,10000000.0,38.0,A
pos_in_or_sh|E11|k2|N20|A,480,20,S,0.8,-37.2,49.8,59.8,0.29,-61.1,5.54,-3.98,False,pos_in_or_sh,11:15,2,10000000.0,38.0,A
pos_in_or_lo|E11|k2|N20|A,480,20,L,0.8,-37.2,50.0,61.7,0.29,-61.1,-2.64,4.28,False,pos_in_or_lo,11:15,2,10000000.0,38.0,A
pos_in_or_lo_sh|E11|k2|N20|A,480,20,S,-0.8,-38.8,50.0,61.7,-0.29,-62.6,2.64,-4.28,False,pos_in_or_lo_sh,11:15,2,10000000.0,38.0,A
or_close_pos|E11|k2|N20|A,480,20,L,1.8,-36.2,52.5,59.8,0.66,-60.1,-4.51,8.17,False,or_close_pos,11:15,2,10000000.0,38.0,A
or_close_pos_lo|E11|k2|N20|A,480,20,L,-0.77,-38.77,49.8,61.3,-0.28,-62.6,-4.9,3.39,False,or_close_pos_lo,11:15,2,10000000.0,38.0,A
or_close_pos_sh|E11|k2|N20|A,480,20,S,-1.8,-39.8,47.5,59.8,-0.66,-63.6,4.51,-8.17,False,or_close_pos_sh,11:15,2,10000000.0,38.0,A
posrange_hi|E11|k2|N20|A,480,20,L,-0.8,-38.8,50.2,59.8,-0.29,-62.6,-5.54,3.98,False,posrange_hi,11:15,2,10000000.0,38.0,A
posrange_hi_sh|E11|k2|N20|A,480,20,S,0.8,-37.2,49.8,59.8,0.29,-61.1,5.54,-3.98,False,posrange_hi_sh,11:15,2,10000000.0,38.0,A
posrange_lo|E11|k2|N20|A,480,20,L,0.8,-37.2,50.0,61.7,0.29,-61.1,-2.64,4.28,False,posrange_lo,11:15,2,10000000.0,38.0,A
posrange_lo_sh|E11|k2|N20|A,480,20,S,-0.8,-38.8,50.0,61.7,-0.29,-62.6,2.64,-4.28,False,posrange_lo_sh,11:15,2,10000000.0,38.0,A
today_sofar|E11|k2|N20|A,480,20,L,0.97,-37.03,51.5,78.5,0.27,-61.0,-3.05,5.03,False,today_sofar,11:15,2,10000000.0,38.0,A
today_sofar_sh|E11|k2|N20|A,480,20,S,-0.97,-38.97,48.5,78.5,-0.27,-62.9,3.05,-5.03,False,today_sofar_sh,11:15,2,10000000.0,38.0,A
today_sofar_lo|E11|k2|N20|A,480,20,L,-4.6,-42.6,45.0,78.3,-1.29,-66.2,-10.33,1.18,False,today_sofar_lo,11:15,2,10000000.0,38.0,A
or_ret|E11|k2|N20|A,480,20,L,1.94,-36.06,51.0,79.4,0.54,-60.1,-2.79,6.71,False,or_ret,11:15,2,10000000.0,38.0,A
or_ret_sh|E11|k2|N20|A,480,20,S,-1.94,-39.94,49.0,79.4,-0.54,-63.8,2.79,-6.71,False,or_ret_sh,11:15,2,10000000.0,38.0,A
inside_posor|E11|k2|N20|A,480,20,L,-0.62,-38.62,49.6,58.8,-0.23,-62.4,-4.73,3.53,False,inside_posor,11:15,2,10000000.0,38.0,A
inside_posor_sh|E11|k2|N20|A,480,20,S,0.62,-37.38,50.4,58.8,0.23,-61.3,4.73,-3.53,False,inside_posor_sh,11:15,2,10000000.0,38.0,A
inside_posor_lo|E11|k2|N20|A,480,20,L,-0.55,-38.55,49.0,60.9,-0.2,-62.4,-4.58,3.52,False,inside_posor_lo,11:15,2,10000000.0,38.0,A
or_wide|E11|k2|N20|A,480,20,L,-0.64,-38.64,51.5,73.2,-0.19,-62.6,-0.37,-0.92,True,or_wide,11:15,2,10000000.0,38.0,A
or_wide_sh|E11|k2|N20|A,480,20,S,0.64,-37.36,48.5,73.2,0.19,-61.3,0.37,0.92,True,or_wide_sh,11:15,2,10000000.0,38.0,A
or_narrow|E11|k2|N20|A,480,20,L,-4.5,-42.5,45.0,53.6,-1.84,-65.9,-7.59,-1.38,True,or_narrow,11:15,2,10000000.0,38.0,A
or_narrow_sh|E11|k2|N20|A,480,20,S,4.5,-33.5,55.0,53.6,1.84,-57.2,7.59,1.38,True,or_narrow_sh,11:15,2,10000000.0,38.0,A
or_wrel_hi|E11|k2|N20|A,480,20,L,-1.39,-39.39,50.6,76.7,-0.4,-63.3,-1.4,-1.39,True,or_wrel_hi,11:15,2,10000000.0,38.0,A
or_wrel_lo|E11|k2|N20|A,480,20,L,-3.5,-41.5,46.9,59.8,-1.28,-65.1,-7.46,0.49,False,or_wrel_lo,11:15,2,10000000.0,38.0,A
or_wrel_hi_sh|E11|k2|N20|A,480,20,S,1.39,-36.61,49.4,76.7,0.4,-60.6,1.4,1.39,True,or_wrel_hi_sh,11:15,2,10000000.0,38.0,A
or_wrel_lo_sh|E11|k2|N20|A,480,20,S,3.5,-34.5,53.1,59.8,1.28,-58.3,7.46,-0.49,False,or_wrel_lo_sh,11:15,2,10000000.0,38.0,A
rng_expand|E11|k2|N20|A,480,20,L,-0.64,-38.64,51.5,73.2,-0.19,-62.6,-0.37,-0.92,True,rng_expand,11:15,2,10000000.0,38.0,A
rng_expand_sh|E11|k2|N20|A,480,20,S,0.64,-37.36,48.5,73.2,0.19,-61.3,0.37,0.92,True,rng_expand_sh,11:15,2,10000000.0,38.0,A
rng_compress|E11|k2|N20|A,480,20,L,-4.5,-42.5,45.0,53.6,-1.84,-65.9,-7.59,-1.38,True,rng_compress,11:15,2,10000000.0,38.0,A
rng_compress_sh|E11|k2|N20|A,480,20,S,4.5,-33.5,55.0,53.6,1.84,-57.2,7.59,1.38,True,rng_compress_sh,11:15,2,10000000.0,38.0,A
vol20_hi|E11|k2|N20|A,479,20,L,-11.26,-49.26,44.5,89.2,-2.76,-71.5,-13.92,-8.59,True,vol20_hi,11:15,2,10000000.0,38.0,A
vol20_hi_sh|E11|k2|N20|A,479,20,S,11.26,-26.74,55.5,89.2,2.76,-49.6,13.92,8.59,True,vol20_hi_sh,11:15,2,10000000.0,38.0,A
vol20_lo|E11|k2|N20|A,479,20,L,0.06,-37.94,49.1,29.4,0.04,-61.7,0.46,-0.35,False,vol20_lo,11:15,2,10000000.0,38.0,A
vol20_lo_sh|E11|k2|N20|A,479,20,S,-0.06,-38.06,50.9,29.4,-0.04,-61.8,-0.46,0.35,False,vol20_lo_sh,11:15,2,10000000.0,38.0,A
atr_hi|E11|k2|N20|A,480,20,L,-11.05,-49.05,45.8,90.8,-2.66,-71.3,-14.63,-7.44,True,atr_hi,11:15,2,10000000.0,38.0,A
atr_lo|E11|k2|N20|A,480,20,L,2.01,-35.99,53.1,28.0,1.57,-59.7,2.26,1.76,True,atr_lo,11:15,2,10000000.0,38.0,A
atr_hi_sh|E11|k2|N20|A,480,20,S,11.05,-26.95,54.2,90.8,2.66,-49.9,14.63,7.44,True,atr_hi_sh,11:15,2,10000000.0,38.0,A
rvol_hi|E11|k2|N20|A,480,20,L,-1.37,-39.37,50.2,73.4,-0.41,-63.2,-2.71,-0.02,True,rvol_hi,11:15,2,10000000.0,38.0,A
rvol_hi_sh|E11|k2|N20|A,480,20,S,1.37,-36.63,49.8,73.4,0.41,-60.6,2.71,0.02,True,rvol_hi_sh,11:15,2,10000000.0,38.0,A
rvol_lo|E11|k2|N20|A,480,20,L,-4.88,-42.88,47.9,56.8,-1.88,-66.3,-7.28,-2.47,True,rvol_lo,11:15,2,10000000.0,38.0,A
rvol_lo_sh|E11|k2|N20|A,480,20,S,4.88,-33.12,52.1,56.8,1.88,-56.8,7.28,2.47,True,rvol_lo_sh,11:15,2,10000000.0,38.0,A
orb_x_rvol|E11|k2|N20|A,480,20,L,0.24,-37.76,52.1,70.6,0.07,-61.7,-4.12,4.64,False,orb_x_rvol,11:15,2,10000000.0,38.0,A
orb_x_rvol_sh|E11|k2|N20|A,480,20,S,-0.24,-38.24,47.9,70.6,-0.07,-62.2,4.12,-4.64,False,orb_x_rvol_sh,11:15,2,10000000.0,38.0,A
gap_up|E11|k2|N20|A,480,20,L,-0.8,-38.8,50.8,74.2,-0.23,-62.7,-7.97,6.44,False,gap_up,11:15,2,10000000.0,38.0,A
gap_up_sh|E11|k2|N20|A,480,20,S,0.8,-37.2,49.2,74.2,0.23,-61.2,7.97,-6.44,False,gap_up_sh,11:15,2,10000000.0,38.0,A
gap_dn_lg|E11|k2|N20|A,480,20,L,0.61,-37.39,50.2,70.7,0.19,-61.3,2.59,-1.38,False,gap_dn_lg,11:15,2,10000000.0,38.0,A
gap_dn_sh|E11|k2|N20|A,480,20,S,-0.61,-38.61,49.8,70.7,-0.19,-62.5,-2.59,1.38,False,gap_dn_sh,11:15,2,10000000.0,38.0,A
posrange_hivol|E11|k2|N20|A,479,20,L,-0.52,-38.52,54.3,82.1,-0.14,-62.5,-5.3,4.27,False,posrange_hivol,11:15,2,10000000.0,38.0,A
posrange_lovol|E11|k2|N20|A,479,20,L,-1.06,-39.06,49.7,46.8,-0.49,-62.8,-2.22,0.11,False,posrange_lovol,11:15,2,10000000.0,38.0,A
posrange_hivol_sh|E11|k2|N20|A,479,20,S,0.52,-37.48,45.7,82.1,0.14,-61.5,5.3,-4.27,False,posrange_hivol_sh,11:15,2,10000000.0,38.0,A
posrange_lovol_sh|E11|k2|N20|A,479,20,S,1.06,-36.94,50.3,46.8,0.49,-60.8,2.22,-0.11,False,posrange_lovol_sh,11:15,2,10000000.0,38.0,A
orb_minus_width|E11|k2|N20|A,480,20,L,0.66,-37.34,50.6,54.9,0.26,-61.2,-2.73,4.08,False,orb_minus_width,11:15,2,10000000.0,38.0,A
orb_plus_width|E11|k2|N20|A,480,20,L,2.14,-35.86,54.0,68.9,0.68,-59.8,0.32,3.97,True,orb_plus_width,11:15,2,10000000.0,38.0,A
orb_plus_width_sh|E11|k2|N20|A,480,20,S,-2.14,-40.14,46.0,68.9,-0.68,-63.9,-0.32,-3.97,True,orb_plus_width_sh,11:15,2,10000000.0,38.0,A
orb_minus_width_sh|E11|k2|N20|A,480,20,S,-0.66,-38.66,49.4,54.9,-0.26,-62.5,2.73,-4.08,False,orb_minus_width_sh,11:15,2,10000000.0,38.0,A
orb_minus_d20|E11|k2|N20|A,469,20,L,4.19,-33.81,53.1,72.9,1.25,-57.7,-0.35,8.75,False,orb_minus_d20,11:15,2,10000000.0,38.0,A
orb_plus_d20|E11|k2|N20|A,469,20,L,-2.81,-40.81,48.8,72.4,-0.84,-64.6,-1.11,-4.51,True,orb_plus_d20,11:15,2,10000000.0,38.0,A
orb_plus_d20_sh|E11|k2|N20|A,469,20,S,2.81,-35.19,51.2,72.4,0.84,-59.1,1.11,4.51,True,orb_plus_d20_sh,11:15,2,10000000.0,38.0,A
orb_plus_pct52|E11|k2|N20|A,430,20,L,0.25,-37.75,54.2,54.7,0.1,-61.6,-0.57,1.09,False,orb_plus_pct52,11:15,2,10000000.0,38.0,A
orb_plus_pct52_sh|E11|k2|N20|A,430,20,S,-0.25,-38.25,45.8,54.7,-0.1,-62.1,0.57,-1.09,False,orb_plus_pct52_sh,11:15,2,10000000.0,38.0,A
compress_then_pos|E11|k2|N20|A,480,20,L,0.66,-37.34,50.6,54.9,0.26,-61.2,-2.73,4.08,False,compress_then_pos,11:15,2,10000000.0,38.0,A
compress_then_pos_sh|E11|k2|N20|A,480,20,S,-0.66,-38.66,49.4,54.9,-0.26,-62.5,2.73,-4.08,False,compress_then_pos_sh,11:15,2,10000000.0,38.0,A
expand_then_pos|E11|k2|N20|A,480,20,L,2.14,-35.86,54.0,68.9,0.68,-59.8,0.32,3.97,True,expand_then_pos,11:15,2,10000000.0,38.0,A
expand_then_pos_sh|E11|k2|N20|A,480,20,S,-2.14,-40.14,46.0,68.9,-0.68,-63.9,-0.32,-3.97,True,expand_then_pos_sh,11:15,2,10000000.0,38.0,A
orb_up|E11|k2|N30|A,480,30,L,0.03,-37.97,56.0,58.8,0.01,-61.8,-3.03,3.11,False,orb_up,11:15,2,10000000.0,38.0,A
orb_up_sh|E11|k2|N30|A,480,30,S,-0.03,-38.03,44.0,58.8,-0.01,-61.9,3.03,-3.11,False,orb_up_sh,11:15,2,10000000.0,38.0,A
orb_dn_sh|E11|k2|N30|A,480,30,S,0.45,-37.55,50.4,61.7,0.16,-61.4,4.37,-3.5,False,orb_dn_sh,11:15,2,10000000.0,38.0,A
orb_dn_lg|E11|k2|N30|A,480,30,L,-0.45,-38.45,49.6,61.7,-0.16,-62.3,-4.37,3.5,False,orb_dn_lg,11:15,2,10000000.0,38.0,A
orb_up_sig|E11|k2|N30|A,480,30,L,0.29,-37.71,54.2,55.6,0.11,-61.6,-2.78,3.39,False,orb_up_sig,11:15,2,10000000.0,38.0,A
orb_up_sig_sh|E11|k2|N30|A,480,30,S,-0.29,-38.29,45.8,55.6,-0.11,-62.1,2.78,-3.39,False,orb_up_sig_sh,11:15,2,10000000.0,38.0,A
orb_dn_sig_sh|E11|k2|N30|A,480,30,S,0.2,-37.8,50.4,58.8,0.07,-61.7,4.28,-3.93,False,orb_dn_sig_sh,11:15,2,10000000.0,38.0,A
orb_dn_sig_lg|E11|k2|N30|A,480,30,L,-0.2,-38.2,49.6,58.8,-0.07,-62.0,-4.28,3.93,False,orb_dn_sig_lg,11:15,2,10000000.0,38.0,A
pos_in_or|E11|k2|N30|A,480,30,L,0.03,-37.97,56.0,58.8,0.01,-61.8,-3.03,3.11,False,pos_in_or,11:15,2,10000000.0,38.0,A
pos_in_or_sh|E11|k2|N30|A,480,30,S,-0.03,-38.03,44.0,58.8,-0.01,-61.9,3.03,-3.11,False,pos_in_or_sh,11:15,2,10000000.0,38.0,A
pos_in_or_lo|E11|k2|N30|A,480,30,L,-0.45,-38.45,49.6,61.7,-0.16,-62.3,-4.37,3.5,False,pos_in_or_lo,11:15,2,10000000.0,38.0,A
pos_in_or_lo_sh|E11|k2|N30|A,480,30,S,0.45,-37.55,50.4,61.7,0.16,-61.4,4.37,-3.5,False,pos_in_or_lo_sh,11:15,2,10000000.0,38.0,A
or_close_pos|E11|k2|N30|A,480,30,L,1.73,-36.27,54.4,58.5,0.65,-60.1,-2.45,5.95,False,or_close_pos,11:15,2,10000000.0,38.0,A
or_close_pos_lo|E11|k2|N30|A,480,30,L,-1.87,-39.87,49.2,61.6,-0.66,-63.6,-5.53,1.83,False,or_close_pos_lo,11:15,2,10000000.0,38.0,A
or_close_pos_sh|E11|k2|N30|A,480,30,S,-1.73,-39.73,45.6,58.5,-0.65,-63.5,2.45,-5.95,False,or_close_pos_sh,11:15,2,10000000.0,38.0,A
posrange_hi|E11|k2|N30|A,480,30,L,0.03,-37.97,56.0,58.8,0.01,-61.8,-3.03,3.11,False,posrange_hi,11:15,2,10000000.0,38.0,A
posrange_hi_sh|E11|k2|N30|A,480,30,S,-0.03,-38.03,44.0,58.8,-0.01,-61.9,3.03,-3.11,False,posrange_hi_sh,11:15,2,10000000.0,38.0,A
posrange_lo|E11|k2|N30|A,480,30,L,-0.45,-38.45,49.6,61.7,-0.16,-62.3,-4.37,3.5,False,posrange_lo,11:15,2,10000000.0,38.0,A
posrange_lo_sh|E11|k2|N30|A,480,30,S,0.45,-37.55,50.4,61.7,0.16,-61.4,4.37,-3.5,False,posrange_lo_sh,11:15,2,10000000.0,38.0,A
today_sofar|E11|k2|N30|A,480,30,L,1.21,-36.79,52.3,71.9,0.37,-60.8,-2.64,5.1,False,today_sofar,11:15,2,10000000.0,38.0,A
today_sofar_sh|E11|k2|N30|A,480,30,S,-1.21,-39.21,47.7,71.9,-0.37,-63.1,2.64,-5.1,False,today_sofar_sh,11:15,2,10000000.0,38.0,A
today_sofar_lo|E11|k2|N30|A,480,30,L,-3.66,-41.66,46.5,74.8,-1.07,-65.3,-8.65,1.38,False,today_sofar_lo,11:15,2,10000000.0,38.0,A
or_ret|E11|k2|N30|A,480,30,L,2.11,-35.89,52.9,72.0,0.64,-59.9,-2.32,6.58,False,or_ret,11:15,2,10000000.0,38.0,A
or_ret_sh|E11|k2|N30|A,480,30,S,-2.11,-40.11,47.1,72.0,-0.64,-63.9,2.32,-6.58,False,or_ret_sh,11:15,2,10000000.0,38.0,A
inside_posor|E11|k2|N30|A,480,30,L,0.29,-37.71,56.9,57.8,0.11,-61.6,-2.72,3.33,False,inside_posor,11:15,2,10000000.0,38.0,A
inside_posor_sh|E11|k2|N30|A,480,30,S,-0.29,-38.29,43.1,57.8,-0.11,-62.1,2.72,-3.33,False,inside_posor_sh,11:15,2,10000000.0,38.0,A
inside_posor_lo|E11|k2|N30|A,480,30,L,-0.94,-38.94,48.8,60.8,-0.34,-62.8,-5.1,3.25,False,inside_posor_lo,11:15,2,10000000.0,38.0,A
or_wide|E11|k2|N30|A,480,30,L,-0.41,-38.41,51.7,69.1,-0.13,-62.3,-0.9,0.09,False,or_wide,11:15,2,10000000.0,38.0,A
or_wide_sh|E11|k2|N30|A,480,30,S,0.41,-37.59,48.3,69.1,0.13,-61.5,0.9,-0.09,False,or_wide_sh,11:15,2,10000000.0,38.0,A
or_narrow|E11|k2|N30|A,480,30,L,-4.01,-42.01,47.5,54.4,-1.62,-65.5,-7.02,-0.98,True,or_narrow,11:15,2,10000000.0,38.0,A
or_narrow_sh|E11|k2|N30|A,480,30,S,4.01,-33.99,52.5,54.4,1.62,-57.8,7.02,0.98,True,or_narrow_sh,11:15,2,10000000.0,38.0,A
or_wrel_hi|E11|k2|N30|A,480,30,L,0.03,-37.97,52.9,70.6,0.01,-61.9,-0.13,0.19,False,or_wrel_hi,11:15,2,10000000.0,38.0,A
or_wrel_lo|E11|k2|N30|A,480,30,L,-4.43,-42.43,49.4,58.4,-1.66,-65.9,-8.42,-0.41,True,or_wrel_lo,11:15,2,10000000.0,38.0,A
or_wrel_hi_sh|E11|k2|N30|A,480,30,S,-0.03,-38.03,47.1,70.6,-0.01,-62.0,0.13,-0.19,False,or_wrel_hi_sh,11:15,2,10000000.0,38.0,A
or_wrel_lo_sh|E11|k2|N30|A,480,30,S,4.43,-33.57,50.6,58.4,1.66,-57.3,8.42,0.41,True,or_wrel_lo_sh,11:15,2,10000000.0,38.0,A
rng_expand|E11|k2|N30|A,480,30,L,-0.41,-38.41,51.7,69.1,-0.13,-62.3,-0.9,0.09,False,rng_expand,11:15,2,10000000.0,38.0,A
rng_expand_sh|E11|k2|N30|A,480,30,S,0.41,-37.59,48.3,69.1,0.13,-61.5,0.9,-0.09,False,rng_expand_sh,11:15,2,10000000.0,38.0,A
rng_compress|E11|k2|N30|A,480,30,L,-4.01,-42.01,47.5,54.4,-1.62,-65.5,-7.02,-0.98,True,rng_compress,11:15,2,10000000.0,38.0,A
rng_compress_sh|E11|k2|N30|A,480,30,S,4.01,-33.99,52.5,54.4,1.62,-57.8,7.02,0.98,True,rng_compress_sh,11:15,2,10000000.0,38.0,A
vol20_hi|E11|k2|N30|A,479,30,L,-9.77,-47.77,44.9,83.7,-2.56,-70.3,-12.94,-6.59,True,vol20_hi,11:15,2,10000000.0,38.0,A
vol20_hi_sh|E11|k2|N30|A,479,30,S,9.77,-28.23,55.1,83.7,2.56,-51.4,12.94,6.59,True,vol20_hi_sh,11:15,2,10000000.0,38.0,A
vol20_lo|E11|k2|N30|A,479,30,L,0.11,-37.89,49.7,34.1,0.07,-61.6,-0.64,0.86,False,vol20_lo,11:15,2,10000000.0,38.0,A
vol20_lo_sh|E11|k2|N30|A,479,30,S,-0.11,-38.11,50.3,34.1,-0.07,-61.9,0.64,-0.86,False,vol20_lo_sh,11:15,2,10000000.0,38.0,A
atr_hi|E11|k2|N30|A,480,30,L,-9.35,-47.35,47.1,85.1,-2.41,-70.0,-12.24,-6.43,True,atr_hi,11:15,2,10000000.0,38.0,A
atr_lo|E11|k2|N30|A,480,30,L,0.79,-37.21,51.0,32.1,0.54,-61.0,0.6,0.99,True,atr_lo,11:15,2,10000000.0,38.0,A
atr_hi_sh|E11|k2|N30|A,480,30,S,9.35,-28.65,52.9,85.1,2.41,-51.9,12.24,6.43,True,atr_hi_sh,11:15,2,10000000.0,38.0,A
rvol_hi|E11|k2|N30|A,480,30,L,-0.68,-38.68,52.9,68.0,-0.22,-62.6,-2.61,1.27,False,rvol_hi,11:15,2,10000000.0,38.0,A
rvol_hi_sh|E11|k2|N30|A,480,30,S,0.68,-37.32,47.1,68.0,0.22,-61.3,2.61,-1.27,False,rvol_hi_sh,11:15,2,10000000.0,38.0,A
rvol_lo|E11|k2|N30|A,480,30,L,-4.24,-42.24,48.5,58.0,-1.6,-65.7,-7.63,-0.82,True,rvol_lo,11:15,2,10000000.0,38.0,A
rvol_lo_sh|E11|k2|N30|A,480,30,S,4.24,-33.76,51.5,58.0,1.6,-57.5,7.63,0.82,True,rvol_lo_sh,11:15,2,10000000.0,38.0,A
orb_x_rvol|E11|k2|N30|A,480,30,L,0.48,-37.52,52.5,63.8,0.17,-61.4,-3.43,4.43,False,orb_x_rvol,11:15,2,10000000.0,38.0,A
orb_x_rvol_sh|E11|k2|N30|A,480,30,S,-0.48,-38.48,47.5,63.8,-0.17,-62.3,3.43,-4.43,False,orb_x_rvol_sh,11:15,2,10000000.0,38.0,A
gap_up|E11|k2|N30|A,480,30,L,-1.76,-39.76,50.2,70.8,-0.54,-63.6,-7.46,3.98,False,gap_up,11:15,2,10000000.0,38.0,A
gap_up_sh|E11|k2|N30|A,480,30,S,1.76,-36.24,49.8,70.8,0.54,-60.2,7.46,-3.98,False,gap_up_sh,11:15,2,10000000.0,38.0,A
gap_dn_lg|E11|k2|N30|A,480,30,L,1.02,-36.98,51.9,65.0,0.34,-60.9,1.82,0.21,True,gap_dn_lg,11:15,2,10000000.0,38.0,A
gap_dn_sh|E11|k2|N30|A,480,30,S,-1.02,-39.02,48.1,65.0,-0.34,-62.9,-1.82,-0.21,True,gap_dn_sh,11:15,2,10000000.0,38.0,A
posrange_hivol|E11|k2|N30|A,479,30,L,-1.49,-39.49,54.1,78.4,-0.41,-63.4,-6.17,3.21,False,posrange_hivol,11:15,2,10000000.0,38.0,A
posrange_lovol|E11|k2|N30|A,479,30,L,-1.59,-39.59,50.3,45.8,-0.76,-63.3,-3.08,-0.1,True,posrange_lovol,11:15,2,10000000.0,38.0,A
posrange_hivol_sh|E11|k2|N30|A,479,30,S,1.49,-36.51,45.9,78.4,0.41,-60.5,6.17,-3.21,False,posrange_hivol_sh,11:15,2,10000000.0,38.0,A
posrange_lovol_sh|E11|k2|N30|A,479,30,S,1.59,-36.41,49.7,45.8,0.76,-60.2,3.08,0.1,True,posrange_lovol_sh,11:15,2,10000000.0,38.0,A
orb_minus_width|E11|k2|N30|A,480,30,L,0.15,-37.85,53.1,55.5,0.06,-61.7,-3.65,3.98,False,orb_minus_width,11:15,2,10000000.0,38.0,A
orb_plus_width|E11|k2|N30|A,480,30,L,2.15,-35.85,55.0,64.7,0.73,-59.8,-1.08,5.4,False,orb_plus_width,11:15,2,10000000.0,38.0,A
orb_plus_width_sh|E11|k2|N30|A,480,30,S,-2.15,-40.15,45.0,64.7,-0.73,-63.9,1.08,-5.4,False,orb_plus_width_sh,11:15,2,10000000.0,38.0,A
orb_minus_width_sh|E11|k2|N30|A,480,30,S,-0.15,-38.15,46.9,55.5,-0.06,-62.0,3.65,-3.98,False,orb_minus_width_sh,11:15,2,10000000.0,38.0,A
orb_minus_d20|E11|k2|N30|A,469,30,L,2.98,-35.02,53.7,67.5,0.96,-58.9,-1.63,7.61,False,orb_minus_d20,11:15,2,10000000.0,38.0,A
orb_plus_d20|E11|k2|N30|A,469,30,L,-2.04,-40.04,51.2,65.8,-0.67,-63.8,-0.87,-3.22,True,orb_plus_d20,11:15,2,10000000.0,38.0,A
orb_plus_d20_sh|E11|k2|N30|A,469,30,S,2.04,-35.96,48.8,65.8,0.67,-59.9,0.87,3.22,True,orb_plus_d20_sh,11:15,2,10000000.0,38.0,A
orb_plus_pct52|E11|k2|N30|A,430,30,L,0.33,-37.67,54.2,52.7,0.13,-61.5,-0.98,1.66,False,orb_plus_pct52,11:15,2,10000000.0,38.0,A
orb_plus_pct52_sh|E11|k2|N30|A,430,30,S,-0.33,-38.33,45.8,52.7,-0.13,-62.1,0.98,-1.66,False,orb_plus_pct52_sh,11:15,2,10000000.0,38.0,A
compress_then_pos|E11|k2|N30|A,480,30,L,0.15,-37.85,53.1,55.5,0.06,-61.7,-3.65,3.98,False,compress_then_pos,11:15,2,10000000.0,38.0,A
compress_then_pos_sh|E11|k2|N30|A,480,30,S,-0.15,-38.15,46.9,55.5,-0.06,-62.0,3.65,-3.98,False,compress_then_pos_sh,11:15,2,10000000.0,38.0,A
expand_then_pos|E11|k2|N30|A,480,30,L,2.15,-35.85,55.0,64.7,0.73,-59.8,-1.08,5.4,False,expand_then_pos,11:15,2,10000000.0,38.0,A
expand_then_pos_sh|E11|k2|N30|A,480,30,S,-2.15,-40.15,45.0,64.7,-0.73,-63.9,1.08,-5.4,False,expand_then_pos_sh,11:15,2,10000000.0,38.0,A
orb_up|E11|k2|N5|B,480,5,L,0.78,-20.22,50.0,74.4,0.23,-40.4,-4.29,5.91,False,orb_up,11:15,2,100000000.0,21.0,B
orb_up_sh|E11|k2|N5|B,480,5,S,-0.78,-21.78,50.0,74.4,-0.23,-42.7,4.29,-5.91,False,orb_up_sh,11:15,2,100000000.0,21.0,B
orb_dn_sh|E11|k2|N5|B,480,5,S,-4.02,-25.02,46.7,64.7,-1.36,-47.1,-2.74,-5.31,True,orb_dn_sh,11:15,2,100000000.0,21.0,B
orb_dn_lg|E11|k2|N5|B,480,5,L,4.02,-16.98,53.1,64.7,1.36,-35.2,2.74,5.31,True,orb_dn_lg,11:15,2,100000000.0,21.0,B
orb_up_sig|E11|k2|N5|B,480,5,L,0.44,-20.56,49.4,67.5,0.14,-40.8,-4.01,4.93,False,orb_up_sig,11:15,2,100000000.0,21.0,B
orb_up_sig_sh|E11|k2|N5|B,480,5,S,-0.44,-21.44,50.6,67.5,-0.14,-42.1,4.01,-4.93,False,orb_up_sig_sh,11:15,2,100000000.0,21.0,B
orb_dn_sig_sh|E11|k2|N5|B,480,5,S,-5.95,-26.95,45.4,62.2,-2.09,-49.6,-5.51,-6.38,True,orb_dn_sig_sh,11:15,2,100000000.0,21.0,B
orb_dn_sig_lg|E11|k2|N5|B,480,5,L,5.95,-15.05,54.2,62.2,2.09,-31.9,5.51,6.38,True,orb_dn_sig_lg,11:15,2,100000000.0,21.0,B
pos_in_or|E11|k2|N5|B,480,5,L,0.78,-20.22,50.0,74.4,0.23,-40.4,-4.29,5.91,False,pos_in_or,11:15,2,100000000.0,21.0,B
pos_in_or_sh|E11|k2|N5|B,480,5,S,-0.78,-21.78,50.0,74.4,-0.23,-42.7,4.29,-5.91,False,pos_in_or_sh,11:15,2,100000000.0,21.0,B
pos_in_or_lo|E11|k2|N5|B,480,5,L,4.02,-16.98,53.1,64.7,1.36,-35.2,2.74,5.31,True,pos_in_or_lo,11:15,2,100000000.0,21.0,B
pos_in_or_lo_sh|E11|k2|N5|B,480,5,S,-4.02,-25.02,46.7,64.7,-1.36,-47.1,-2.74,-5.31,True,pos_in_or_lo_sh,11:15,2,100000000.0,21.0,B
or_close_pos|E11|k2|N5|B,480,5,L,-0.36,-21.36,48.1,72.6,-0.11,-42.0,-5.38,4.7,False,or_close_pos,11:15,2,100000000.0,21.0,B
or_close_pos_lo|E11|k2|N5|B,480,5,L,1.92,-19.08,52.1,62.4,0.68,-38.5,0.68,3.18,True,or_close_pos_lo,11:15,2,100000000.0,21.0,B
or_close_pos_sh|E11|k2|N5|B,480,5,S,0.36,-20.64,51.9,72.6,0.11,-41.0,5.38,-4.7,False,or_close_pos_sh,11:15,2,100000000.0,21.0,B
posrange_hi|E11|k2|N5|B,480,5,L,0.78,-20.22,50.0,74.4,0.23,-40.4,-4.29,5.91,False,posrange_hi,11:15,2,100000000.0,21.0,B
posrange_hi_sh|E11|k2|N5|B,480,5,S,-0.78,-21.78,50.0,74.4,-0.23,-42.7,4.29,-5.91,False,posrange_hi_sh,11:15,2,100000000.0,21.0,B
posrange_lo|E11|k2|N5|B,480,5,L,4.02,-16.98,53.1,64.7,1.36,-35.2,2.74,5.31,True,posrange_lo,11:15,2,100000000.0,21.0,B
posrange_lo_sh|E11|k2|N5|B,480,5,S,-4.02,-25.02,46.7,64.7,-1.36,-47.1,-2.74,-5.31,True,posrange_lo_sh,11:15,2,100000000.0,21.0,B
today_sofar|E11|k2|N5|B,480,5,L,-1.19,-22.19,47.9,130.5,-0.2,-44.1,-3.55,1.18,False,today_sofar,11:15,2,100000000.0,21.0,B
today_sofar_sh|E11|k2|N5|B,480,5,S,1.19,-19.81,52.1,130.5,0.2,-40.6,3.55,-1.18,False,today_sofar_sh,11:15,2,100000000.0,21.0,B
today_sofar_lo|E11|k2|N5|B,480,5,L,-8.79,-29.79,44.2,115.8,-1.66,-53.6,-8.09,-9.49,True,today_sofar_lo,11:15,2,100000000.0,21.0,B
or_ret|E11|k2|N5|B,480,5,L,2.09,-18.91,49.0,130.8,0.35,-39.3,-0.36,4.56,False,or_ret,11:15,2,100000000.0,21.0,B
or_ret_sh|E11|k2|N5|B,480,5,S,-2.09,-23.09,51.0,130.8,-0.35,-45.3,0.36,-4.56,False,or_ret_sh,11:15,2,100000000.0,21.0,B
inside_posor|E11|k2|N5|B,480,5,L,1.09,-19.91,47.3,70.3,0.34,-39.9,-3.58,5.8,False,inside_posor,11:15,2,100000000.0,21.0,B
inside_posor_sh|E11|k2|N5|B,480,5,S,-1.09,-22.09,52.5,70.3,-0.34,-43.1,3.58,-5.8,False,inside_posor_sh,11:15,2,100000000.0,21.0,B
inside_posor_lo|E11|k2|N5|B,480,5,L,0.25,-20.75,51.9,61.2,0.09,-41.0,-2.09,2.61,False,inside_posor_lo,11:15,2,100000000.0,21.0,B
or_wide|E11|k2|N5|B,480,5,L,-2.8,-23.8,47.3,106.7,-0.57,-45.9,-1.07,-4.53,True,or_wide,11:15,2,100000000.0,21.0,B
or_wide_sh|E11|k2|N5|B,480,5,S,2.8,-18.2,52.7,106.7,0.57,-37.7,1.07,4.53,True,or_wide_sh,11:15,2,100000000.0,21.0,B
or_narrow|E11|k2|N5|B,480,5,L,-2.25,-23.25,47.9,57.4,-0.86,-44.6,-3.84,-0.65,True,or_narrow,11:15,2,100000000.0,21.0,B
or_narrow_sh|E11|k2|N5|B,480,5,S,2.25,-18.75,52.1,57.4,0.86,-37.9,3.84,0.65,True,or_narrow_sh,11:15,2,100000000.0,21.0,B
or_wrel_hi|E11|k2|N5|B,480,5,L,-3.58,-24.58,48.5,109.6,-0.72,-47.0,0.4,-7.6,False,or_wrel_hi,11:15,2,100000000.0,21.0,B
or_wrel_lo|E11|k2|N5|B,480,5,L,-1.43,-22.43,48.3,73.3,-0.43,-43.6,-5.8,2.98,False,or_wrel_lo,11:15,2,100000000.0,21.0,B
or_wrel_hi_sh|E11|k2|N5|B,480,5,S,3.58,-17.42,51.5,109.6,0.72,-36.5,-0.4,7.6,False,or_wrel_hi_sh,11:15,2,100000000.0,21.0,B
or_wrel_lo_sh|E11|k2|N5|B,480,5,S,1.43,-19.57,51.7,73.3,0.43,-39.4,5.8,-2.98,False,or_wrel_lo_sh,11:15,2,100000000.0,21.0,B
rng_expand|E11|k2|N5|B,480,5,L,-2.8,-23.8,47.3,106.7,-0.57,-45.9,-1.07,-4.53,True,rng_expand,11:15,2,100000000.0,21.0,B
rng_expand_sh|E11|k2|N5|B,480,5,S,2.8,-18.2,52.7,106.7,0.57,-37.7,1.07,4.53,True,rng_expand_sh,11:15,2,100000000.0,21.0,B
rng_compress|E11|k2|N5|B,480,5,L,-2.25,-23.25,47.9,57.4,-0.86,-44.6,-3.84,-0.65,True,rng_compress,11:15,2,100000000.0,21.0,B
rng_compress_sh|E11|k2|N5|B,480,5,S,2.25,-18.75,52.1,57.4,0.86,-37.9,3.84,0.65,True,rng_compress_sh,11:15,2,100000000.0,21.0,B
vol20_hi|E11|k2|N5|B,479,5,L,-11.49,-32.49,43.4,123.4,-2.04,-56.8,-12.42,-10.54,True,vol20_hi,11:15,2,100000000.0,21.0,B
vol20_hi_sh|E11|k2|N5|B,479,5,S,11.49,-9.51,56.6,123.4,2.04,-22.8,12.42,10.54,True,vol20_hi_sh,11:15,2,100000000.0,21.0,B
vol20_lo|E11|k2|N5|B,479,5,L,0.13,-20.87,41.8,3.3,0.86,-40.9,0.29,-0.03,False,vol20_lo,11:15,2,100000000.0,21.0,B
vol20_lo_sh|E11|k2|N5|B,479,5,S,-0.13,-21.13,56.6,3.3,-0.86,-41.3,-0.29,0.03,False,vol20_lo_sh,11:15,2,100000000.0,21.0,B
atr_hi|E11|k2|N5|B,480,5,L,-11.45,-32.45,44.0,127.1,-1.97,-56.8,-6.57,-16.37,True,atr_hi,11:15,2,100000000.0,21.0,B
atr_lo|E11|k2|N5|B,480,5,L,0.18,-20.82,48.3,2.0,1.92,-40.9,0.34,0.02,True,atr_lo,11:15,2,100000000.0,21.0,B
atr_hi_sh|E11|k2|N5|B,480,5,S,11.45,-9.55,56.0,127.1,1.97,-23.0,6.57,16.37,True,atr_hi_sh,11:15,2,100000000.0,21.0,B
rvol_hi|E11|k2|N5|B,480,5,L,-2.12,-23.12,46.5,123.1,-0.38,-45.2,2.17,-6.45,False,rvol_hi,11:15,2,100000000.0,21.0,B
rvol_hi_sh|E11|k2|N5|B,480,5,S,2.12,-18.88,53.5,123.1,0.38,-39.1,-2.17,6.45,False,rvol_hi_sh,11:15,2,100000000.0,21.0,B
rvol_lo|E11|k2|N5|B,480,5,L,-6.31,-27.31,44.0,66.5,-2.08,-50.1,-7.26,-5.36,True,rvol_lo,11:15,2,100000000.0,21.0,B
rvol_lo_sh|E11|k2|N5|B,480,5,S,6.31,-14.69,56.0,66.5,2.08,-31.3,7.26,5.36,True,rvol_lo_sh,11:15,2,100000000.0,21.0,B
orb_x_rvol|E11|k2|N5|B,480,5,L,-0.84,-21.84,46.7,128.2,-0.14,-43.5,3.41,-5.13,False,orb_x_rvol,11:15,2,100000000.0,21.0,B
orb_x_rvol_sh|E11|k2|N5|B,480,5,S,0.84,-20.16,53.3,128.2,0.14,-41.1,-3.41,5.13,False,orb_x_rvol_sh,11:15,2,100000000.0,21.0,B
gap_up|E11|k2|N5|B,480,5,L,2.63,-18.37,48.1,113.5,0.51,-38.1,-7.58,12.93,False,gap_up,11:15,2,100000000.0,21.0,B
gap_up_sh|E11|k2|N5|B,480,5,S,-2.63,-23.63,51.9,113.5,-0.51,-45.8,7.58,-12.93,False,gap_up_sh,11:15,2,100000000.0,21.0,B
gap_dn_lg|E11|k2|N5|B,480,5,L,-6.28,-27.28,45.2,107.8,-1.28,-50.5,-0.06,-12.56,True,gap_dn_lg,11:15,2,100000000.0,21.0,B
gap_dn_sh|E11|k2|N5|B,480,5,S,6.28,-14.72,54.8,107.8,1.28,-32.0,0.06,12.56,True,gap_dn_sh,11:15,2,100000000.0,21.0,B
posrange_hivol|E11|k2|N5|B,479,5,L,-1.45,-22.45,49.3,109.8,-0.29,-44.1,-11.58,8.73,False,posrange_hivol,11:15,2,100000000.0,21.0,B
posrange_lovol|E11|k2|N5|B,479,5,L,-1.95,-22.95,47.6,50.6,-0.84,-44.1,-1.63,-2.26,True,posrange_lovol,11:15,2,100000000.0,21.0,B
posrange_hivol_sh|E11|k2|N5|B,479,5,S,1.45,-19.55,50.7,109.8,0.29,-39.9,11.58,-8.73,False,posrange_hivol_sh,11:15,2,100000000.0,21.0,B
posrange_lovol_sh|E11|k2|N5|B,479,5,S,1.95,-19.05,52.4,50.6,0.84,-38.4,1.63,2.26,True,posrange_lovol_sh,11:15,2,100000000.0,21.0,B
orb_minus_width|E11|k2|N5|B,480,5,L,-2.2,-23.2,47.9,64.3,-0.75,-44.6,-4.75,0.38,False,orb_minus_width,11:15,2,100000000.0,21.0,B
orb_plus_width|E11|k2|N5|B,480,5,L,-1.44,-22.44,48.8,108.1,-0.29,-44.1,-3.24,0.37,False,orb_plus_width,11:15,2,100000000.0,21.0,B
orb_plus_width_sh|E11|k2|N5|B,480,5,S,1.44,-19.56,51.2,108.1,0.29,-39.8,3.24,-0.37,False,orb_plus_width_sh,11:15,2,100000000.0,21.0,B
orb_minus_width_sh|E11|k2|N5|B,480,5,S,2.2,-18.8,52.1,64.3,0.75,-38.1,4.75,-0.38,False,orb_minus_width_sh,11:15,2,100000000.0,21.0,B
orb_minus_d20|E11|k2|N5|B,469,5,L,3.8,-17.2,49.0,104.0,0.79,-36.1,-1.56,9.18,False,orb_minus_d20,11:15,2,100000000.0,21.0,B
orb_plus_d20|E11|k2|N5|B,469,5,L,-6.03,-27.03,48.6,126.1,-1.04,-50.5,1.32,-13.4,False,orb_plus_d20,11:15,2,100000000.0,21.0,B
orb_plus_d20_sh|E11|k2|N5|B,469,5,S,6.03,-14.97,51.4,126.1,1.04,-32.8,-1.32,13.4,False,orb_plus_d20_sh,11:15,2,100000000.0,21.0,B
orb_plus_pct52|E11|k2|N5|B,430,5,L,-0.61,-21.61,49.3,66.1,-0.19,-42.3,1.96,-3.2,False,orb_plus_pct52,11:15,2,100000000.0,21.0,B
orb_plus_pct52_sh|E11|k2|N5|B,430,5,S,0.61,-20.39,50.7,66.1,0.19,-40.5,-1.96,3.2,False,orb_plus_pct52_sh,11:15,2,100000000.0,21.0,B
compress_then_pos|E11|k2|N5|B,480,5,L,-2.2,-23.2,47.9,64.3,-0.75,-44.6,-4.75,0.38,False,compress_then_pos,11:15,2,100000000.0,21.0,B
compress_then_pos_sh|E11|k2|N5|B,480,5,S,2.2,-18.8,52.1,64.3,0.75,-38.1,4.75,-0.38,False,compress_then_pos_sh,11:15,2,100000000.0,21.0,B
expand_then_pos|E11|k2|N5|B,480,5,L,-1.44,-22.44,48.8,108.1,-0.29,-44.1,-3.24,0.37,False,expand_then_pos,11:15,2,100000000.0,21.0,B
expand_then_pos_sh|E11|k2|N5|B,480,5,S,1.44,-19.56,51.2,108.1,0.29,-39.8,3.24,-0.37,False,expand_then_pos_sh,11:15,2,100000000.0,21.0,B
orb_up|E11|k2|N10|B,480,10,L,-0.3,-21.3,52.9,66.2,-0.1,-41.9,-3.98,3.41,False,orb_up,11:15,2,100000000.0,21.0,B
orb_up_sh|E11|k2|N10|B,480,10,S,0.3,-20.7,47.1,66.2,0.1,-41.0,3.98,-3.41,False,orb_up_sh,11:15,2,100000000.0,21.0,B
orb_dn_sh|E11|k2|N10|B,480,10,S,-0.28,-21.28,48.8,63.2,-0.1,-41.8,2.23,-2.81,False,orb_dn_sh,11:15,2,100000000.0,21.0,B
orb_dn_lg|E11|k2|N10|B,480,10,L,0.28,-20.72,51.2,63.2,0.1,-41.0,-2.23,2.81,False,orb_dn_lg,11:15,2,100000000.0,21.0,B
orb_up_sig|E11|k2|N10|B,480,10,L,0.2,-20.8,52.9,61.7,0.07,-41.1,-4.76,5.21,False,orb_up_sig,11:15,2,100000000.0,21.0,B
orb_up_sig_sh|E11|k2|N10|B,480,10,S,-0.2,-21.2,47.1,61.7,-0.07,-41.7,4.76,-5.21,False,orb_up_sig_sh,11:15,2,100000000.0,21.0,B
orb_dn_sig_sh|E11|k2|N10|B,480,10,S,-1.05,-22.05,46.7,58.5,-0.39,-42.9,0.57,-2.68,False,orb_dn_sig_sh,11:15,2,100000000.0,21.0,B
orb_dn_sig_lg|E11|k2|N10|B,480,10,L,1.05,-19.95,53.3,58.5,0.39,-39.8,-0.57,2.68,False,orb_dn_sig_lg,11:15,2,100000000.0,21.0,B
pos_in_or|E11|k2|N10|B,480,10,L,-0.3,-21.3,52.9,66.2,-0.1,-41.9,-3.98,3.41,False,pos_in_or,11:15,2,100000000.0,21.0,B
pos_in_or_sh|E11|k2|N10|B,480,10,S,0.3,-20.7,47.1,66.2,0.1,-41.0,3.98,-3.41,False,pos_in_or_sh,11:15,2,100000000.0,21.0,B
pos_in_or_lo|E11|k2|N10|B,480,10,L,0.28,-20.72,51.2,63.2,0.1,-41.0,-2.23,2.81,False,pos_in_or_lo,11:15,2,100000000.0,21.0,B
pos_in_or_lo_sh|E11|k2|N10|B,480,10,S,-0.28,-21.28,48.8,63.2,-0.1,-41.8,2.23,-2.81,False,pos_in_or_lo_sh,11:15,2,100000000.0,21.0,B
or_close_pos|E11|k2|N10|B,480,10,L,0.74,-20.26,51.9,66.5,0.24,-40.4,-3.1,4.61,False,or_close_pos,11:15,2,100000000.0,21.0,B
or_close_pos_lo|E11|k2|N10|B,480,10,L,-0.43,-21.43,48.8,60.7,-0.15,-42.0,-4.42,3.6,False,or_close_pos_lo,11:15,2,100000000.0,21.0,B
or_close_pos_sh|E11|k2|N10|B,480,10,S,-0.74,-21.74,48.1,66.5,-0.24,-42.5,3.1,-4.61,False,or_close_pos_sh,11:15,2,100000000.0,21.0,B
posrange_hi|E11|k2|N10|B,480,10,L,-0.3,-21.3,52.9,66.2,-0.1,-41.9,-3.98,3.41,False,posrange_hi,11:15,2,100000000.0,21.0,B
posrange_hi_sh|E11|k2|N10|B,480,10,S,0.3,-20.7,47.1,66.2,0.1,-41.0,3.98,-3.41,False,posrange_hi_sh,11:15,2,100000000.0,21.0,B
posrange_lo|E11|k2|N10|B,480,10,L,0.28,-20.72,51.2,63.2,0.1,-41.0,-2.23,2.81,False,posrange_lo,11:15,2,100000000.0,21.0,B
posrange_lo_sh|E11|k2|N10|B,480,10,S,-0.28,-21.28,48.8,63.2,-0.1,-41.8,2.23,-2.81,False,posrange_lo_sh,11:15,2,100000000.0,21.0,B
today_sofar|E11|k2|N10|B,480,10,L,1.98,-19.02,51.9,99.1,0.44,-38.9,-0.05,4.03,False,today_sofar,11:15,2,100000000.0,21.0,B
today_sofar_sh|E11|k2|N10|B,480,10,S,-1.98,-22.98,48.1,99.1,-0.44,-44.7,0.05,-4.03,False,today_sofar_sh,11:15,2,100000000.0,21.0,B
today_sofar_lo|E11|k2|N10|B,480,10,L,-7.47,-28.47,42.7,90.9,-1.8,-51.8,-10.78,-4.13,True,today_sofar_lo,11:15,2,100000000.0,21.0,B
or_ret|E11|k2|N10|B,480,10,L,3.75,-17.25,52.3,99.0,0.83,-36.1,0.65,6.86,True,or_ret,11:15,2,100000000.0,21.0,B
or_ret_sh|E11|k2|N10|B,480,10,S,-3.75,-24.75,47.7,99.0,-0.83,-47.1,-0.65,-6.86,True,or_ret_sh,11:15,2,100000000.0,21.0,B
inside_posor|E11|k2|N10|B,480,10,L,0.1,-20.9,51.9,65.0,0.03,-41.3,-2.55,2.77,False,inside_posor,11:15,2,100000000.0,21.0,B
inside_posor_sh|E11|k2|N10|B,480,10,S,-0.1,-21.1,48.1,65.0,-0.03,-41.6,2.55,-2.77,False,inside_posor_sh,11:15,2,100000000.0,21.0,B
inside_posor_lo|E11|k2|N10|B,480,10,L,-0.19,-21.19,50.2,61.9,-0.07,-41.7,-3.77,3.42,False,inside_posor_lo,11:15,2,100000000.0,21.0,B
or_wide|E11|k2|N10|B,480,10,L,-1.83,-22.83,50.2,86.7,-0.46,-44.3,-0.54,-3.14,True,or_wide,11:15,2,100000000.0,21.0,B
or_wide_sh|E11|k2|N10|B,480,10,S,1.83,-19.17,49.8,86.7,0.46,-38.9,0.54,3.14,True,or_wide_sh,11:15,2,100000000.0,21.0,B
or_narrow|E11|k2|N10|B,480,10,L,-3.37,-24.37,46.7,52.6,-1.41,-46.1,-6.44,-0.28,True,or_narrow,11:15,2,100000000.0,21.0,B
or_narrow_sh|E11|k2|N10|B,480,10,S,3.37,-17.63,53.3,52.6,1.41,-36.1,6.44,0.28,True,or_narrow_sh,11:15,2,100000000.0,21.0,B
or_wrel_hi|E11|k2|N10|B,480,10,L,-1.79,-22.79,50.0,92.1,-0.43,-44.3,0.31,-3.9,False,or_wrel_hi,11:15,2,100000000.0,21.0,B
or_wrel_lo|E11|k2|N10|B,480,10,L,-4.11,-25.11,46.7,64.0,-1.41,-47.2,-6.57,-1.62,True,or_wrel_lo,11:15,2,100000000.0,21.0,B
or_wrel_hi_sh|E11|k2|N10|B,480,10,S,1.79,-19.21,50.0,92.1,0.43,-39.1,-0.31,3.9,False,or_wrel_hi_sh,11:15,2,100000000.0,21.0,B
or_wrel_lo_sh|E11|k2|N10|B,480,10,S,4.11,-16.89,53.3,64.0,1.41,-35.0,6.57,1.62,True,or_wrel_lo_sh,11:15,2,100000000.0,21.0,B
rng_expand|E11|k2|N10|B,480,10,L,-1.83,-22.83,50.2,86.7,-0.46,-44.3,-0.54,-3.14,True,rng_expand,11:15,2,100000000.0,21.0,B
rng_expand_sh|E11|k2|N10|B,480,10,S,1.83,-19.17,49.8,86.7,0.46,-38.9,0.54,3.14,True,rng_expand_sh,11:15,2,100000000.0,21.0,B
rng_compress|E11|k2|N10|B,480,10,L,-3.37,-24.37,46.7,52.6,-1.41,-46.1,-6.44,-0.28,True,rng_compress,11:15,2,100000000.0,21.0,B
rng_compress_sh|E11|k2|N10|B,480,10,S,3.37,-17.63,53.3,52.6,1.41,-36.1,6.44,0.28,True,rng_compress_sh,11:15,2,100000000.0,21.0,B
vol20_hi|E11|k2|N10|B,479,10,L,-13.02,-34.02,43.2,105.0,-2.71,-58.2,-12.99,-13.04,True,vol20_hi,11:15,2,100000000.0,21.0,B
vol20_hi_sh|E11|k2|N10|B,479,10,S,13.02,-7.98,56.8,105.0,2.71,-19.4,12.99,13.04,True,vol20_hi_sh,11:15,2,100000000.0,21.0,B
vol20_lo|E11|k2|N10|B,479,10,L,-0.02,-21.02,47.8,20.6,-0.02,-41.2,1.1,-1.14,False,vol20_lo,11:15,2,100000000.0,21.0,B
vol20_lo_sh|E11|k2|N10|B,479,10,S,0.02,-20.98,52.2,20.6,0.02,-41.1,-1.1,1.14,False,vol20_lo_sh,11:15,2,100000000.0,21.0,B
atr_hi|E11|k2|N10|B,480,10,L,-10.74,-31.74,44.8,106.3,-2.21,-55.8,-10.6,-10.88,True,atr_hi,11:15,2,100000000.0,21.0,B
atr_lo|E11|k2|N10|B,480,10,L,2.37,-18.63,56.9,18.0,2.89,-37.5,2.96,1.78,True,atr_lo,11:15,2,100000000.0,21.0,B
atr_hi_sh|E11|k2|N10|B,480,10,S,10.74,-10.26,55.2,106.3,2.21,-23.9,10.6,10.88,True,atr_hi_sh,11:15,2,100000000.0,21.0,B
rvol_hi|E11|k2|N10|B,480,10,L,-3.69,-24.69,49.2,89.9,-0.9,-46.9,-2.6,-4.78,True,rvol_hi,11:15,2,100000000.0,21.0,B
rvol_hi_sh|E11|k2|N10|B,480,10,S,3.69,-17.31,50.8,89.9,0.9,-36.0,2.6,4.78,True,rvol_hi_sh,11:15,2,100000000.0,21.0,B
rvol_lo|E11|k2|N10|B,480,10,L,-3.6,-24.6,48.5,59.9,-1.32,-46.5,-5.08,-2.11,True,rvol_lo,11:15,2,100000000.0,21.0,B
rvol_lo_sh|E11|k2|N10|B,480,10,S,3.6,-17.4,51.5,59.9,1.32,-35.8,5.08,2.11,True,rvol_lo_sh,11:15,2,100000000.0,21.0,B
orb_x_rvol|E11|k2|N10|B,480,10,L,-3.54,-24.54,45.8,86.3,-0.9,-46.7,-4.68,-2.39,True,orb_x_rvol,11:15,2,100000000.0,21.0,B
orb_x_rvol_sh|E11|k2|N10|B,480,10,S,3.54,-17.46,54.2,86.3,0.9,-36.2,4.68,2.39,True,orb_x_rvol_sh,11:15,2,100000000.0,21.0,B
gap_up|E11|k2|N10|B,480,10,L,-0.35,-21.35,48.1,87.3,-0.09,-42.2,-9.72,9.11,False,gap_up,11:15,2,100000000.0,21.0,B
gap_up_sh|E11|k2|N10|B,480,10,S,0.35,-20.65,51.9,87.3,0.09,-41.2,9.72,-9.11,False,gap_up_sh,11:15,2,100000000.0,21.0,B
gap_dn_lg|E11|k2|N10|B,480,10,L,0.6,-20.4,50.8,82.3,0.16,-40.7,6.69,-5.53,False,gap_dn_lg,11:15,2,100000000.0,21.0,B
gap_dn_sh|E11|k2|N10|B,480,10,S,-0.6,-21.6,49.2,82.3,-0.16,-42.5,-6.69,5.53,False,gap_dn_sh,11:15,2,100000000.0,21.0,B
posrange_hivol|E11|k2|N10|B,479,10,L,1.9,-19.1,52.4,89.9,0.46,-38.9,-5.96,9.79,False,posrange_hivol,11:15,2,100000000.0,21.0,B
posrange_lovol|E11|k2|N10|B,479,10,L,-2.92,-23.92,48.6,48.4,-1.32,-45.5,-3.23,-2.61,True,posrange_lovol,11:15,2,100000000.0,21.0,B
posrange_hivol_sh|E11|k2|N10|B,479,10,S,-1.9,-22.9,47.6,89.9,-0.46,-44.4,5.96,-9.79,False,posrange_hivol_sh,11:15,2,100000000.0,21.0,B
posrange_lovol_sh|E11|k2|N10|B,479,10,S,2.92,-18.08,51.4,48.4,1.32,-36.8,3.23,2.61,True,posrange_lovol_sh,11:15,2,100000000.0,21.0,B
orb_minus_width|E11|k2|N10|B,480,10,L,-0.31,-21.31,51.7,59.6,-0.12,-41.9,-1.39,0.77,False,orb_minus_width,11:15,2,100000000.0,21.0,B
orb_plus_width|E11|k2|N10|B,480,10,L,0.07,-20.93,50.8,83.0,0.02,-41.5,-1.05,1.19,False,orb_plus_width,11:15,2,100000000.0,21.0,B
orb_plus_width_sh|E11|k2|N10|B,480,10,S,-0.07,-21.07,49.2,83.0,-0.02,-41.7,1.05,-1.19,False,orb_plus_width_sh,11:15,2,100000000.0,21.0,B
orb_minus_width_sh|E11|k2|N10|B,480,10,S,0.31,-20.69,48.3,59.6,0.12,-40.9,1.39,-0.77,False,orb_minus_width_sh,11:15,2,100000000.0,21.0,B
orb_minus_d20|E11|k2|N10|B,469,10,L,3.81,-17.19,53.1,84.6,0.98,-35.8,0.32,7.31,True,orb_minus_d20,11:15,2,100000000.0,21.0,B
orb_plus_d20|E11|k2|N10|B,469,10,L,-2.96,-23.96,49.9,92.9,-0.69,-46.0,1.9,-7.84,False,orb_plus_d20,11:15,2,100000000.0,21.0,B
orb_plus_d20_sh|E11|k2|N10|B,469,10,S,2.96,-18.04,50.1,92.9,0.69,-37.2,-1.9,7.84,False,orb_plus_d20_sh,11:15,2,100000000.0,21.0,B
orb_plus_pct52|E11|k2|N10|B,430,10,L,-0.69,-21.69,51.9,55.9,-0.26,-42.4,-0.7,-0.68,True,orb_plus_pct52,11:15,2,100000000.0,21.0,B
orb_plus_pct52_sh|E11|k2|N10|B,430,10,S,0.69,-20.31,48.1,55.9,0.26,-40.3,0.7,0.68,True,orb_plus_pct52_sh,11:15,2,100000000.0,21.0,B
compress_then_pos|E11|k2|N10|B,480,10,L,-0.31,-21.31,51.7,59.6,-0.12,-41.9,-1.39,0.77,False,compress_then_pos,11:15,2,100000000.0,21.0,B
compress_then_pos_sh|E11|k2|N10|B,480,10,S,0.31,-20.69,48.3,59.6,0.12,-40.9,1.39,-0.77,False,compress_then_pos_sh,11:15,2,100000000.0,21.0,B
expand_then_pos|E11|k2|N10|B,480,10,L,0.07,-20.93,50.8,83.0,0.02,-41.5,-1.05,1.19,False,expand_then_pos,11:15,2,100000000.0,21.0,B
expand_then_pos_sh|E11|k2|N10|B,480,10,S,-0.07,-21.07,49.2,83.0,-0.02,-41.7,1.05,-1.19,False,expand_then_pos_sh,11:15,2,100000000.0,21.0,B
orb_up|E11|k2|N20|B,480,20,L,-0.08,-21.08,50.8,60.3,-0.03,-41.5,-3.87,3.74,False,orb_up,11:15,2,100000000.0,21.0,B
orb_up_sh|E11|k2|N20|B,480,20,S,0.08,-20.92,49.2,60.3,0.03,-41.3,3.87,-3.74,False,orb_up_sh,11:15,2,100000000.0,21.0,B
orb_dn_sh|E11|k2|N20|B,480,20,S,0.24,-20.76,51.7,61.5,0.09,-41.1,3.5,-3.05,False,orb_dn_sh,11:15,2,100000000.0,21.0,B
orb_dn_lg|E11|k2|N20|B,480,20,L,-0.24,-21.24,48.3,61.5,-0.09,-41.8,-3.5,3.05,False,orb_dn_lg,11:15,2,100000000.0,21.0,B
orb_up_sig|E11|k2|N20|B,480,20,L,1.01,-19.99,51.7,57.6,0.38,-39.9,-1.88,3.92,False,orb_up_sig,11:15,2,100000000.0,21.0,B
orb_up_sig_sh|E11|k2|N20|B,480,20,S,-1.01,-22.01,48.3,57.6,-0.38,-42.8,1.88,-3.92,False,orb_up_sig_sh,11:15,2,100000000.0,21.0,B
orb_dn_sig_sh|E11|k2|N20|B,480,20,S,1.24,-19.76,52.1,58.8,0.46,-39.5,4.3,-1.84,False,orb_dn_sig_sh,11:15,2,100000000.0,21.0,B
orb_dn_sig_lg|E11|k2|N20|B,480,20,L,-1.24,-22.24,47.9,58.8,-0.46,-43.2,-4.3,1.84,False,orb_dn_sig_lg,11:15,2,100000000.0,21.0,B
pos_in_or|E11|k2|N20|B,480,20,L,-0.08,-21.08,50.8,60.3,-0.03,-41.5,-3.87,3.74,False,pos_in_or,11:15,2,100000000.0,21.0,B
pos_in_or_sh|E11|k2|N20|B,480,20,S,0.08,-20.92,49.2,60.3,0.03,-41.3,3.87,-3.74,False,pos_in_or_sh,11:15,2,100000000.0,21.0,B
pos_in_or_lo|E11|k2|N20|B,480,20,L,-0.24,-21.24,48.3,61.5,-0.09,-41.8,-3.5,3.05,False,pos_in_or_lo,11:15,2,100000000.0,21.0,B
pos_in_or_lo_sh|E11|k2|N20|B,480,20,S,0.24,-20.76,51.7,61.5,0.09,-41.1,3.5,-3.05,False,pos_in_or_lo_sh,11:15,2,100000000.0,21.0,B
or_close_pos|E11|k2|N20|B,480,20,L,2.03,-18.97,54.6,59.4,0.75,-38.3,-3.51,7.62,False,or_close_pos,11:15,2,100000000.0,21.0,B
or_close_pos_lo|E11|k2|N20|B,480,20,L,-1.49,-22.49,49.6,61.1,-0.53,-43.6,-5.47,2.53,False,or_close_pos_lo,11:15,2,100000000.0,21.0,B
or_close_pos_sh|E11|k2|N20|B,480,20,S,-2.03,-23.03,45.4,59.4,-0.75,-44.3,3.51,-7.62,False,or_close_pos_sh,11:15,2,100000000.0,21.0,B
posrange_hi|E11|k2|N20|B,480,20,L,-0.08,-21.08,50.8,60.3,-0.03,-41.5,-3.87,3.74,False,posrange_hi,11:15,2,100000000.0,21.0,B
posrange_hi_sh|E11|k2|N20|B,480,20,S,0.08,-20.92,49.2,60.3,0.03,-41.3,3.87,-3.74,False,posrange_hi_sh,11:15,2,100000000.0,21.0,B
posrange_lo|E11|k2|N20|B,480,20,L,-0.24,-21.24,48.3,61.5,-0.09,-41.8,-3.5,3.05,False,posrange_lo,11:15,2,100000000.0,21.0,B
posrange_lo_sh|E11|k2|N20|B,480,20,S,0.24,-20.76,51.7,61.5,0.09,-41.1,3.5,-3.05,False,posrange_lo_sh,11:15,2,100000000.0,21.0,B
today_sofar|E11|k2|N20|B,480,20,L,1.98,-19.02,51.9,77.6,0.56,-38.6,-1.57,5.56,False,today_sofar,11:15,2,100000000.0,21.0,B
today_sofar_sh|E11|k2|N20|B,480,20,S,-1.98,-22.98,48.1,77.6,-0.56,-44.4,1.57,-5.56,False,today_sofar_sh,11:15,2,100000000.0,21.0,B
today_sofar_lo|E11|k2|N20|B,480,20,L,-5.26,-26.26,45.0,79.1,-1.46,-48.9,-10.32,-0.16,True,today_sofar_lo,11:15,2,100000000.0,21.0,B
or_ret|E11|k2|N20|B,480,20,L,2.45,-18.55,52.5,78.4,0.68,-37.9,-1.79,6.72,False,or_ret,11:15,2,100000000.0,21.0,B
or_ret_sh|E11|k2|N20|B,480,20,S,-2.45,-23.45,47.5,78.4,-0.68,-45.1,1.79,-6.72,False,or_ret_sh,11:15,2,100000000.0,21.0,B
inside_posor|E11|k2|N20|B,480,20,L,0.09,-20.91,50.6,59.4,0.03,-41.3,-3.5,3.7,False,inside_posor,11:15,2,100000000.0,21.0,B
inside_posor_sh|E11|k2|N20|B,480,20,S,-0.09,-21.09,49.4,59.4,-0.03,-41.5,3.5,-3.7,False,inside_posor_sh,11:15,2,100000000.0,21.0,B
inside_posor_lo|E11|k2|N20|B,480,20,L,-1.18,-22.18,47.5,60.0,-0.43,-43.1,-4.88,2.56,False,inside_posor_lo,11:15,2,100000000.0,21.0,B
or_wide|E11|k2|N20|B,480,20,L,-0.49,-21.49,50.6,73.4,-0.15,-42.2,0.42,-1.41,False,or_wide,11:15,2,100000000.0,21.0,B
or_wide_sh|E11|k2|N20|B,480,20,S,0.49,-20.51,49.4,73.4,0.15,-40.8,-0.42,1.41,False,or_wide_sh,11:15,2,100000000.0,21.0,B
or_narrow|E11|k2|N20|B,480,20,L,-4.24,-25.24,46.0,54.0,-1.72,-47.3,-6.77,-1.7,True,or_narrow,11:15,2,100000000.0,21.0,B
or_narrow_sh|E11|k2|N20|B,480,20,S,4.24,-16.76,54.0,54.0,1.72,-34.7,6.77,1.7,True,or_narrow_sh,11:15,2,100000000.0,21.0,B
or_wrel_hi|E11|k2|N20|B,480,20,L,-1.81,-22.81,50.8,76.1,-0.52,-44.2,-0.96,-2.67,True,or_wrel_hi,11:15,2,100000000.0,21.0,B
or_wrel_lo|E11|k2|N20|B,480,20,L,-3.6,-24.6,47.5,59.8,-1.32,-46.5,-7.0,-0.17,True,or_wrel_lo,11:15,2,100000000.0,21.0,B
or_wrel_hi_sh|E11|k2|N20|B,480,20,S,1.81,-19.19,49.2,76.1,0.52,-38.8,0.96,2.67,True,or_wrel_hi_sh,11:15,2,100000000.0,21.0,B
or_wrel_lo_sh|E11|k2|N20|B,480,20,S,3.6,-17.4,52.5,59.8,1.32,-35.8,7.0,0.17,True,or_wrel_lo_sh,11:15,2,100000000.0,21.0,B
rng_expand|E11|k2|N20|B,480,20,L,-0.49,-21.49,50.6,73.4,-0.15,-42.2,0.42,-1.41,False,rng_expand,11:15,2,100000000.0,21.0,B
rng_expand_sh|E11|k2|N20|B,480,20,S,0.49,-20.51,49.4,73.4,0.15,-40.8,-0.42,1.41,False,rng_expand_sh,11:15,2,100000000.0,21.0,B
rng_compress|E11|k2|N20|B,480,20,L,-4.24,-25.24,46.0,54.0,-1.72,-47.3,-6.77,-1.7,True,rng_compress,11:15,2,100000000.0,21.0,B
rng_compress_sh|E11|k2|N20|B,480,20,S,4.24,-16.76,54.0,54.0,1.72,-34.7,6.77,1.7,True,rng_compress_sh,11:15,2,100000000.0,21.0,B
vol20_hi|E11|k2|N20|B,479,20,L,-11.95,-32.95,44.5,89.8,-2.91,-56.9,-13.75,-10.14,True,vol20_hi,11:15,2,100000000.0,21.0,B
vol20_hi_sh|E11|k2|N20|B,479,20,S,11.95,-9.05,55.5,89.8,2.91,-21.2,13.75,10.14,True,vol20_hi_sh,11:15,2,100000000.0,21.0,B
vol20_lo|E11|k2|N20|B,479,20,L,-0.17,-21.17,48.6,30.0,-0.12,-41.4,-0.02,-0.32,True,vol20_lo,11:15,2,100000000.0,21.0,B
vol20_lo_sh|E11|k2|N20|B,479,20,S,0.17,-20.83,51.4,30.0,0.12,-40.9,0.02,0.32,True,vol20_lo_sh,11:15,2,100000000.0,21.0,B
atr_hi|E11|k2|N20|B,480,20,L,-12.09,-33.09,46.7,92.3,-2.87,-57.1,-15.28,-8.87,True,atr_hi,11:15,2,100000000.0,21.0,B
atr_lo|E11|k2|N20|B,480,20,L,1.69,-19.31,52.5,28.4,1.3,-38.6,1.6,1.78,True,atr_lo,11:15,2,100000000.0,21.0,B
atr_hi_sh|E11|k2|N20|B,480,20,S,12.09,-8.91,53.3,92.3,2.87,-21.0,15.28,8.87,True,atr_hi_sh,11:15,2,100000000.0,21.0,B
rvol_hi|E11|k2|N20|B,480,20,L,-0.85,-21.85,50.4,73.2,-0.26,-42.8,-2.53,0.83,False,rvol_hi,11:15,2,100000000.0,21.0,B
rvol_hi_sh|E11|k2|N20|B,480,20,S,0.85,-20.15,49.6,73.2,0.26,-40.2,2.53,-0.83,False,rvol_hi_sh,11:15,2,100000000.0,21.0,B
rvol_lo|E11|k2|N20|B,480,20,L,-5.05,-26.05,47.3,57.2,-1.93,-48.4,-8.28,-1.79,True,rvol_lo,11:15,2,100000000.0,21.0,B
rvol_lo_sh|E11|k2|N20|B,480,20,S,5.05,-15.95,52.7,57.2,1.93,-33.4,8.28,1.79,True,rvol_lo_sh,11:15,2,100000000.0,21.0,B
orb_x_rvol|E11|k2|N20|B,480,20,L,-0.09,-21.09,52.1,69.6,-0.03,-41.6,-4.36,4.23,False,orb_x_rvol,11:15,2,100000000.0,21.0,B
orb_x_rvol_sh|E11|k2|N20|B,480,20,S,0.09,-20.91,47.9,69.6,0.03,-41.4,4.36,-4.23,False,orb_x_rvol_sh,11:15,2,100000000.0,21.0,B
gap_up|E11|k2|N20|B,480,20,L,-1.74,-22.74,49.8,75.6,-0.5,-44.1,-8.83,5.41,False,gap_up,11:15,2,100000000.0,21.0,B
gap_up_sh|E11|k2|N20|B,480,20,S,1.74,-19.26,50.2,75.6,0.5,-38.9,8.83,-5.41,False,gap_up_sh,11:15,2,100000000.0,21.0,B
gap_dn_lg|E11|k2|N20|B,480,20,L,0.49,-20.51,52.3,68.7,0.16,-40.7,3.6,-2.64,False,gap_dn_lg,11:15,2,100000000.0,21.0,B
gap_dn_sh|E11|k2|N20|B,480,20,S,-0.49,-21.49,47.7,68.7,-0.16,-42.2,-3.6,2.64,False,gap_dn_sh,11:15,2,100000000.0,21.0,B
posrange_hivol|E11|k2|N20|B,479,20,L,0.32,-20.68,54.1,81.7,0.08,-41.2,-4.54,5.2,False,posrange_hivol,11:15,2,100000000.0,21.0,B
posrange_lovol|E11|k2|N20|B,479,20,L,-1.14,-22.14,49.5,47.0,-0.53,-43.0,-2.32,0.05,False,posrange_lovol,11:15,2,100000000.0,21.0,B
posrange_hivol_sh|E11|k2|N20|B,479,20,S,-0.32,-21.32,45.9,81.7,-0.08,-42.1,4.54,-5.2,False,posrange_hivol_sh,11:15,2,100000000.0,21.0,B
posrange_lovol_sh|E11|k2|N20|B,479,20,S,1.14,-19.86,50.5,47.0,0.53,-39.6,2.32,-0.05,False,posrange_lovol_sh,11:15,2,100000000.0,21.0,B
orb_minus_width|E11|k2|N20|B,480,20,L,1.13,-19.87,50.4,55.7,0.44,-39.7,-1.78,4.06,False,orb_minus_width,11:15,2,100000000.0,21.0,B
orb_plus_width|E11|k2|N20|B,480,20,L,2.54,-18.46,53.8,69.5,0.8,-37.6,0.85,4.23,True,orb_plus_width,11:15,2,100000000.0,21.0,B
orb_plus_width_sh|E11|k2|N20|B,480,20,S,-2.54,-23.54,46.2,69.5,-0.8,-45.1,-0.85,-4.23,True,orb_plus_width_sh,11:15,2,100000000.0,21.0,B
orb_minus_width_sh|E11|k2|N20|B,480,20,S,-1.13,-22.13,49.6,55.7,-0.44,-43.0,1.78,-4.06,False,orb_minus_width_sh,11:15,2,100000000.0,21.0,B
orb_minus_d20|E11|k2|N20|B,469,20,L,4.0,-17.0,53.5,71.4,1.21,-35.3,0.03,7.99,True,orb_minus_d20,11:15,2,100000000.0,21.0,B
orb_plus_d20|E11|k2|N20|B,469,20,L,-2.55,-23.55,49.5,71.1,-0.78,-45.2,-0.3,-4.81,True,orb_plus_d20,11:15,2,100000000.0,21.0,B
orb_plus_d20_sh|E11|k2|N20|B,469,20,S,2.55,-18.45,50.5,71.1,0.78,-37.6,0.3,4.81,True,orb_plus_d20_sh,11:15,2,100000000.0,21.0,B
orb_plus_pct52|E11|k2|N20|B,430,20,L,0.31,-20.69,54.7,54.0,0.12,-40.9,-0.26,0.89,False,orb_plus_pct52,11:15,2,100000000.0,21.0,B
orb_plus_pct52_sh|E11|k2|N20|B,430,20,S,-0.31,-21.31,45.3,54.0,-0.12,-41.8,0.26,-0.89,False,orb_plus_pct52_sh,11:15,2,100000000.0,21.0,B
compress_then_pos|E11|k2|N20|B,480,20,L,1.13,-19.87,50.4,55.7,0.44,-39.7,-1.78,4.06,False,compress_then_pos,11:15,2,100000000.0,21.0,B
compress_then_pos_sh|E11|k2|N20|B,480,20,S,-1.13,-22.13,49.6,55.7,-0.44,-43.0,1.78,-4.06,False,compress_then_pos_sh,11:15,2,100000000.0,21.0,B
expand_then_pos|E11|k2|N20|B,480,20,L,2.54,-18.46,53.8,69.5,0.8,-37.6,0.85,4.23,True,expand_then_pos,11:15,2,100000000.0,21.0,B
expand_then_pos_sh|E11|k2|N20|B,480,20,S,-2.54,-23.54,46.2,69.5,-0.8,-45.1,-0.85,-4.23,True,expand_then_pos_sh,11:15,2,100000000.0,21.0,B
orb_up|E11|k2|N30|B,480,30,L,0.58,-20.42,55.6,59.2,0.21,-40.5,-1.74,2.92,False,orb_up,11:15,2,100000000.0,21.0,B
orb_up_sh|E11|k2|N30|B,480,30,S,-0.58,-21.58,44.4,59.2,-0.21,-42.2,1.74,-2.92,False,orb_up_sh,11:15,2,100000000.0,21.0,B
orb_dn_sh|E11|k2|N30|B,480,30,S,0.67,-20.33,51.5,61.8,0.24,-40.4,4.29,-2.97,False,orb_dn_sh,11:15,2,100000000.0,21.0,B
orb_dn_lg|E11|k2|N30|B,480,30,L,-0.67,-21.67,48.5,61.8,-0.24,-42.4,-4.29,2.97,False,orb_dn_lg,11:15,2,100000000.0,21.0,B
orb_up_sig|E11|k2|N30|B,480,30,L,0.79,-20.21,54.4,56.2,0.31,-40.2,-1.68,3.28,False,orb_up_sig,11:15,2,100000000.0,21.0,B
orb_up_sig_sh|E11|k2|N30|B,480,30,S,-0.79,-21.79,45.6,56.2,-0.31,-42.5,1.68,-3.28,False,orb_up_sig_sh,11:15,2,100000000.0,21.0,B
orb_dn_sig_sh|E11|k2|N30|B,480,30,S,1.0,-20.0,50.0,58.8,0.37,-39.9,5.21,-3.24,False,orb_dn_sig_sh,11:15,2,100000000.0,21.0,B
orb_dn_sig_lg|E11|k2|N30|B,480,30,L,-1.0,-22.0,50.0,58.8,-0.37,-42.8,-5.21,3.24,False,orb_dn_sig_lg,11:15,2,100000000.0,21.0,B
pos_in_or|E11|k2|N30|B,480,30,L,0.58,-20.42,55.6,59.2,0.21,-40.5,-1.74,2.92,False,pos_in_or,11:15,2,100000000.0,21.0,B
pos_in_or_sh|E11|k2|N30|B,480,30,S,-0.58,-21.58,44.4,59.2,-0.21,-42.2,1.74,-2.92,False,pos_in_or_sh,11:15,2,100000000.0,21.0,B
pos_in_or_lo|E11|k2|N30|B,480,30,L,-0.67,-21.67,48.5,61.8,-0.24,-42.4,-4.29,2.97,False,pos_in_or_lo,11:15,2,100000000.0,21.0,B
pos_in_or_lo_sh|E11|k2|N30|B,480,30,S,0.67,-20.33,51.5,61.8,0.24,-40.4,4.29,-2.97,False,pos_in_or_lo_sh,11:15,2,100000000.0,21.0,B
or_close_pos|E11|k2|N30|B,480,30,L,1.99,-19.01,54.6,58.0,0.75,-38.4,-1.53,5.53,False,or_close_pos,11:15,2,100000000.0,21.0,B
or_close_pos_lo|E11|k2|N30|B,480,30,L,-2.31,-23.31,47.9,61.5,-0.82,-44.7,-6.07,1.48,False,or_close_pos_lo,11:15,2,100000000.0,21.0,B
or_close_pos_sh|E11|k2|N30|B,480,30,S,-1.99,-22.99,45.4,58.0,-0.75,-44.2,1.53,-5.53,False,or_close_pos_sh,11:15,2,100000000.0,21.0,B
posrange_hi|E11|k2|N30|B,480,30,L,0.58,-20.42,55.6,59.2,0.21,-40.5,-1.74,2.92,False,posrange_hi,11:15,2,100000000.0,21.0,B
posrange_hi_sh|E11|k2|N30|B,480,30,S,-0.58,-21.58,44.4,59.2,-0.21,-42.2,1.74,-2.92,False,posrange_hi_sh,11:15,2,100000000.0,21.0,B
posrange_lo|E11|k2|N30|B,480,30,L,-0.67,-21.67,48.5,61.8,-0.24,-42.4,-4.29,2.97,False,posrange_lo,11:15,2,100000000.0,21.0,B
posrange_lo_sh|E11|k2|N30|B,480,30,S,0.67,-20.33,51.5,61.8,0.24,-40.4,4.29,-2.97,False,posrange_lo_sh,11:15,2,100000000.0,21.0,B
today_sofar|E11|k2|N30|B,480,30,L,1.61,-19.39,50.8,71.5,0.49,-39.1,-1.42,4.66,False,today_sofar,11:15,2,100000000.0,21.0,B
today_sofar_sh|E11|k2|N30|B,480,30,S,-1.61,-22.61,49.2,71.5,-0.49,-43.8,1.42,-4.66,False,today_sofar_sh,11:15,2,100000000.0,21.0,B
today_sofar_lo|E11|k2|N30|B,480,30,L,-3.87,-24.87,46.0,74.5,-1.14,-47.0,-8.85,1.15,False,today_sofar_lo,11:15,2,100000000.0,21.0,B
or_ret|E11|k2|N30|B,480,30,L,2.56,-18.44,51.2,71.5,0.78,-37.6,-1.1,6.25,False,or_ret,11:15,2,100000000.0,21.0,B
or_ret_sh|E11|k2|N30|B,480,30,S,-2.56,-23.56,48.8,71.5,-0.78,-45.2,1.1,-6.25,False,or_ret_sh,11:15,2,100000000.0,21.0,B
inside_posor|E11|k2|N30|B,480,30,L,1.02,-19.98,56.7,58.2,0.38,-39.9,-1.45,3.51,False,inside_posor,11:15,2,100000000.0,21.0,B
inside_posor_sh|E11|k2|N30|B,480,30,S,-1.02,-22.02,43.3,58.2,-0.38,-42.9,1.45,-3.51,False,inside_posor_sh,11:15,2,100000000.0,21.0,B
inside_posor_lo|E11|k2|N30|B,480,30,L,-1.42,-22.42,48.3,60.8,-0.51,-43.5,-5.06,2.24,False,inside_posor_lo,11:15,2,100000000.0,21.0,B
or_wide|E11|k2|N30|B,480,30,L,0.07,-20.93,52.7,67.7,0.02,-41.4,-0.1,0.25,False,or_wide,11:15,2,100000000.0,21.0,B
or_wide_sh|E11|k2|N30|B,480,30,S,-0.07,-21.07,47.3,67.7,-0.02,-41.6,0.1,-0.25,False,or_wide_sh,11:15,2,100000000.0,21.0,B
or_narrow|E11|k2|N30|B,480,30,L,-3.76,-24.76,47.9,54.2,-1.52,-46.7,-6.53,-0.96,True,or_narrow,11:15,2,100000000.0,21.0,B
or_narrow_sh|E11|k2|N30|B,480,30,S,3.76,-17.24,52.1,54.2,1.52,-35.5,6.53,0.96,True,or_narrow_sh,11:15,2,100000000.0,21.0,B
or_wrel_hi|E11|k2|N30|B,480,30,L,-0.35,-21.35,51.5,69.6,-0.11,-42.0,-0.53,-0.17,True,or_wrel_hi,11:15,2,100000000.0,21.0,B
or_wrel_lo|E11|k2|N30|B,480,30,L,-4.75,-25.75,47.5,58.0,-1.79,-48.0,-8.52,-0.95,True,or_wrel_lo,11:15,2,100000000.0,21.0,B
or_wrel_hi_sh|E11|k2|N30|B,480,30,S,0.35,-20.65,48.5,69.6,0.11,-41.0,0.53,0.17,True,or_wrel_hi_sh,11:15,2,100000000.0,21.0,B
or_wrel_lo_sh|E11|k2|N30|B,480,30,S,4.75,-16.25,52.5,58.0,1.79,-33.9,8.52,0.95,True,or_wrel_lo_sh,11:15,2,100000000.0,21.0,B
rng_expand|E11|k2|N30|B,480,30,L,0.07,-20.93,52.7,67.7,0.02,-41.4,-0.1,0.25,False,rng_expand,11:15,2,100000000.0,21.0,B
rng_expand_sh|E11|k2|N30|B,480,30,S,-0.07,-21.07,47.3,67.7,-0.02,-41.6,0.1,-0.25,False,rng_expand_sh,11:15,2,100000000.0,21.0,B
rng_compress|E11|k2|N30|B,480,30,L,-3.76,-24.76,47.9,54.2,-1.52,-46.7,-6.53,-0.96,True,rng_compress,11:15,2,100000000.0,21.0,B
rng_compress_sh|E11|k2|N30|B,480,30,S,3.76,-17.24,52.1,54.2,1.52,-35.5,6.53,0.96,True,rng_compress_sh,11:15,2,100000000.0,21.0,B
vol20_hi|E11|k2|N30|B,479,30,L,-9.77,-30.77,43.6,84.4,-2.53,-54.4,-12.09,-7.45,True,vol20_hi,11:15,2,100000000.0,21.0,B
vol20_hi_sh|E11|k2|N30|B,479,30,S,9.77,-11.23,56.4,84.4,2.53,-25.3,12.09,7.45,True,vol20_hi_sh,11:15,2,100000000.0,21.0,B
vol20_lo|E11|k2|N30|B,479,30,L,-0.22,-21.22,49.3,34.5,-0.14,-41.5,-1.39,0.94,False,vol20_lo,11:15,2,100000000.0,21.0,B
vol20_lo_sh|E11|k2|N30|B,479,30,S,0.22,-20.78,50.7,34.5,0.14,-40.9,1.39,-0.94,False,vol20_lo_sh,11:15,2,100000000.0,21.0,B
atr_hi|E11|k2|N30|B,480,30,L,-10.21,-31.21,48.1,85.4,-2.62,-54.9,-13.49,-6.91,True,atr_hi,11:15,2,100000000.0,21.0,B
atr_lo|E11|k2|N30|B,480,30,L,0.64,-20.36,50.8,32.5,0.43,-40.2,0.29,0.99,True,atr_lo,11:15,2,100000000.0,21.0,B
atr_hi_sh|E11|k2|N30|B,480,30,S,10.21,-10.79,51.9,85.4,2.62,-24.5,13.49,6.91,True,atr_hi_sh,11:15,2,100000000.0,21.0,B
rvol_hi|E11|k2|N30|B,480,30,L,-0.46,-21.46,51.7,67.5,-0.15,-42.1,-2.25,1.34,False,rvol_hi,11:15,2,100000000.0,21.0,B
rvol_hi_sh|E11|k2|N30|B,480,30,S,0.46,-20.54,48.3,67.5,0.15,-40.8,2.25,-1.34,False,rvol_hi_sh,11:15,2,100000000.0,21.0,B
rvol_lo|E11|k2|N30|B,480,30,L,-4.01,-25.01,49.2,58.4,-1.51,-47.0,-7.53,-0.47,True,rvol_lo,11:15,2,100000000.0,21.0,B
rvol_lo_sh|E11|k2|N30|B,480,30,S,4.01,-16.99,50.8,58.4,1.51,-35.1,7.53,0.47,True,rvol_lo_sh,11:15,2,100000000.0,21.0,B
orb_x_rvol|E11|k2|N30|B,480,30,L,0.24,-20.76,53.5,63.2,0.08,-41.1,-3.41,3.92,False,orb_x_rvol,11:15,2,100000000.0,21.0,B
orb_x_rvol_sh|E11|k2|N30|B,480,30,S,-0.24,-21.24,46.5,63.2,-0.08,-41.8,3.41,-3.92,False,orb_x_rvol_sh,11:15,2,100000000.0,21.0,B
gap_up|E11|k2|N30|B,480,30,L,-2.29,-23.29,50.0,70.3,-0.71,-44.8,-8.0,3.47,False,gap_up,11:15,2,100000000.0,21.0,B
gap_up_sh|E11|k2|N30|B,480,30,S,2.29,-18.71,50.0,70.3,0.71,-38.0,8.0,-3.47,False,gap_up_sh,11:15,2,100000000.0,21.0,B
gap_dn_lg|E11|k2|N30|B,480,30,L,0.91,-20.09,54.2,64.5,0.31,-40.1,2.41,-0.6,False,gap_dn_lg,11:15,2,100000000.0,21.0,B
gap_dn_sh|E11|k2|N30|B,480,30,S,-0.91,-21.91,45.8,64.5,-0.31,-42.8,-2.41,0.6,False,gap_dn_sh,11:15,2,100000000.0,21.0,B
posrange_hivol|E11|k2|N30|B,479,30,L,-0.9,-21.9,54.5,78.8,-0.25,-42.9,-5.83,4.05,False,posrange_hivol,11:15,2,100000000.0,21.0,B
posrange_lovol|E11|k2|N30|B,479,30,L,-1.22,-22.22,50.3,46.1,-0.58,-43.1,-2.78,0.34,False,posrange_lovol,11:15,2,100000000.0,21.0,B
posrange_hivol_sh|E11|k2|N30|B,479,30,S,0.9,-20.1,45.5,78.8,0.25,-40.2,5.83,-4.05,False,posrange_hivol_sh,11:15,2,100000000.0,21.0,B
posrange_lovol_sh|E11|k2|N30|B,479,30,S,1.22,-19.78,49.7,46.1,0.58,-39.4,2.78,-0.34,False,posrange_lovol_sh,11:15,2,100000000.0,21.0,B
orb_minus_width|E11|k2|N30|B,480,30,L,0.62,-20.38,53.1,55.5,0.25,-40.4,-2.53,3.8,False,orb_minus_width,11:15,2,100000000.0,21.0,B
orb_plus_width|E11|k2|N30|B,480,30,L,2.16,-18.84,55.6,64.3,0.73,-38.2,-0.88,5.22,False,orb_plus_width,11:15,2,100000000.0,21.0,B
orb_plus_width_sh|E11|k2|N30|B,480,30,S,-2.16,-23.16,44.4,64.3,-0.73,-44.5,0.88,-5.22,False,orb_plus_width_sh,11:15,2,100000000.0,21.0,B
orb_minus_width_sh|E11|k2|N30|B,480,30,S,-0.62,-21.62,46.9,55.5,-0.25,-42.3,2.53,-3.8,False,orb_minus_width_sh,11:15,2,100000000.0,21.0,B
orb_minus_d20|E11|k2|N30|B,469,30,L,3.35,-17.65,54.4,66.7,1.09,-36.3,-0.02,6.73,False,orb_minus_d20,11:15,2,100000000.0,21.0,B
orb_plus_d20|E11|k2|N30|B,469,30,L,-2.27,-23.27,52.0,65.1,-0.75,-44.7,-0.77,-3.77,True,orb_plus_d20,11:15,2,100000000.0,21.0,B
orb_plus_d20_sh|E11|k2|N30|B,469,30,S,2.27,-18.73,48.0,65.1,0.75,-38.0,0.77,3.77,True,orb_plus_d20_sh,11:15,2,100000000.0,21.0,B
orb_plus_pct52|E11|k2|N30|B,430,30,L,0.55,-20.45,54.2,52.7,0.22,-40.5,-0.2,1.31,False,orb_plus_pct52,11:15,2,100000000.0,21.0,B
orb_plus_pct52_sh|E11|k2|N30|B,430,30,S,-0.55,-21.55,45.8,52.7,-0.22,-42.1,0.2,-1.31,False,orb_plus_pct52_sh,11:15,2,100000000.0,21.0,B
compress_then_pos|E11|k2|N30|B,480,30,L,0.62,-20.38,53.1,55.5,0.25,-40.4,-2.53,3.8,False,compress_then_pos,11:15,2,100000000.0,21.0,B
compress_then_pos_sh|E11|k2|N30|B,480,30,S,-0.62,-21.62,46.9,55.5,-0.25,-42.3,2.53,-3.8,False,compress_then_pos_sh,11:15,2,100000000.0,21.0,B
expand_then_pos|E11|k2|N30|B,480,30,L,2.16,-18.84,55.6,64.3,0.73,-38.2,-0.88,5.22,False,expand_then_pos,11:15,2,100000000.0,21.0,B
expand_then_pos_sh|E11|k2|N30|B,480,30,S,-2.16,-23.16,44.4,64.3,-0.73,-44.5,0.88,-5.22,False,expand_then_pos_sh,11:15,2,100000000.0,21.0,B
orb_up|E12|k1|N5|A,480,5,L,-5.2,-43.2,44.8,85.1,-1.34,-66.7,-4.09,-6.32,True,orb_up,12:15,1,10000000.0,38.0,A
orb_up_sh|E12|k1|N5|A,480,5,S,5.2,-32.8,55.2,85.1,1.34,-56.7,4.09,6.32,True,orb_up_sh,12:15,1,10000000.0,38.0,A
orb_dn_sh|E12|k1|N5|A,480,5,S,-4.89,-42.89,47.5,67.2,-1.59,-66.3,-5.15,-4.62,True,orb_dn_sh,12:15,1,10000000.0,38.0,A
orb_dn_lg|E12|k1|N5|A,480,5,L,4.89,-33.11,52.5,67.2,1.59,-56.9,5.15,4.62,True,orb_dn_lg,12:15,1,10000000.0,38.0,A
orb_up_sig|E12|k1|N5|A,480,5,L,-2.6,-40.6,48.5,96.4,-0.59,-64.6,-7.3,2.14,False,orb_up_sig,12:15,1,10000000.0,38.0,A
orb_up_sig_sh|E12|k1|N5|A,480,5,S,2.6,-35.4,51.5,96.4,0.59,-59.6,7.3,-2.14,False,orb_up_sig_sh,12:15,1,10000000.0,38.0,A
orb_dn_sig_sh|E12|k1|N5|A,480,5,S,-7.84,-45.84,48.1,72.5,-2.37,-68.8,-9.07,-6.6,True,orb_dn_sig_sh,12:15,1,10000000.0,38.0,A
orb_dn_sig_lg|E12|k1|N5|A,480,5,L,7.84,-30.16,51.9,72.5,2.37,-53.6,9.07,6.6,True,orb_dn_sig_lg,12:15,1,10000000.0,38.0,A
pos_in_or|E12|k1|N5|A,480,5,L,-5.2,-43.2,44.8,85.1,-1.34,-66.7,-4.09,-6.32,True,pos_in_or,12:15,1,10000000.0,38.0,A
pos_in_or_sh|E12|k1|N5|A,480,5,S,5.2,-32.8,55.2,85.1,1.34,-56.7,4.09,6.32,True,pos_in_or_sh,12:15,1,10000000.0,38.0,A
pos_in_or_lo|E12|k1|N5|A,480,5,L,4.89,-33.11,52.5,67.2,1.59,-56.9,5.15,4.62,True,pos_in_or_lo,12:15,1,10000000.0,38.0,A
pos_in_or_lo_sh|E12|k1|N5|A,480,5,S,-4.89,-42.89,47.5,67.2,-1.59,-66.3,-5.15,-4.62,True,pos_in_or_lo_sh,12:15,1,10000000.0,38.0,A
or_close_pos|E12|k1|N5|A,480,5,L,-0.22,-38.22,48.3,54.7,-0.09,-62.0,1.5,-1.95,False,or_close_pos,12:15,1,10000000.0,38.0,A
or_close_pos_lo|E12|k1|N5|A,480,5,L,-0.12,-38.12,46.9,56.0,-0.05,-62.0,-1.44,1.2,False,or_close_pos_lo,12:15,1,10000000.0,38.0,A
or_close_pos_sh|E12|k1|N5|A,480,5,S,0.22,-37.78,51.7,54.7,0.09,-61.6,-1.5,1.95,False,or_close_pos_sh,12:15,1,10000000.0,38.0,A
posrange_hi|E12|k1|N5|A,480,5,L,0.72,-37.28,49.6,59.8,0.26,-61.2,-6.42,7.92,False,posrange_hi,12:15,1,10000000.0,38.0,A
posrange_hi_sh|E12|k1|N5|A,480,5,S,-0.72,-38.72,50.4,59.8,-0.26,-62.6,6.42,-7.92,False,posrange_hi_sh,12:15,1,10000000.0,38.0,A
posrange_lo|E12|k1|N5|A,480,5,L,2.78,-35.22,51.9,60.6,1.0,-59.1,-0.17,5.75,False,posrange_lo,12:15,1,10000000.0,38.0,A
posrange_lo_sh|E12|k1|N5|A,480,5,S,-2.78,-40.78,47.9,60.6,-1.0,-64.5,0.17,-5.75,False,posrange_lo_sh,12:15,1,10000000.0,38.0,A
today_sofar|E12|k1|N5|A,480,5,L,-0.37,-38.37,45.4,120.7,-0.07,-62.7,-3.96,3.26,False,today_sofar,12:15,1,10000000.0,38.0,A
today_sofar_sh|E12|k1|N5|A,480,5,S,0.37,-37.63,54.6,120.7,0.07,-62.0,3.96,-3.26,False,today_sofar_sh,12:15,1,10000000.0,38.0,A
today_sofar_lo|E12|k1|N5|A,480,5,L,-9.38,-47.38,44.8,92.5,-2.22,-70.1,-6.53,-12.25,True,today_sofar_lo,12:15,1,10000000.0,38.0,A
or_ret|E12|k1|N5|A,480,5,L,-4.07,-42.07,44.8,112.4,-0.79,-66.0,-5.23,-2.9,True,or_ret,12:15,1,10000000.0,38.0,A
or_ret_sh|E12|k1|N5|A,480,5,S,4.07,-33.93,55.2,112.4,0.79,-58.2,5.23,2.9,True,or_ret_sh,12:15,1,10000000.0,38.0,A
orbT_up|E12|k1|N5|A,479,5,L,-5.36,-43.36,45.1,85.6,-1.37,-66.9,-4.28,-6.44,True,orbT_up,12:15,1,10000000.0,38.0,A
orbT_up_sh|E12|k1|N5|A,479,5,S,5.36,-32.64,54.9,85.6,1.37,-56.5,4.28,6.44,True,orbT_up_sh,12:15,1,10000000.0,38.0,A
orbT_dn_sh|E12|k1|N5|A,479,5,S,-5.06,-43.06,47.4,67.3,-1.65,-66.5,-5.12,-5.0,True,orbT_dn_sh,12:15,1,10000000.0,38.0,A
orbT_dn_lg|E12|k1|N5|A,479,5,L,5.06,-32.94,52.6,67.3,1.65,-56.7,5.12,5.0,True,orbT_dn_lg,12:15,1,10000000.0,38.0,A
orbT_up_small|E12|k1|N5|A,479,5,L,-0.25,-38.25,50.7,70.5,-0.08,-62.2,-3.63,3.14,False,orbT_up_small,12:15,1,10000000.0,38.0,A
orbT_up_small_sh|E12|k1|N5|A,479,5,S,0.25,-37.75,49.3,70.5,0.08,-61.7,3.63,-3.14,False,orbT_up_small_sh,12:15,1,10000000.0,38.0,A
orbT_dn_small_sh|E12|k1|N5|A,479,5,S,3.4,-34.6,53.9,67.3,1.11,-58.5,5.78,1.0,True,orbT_dn_small_sh,12:15,1,10000000.0,38.0,A
orbT_dn_small_lg|E12|k1|N5|A,479,5,L,-3.4,-41.4,46.1,67.3,-1.11,-65.0,-5.78,-1.0,True,orbT_dn_small_lg,12:15,1,10000000.0,38.0,A
inside_posor|E12|k1|N5|A,480,5,L,-2.93,-40.93,47.1,50.4,-1.27,-64.5,-7.1,1.28,False,inside_posor,12:15,1,10000000.0,38.0,A
inside_posor_sh|E12|k1|N5|A,480,5,S,2.93,-35.07,52.9,50.4,1.27,-58.9,7.1,-1.28,False,inside_posor_sh,12:15,1,10000000.0,38.0,A
inside_posor_lo|E12|k1|N5|A,480,5,L,1.01,-36.99,47.5,50.9,0.43,-60.8,-0.22,2.25,False,inside_posor_lo,12:15,1,10000000.0,38.0,A
or_wide|E12|k1|N5|A,480,5,L,-10.19,-48.19,41.9,89.1,-2.51,-70.7,-7.11,-13.29,True,or_wide,12:15,1,10000000.0,38.0,A
or_wide_sh|E12|k1|N5|A,480,5,S,10.19,-27.81,58.1,89.1,2.51,-50.9,7.11,13.29,True,or_wide_sh,12:15,1,10000000.0,38.0,A
or_narrow|E12|k1|N5|A,480,5,L,-1.97,-39.97,45.0,48.3,-0.89,-63.7,-3.75,-0.18,True,or_narrow,12:15,1,10000000.0,38.0,A
or_narrow_sh|E12|k1|N5|A,480,5,S,1.97,-36.03,55.0,48.3,0.89,-59.9,3.75,0.18,True,or_narrow_sh,12:15,1,10000000.0,38.0,A
or_wrel_hi|E12|k1|N5|A,480,5,L,-8.65,-46.65,42.5,92.8,-2.04,-69.6,-5.2,-12.12,True,or_wrel_hi,12:15,1,10000000.0,38.0,A
or_wrel_lo|E12|k1|N5|A,480,5,L,0.95,-37.05,51.2,62.0,0.34,-60.9,-0.84,2.76,False,or_wrel_lo,12:15,1,10000000.0,38.0,A
or_wrel_hi_sh|E12|k1|N5|A,480,5,S,8.65,-29.35,57.5,92.8,2.04,-52.8,5.2,12.12,True,or_wrel_hi_sh,12:15,1,10000000.0,38.0,A
or_wrel_lo_sh|E12|k1|N5|A,480,5,S,-0.95,-38.95,48.8,62.0,-0.34,-62.8,0.84,-2.76,False,or_wrel_lo_sh,12:15,1,10000000.0,38.0,A
rng_expand|E12|k1|N5|A,480,5,L,-7.98,-45.98,43.3,102.1,-1.71,-69.1,-5.72,-10.26,True,rng_expand,12:15,1,10000000.0,38.0,A
rng_expand_sh|E12|k1|N5|A,480,5,S,7.98,-30.02,56.7,102.1,1.71,-53.7,5.72,10.26,True,rng_expand_sh,12:15,1,10000000.0,38.0,A
rng_compress|E12|k1|N5|A,480,5,L,-3.45,-41.45,46.5,46.5,-1.63,-65.0,-5.66,-1.23,True,rng_compress,12:15,1,10000000.0,38.0,A
rng_compress_sh|E12|k1|N5|A,480,5,S,3.45,-34.55,53.5,46.5,1.63,-58.3,5.66,1.23,True,rng_compress_sh,12:15,1,10000000.0,38.0,A
vol20_hi|E12|k1|N5|A,479,5,L,-9.85,-47.85,44.3,101.2,-2.13,-70.5,-13.21,-6.48,True,vol20_hi,12:15,1,10000000.0,38.0,A
vol20_hi_sh|E12|k1|N5|A,479,5,S,9.85,-28.15,55.7,101.2,2.13,-51.5,13.21,6.48,True,vol20_hi_sh,12:15,1,10000000.0,38.0,A
vol20_lo|E12|k1|N5|A,479,5,L,-0.07,-38.07,33.0,2.4,-0.6,-61.8,-0.11,-0.03,True,vol20_lo,12:15,1,10000000.0,38.0,A
vol20_lo_sh|E12|k1|N5|A,479,5,S,0.07,-37.93,66.2,2.4,0.6,-61.6,0.11,0.03,True,vol20_lo_sh,12:15,1,10000000.0,38.0,A
atr_hi|E12|k1|N5|A,480,5,L,-10.36,-48.36,44.4,105.8,-2.14,-70.9,-8.3,-12.44,True,atr_hi,12:15,1,10000000.0,38.0,A
atr_lo|E12|k1|N5|A,480,5,L,0.07,-37.93,46.0,1.3,1.21,-61.6,0.13,0.02,True,atr_lo,12:15,1,10000000.0,38.0,A
atr_hi_sh|E12|k1|N5|A,480,5,S,10.36,-27.64,55.6,105.8,2.14,-50.9,8.3,12.44,True,atr_hi_sh,12:15,1,10000000.0,38.0,A
fail_up_sh|E12|k1|N5|A,479,5,S,3.44,-34.56,52.6,72.0,1.05,-58.5,5.41,1.46,True,fail_up_sh,12:15,1,10000000.0,38.0,A
fail_up_lg|E12|k1|N5|A,479,5,L,-3.44,-41.44,47.4,72.0,-1.05,-65.1,-5.41,-1.46,True,fail_up_lg,12:15,1,10000000.0,38.0,A
fail_dn_lg|E12|k1|N5|A,480,5,L,-2.38,-40.38,49.2,68.9,-0.76,-64.1,-0.77,-3.99,True,fail_dn_lg,12:15,1,10000000.0,38.0,A
fail_dn_sh|E12|k1|N5|A,480,5,S,2.38,-35.62,50.8,68.9,0.76,-59.6,0.77,3.99,True,fail_dn_sh,12:15,1,10000000.0,38.0,A
giveback_up_sh|E12|k1|N5|A,480,5,S,-3.57,-41.57,47.9,70.0,-1.12,-65.2,-4.03,-3.1,True,giveback_up_sh,12:15,1,10000000.0,38.0,A
giveback_up_lg|E12|k1|N5|A,480,5,L,3.57,-34.43,52.1,70.0,1.12,-58.3,4.03,3.1,True,giveback_up_lg,12:15,1,10000000.0,38.0,A
giveback_dn_lg|E12|k1|N5|A,480,5,L,-2.52,-40.52,47.7,78.1,-0.71,-64.3,-2.26,-2.78,True,giveback_dn_lg,12:15,1,10000000.0,38.0,A
giveback_dn_sh|E12|k1|N5|A,480,5,S,2.52,-35.48,52.3,78.1,0.71,-59.5,2.26,2.78,True,giveback_dn_sh,12:15,1,10000000.0,38.0,A
poke_up|E12|k1|N5|A,480,5,L,-4.11,-42.11,43.1,85.6,-1.05,-65.8,-2.47,-5.76,True,poke_up,12:15,1,10000000.0,38.0,A
poke_up_sh|E12|k1|N5|A,480,5,S,4.11,-33.89,56.9,85.6,1.05,-57.9,2.47,5.76,True,poke_up_sh,12:15,1,10000000.0,38.0,A
poke_dn_sh|E12|k1|N5|A,480,5,S,-4.58,-42.58,46.2,65.6,-1.53,-66.1,-5.65,-3.49,True,poke_dn_sh,12:15,1,10000000.0,38.0,A
poke_dn_lg|E12|k1|N5|A,480,5,L,4.58,-33.42,53.8,65.6,1.53,-57.2,5.65,3.49,True,poke_dn_lg,12:15,1,10000000.0,38.0,A
ext_up_sh|E12|k1|N5|A,480,5,S,-3.57,-41.57,47.9,70.0,-1.12,-65.2,-4.03,-3.1,True,ext_up_sh,12:15,1,10000000.0,38.0,A
ext_up_lg|E12|k1|N5|A,480,5,L,3.57,-34.43,52.1,70.0,1.12,-58.3,4.03,3.1,True,ext_up_lg,12:15,1,10000000.0,38.0,A
held_up|E12|k1|N5|A,479,5,L,-5.36,-43.36,45.1,85.6,-1.37,-66.9,-4.28,-6.44,True,held_up,12:15,1,10000000.0,38.0,A
held_up_sh|E12|k1|N5|A,479,5,S,5.36,-32.64,54.9,85.6,1.37,-56.5,4.28,6.44,True,held_up_sh,12:15,1,10000000.0,38.0,A
held_dn_sh|E12|k1|N5|A,479,5,S,-5.06,-43.06,47.4,67.3,-1.65,-66.5,-5.12,-5.0,True,held_dn_sh,12:15,1,10000000.0,38.0,A
held_dn_lg|E12|k1|N5|A,479,5,L,5.06,-32.94,52.6,67.3,1.65,-56.7,5.12,5.0,True,held_dn_lg,12:15,1,10000000.0,38.0,A
rvol_hi|E12|k1|N5|A,480,5,L,-7.8,-45.8,44.4,116.2,-1.47,-69.1,-10.59,-4.99,True,rvol_hi,12:15,1,10000000.0,38.0,A
rvol_hi_sh|E12|k1|N5|A,480,5,S,7.8,-30.2,55.6,116.2,1.47,-54.1,10.59,4.99,True,rvol_hi_sh,12:15,1,10000000.0,38.0,A
rvol_lo|E12|k1|N5|A,480,5,L,-2.48,-40.48,48.3,59.9,-0.91,-64.2,0.58,-5.56,False,rvol_lo,12:15,1,10000000.0,38.0,A
rvol_lo_sh|E12|k1|N5|A,480,5,S,2.48,-35.52,51.7,59.9,0.91,-59.4,-0.58,5.56,False,rvol_lo_sh,12:15,1,10000000.0,38.0,A
orb_vol125|E12|k1|N5|A,477,5,L,-4.7,-42.7,44.0,89.3,-1.15,-66.3,-4.37,-5.03,True,orb_vol125,12:15,1,10000000.0,38.0,A
orb_vol125_sh|E12|k1|N5|A,477,5,S,4.7,-33.3,56.0,89.3,1.15,-57.3,4.37,5.03,True,orb_vol125_sh,12:15,1,10000000.0,38.0,A
orbdn_vol125_sh|E12|k1|N5|A,478,5,S,-3.26,-41.26,49.2,74.4,-0.96,-65.0,-4.39,-2.13,True,orbdn_vol125_sh,12:15,1,10000000.0,38.0,A
orbdn_vol125_lg|E12|k1|N5|A,478,5,L,3.26,-34.74,50.8,74.4,0.96,-58.7,4.39,2.13,True,orbdn_vol125_lg,12:15,1,10000000.0,38.0,A
orb_vol15|E12|k1|N5|A,477,5,L,-4.73,-42.73,44.2,93.8,-1.1,-66.4,-6.8,-2.64,True,orb_vol15,12:15,1,10000000.0,38.0,A
orb_vol15_sh|E12|k1|N5|A,477,5,S,4.73,-33.27,55.8,93.8,1.1,-57.3,6.8,2.64,True,orb_vol15_sh,12:15,1,10000000.0,38.0,A
orbdn_vol15_sh|E12|k1|N5|A,476,5,S,-3.44,-41.44,49.2,76.4,-0.98,-65.1,-1.95,-4.94,True,orbdn_vol15_sh,12:15,1,10000000.0,38.0,A
orbdn_vol15_lg|E12|k1|N5|A,476,5,L,3.44,-34.56,50.8,76.4,0.98,-58.5,1.95,4.94,True,orbdn_vol15_lg,12:15,1,10000000.0,38.0,A
orb_vol20|E12|k1|N5|A,471,5,L,-3.16,-41.16,44.6,95.0,-0.72,-65.0,-7.59,1.29,False,orb_vol20,12:15,1,10000000.0,38.0,A
orb_vol20_sh|E12|k1|N5|A,471,5,S,3.16,-34.84,55.4,95.0,0.72,-59.0,7.59,-1.29,False,orb_vol20_sh,12:15,1,10000000.0,38.0,A
orbdn_vol20_sh|E12|k1|N5|A,440,5,S,-1.12,-39.12,52.0,80.0,-0.29,-63.1,-0.24,-2.02,True,orbdn_vol20_sh,12:15,1,10000000.0,38.0,A
orbdn_vol20_lg|E12|k1|N5|A,440,5,L,1.12,-36.88,48.0,80.0,0.29,-60.9,0.24,2.02,True,orbdn_vol20_lg,12:15,1,10000000.0,38.0,A
orb_x_rvol|E12|k1|N5|A,480,5,L,-9.27,-47.27,42.9,114.3,-1.78,-70.2,-12.34,-6.18,True,orb_x_rvol,12:15,1,10000000.0,38.0,A
orb_x_rvol_sh|E12|k1|N5|A,480,5,S,9.27,-28.73,57.1,114.3,1.78,-52.4,12.34,6.18,True,orb_x_rvol_sh,12:15,1,10000000.0,38.0,A
orb_novol|E12|k1|N5|A,439,5,L,-0.22,-38.22,47.8,56.4,-0.08,-62.1,-1.68,1.25,False,orb_novol,12:15,1,10000000.0,38.0,A
orb_novol_sh|E12|k1|N5|A,439,5,S,0.22,-37.78,52.2,56.4,0.08,-61.6,1.68,-1.25,False,orb_novol_sh,12:15,1,10000000.0,38.0,A
orb_wideOR|E12|k1|N5|A,438,5,L,5.31,-32.69,53.2,95.5,1.16,-56.7,-0.7,11.38,False,orb_wideOR,12:15,1,10000000.0,38.0,A
orb_wideOR_sh|E12|k1|N5|A,438,5,S,-5.31,-43.31,46.8,95.5,-1.16,-66.9,0.7,-11.38,False,orb_wideOR_sh,12:15,1,10000000.0,38.0,A
orb_narrowOR|E12|k1|N5|A,469,5,L,-1.19,-39.19,48.6,72.9,-0.35,-63.1,-2.75,0.38,False,orb_narrowOR,12:15,1,10000000.0,38.0,A
orb_narrowOR_sh|E12|k1|N5|A,469,5,S,1.19,-36.81,51.4,72.9,0.35,-60.8,2.75,-0.38,False,orb_narrowOR_sh,12:15,1,10000000.0,38.0,A
orbdn_wideOR_sh|E12|k1|N5|A,439,5,S,-1.55,-39.55,50.8,74.5,-0.44,-63.4,-4.27,1.19,False,orbdn_wideOR_sh,12:15,1,10000000.0,38.0,A
orbdn_narrowOR_sh|E12|k1|N5|A,474,5,S,-4.68,-42.68,48.5,63.5,-1.6,-66.1,-2.29,-7.08,True,orbdn_narrowOR_sh,12:15,1,10000000.0,38.0,A
orbdn_wideOR_lg|E12|k1|N5|A,439,5,L,1.55,-36.45,49.2,74.5,0.44,-60.4,4.27,-1.19,False,orbdn_wideOR_lg,12:15,1,10000000.0,38.0,A
orbdn_narrowOR_lg|E12|k1|N5|A,474,5,L,4.68,-33.32,51.5,63.5,1.6,-57.1,2.29,7.08,True,orbdn_narrowOR_lg,12:15,1,10000000.0,38.0,A
orb_coiled|E12|k1|N5|A,467,5,L,-0.41,-38.41,49.0,72.3,-0.12,-62.3,-2.93,2.13,False,orb_coiled,12:15,1,10000000.0,38.0,A
orb_coiled_sh|E12|k1|N5|A,467,5,S,0.41,-37.59,51.0,72.3,0.12,-61.5,2.93,-2.13,False,orb_coiled_sh,12:15,1,10000000.0,38.0,A
orbdn_coiled_sh|E12|k1|N5|A,474,5,S,-3.57,-41.57,48.5,63.2,-1.23,-65.2,-1.44,-5.72,True,orbdn_coiled_sh,12:15,1,10000000.0,38.0,A
orb_gapup|E12|k1|N5|A,396,5,L,8.41,-29.59,50.5,90.9,1.84,-53.1,10.44,6.35,True,orb_gapup,12:15,1,10000000.0,38.0,A
orb_gapup_sh|E12|k1|N5|A,396,5,S,-8.41,-46.41,49.5,90.9,-1.84,-69.4,-10.44,-6.35,True,orb_gapup_sh,12:15,1,10000000.0,38.0,A
orb_nogap|E12|k1|N5|A,458,5,L,-5.7,-43.7,44.3,72.4,-1.68,-67.1,-11.84,0.49,False,orb_nogap,12:15,1,10000000.0,38.0,A
orb_nogap_sh|E12|k1|N5|A,458,5,S,5.7,-32.3,55.7,72.4,1.68,-56.0,11.84,-0.49,False,orb_nogap_sh,12:15,1,10000000.0,38.0,A
orb_gapdn|E12|k1|N5|A,278,5,L,2.93,-35.07,49.6,90.6,0.54,-59.2,2.83,3.03,True,orb_gapdn,12:15,1,10000000.0,38.0,A
orb_gapdn_sh|E12|k1|N5|A,278,5,S,-2.93,-40.93,50.4,90.6,-0.54,-64.8,-2.83,-3.03,True,orb_gapdn_sh,12:15,1,10000000.0,38.0,A
orbdn_gapdn_sh|E12|k1|N5|A,293,5,S,-3.27,-41.27,51.5,79.5,-0.7,-65.0,-6.47,-0.05,True,orbdn_gapdn_sh,12:15,1,10000000.0,38.0,A
orbdn_gapdn_lg|E12|k1|N5|A,293,5,L,3.27,-34.73,48.5,79.5,0.7,-58.7,6.47,0.05,True,orbdn_gapdn_lg,12:15,1,10000000.0,38.0,A
orbdn_gapup_sh|E12|k1|N5|A,423,5,S,2.22,-35.78,56.3,75.2,0.61,-59.8,3.6,0.83,True,orbdn_gapup_sh,12:15,1,10000000.0,38.0,A
gap_up|E12|k1|N5|A,480,5,L,1.1,-36.9,46.2,86.4,0.28,-61.0,-1.86,4.09,False,gap_up,12:15,1,10000000.0,38.0,A
gap_up_sh|E12|k1|N5|A,480,5,S,-1.1,-39.1,53.8,86.4,-0.28,-63.1,1.86,-4.09,False,gap_up_sh,12:15,1,10000000.0,38.0,A
gap_dn_lg|E12|k1|N5|A,480,5,L,-1.2,-39.2,47.3,91.1,-0.29,-63.2,1.72,-4.15,False,gap_dn_lg,12:15,1,10000000.0,38.0,A
gap_dn_sh|E12|k1|N5|A,480,5,S,1.2,-36.8,52.7,91.1,0.29,-60.9,-1.72,4.15,False,gap_dn_sh,12:15,1,10000000.0,38.0,A
orb_hivol|E12|k1|N5|A,456,5,L,1.29,-36.71,51.3,96.5,0.29,-60.9,-0.37,2.96,False,orb_hivol,12:15,1,10000000.0,38.0,A
orb_hivol_sh|E12|k1|N5|A,456,5,S,-1.29,-39.29,48.7,96.5,-0.29,-63.4,0.37,-2.96,False,orb_hivol_sh,12:15,1,10000000.0,38.0,A
orb_lovol|E12|k1|N5|A,455,5,L,1.26,-36.74,50.3,56.5,0.47,-60.6,1.96,0.55,True,orb_lovol,12:15,1,10000000.0,38.0,A
orb_lovol_sh|E12|k1|N5|A,455,5,S,-1.26,-39.26,49.7,56.5,-0.47,-63.0,-1.96,-0.55,True,orb_lovol_sh,12:15,1,10000000.0,38.0,A
orbdn_hivol_sh|E12|k1|N5|A,456,5,S,3.05,-34.95,52.9,82.6,0.79,-59.0,3.38,2.73,True,orbdn_hivol_sh,12:15,1,10000000.0,38.0,A
orbdn_lovol_sh|E12|k1|N5|A,463,5,S,-5.96,-43.96,45.1,54.6,-2.35,-67.2,-3.7,-8.24,True,orbdn_lovol_sh,12:15,1,10000000.0,38.0,A
posrange_hivol|E12|k1|N5|A,479,5,L,1.75,-36.25,50.5,92.8,0.41,-60.4,-2.29,5.8,False,posrange_hivol,12:15,1,10000000.0,38.0,A
posrange_lovol|E12|k1|N5|A,479,5,L,-0.41,-38.41,48.9,44.5,-0.2,-62.2,-2.48,1.66,False,posrange_lovol,12:15,1,10000000.0,38.0,A
posrange_hivol_sh|E12|k1|N5|A,479,5,S,-1.75,-39.75,49.5,92.8,-0.41,-63.7,2.29,-5.8,False,posrange_hivol_sh,12:15,1,10000000.0,38.0,A
posrange_lovol_sh|E12|k1|N5|A,479,5,S,0.41,-37.59,51.1,44.5,0.2,-61.4,2.48,-1.66,False,posrange_lovol_sh,12:15,1,10000000.0,38.0,A
orb_minus_width|E12|k1|N5|A,480,5,L,-3.26,-41.26,45.0,77.5,-0.92,-65.0,-3.76,-2.75,True,orb_minus_width,12:15,1,10000000.0,38.0,A
orb_plus_width|E12|k1|N5|A,480,5,L,-7.68,-45.68,44.2,93.5,-1.8,-68.8,-5.09,-10.3,True,orb_plus_width,12:15,1,10000000.0,38.0,A
orb_plus_width_sh|E12|k1|N5|A,480,5,S,7.68,-30.32,55.8,93.5,1.8,-54.0,5.09,10.3,True,orb_plus_width_sh,12:15,1,10000000.0,38.0,A
orb_minus_width_sh|E12|k1|N5|A,480,5,S,3.26,-34.74,55.0,77.5,0.92,-58.7,3.76,2.75,True,orb_minus_width_sh,12:15,1,10000000.0,38.0,A
orb_minus_d20|E12|k1|N5|A,469,5,L,2.22,-35.78,46.7,93.0,0.52,-59.9,0.22,4.23,True,orb_minus_d20,12:15,1,10000000.0,38.0,A
orb_plus_d20|E12|k1|N5|A,469,5,L,-6.91,-44.91,48.8,104.5,-1.43,-68.3,-0.22,-13.63,True,orb_plus_d20,12:15,1,10000000.0,38.0,A
orb_plus_d20_sh|E12|k1|N5|A,469,5,S,6.91,-31.09,51.2,104.5,1.43,-55.0,0.22,13.63,True,orb_plus_d20_sh,12:15,1,10000000.0,38.0,A
orb_plus_pct52|E12|k1|N5|A,430,5,L,0.97,-37.03,47.9,79.6,0.25,-61.1,-0.6,2.55,False,orb_plus_pct52,12:15,1,10000000.0,38.0,A
orb_plus_pct52_sh|E12|k1|N5|A,430,5,S,-0.97,-38.97,52.1,79.6,-0.25,-62.9,0.6,-2.55,False,orb_plus_pct52_sh,12:15,1,10000000.0,38.0,A
compress_then_pos|E12|k1|N5|A,480,5,L,-3.26,-41.26,45.0,77.5,-0.92,-65.0,-3.76,-2.75,True,compress_then_pos,12:15,1,10000000.0,38.0,A
compress_then_pos_sh|E12|k1|N5|A,480,5,S,3.26,-34.74,55.0,77.5,0.92,-58.7,3.76,2.75,True,compress_then_pos_sh,12:15,1,10000000.0,38.0,A
expand_then_pos|E12|k1|N5|A,480,5,L,-7.68,-45.68,44.2,93.5,-1.8,-68.8,-5.09,-10.3,True,expand_then_pos,12:15,1,10000000.0,38.0,A
expand_then_pos_sh|E12|k1|N5|A,480,5,S,7.68,-30.32,55.8,93.5,1.8,-54.0,5.09,10.3,True,expand_then_pos_sh,12:15,1,10000000.0,38.0,A
orb_up|E12|k1|N10|A,480,10,L,1.67,-36.33,50.4,68.4,0.54,-60.3,-1.72,5.09,False,orb_up,12:15,1,10000000.0,38.0,A
orb_up_sh|E12|k1|N10|A,480,10,S,-1.67,-39.67,49.6,68.4,-0.54,-63.5,1.72,-5.09,False,orb_up_sh,12:15,1,10000000.0,38.0,A
orb_dn_sh|E12|k1|N10|A,480,10,S,-3.5,-41.5,46.0,57.2,-1.34,-65.1,-1.39,-5.63,True,orb_dn_sh,12:15,1,10000000.0,38.0,A
orb_dn_lg|E12|k1|N10|A,480,10,L,3.5,-34.5,54.0,57.2,1.34,-58.3,1.39,5.63,True,orb_dn_lg,12:15,1,10000000.0,38.0,A
orb_up_sig|E12|k1|N10|A,480,10,L,0.8,-37.2,47.5,70.7,0.25,-61.1,-2.77,4.41,False,orb_up_sig,12:15,1,10000000.0,38.0,A
orb_up_sig_sh|E12|k1|N10|A,480,10,S,-0.8,-38.8,52.5,70.7,-0.25,-62.7,2.77,-4.41,False,orb_up_sig_sh,12:15,1,10000000.0,38.0,A
orb_dn_sig_sh|E12|k1|N10|A,480,10,S,-3.69,-41.69,47.3,59.7,-1.35,-65.3,-3.37,-4.0,True,orb_dn_sig_sh,12:15,1,10000000.0,38.0,A
orb_dn_sig_lg|E12|k1|N10|A,480,10,L,3.69,-34.31,52.7,59.7,1.35,-58.1,3.37,4.0,True,orb_dn_sig_lg,12:15,1,10000000.0,38.0,A
pos_in_or|E12|k1|N10|A,480,10,L,1.67,-36.33,50.4,68.4,0.54,-60.3,-1.72,5.09,False,pos_in_or,12:15,1,10000000.0,38.0,A
pos_in_or_sh|E12|k1|N10|A,480,10,S,-1.67,-39.67,49.6,68.4,-0.54,-63.5,1.72,-5.09,False,pos_in_or_sh,12:15,1,10000000.0,38.0,A
pos_in_or_lo|E12|k1|N10|A,480,10,L,3.5,-34.5,54.0,57.2,1.34,-58.3,1.39,5.63,True,pos_in_or_lo,12:15,1,10000000.0,38.0,A
pos_in_or_lo_sh|E12|k1|N10|A,480,10,S,-3.5,-41.5,46.0,57.2,-1.34,-65.1,-1.39,-5.63,True,pos_in_or_lo_sh,12:15,1,10000000.0,38.0,A
or_close_pos|E12|k1|N10|A,480,10,L,1.04,-36.96,51.7,50.7,0.45,-60.8,0.6,1.48,True,or_close_pos,12:15,1,10000000.0,38.0,A
or_close_pos_lo|E12|k1|N10|A,480,10,L,-0.57,-38.57,49.0,53.0,-0.24,-62.4,-1.66,0.52,False,or_close_pos_lo,12:15,1,10000000.0,38.0,A
or_close_pos_sh|E12|k1|N10|A,480,10,S,-1.04,-39.04,48.3,50.7,-0.45,-62.8,-0.6,-1.48,True,or_close_pos_sh,12:15,1,10000000.0,38.0,A
posrange_hi|E12|k1|N10|A,480,10,L,-0.64,-38.64,48.8,51.0,-0.28,-62.4,-4.15,2.89,False,posrange_hi,12:15,1,10000000.0,38.0,A
posrange_hi_sh|E12|k1|N10|A,480,10,S,0.64,-37.36,51.2,51.0,0.28,-61.2,4.15,-2.89,False,posrange_hi_sh,12:15,1,10000000.0,38.0,A
posrange_lo|E12|k1|N10|A,480,10,L,1.91,-36.09,53.5,55.3,0.76,-59.9,-0.16,4.0,False,posrange_lo,12:15,1,10000000.0,38.0,A
posrange_lo_sh|E12|k1|N10|A,480,10,S,-1.91,-39.91,46.5,55.3,-0.76,-63.6,0.16,-4.0,False,posrange_lo_sh,12:15,1,10000000.0,38.0,A
today_sofar|E12|k1|N10|A,480,10,L,1.98,-36.02,50.8,84.6,0.51,-60.1,-2.47,6.47,False,today_sofar,12:15,1,10000000.0,38.0,A
today_sofar_sh|E12|k1|N10|A,480,10,S,-1.98,-39.98,49.2,84.6,-0.51,-63.9,2.47,-6.47,False,today_sofar_sh,12:15,1,10000000.0,38.0,A
today_sofar_lo|E12|k1|N10|A,480,10,L,-6.12,-44.12,43.1,74.5,-1.8,-67.4,-6.66,-5.58,True,today_sofar_lo,12:15,1,10000000.0,38.0,A
or_ret|E12|k1|N10|A,480,10,L,-1.1,-39.1,50.6,79.1,-0.3,-63.0,-1.57,-0.62,True,or_ret,12:15,1,10000000.0,38.0,A
or_ret_sh|E12|k1|N10|A,480,10,S,1.1,-36.9,49.4,79.1,0.3,-60.9,1.57,0.62,True,or_ret_sh,12:15,1,10000000.0,38.0,A
orbT_up|E12|k1|N10|A,479,10,L,0.68,-37.32,50.3,70.0,0.21,-61.3,-3.02,4.38,False,orbT_up,12:15,1,10000000.0,38.0,A
orbT_up_sh|E12|k1|N10|A,479,10,S,-0.68,-38.68,49.7,70.0,-0.21,-62.6,3.02,-4.38,False,orbT_up_sh,12:15,1,10000000.0,38.0,A
orbT_dn_sh|E12|k1|N10|A,479,10,S,-3.62,-41.62,45.9,57.6,-1.38,-65.2,-1.48,-5.76,True,orbT_dn_sh,12:15,1,10000000.0,38.0,A
orbT_dn_lg|E12|k1|N10|A,479,10,L,3.62,-34.38,54.1,57.6,1.38,-58.2,1.48,5.76,True,orbT_dn_lg,12:15,1,10000000.0,38.0,A
orbT_up_small|E12|k1|N10|A,479,10,L,0.45,-37.55,52.6,62.5,0.16,-61.4,-2.66,3.56,False,orbT_up_small,12:15,1,10000000.0,38.0,A
orbT_up_small_sh|E12|k1|N10|A,479,10,S,-0.45,-38.45,47.4,62.5,-0.16,-62.3,2.66,-3.56,False,orbT_up_small_sh,12:15,1,10000000.0,38.0,A
orbT_dn_small_sh|E12|k1|N10|A,479,10,S,3.19,-34.81,54.3,62.7,1.11,-58.7,7.27,-0.9,False,orbT_dn_small_sh,12:15,1,10000000.0,38.0,A
orbT_dn_small_lg|E12|k1|N10|A,479,10,L,-3.19,-41.19,45.7,62.7,-1.11,-64.8,-7.27,0.9,False,orbT_dn_small_lg,12:15,1,10000000.0,38.0,A
inside_posor|E12|k1|N10|A,480,10,L,-1.76,-39.76,50.8,51.4,-0.75,-63.5,-2.88,-0.63,True,inside_posor,12:15,1,10000000.0,38.0,A
inside_posor_sh|E12|k1|N10|A,480,10,S,1.76,-36.24,49.2,51.4,0.75,-60.1,2.88,0.63,True,inside_posor_sh,12:15,1,10000000.0,38.0,A
inside_posor_lo|E12|k1|N10|A,480,10,L,-4.99,-42.99,43.5,48.7,-2.24,-66.3,-7.08,-2.88,True,inside_posor_lo,12:15,1,10000000.0,38.0,A
or_wide|E12|k1|N10|A,480,10,L,-4.12,-42.12,48.3,67.1,-1.35,-65.7,-3.41,-4.83,True,or_wide,12:15,1,10000000.0,38.0,A
or_wide_sh|E12|k1|N10|A,480,10,S,4.12,-33.88,51.7,67.1,1.35,-57.7,3.41,4.83,True,or_wide_sh,12:15,1,10000000.0,38.0,A
or_narrow|E12|k1|N10|A,480,10,L,-2.38,-40.38,47.9,44.8,-1.16,-64.0,-4.98,0.25,False,or_narrow,12:15,1,10000000.0,38.0,A
or_narrow_sh|E12|k1|N10|A,480,10,S,2.38,-35.62,52.1,44.8,1.16,-59.4,4.98,-0.25,False,or_narrow_sh,12:15,1,10000000.0,38.0,A
or_wrel_hi|E12|k1|N10|A,480,10,L,-5.76,-43.76,46.9,75.0,-1.68,-67.1,-5.05,-6.48,True,or_wrel_hi,12:15,1,10000000.0,38.0,A
or_wrel_lo|E12|k1|N10|A,480,10,L,-1.09,-39.09,47.1,54.8,-0.44,-62.9,-3.75,1.6,False,or_wrel_lo,12:15,1,10000000.0,38.0,A
or_wrel_hi_sh|E12|k1|N10|A,480,10,S,5.76,-32.24,53.1,75.0,1.68,-56.0,5.05,6.48,True,or_wrel_hi_sh,12:15,1,10000000.0,38.0,A
or_wrel_lo_sh|E12|k1|N10|A,480,10,S,1.09,-36.91,52.9,54.8,0.44,-60.8,3.75,-1.6,False,or_wrel_lo_sh,12:15,1,10000000.0,38.0,A
rng_expand|E12|k1|N10|A,480,10,L,-2.3,-40.3,49.2,75.4,-0.67,-64.1,0.52,-5.15,False,rng_expand,12:15,1,10000000.0,38.0,A
rng_expand_sh|E12|k1|N10|A,480,10,S,2.3,-35.7,50.8,75.4,0.67,-59.7,-0.52,5.15,False,rng_expand_sh,12:15,1,10000000.0,38.0,A
rng_compress|E12|k1|N10|A,480,10,L,-3.28,-41.28,44.8,46.2,-1.56,-64.8,-6.98,0.44,False,rng_compress,12:15,1,10000000.0,38.0,A
rng_compress_sh|E12|k1|N10|A,480,10,S,3.28,-34.72,55.2,46.2,1.56,-58.5,6.98,-0.44,False,rng_compress_sh,12:15,1,10000000.0,38.0,A
vol20_hi|E12|k1|N10|A,479,10,L,-11.85,-49.85,43.8,84.6,-3.07,-71.9,-13.17,-10.52,True,vol20_hi,12:15,1,10000000.0,38.0,A
vol20_hi_sh|E12|k1|N10|A,479,10,S,11.85,-26.15,56.2,84.6,3.07,-48.8,13.17,10.52,True,vol20_hi_sh,12:15,1,10000000.0,38.0,A
vol20_lo|E12|k1|N10|A,479,10,L,0.69,-37.31,52.6,16.2,0.94,-61.0,1.85,-0.47,False,vol20_lo,12:15,1,10000000.0,38.0,A
vol20_lo_sh|E12|k1|N10|A,479,10,S,-0.69,-38.69,47.4,16.2,-0.94,-62.4,-1.85,0.47,False,vol20_lo_sh,12:15,1,10000000.0,38.0,A
atr_hi|E12|k1|N10|A,480,10,L,-11.44,-49.44,43.1,84.8,-2.95,-71.6,-12.23,-10.63,True,atr_hi,12:15,1,10000000.0,38.0,A
atr_lo|E12|k1|N10|A,480,10,L,2.48,-35.52,58.3,14.6,3.71,-59.2,3.72,1.22,True,atr_lo,12:15,1,10000000.0,38.0,A
atr_hi_sh|E12|k1|N10|A,480,10,S,11.44,-26.56,56.9,84.8,2.95,-49.3,12.23,10.63,True,atr_hi_sh,12:15,1,10000000.0,38.0,A
fail_up_sh|E12|k1|N10|A,479,10,S,3.36,-34.64,53.4,60.5,1.21,-58.5,5.48,1.23,True,fail_up_sh,12:15,1,10000000.0,38.0,A
fail_up_lg|E12|k1|N10|A,479,10,L,-3.36,-41.36,46.6,60.5,-1.21,-65.0,-5.48,-1.23,True,fail_up_lg,12:15,1,10000000.0,38.0,A
fail_dn_lg|E12|k1|N10|A,480,10,L,-1.99,-39.99,49.8,58.8,-0.74,-63.7,-1.66,-2.34,True,fail_dn_lg,12:15,1,10000000.0,38.0,A
fail_dn_sh|E12|k1|N10|A,480,10,S,1.99,-36.01,50.2,58.8,0.74,-59.9,1.66,2.34,True,fail_dn_sh,12:15,1,10000000.0,38.0,A
giveback_up_sh|E12|k1|N10|A,480,10,S,-1.83,-39.83,50.0,58.4,-0.69,-63.6,-1.6,-2.07,True,giveback_up_sh,12:15,1,10000000.0,38.0,A
giveback_up_lg|E12|k1|N10|A,480,10,L,1.83,-36.17,50.0,58.4,0.69,-60.0,1.6,2.07,True,giveback_up_lg,12:15,1,10000000.0,38.0,A
giveback_dn_lg|E12|k1|N10|A,480,10,L,-2.63,-40.63,46.9,61.6,-0.93,-64.3,-4.71,-0.53,True,giveback_dn_lg,12:15,1,10000000.0,38.0,A
giveback_dn_sh|E12|k1|N10|A,480,10,S,2.63,-35.37,53.1,61.6,0.93,-59.3,4.71,0.53,True,giveback_dn_sh,12:15,1,10000000.0,38.0,A
poke_up|E12|k1|N10|A,480,10,L,-3.65,-41.65,46.7,66.7,-1.2,-65.3,-4.7,-2.6,True,poke_up,12:15,1,10000000.0,38.0,A
poke_up_sh|E12|k1|N10|A,480,10,S,3.65,-34.35,53.3,66.7,1.2,-58.2,4.7,2.6,True,poke_up_sh,12:15,1,10000000.0,38.0,A
poke_dn_sh|E12|k1|N10|A,480,10,S,-3.61,-41.61,45.0,56.8,-1.39,-65.2,-3.5,-3.71,True,poke_dn_sh,12:15,1,10000000.0,38.0,A
poke_dn_lg|E12|k1|N10|A,480,10,L,3.61,-34.39,55.0,56.8,1.39,-58.2,3.5,3.71,True,poke_dn_lg,12:15,1,10000000.0,38.0,A
ext_up_sh|E12|k1|N10|A,480,10,S,-1.83,-39.83,50.0,58.4,-0.69,-63.6,-1.6,-2.07,True,ext_up_sh,12:15,1,10000000.0,38.0,A
ext_up_lg|E12|k1|N10|A,480,10,L,1.83,-36.17,50.0,58.4,0.69,-60.0,1.6,2.07,True,ext_up_lg,12:15,1,10000000.0,38.0,A
held_up|E12|k1|N10|A,479,10,L,0.68,-37.32,50.3,70.0,0.21,-61.3,-3.02,4.38,False,held_up,12:15,1,10000000.0,38.0,A
held_up_sh|E12|k1|N10|A,479,10,S,-0.68,-38.68,49.7,70.0,-0.21,-62.6,3.02,-4.38,False,held_up_sh,12:15,1,10000000.0,38.0,A
held_dn_sh|E12|k1|N10|A,479,10,S,-3.62,-41.62,45.9,57.6,-1.38,-65.2,-1.48,-5.76,True,held_dn_sh,12:15,1,10000000.0,38.0,A
held_dn_lg|E12|k1|N10|A,479,10,L,3.62,-34.38,54.1,57.6,1.38,-58.2,1.48,5.76,True,held_dn_lg,12:15,1,10000000.0,38.0,A
rvol_hi|E12|k1|N10|A,480,10,L,-5.2,-43.2,44.2,79.4,-1.44,-66.7,-5.68,-4.73,True,rvol_hi,12:15,1,10000000.0,38.0,A
rvol_hi_sh|E12|k1|N10|A,480,10,S,5.2,-32.8,55.8,79.4,1.44,-56.6,5.68,4.73,True,rvol_hi_sh,12:15,1,10000000.0,38.0,A
rvol_lo|E12|k1|N10|A,480,10,L,-3.82,-41.82,47.3,50.8,-1.65,-65.3,-4.02,-3.62,True,rvol_lo,12:15,1,10000000.0,38.0,A
rvol_lo_sh|E12|k1|N10|A,480,10,S,3.82,-34.18,52.7,50.8,1.65,-57.9,4.02,3.62,True,rvol_lo_sh,12:15,1,10000000.0,38.0,A
orb_vol125|E12|k1|N10|A,477,10,L,-0.75,-38.75,49.5,74.4,-0.22,-62.7,-5.09,3.61,False,orb_vol125,12:15,1,10000000.0,38.0,A
orb_vol125_sh|E12|k1|N10|A,477,10,S,0.75,-37.25,50.5,74.4,0.22,-61.2,5.09,-3.61,False,orb_vol125_sh,12:15,1,10000000.0,38.0,A
orbdn_vol125_sh|E12|k1|N10|A,478,10,S,-1.57,-39.57,50.6,60.5,-0.57,-63.3,0.8,-3.96,False,orbdn_vol125_sh,12:15,1,10000000.0,38.0,A
orbdn_vol125_lg|E12|k1|N10|A,478,10,L,1.57,-36.43,49.4,60.5,0.57,-60.3,-0.8,3.96,False,orbdn_vol125_lg,12:15,1,10000000.0,38.0,A
orb_vol15|E12|k1|N10|A,477,10,L,0.61,-37.39,49.5,76.9,0.17,-61.4,-4.44,5.68,False,orb_vol15,12:15,1,10000000.0,38.0,A
orb_vol15_sh|E12|k1|N10|A,477,10,S,-0.61,-38.61,50.5,76.9,-0.17,-62.6,4.44,-5.68,False,orb_vol15_sh,12:15,1,10000000.0,38.0,A
orbdn_vol15_sh|E12|k1|N10|A,476,10,S,0.32,-37.68,51.3,62.9,0.11,-61.6,2.78,-2.17,False,orbdn_vol15_sh,12:15,1,10000000.0,38.0,A
orbdn_vol15_lg|E12|k1|N10|A,476,10,L,-0.32,-38.32,48.7,62.9,-0.11,-62.2,-2.78,2.17,False,orbdn_vol15_lg,12:15,1,10000000.0,38.0,A
orb_vol20|E12|k1|N10|A,471,10,L,-0.73,-38.73,49.5,83.1,-0.19,-62.7,-4.24,2.8,False,orb_vol20,12:15,1,10000000.0,38.0,A
orb_vol20_sh|E12|k1|N10|A,471,10,S,0.73,-37.27,50.5,83.1,0.19,-61.3,4.24,-2.8,False,orb_vol20_sh,12:15,1,10000000.0,38.0,A
orbdn_vol20_sh|E12|k1|N10|A,440,10,S,-0.74,-38.74,49.3,73.2,-0.21,-62.7,1.55,-3.06,False,orbdn_vol20_sh,12:15,1,10000000.0,38.0,A
orbdn_vol20_lg|E12|k1|N10|A,440,10,L,0.74,-37.26,50.7,73.2,0.21,-61.2,-1.55,3.06,False,orbdn_vol20_lg,12:15,1,10000000.0,38.0,A
orb_x_rvol|E12|k1|N10|A,480,10,L,-5.76,-43.76,45.6,79.5,-1.59,-67.2,-8.35,-3.16,True,orb_x_rvol,12:15,1,10000000.0,38.0,A
orb_x_rvol_sh|E12|k1|N10|A,480,10,S,5.76,-32.24,54.4,79.5,1.59,-56.0,8.35,3.16,True,orb_x_rvol_sh,12:15,1,10000000.0,38.0,A
orb_novol|E12|k1|N10|A,439,10,L,1.67,-36.33,53.3,51.1,0.69,-60.2,-0.14,3.49,False,orb_novol,12:15,1,10000000.0,38.0,A
orb_novol_sh|E12|k1|N10|A,439,10,S,-1.67,-39.67,46.7,51.1,-0.69,-63.4,0.14,-3.49,False,orb_novol_sh,12:15,1,10000000.0,38.0,A
orb_wideOR|E12|k1|N10|A,438,10,L,5.84,-32.16,54.6,76.6,1.6,-55.9,2.05,9.67,True,orb_wideOR,12:15,1,10000000.0,38.0,A
orb_wideOR_sh|E12|k1|N10|A,438,10,S,-5.84,-43.84,45.4,76.6,-1.6,-67.2,-2.05,-9.67,True,orb_wideOR_sh,12:15,1,10000000.0,38.0,A
orb_narrowOR|E12|k1|N10|A,469,10,L,0.14,-37.86,53.5,60.2,0.05,-61.7,-0.95,1.23,False,orb_narrowOR,12:15,1,10000000.0,38.0,A
orb_narrowOR_sh|E12|k1|N10|A,469,10,S,-0.14,-38.14,46.5,60.2,-0.05,-62.0,0.95,-1.23,False,orb_narrowOR_sh,12:15,1,10000000.0,38.0,A
orbdn_wideOR_sh|E12|k1|N10|A,439,10,S,-0.65,-38.65,48.7,68.9,-0.2,-62.5,-1.61,0.32,False,orbdn_wideOR_sh,12:15,1,10000000.0,38.0,A
orbdn_narrowOR_sh|E12|k1|N10|A,474,10,S,-0.26,-38.26,49.8,57.4,-0.1,-62.1,2.69,-3.22,False,orbdn_narrowOR_sh,12:15,1,10000000.0,38.0,A
orbdn_wideOR_lg|E12|k1|N10|A,439,10,L,0.65,-37.35,51.3,68.9,0.2,-61.3,1.61,-0.32,False,orbdn_wideOR_lg,12:15,1,10000000.0,38.0,A
orbdn_narrowOR_lg|E12|k1|N10|A,474,10,L,0.26,-37.74,50.2,57.4,0.1,-61.6,-2.69,3.22,False,orbdn_narrowOR_lg,12:15,1,10000000.0,38.0,A
orb_coiled|E12|k1|N10|A,467,10,L,-0.4,-38.4,50.1,60.8,-0.14,-62.3,-1.14,0.34,False,orb_coiled,12:15,1,10000000.0,38.0,A
orb_coiled_sh|E12|k1|N10|A,467,10,S,0.4,-37.6,49.9,60.8,0.14,-61.5,1.14,-0.34,False,orb_coiled_sh,12:15,1,10000000.0,38.0,A
orbdn_coiled_sh|E12|k1|N10|A,474,10,S,-0.2,-38.2,51.7,58.4,-0.08,-62.0,1.97,-2.4,False,orbdn_coiled_sh,12:15,1,10000000.0,38.0,A
orb_gapup|E12|k1|N10|A,396,10,L,6.67,-31.33,48.7,79.3,1.67,-55.0,6.24,7.1,True,orb_gapup,12:15,1,10000000.0,38.0,A
orb_gapup_sh|E12|k1|N10|A,396,10,S,-6.67,-44.67,51.3,79.3,-1.67,-67.9,-6.24,-7.1,True,orb_gapup_sh,12:15,1,10000000.0,38.0,A
orb_nogap|E12|k1|N10|A,458,10,L,-2.98,-40.98,49.3,59.1,-1.08,-64.6,-5.73,-0.21,True,orb_nogap,12:15,1,10000000.0,38.0,A
orb_nogap_sh|E12|k1|N10|A,458,10,S,2.98,-35.02,50.7,59.1,1.08,-58.9,5.73,0.21,True,orb_nogap_sh,12:15,1,10000000.0,38.0,A
orb_gapdn|E12|k1|N10|A,278,10,L,2.25,-35.75,52.2,82.4,0.45,-59.8,1.91,2.59,True,orb_gapdn,12:15,1,10000000.0,38.0,A
orb_gapdn_sh|E12|k1|N10|A,278,10,S,-2.25,-40.25,47.8,82.4,-0.45,-64.1,-1.91,-2.59,True,orb_gapdn_sh,12:15,1,10000000.0,38.0,A
orbdn_gapdn_sh|E12|k1|N10|A,293,10,S,1.86,-36.14,54.6,73.3,0.44,-60.1,0.5,3.24,True,orbdn_gapdn_sh,12:15,1,10000000.0,38.0,A
orbdn_gapdn_lg|E12|k1|N10|A,293,10,L,-1.86,-39.86,45.4,73.3,-0.44,-63.7,-0.5,-3.24,True,orbdn_gapdn_lg,12:15,1,10000000.0,38.0,A
orbdn_gapup_sh|E12|k1|N10|A,423,10,S,2.52,-35.48,54.4,70.4,0.74,-59.4,4.51,0.51,True,orbdn_gapup_sh,12:15,1,10000000.0,38.0,A
gap_up|E12|k1|N10|A,480,10,L,-0.83,-38.83,49.8,67.7,-0.27,-62.7,-4.01,2.38,False,gap_up,12:15,1,10000000.0,38.0,A
gap_up_sh|E12|k1|N10|A,480,10,S,0.83,-37.17,50.2,67.7,0.27,-61.1,4.01,-2.38,False,gap_up_sh,12:15,1,10000000.0,38.0,A
gap_dn_lg|E12|k1|N10|A,480,10,L,-0.33,-38.33,51.2,68.3,-0.11,-62.2,1.4,-2.08,False,gap_dn_lg,12:15,1,10000000.0,38.0,A
gap_dn_sh|E12|k1|N10|A,480,10,S,0.33,-37.67,48.8,68.3,0.11,-61.6,-1.4,2.08,False,gap_dn_sh,12:15,1,10000000.0,38.0,A
orb_hivol|E12|k1|N10|A,456,10,L,3.01,-34.99,52.6,86.0,0.75,-59.0,1.72,4.32,True,orb_hivol,12:15,1,10000000.0,38.0,A
orb_hivol_sh|E12|k1|N10|A,456,10,S,-3.01,-41.01,47.4,86.0,-0.75,-64.8,-1.72,-4.32,True,orb_hivol_sh,12:15,1,10000000.0,38.0,A
orb_lovol|E12|k1|N10|A,455,10,L,1.6,-36.4,51.6,49.4,0.69,-60.2,1.65,1.55,True,orb_lovol,12:15,1,10000000.0,38.0,A
orb_lovol_sh|E12|k1|N10|A,455,10,S,-1.6,-39.6,48.4,49.4,-0.69,-63.3,-1.65,-1.55,True,orb_lovol_sh,12:15,1,10000000.0,38.0,A
orbdn_hivol_sh|E12|k1|N10|A,456,10,S,3.25,-34.75,50.9,73.3,0.95,-58.7,5.38,1.11,True,orbdn_hivol_sh,12:15,1,10000000.0,38.0,A
orbdn_lovol_sh|E12|k1|N10|A,463,10,S,-3.6,-41.6,45.4,48.0,-1.61,-65.1,-2.1,-5.09,True,orbdn_lovol_sh,12:15,1,10000000.0,38.0,A
posrange_hivol|E12|k1|N10|A,479,10,L,-0.56,-38.56,48.6,75.1,-0.16,-62.5,-3.86,2.75,False,posrange_hivol,12:15,1,10000000.0,38.0,A
posrange_lovol|E12|k1|N10|A,479,10,L,-0.39,-38.39,50.3,40.8,-0.21,-62.1,-2.29,1.52,False,posrange_lovol,12:15,1,10000000.0,38.0,A
posrange_hivol_sh|E12|k1|N10|A,479,10,S,0.56,-37.44,51.4,75.1,0.16,-61.4,3.86,-2.75,False,posrange_hivol_sh,12:15,1,10000000.0,38.0,A
posrange_lovol_sh|E12|k1|N10|A,479,10,S,0.39,-37.61,49.7,40.8,0.21,-61.4,2.29,-1.52,False,posrange_lovol_sh,12:15,1,10000000.0,38.0,A
orb_minus_width|E12|k1|N10|A,480,10,L,0.75,-37.25,51.9,63.1,0.26,-61.1,-0.33,1.84,False,orb_minus_width,12:15,1,10000000.0,38.0,A
orb_plus_width|E12|k1|N10|A,480,10,L,-3.24,-41.24,49.2,72.8,-0.97,-64.9,-1.16,-5.34,True,orb_plus_width,12:15,1,10000000.0,38.0,A
orb_plus_width_sh|E12|k1|N10|A,480,10,S,3.24,-34.76,50.8,72.8,0.97,-58.7,1.16,5.34,True,orb_plus_width_sh,12:15,1,10000000.0,38.0,A
orb_minus_width_sh|E12|k1|N10|A,480,10,S,-0.75,-38.75,48.1,63.1,-0.26,-62.6,0.33,-1.84,False,orb_minus_width_sh,12:15,1,10000000.0,38.0,A
orb_minus_d20|E12|k1|N10|A,469,10,L,1.32,-36.68,49.5,76.4,0.37,-60.7,0.99,1.65,True,orb_minus_d20,12:15,1,10000000.0,38.0,A
orb_plus_d20|E12|k1|N10|A,469,10,L,-5.84,-43.84,48.0,76.6,-1.65,-67.2,-3.12,-8.56,True,orb_plus_d20,12:15,1,10000000.0,38.0,A
orb_plus_d20_sh|E12|k1|N10|A,469,10,S,5.84,-32.16,52.0,76.6,1.65,-55.9,3.12,8.56,True,orb_plus_d20_sh,12:15,1,10000000.0,38.0,A
orb_plus_pct52|E12|k1|N10|A,430,10,L,1.57,-36.43,53.5,59.9,0.54,-60.3,0.72,2.44,True,orb_plus_pct52,12:15,1,10000000.0,38.0,A
orb_plus_pct52_sh|E12|k1|N10|A,430,10,S,-1.57,-39.57,46.5,59.9,-0.54,-63.4,-0.72,-2.44,True,orb_plus_pct52_sh,12:15,1,10000000.0,38.0,A
compress_then_pos|E12|k1|N10|A,480,10,L,0.75,-37.25,51.9,63.1,0.26,-61.1,-0.33,1.84,False,compress_then_pos,12:15,1,10000000.0,38.0,A
compress_then_pos_sh|E12|k1|N10|A,480,10,S,-0.75,-38.75,48.1,63.1,-0.26,-62.6,0.33,-1.84,False,compress_then_pos_sh,12:15,1,10000000.0,38.0,A
expand_then_pos|E12|k1|N10|A,480,10,L,-3.24,-41.24,49.2,72.8,-0.97,-64.9,-1.16,-5.34,True,expand_then_pos,12:15,1,10000000.0,38.0,A
expand_then_pos_sh|E12|k1|N10|A,480,10,S,3.24,-34.76,50.8,72.8,0.97,-58.7,1.16,5.34,True,expand_then_pos_sh,12:15,1,10000000.0,38.0,A
orb_up|E12|k1|N20|A,480,20,L,0.71,-37.29,52.7,55.6,0.28,-61.1,-2.01,3.45,False,orb_up,12:15,1,10000000.0,38.0,A
orb_up_sh|E12|k1|N20|A,480,20,S,-0.71,-38.71,47.3,55.6,-0.28,-62.5,2.01,-3.45,False,orb_up_sh,12:15,1,10000000.0,38.0,A
orb_dn_sh|E12|k1|N20|A,480,20,S,-1.65,-39.65,49.2,53.1,-0.68,-63.4,0.45,-3.76,False,orb_dn_sh,12:15,1,10000000.0,38.0,A
orb_dn_lg|E12|k1|N20|A,480,20,L,1.65,-36.35,50.8,53.1,0.68,-60.2,-0.45,3.76,False,orb_dn_lg,12:15,1,10000000.0,38.0,A
orb_up_sig|E12|k1|N20|A,480,20,L,0.94,-37.06,52.3,57.0,0.36,-60.9,-1.81,3.72,False,orb_up_sig,12:15,1,10000000.0,38.0,A
orb_up_sig_sh|E12|k1|N20|A,480,20,S,-0.94,-38.94,47.7,57.0,-0.36,-62.7,1.81,-3.72,False,orb_up_sig_sh,12:15,1,10000000.0,38.0,A
orb_dn_sig_sh|E12|k1|N20|A,480,20,S,-2.67,-40.67,47.9,52.9,-1.1,-64.3,-1.57,-3.78,True,orb_dn_sig_sh,12:15,1,10000000.0,38.0,A
orb_dn_sig_lg|E12|k1|N20|A,480,20,L,2.67,-35.33,52.1,52.9,1.1,-59.2,1.57,3.78,True,orb_dn_sig_lg,12:15,1,10000000.0,38.0,A
pos_in_or|E12|k1|N20|A,480,20,L,0.71,-37.29,52.7,55.6,0.28,-61.1,-2.01,3.45,False,pos_in_or,12:15,1,10000000.0,38.0,A
pos_in_or_sh|E12|k1|N20|A,480,20,S,-0.71,-38.71,47.3,55.6,-0.28,-62.5,2.01,-3.45,False,pos_in_or_sh,12:15,1,10000000.0,38.0,A
pos_in_or_lo|E12|k1|N20|A,480,20,L,1.65,-36.35,50.8,53.1,0.68,-60.2,-0.45,3.76,False,pos_in_or_lo,12:15,1,10000000.0,38.0,A
pos_in_or_lo_sh|E12|k1|N20|A,480,20,S,-1.65,-39.65,49.2,53.1,-0.68,-63.4,0.45,-3.76,False,pos_in_or_lo_sh,12:15,1,10000000.0,38.0,A
or_close_pos|E12|k1|N20|A,480,20,L,-0.8,-38.8,52.5,48.9,-0.36,-62.6,-1.29,-0.31,True,or_close_pos,12:15,1,10000000.0,38.0,A
or_close_pos_lo|E12|k1|N20|A,480,20,L,-2.55,-40.55,49.2,50.8,-1.1,-64.2,-3.74,-1.35,True,or_close_pos_lo,12:15,1,10000000.0,38.0,A
or_close_pos_sh|E12|k1|N20|A,480,20,S,0.8,-37.2,47.5,48.9,0.36,-61.0,1.29,0.31,True,or_close_pos_sh,12:15,1,10000000.0,38.0,A
posrange_hi|E12|k1|N20|A,480,20,L,0.12,-37.88,51.2,49.7,0.05,-61.7,-2.97,3.22,False,posrange_hi,12:15,1,10000000.0,38.0,A
posrange_hi_sh|E12|k1|N20|A,480,20,S,-0.12,-38.12,48.8,49.7,-0.05,-61.9,2.97,-3.22,False,posrange_hi_sh,12:15,1,10000000.0,38.0,A
posrange_lo|E12|k1|N20|A,480,20,L,1.83,-36.17,54.0,53.1,0.76,-60.0,-0.65,4.34,False,posrange_lo,12:15,1,10000000.0,38.0,A
posrange_lo_sh|E12|k1|N20|A,480,20,S,-1.83,-39.83,46.0,53.1,-0.76,-63.6,0.65,-4.34,False,posrange_lo_sh,12:15,1,10000000.0,38.0,A
today_sofar|E12|k1|N20|A,480,20,L,2.2,-35.8,51.5,66.3,0.73,-59.7,0.57,3.85,True,today_sofar,12:15,1,10000000.0,38.0,A
today_sofar_sh|E12|k1|N20|A,480,20,S,-2.2,-40.2,48.5,66.3,-0.73,-64.0,-0.57,-3.85,True,today_sofar_sh,12:15,1,10000000.0,38.0,A
today_sofar_lo|E12|k1|N20|A,480,20,L,-4.93,-42.93,46.5,64.0,-1.69,-66.4,-6.52,-3.32,True,today_sofar_lo,12:15,1,10000000.0,38.0,A
or_ret|E12|k1|N20|A,480,20,L,-1.46,-39.46,49.4,63.2,-0.51,-63.3,-3.1,0.2,False,or_ret,12:15,1,10000000.0,38.0,A
or_ret_sh|E12|k1|N20|A,480,20,S,1.46,-36.54,50.6,63.2,0.51,-60.5,3.1,-0.2,False,or_ret_sh,12:15,1,10000000.0,38.0,A
orbT_up|E12|k1|N20|A,475,20,L,0.53,-37.47,53.5,57.0,0.2,-61.3,-2.34,3.41,False,orbT_up,12:15,1,10000000.0,38.0,A
orbT_up_sh|E12|k1|N20|A,475,20,S,-0.53,-38.53,46.5,57.0,-0.2,-62.4,2.34,-3.41,False,orbT_up_sh,12:15,1,10000000.0,38.0,A
orbT_dn_sh|E12|k1|N20|A,476,20,S,-1.62,-39.62,48.5,54.0,-0.66,-63.4,0.27,-3.53,False,orbT_dn_sh,12:15,1,10000000.0,38.0,A
orbT_dn_lg|E12|k1|N20|A,476,20,L,1.62,-36.38,51.5,54.0,0.66,-60.2,-0.27,3.53,False,orbT_dn_lg,12:15,1,10000000.0,38.0,A
orbT_up_small|E12|k1|N20|A,475,20,L,2.11,-35.89,54.5,56.8,0.81,-59.8,0.13,4.1,True,orbT_up_small,12:15,1,10000000.0,38.0,A
orbT_up_small_sh|E12|k1|N20|A,475,20,S,-2.11,-40.11,45.5,56.8,-0.81,-63.8,-0.13,-4.1,True,orbT_up_small_sh,12:15,1,10000000.0,38.0,A
orbT_dn_small_sh|E12|k1|N20|A,476,20,S,3.35,-34.65,52.9,56.7,1.29,-58.5,6.92,-0.25,False,orbT_dn_small_sh,12:15,1,10000000.0,38.0,A
orbT_dn_small_lg|E12|k1|N20|A,476,20,L,-3.35,-41.35,47.1,56.7,-1.29,-64.9,-6.92,0.25,False,orbT_dn_small_lg,12:15,1,10000000.0,38.0,A
inside_posor|E12|k1|N20|A,480,20,L,-1.07,-39.07,51.7,49.3,-0.48,-62.8,-1.44,-0.7,True,inside_posor,12:15,1,10000000.0,38.0,A
inside_posor_sh|E12|k1|N20|A,480,20,S,1.07,-36.93,48.3,49.3,0.48,-60.8,1.44,0.7,True,inside_posor_sh,12:15,1,10000000.0,38.0,A
inside_posor_lo|E12|k1|N20|A,480,20,L,-5.33,-43.33,44.6,49.4,-2.36,-66.6,-7.3,-3.34,True,inside_posor_lo,12:15,1,10000000.0,38.0,A
or_wide|E12|k1|N20|A,480,20,L,-3.09,-41.09,47.7,59.2,-1.14,-64.7,-1.89,-4.3,True,or_wide,12:15,1,10000000.0,38.0,A
or_wide_sh|E12|k1|N20|A,480,20,S,3.09,-34.91,52.3,59.2,1.14,-58.8,1.89,4.3,True,or_wide_sh,12:15,1,10000000.0,38.0,A
or_narrow|E12|k1|N20|A,480,20,L,-2.49,-40.49,47.5,44.9,-1.22,-64.1,-3.8,-1.17,True,or_narrow,12:15,1,10000000.0,38.0,A
or_narrow_sh|E12|k1|N20|A,480,20,S,2.49,-35.51,52.5,44.9,1.22,-59.3,3.8,1.17,True,or_narrow_sh,12:15,1,10000000.0,38.0,A
or_wrel_hi|E12|k1|N20|A,480,20,L,-2.95,-40.95,48.1,61.9,-1.04,-64.6,-2.46,-3.44,True,or_wrel_hi,12:15,1,10000000.0,38.0,A
or_wrel_lo|E12|k1|N20|A,480,20,L,-2.0,-40.0,48.3,52.3,-0.84,-63.7,-4.7,0.71,False,or_wrel_lo,12:15,1,10000000.0,38.0,A
or_wrel_hi_sh|E12|k1|N20|A,480,20,S,2.95,-35.05,51.9,61.9,1.04,-58.9,2.46,3.44,True,or_wrel_hi_sh,12:15,1,10000000.0,38.0,A
or_wrel_lo_sh|E12|k1|N20|A,480,20,S,2.0,-36.0,51.7,52.3,0.84,-59.8,4.7,-0.71,False,or_wrel_lo_sh,12:15,1,10000000.0,38.0,A
rng_expand|E12|k1|N20|A,480,20,L,-2.41,-40.41,50.0,59.1,-0.89,-64.1,-0.92,-3.9,True,rng_expand,12:15,1,10000000.0,38.0,A
rng_expand_sh|E12|k1|N20|A,480,20,S,2.41,-35.59,50.0,59.1,0.89,-59.5,0.92,3.9,True,rng_expand_sh,12:15,1,10000000.0,38.0,A
rng_compress|E12|k1|N20|A,480,20,L,-2.66,-40.66,47.9,46.4,-1.26,-64.3,-5.97,0.68,False,rng_compress,12:15,1,10000000.0,38.0,A
rng_compress_sh|E12|k1|N20|A,480,20,S,2.66,-35.34,52.1,46.4,1.26,-59.1,5.97,-0.68,False,rng_compress_sh,12:15,1,10000000.0,38.0,A
vol20_hi|E12|k1|N20|A,479,20,L,-10.08,-48.08,43.8,74.2,-2.97,-70.5,-12.38,-7.77,True,vol20_hi,12:15,1,10000000.0,38.0,A
vol20_hi_sh|E12|k1|N20|A,479,20,S,10.08,-27.92,56.2,74.2,2.97,-50.9,12.38,7.77,True,vol20_hi_sh,12:15,1,10000000.0,38.0,A
vol20_lo|E12|k1|N20|A,479,20,L,-0.13,-38.13,49.7,25.1,-0.12,-61.8,0.56,-0.83,False,vol20_lo,12:15,1,10000000.0,38.0,A
vol20_lo_sh|E12|k1|N20|A,479,20,S,0.13,-37.87,50.3,25.1,0.12,-61.6,-0.56,0.83,False,vol20_lo_sh,12:15,1,10000000.0,38.0,A
atr_hi|E12|k1|N20|A,480,20,L,-10.84,-48.84,42.7,75.5,-3.15,-71.1,-12.97,-8.69,True,atr_hi,12:15,1,10000000.0,38.0,A
atr_lo|E12|k1|N20|A,480,20,L,1.52,-36.48,54.8,24.0,1.39,-60.2,1.84,1.19,True,atr_lo,12:15,1,10000000.0,38.0,A
atr_hi_sh|E12|k1|N20|A,480,20,S,10.84,-27.16,57.3,75.5,3.15,-50.0,12.97,8.69,True,atr_hi_sh,12:15,1,10000000.0,38.0,A
fail_up_sh|E12|k1|N20|A,479,20,S,2.26,-35.74,50.3,57.5,0.86,-59.6,2.87,1.64,True,fail_up_sh,12:15,1,10000000.0,38.0,A
fail_up_lg|E12|k1|N20|A,479,20,L,-2.26,-40.26,49.7,57.5,-0.86,-64.0,-2.87,-1.64,True,fail_up_lg,12:15,1,10000000.0,38.0,A
fail_dn_lg|E12|k1|N20|A,480,20,L,-2.04,-40.04,48.5,53.3,-0.84,-63.8,-3.55,-0.52,True,fail_dn_lg,12:15,1,10000000.0,38.0,A
fail_dn_sh|E12|k1|N20|A,480,20,S,2.04,-35.96,51.5,53.3,0.84,-59.8,3.55,0.52,True,fail_dn_sh,12:15,1,10000000.0,38.0,A
giveback_up_sh|E12|k1|N20|A,480,20,S,-1.03,-39.03,48.8,52.4,-0.43,-62.8,0.03,-2.1,False,giveback_up_sh,12:15,1,10000000.0,38.0,A
giveback_up_lg|E12|k1|N20|A,480,20,L,1.03,-36.97,51.2,52.4,0.43,-60.8,-0.03,2.1,False,giveback_up_lg,12:15,1,10000000.0,38.0,A
giveback_dn_lg|E12|k1|N20|A,480,20,L,-0.9,-38.9,49.8,53.6,-0.37,-62.7,-3.33,1.55,False,giveback_dn_lg,12:15,1,10000000.0,38.0,A
giveback_dn_sh|E12|k1|N20|A,480,20,S,0.9,-37.1,50.2,53.6,0.37,-61.0,3.33,-1.55,False,giveback_dn_sh,12:15,1,10000000.0,38.0,A
poke_up|E12|k1|N20|A,480,20,L,-1.51,-39.51,50.6,56.7,-0.58,-63.3,-4.05,1.05,False,poke_up,12:15,1,10000000.0,38.0,A
poke_up_sh|E12|k1|N20|A,480,20,S,1.51,-36.49,49.4,56.7,0.58,-60.4,4.05,-1.05,False,poke_up_sh,12:15,1,10000000.0,38.0,A
poke_dn_sh|E12|k1|N20|A,480,20,S,-2.73,-40.73,46.0,52.1,-1.15,-64.4,0.06,-5.55,False,poke_dn_sh,12:15,1,10000000.0,38.0,A
poke_dn_lg|E12|k1|N20|A,480,20,L,2.73,-35.27,54.0,52.1,1.15,-59.1,-0.06,5.55,False,poke_dn_lg,12:15,1,10000000.0,38.0,A
ext_up_sh|E12|k1|N20|A,480,20,S,-1.03,-39.03,48.8,52.4,-0.43,-62.8,0.03,-2.1,False,ext_up_sh,12:15,1,10000000.0,38.0,A
ext_up_lg|E12|k1|N20|A,480,20,L,1.03,-36.97,51.2,52.4,0.43,-60.8,-0.03,2.1,False,ext_up_lg,12:15,1,10000000.0,38.0,A
held_up|E12|k1|N20|A,475,20,L,0.53,-37.47,53.5,57.0,0.2,-61.3,-2.34,3.41,False,held_up,12:15,1,10000000.0,38.0,A
held_up_sh|E12|k1|N20|A,475,20,S,-0.53,-38.53,46.5,57.0,-0.2,-62.4,2.34,-3.41,False,held_up_sh,12:15,1,10000000.0,38.0,A
held_dn_sh|E12|k1|N20|A,476,20,S,-1.62,-39.62,48.5,54.0,-0.66,-63.4,0.27,-3.53,False,held_dn_sh,12:15,1,10000000.0,38.0,A
held_dn_lg|E12|k1|N20|A,476,20,L,1.62,-36.38,51.5,54.0,0.66,-60.2,-0.27,3.53,False,held_dn_lg,12:15,1,10000000.0,38.0,A
rvol_hi|E12|k1|N20|A,480,20,L,-4.05,-42.05,46.5,61.5,-1.44,-65.6,-4.45,-3.64,True,rvol_hi,12:15,1,10000000.0,38.0,A
rvol_hi_sh|E12|k1|N20|A,480,20,S,4.05,-33.95,53.5,61.5,1.44,-57.8,4.45,3.64,True,rvol_hi_sh,12:15,1,10000000.0,38.0,A
rvol_lo|E12|k1|N20|A,480,20,L,-2.88,-40.88,49.8,49.1,-1.29,-64.5,-4.95,-0.8,True,rvol_lo,12:15,1,10000000.0,38.0,A
rvol_lo_sh|E12|k1|N20|A,480,20,S,2.88,-35.12,50.2,49.1,1.29,-58.9,4.95,0.8,True,rvol_lo_sh,12:15,1,10000000.0,38.0,A
orb_vol125|E12|k1|N20|A,465,20,L,2.17,-35.83,54.4,62.1,0.75,-59.7,0.99,3.35,True,orb_vol125,12:15,1,10000000.0,38.0,A
orb_vol125_sh|E12|k1|N20|A,465,20,S,-2.17,-40.17,45.6,62.1,-0.75,-63.9,-0.99,-3.35,True,orb_vol125_sh,12:15,1,10000000.0,38.0,A
orbdn_vol125_sh|E12|k1|N20|A,449,20,S,-0.78,-38.78,49.7,55.5,-0.3,-62.6,1.61,-3.18,False,orbdn_vol125_sh,12:15,1,10000000.0,38.0,A
orbdn_vol125_lg|E12|k1|N20|A,449,20,L,0.78,-37.22,50.3,55.5,0.3,-61.1,-1.61,3.18,False,orbdn_vol125_lg,12:15,1,10000000.0,38.0,A
orb_vol15|E12|k1|N20|A,459,20,L,2.28,-35.72,53.8,65.4,0.75,-59.6,-0.03,4.6,False,orb_vol15,12:15,1,10000000.0,38.0,A
orb_vol15_sh|E12|k1|N20|A,459,20,S,-2.28,-40.28,46.2,65.4,-0.75,-64.0,0.03,-4.6,False,orb_vol15_sh,12:15,1,10000000.0,38.0,A
orbdn_vol15_sh|E12|k1|N20|A,428,20,S,0.61,-37.39,50.7,59.3,0.21,-61.3,2.2,-0.99,False,orbdn_vol15_sh,12:15,1,10000000.0,38.0,A
orbdn_vol15_lg|E12|k1|N20|A,428,20,L,-0.61,-38.61,49.3,59.3,-0.21,-62.4,-2.2,0.99,False,orbdn_vol15_lg,12:15,1,10000000.0,38.0,A
orb_vol20|E12|k1|N20|A,441,20,L,4.39,-33.61,56.2,66.7,1.38,-57.4,1.8,6.99,True,orb_vol20,12:15,1,10000000.0,38.0,A
orb_vol20_sh|E12|k1|N20|A,441,20,S,-4.39,-42.39,43.8,66.7,-1.38,-65.9,-1.8,-6.99,True,orb_vol20_sh,12:15,1,10000000.0,38.0,A
orbdn_vol20_sh|E12|k1|N20|A,326,20,S,0.46,-37.54,50.0,65.6,0.13,-61.4,0.48,0.44,True,orbdn_vol20_sh,12:15,1,10000000.0,38.0,A
orbdn_vol20_lg|E12|k1|N20|A,326,20,L,-0.46,-38.46,50.0,65.6,-0.13,-62.3,-0.48,-0.44,True,orbdn_vol20_lg,12:15,1,10000000.0,38.0,A
orb_x_rvol|E12|k1|N20|A,480,20,L,-2.57,-40.57,49.4,61.8,-0.91,-64.3,-4.48,-0.65,True,orb_x_rvol,12:15,1,10000000.0,38.0,A
orb_x_rvol_sh|E12|k1|N20|A,480,20,S,2.57,-35.43,50.6,61.8,0.91,-59.3,4.48,0.65,True,orb_x_rvol_sh,12:15,1,10000000.0,38.0,A
orb_novol|E12|k1|N20|A,382,20,L,1.35,-36.65,55.8,48.2,0.55,-60.5,0.36,2.34,True,orb_novol,12:15,1,10000000.0,38.0,A
orb_novol_sh|E12|k1|N20|A,382,20,S,-1.35,-39.35,44.2,48.2,-0.55,-63.1,-0.36,-2.34,True,orb_novol_sh,12:15,1,10000000.0,38.0,A
orb_wideOR|E12|k1|N20|A,392,20,L,9.4,-28.6,60.5,60.2,3.09,-51.6,6.44,12.38,True,orb_wideOR,12:15,1,10000000.0,38.0,A
orb_wideOR_sh|E12|k1|N20|A,392,20,S,-9.4,-47.4,39.5,60.2,-3.09,-69.9,-6.44,-12.38,True,orb_wideOR_sh,12:15,1,10000000.0,38.0,A
orb_narrowOR|E12|k1|N20|A,443,20,L,1.12,-36.88,54.4,55.7,0.42,-60.7,0.23,2.01,True,orb_narrowOR,12:15,1,10000000.0,38.0,A
orb_narrowOR_sh|E12|k1|N20|A,443,20,S,-1.12,-39.12,45.6,55.7,-0.42,-62.9,-0.23,-2.01,True,orb_narrowOR_sh,12:15,1,10000000.0,38.0,A
orbdn_wideOR_sh|E12|k1|N20|A,380,20,S,2.53,-35.47,53.9,62.9,0.78,-59.4,3.89,1.16,True,orbdn_wideOR_sh,12:15,1,10000000.0,38.0,A
orbdn_narrowOR_sh|E12|k1|N20|A,459,20,S,2.45,-35.55,52.7,52.6,1.0,-59.4,4.01,0.88,True,orbdn_narrowOR_sh,12:15,1,10000000.0,38.0,A
orbdn_wideOR_lg|E12|k1|N20|A,380,20,L,-2.53,-40.53,46.1,62.9,-0.78,-64.2,-3.89,-1.16,True,orbdn_wideOR_lg,12:15,1,10000000.0,38.0,A
orbdn_narrowOR_lg|E12|k1|N20|A,459,20,L,-2.45,-40.45,47.3,52.6,-1.0,-64.1,-4.01,-0.88,True,orbdn_narrowOR_lg,12:15,1,10000000.0,38.0,A
orb_coiled|E12|k1|N20|A,443,20,L,0.53,-37.47,54.6,55.9,0.2,-61.3,-0.47,1.53,False,orb_coiled,12:15,1,10000000.0,38.0,A
orb_coiled_sh|E12|k1|N20|A,443,20,S,-0.53,-38.53,45.4,55.9,-0.2,-62.3,0.47,-1.53,False,orb_coiled_sh,12:15,1,10000000.0,38.0,A
orbdn_coiled_sh|E12|k1|N20|A,452,20,S,2.44,-35.56,53.5,53.1,0.98,-59.4,3.28,1.59,True,orbdn_coiled_sh,12:15,1,10000000.0,38.0,A
orb_gapup|E12|k1|N20|A,308,20,L,6.09,-31.91,51.9,64.3,1.66,-55.5,4.28,7.92,True,orb_gapup,12:15,1,10000000.0,38.0,A
orb_gapup_sh|E12|k1|N20|A,308,20,S,-6.09,-44.09,48.1,64.3,-1.66,-67.3,-4.28,-7.92,True,orb_gapup_sh,12:15,1,10000000.0,38.0,A
orb_nogap|E12|k1|N20|A,436,20,L,-1.66,-39.66,52.1,52.2,-0.66,-63.4,-4.77,1.48,False,orb_nogap,12:15,1,10000000.0,38.0,A
orb_nogap_sh|E12|k1|N20|A,436,20,S,1.66,-36.34,47.9,52.2,0.66,-60.2,4.77,-1.48,False,orb_nogap_sh,12:15,1,10000000.0,38.0,A
orb_gapdn|E12|k1|N20|A,159,20,L,4.18,-33.82,56.6,69.8,0.76,-57.7,9.97,-1.68,False,orb_gapdn,12:15,1,10000000.0,38.0,A
orb_gapdn_sh|E12|k1|N20|A,159,20,S,-4.18,-42.18,43.4,69.8,-0.76,-65.7,-9.97,1.68,False,orb_gapdn_sh,12:15,1,10000000.0,38.0,A
orbdn_gapdn_sh|E12|k1|N20|A,191,20,S,-2.09,-40.09,56.0,66.3,-0.43,-63.9,-0.9,-3.28,True,orbdn_gapdn_sh,12:15,1,10000000.0,38.0,A
orbdn_gapdn_lg|E12|k1|N20|A,191,20,L,2.09,-35.91,44.0,66.3,0.43,-59.8,0.9,3.28,True,orbdn_gapdn_lg,12:15,1,10000000.0,38.0,A
orbdn_gapup_sh|E12|k1|N20|A,361,20,S,4.6,-33.4,54.6,63.0,1.39,-57.2,8.81,0.37,True,orbdn_gapup_sh,12:15,1,10000000.0,38.0,A
gap_up|E12|k1|N20|A,480,20,L,-2.54,-40.54,48.5,59.4,-0.94,-64.2,-6.02,0.96,False,gap_up,12:15,1,10000000.0,38.0,A
gap_up_sh|E12|k1|N20|A,480,20,S,2.54,-35.46,51.5,59.4,0.94,-59.3,6.02,-0.96,False,gap_up_sh,12:15,1,10000000.0,38.0,A
gap_dn_lg|E12|k1|N20|A,480,20,L,0.5,-37.5,52.1,59.1,0.19,-61.4,2.56,-1.57,False,gap_dn_lg,12:15,1,10000000.0,38.0,A
gap_dn_sh|E12|k1|N20|A,480,20,S,-0.5,-38.5,47.9,59.1,-0.19,-62.3,-2.56,1.57,False,gap_dn_sh,12:15,1,10000000.0,38.0,A
orb_hivol|E12|k1|N20|A,417,20,L,4.11,-33.89,55.4,70.4,1.19,-57.8,3.33,4.88,True,orb_hivol,12:15,1,10000000.0,38.0,A
orb_hivol_sh|E12|k1|N20|A,417,20,S,-4.11,-42.11,44.6,70.4,-1.19,-65.7,-3.33,-4.88,True,orb_hivol_sh,12:15,1,10000000.0,38.0,A
orb_lovol|E12|k1|N20|A,413,20,L,2.18,-35.82,54.5,44.9,0.99,-59.6,0.14,4.23,True,orb_lovol,12:15,1,10000000.0,38.0,A
orb_lovol_sh|E12|k1|N20|A,413,20,S,-2.18,-40.18,45.5,44.9,-0.99,-63.8,-0.14,-4.23,True,orb_lovol_sh,12:15,1,10000000.0,38.0,A
orbdn_hivol_sh|E12|k1|N20|A,424,20,S,5.2,-32.8,54.0,68.4,1.56,-56.6,8.76,1.59,True,orbdn_hivol_sh,12:15,1,10000000.0,38.0,A
orbdn_lovol_sh|E12|k1|N20|A,428,20,S,-2.65,-40.65,46.5,46.1,-1.19,-64.3,-1.6,-3.71,True,orbdn_lovol_sh,12:15,1,10000000.0,38.0,A
posrange_hivol|E12|k1|N20|A,479,20,L,-1.94,-39.94,49.9,68.5,-0.62,-63.7,-4.34,0.47,False,posrange_hivol,12:15,1,10000000.0,38.0,A
posrange_lovol|E12|k1|N20|A,479,20,L,-0.9,-38.9,51.6,38.3,-0.51,-62.6,-2.4,0.61,False,posrange_lovol,12:15,1,10000000.0,38.0,A
posrange_hivol_sh|E12|k1|N20|A,479,20,S,1.94,-36.06,50.1,68.5,0.62,-60.0,4.34,-0.47,False,posrange_hivol_sh,12:15,1,10000000.0,38.0,A
posrange_lovol_sh|E12|k1|N20|A,479,20,S,0.9,-37.1,48.4,38.3,0.51,-60.9,2.4,-0.61,False,posrange_lovol_sh,12:15,1,10000000.0,38.0,A
orb_minus_width|E12|k1|N20|A,480,20,L,-1.62,-39.62,51.2,53.0,-0.67,-63.4,-3.83,0.6,False,orb_minus_width,12:15,1,10000000.0,38.0,A
orb_plus_width|E12|k1|N20|A,480,20,L,-1.43,-39.43,52.3,59.1,-0.53,-63.2,-1.9,-0.96,True,orb_plus_width,12:15,1,10000000.0,38.0,A
orb_plus_width_sh|E12|k1|N20|A,480,20,S,1.43,-36.57,47.7,59.1,0.53,-60.4,1.9,0.96,True,orb_plus_width_sh,12:15,1,10000000.0,38.0,A
orb_minus_width_sh|E12|k1|N20|A,480,20,S,1.62,-36.38,48.8,53.0,0.67,-60.2,3.83,-0.6,False,orb_minus_width_sh,12:15,1,10000000.0,38.0,A
orb_minus_d20|E12|k1|N20|A,469,20,L,1.03,-36.97,53.7,62.2,0.36,-60.9,0.11,1.95,True,orb_minus_d20,12:15,1,10000000.0,38.0,A
orb_plus_d20|E12|k1|N20|A,469,20,L,-3.36,-41.36,48.4,61.9,-1.18,-65.0,-1.99,-4.75,True,orb_plus_d20,12:15,1,10000000.0,38.0,A
orb_plus_d20_sh|E12|k1|N20|A,469,20,S,3.36,-34.64,51.6,61.9,1.18,-58.5,1.99,4.75,True,orb_plus_d20_sh,12:15,1,10000000.0,38.0,A
orb_plus_pct52|E12|k1|N20|A,430,20,L,-0.27,-38.27,52.8,48.1,-0.12,-62.1,-3.41,2.9,False,orb_plus_pct52,12:15,1,10000000.0,38.0,A
orb_plus_pct52_sh|E12|k1|N20|A,430,20,S,0.27,-37.73,47.2,48.1,0.12,-61.5,3.41,-2.9,False,orb_plus_pct52_sh,12:15,1,10000000.0,38.0,A
compress_then_pos|E12|k1|N20|A,480,20,L,-1.62,-39.62,51.2,53.0,-0.67,-63.4,-3.83,0.6,False,compress_then_pos,12:15,1,10000000.0,38.0,A
compress_then_pos_sh|E12|k1|N20|A,480,20,S,1.62,-36.38,48.8,53.0,0.67,-60.2,3.83,-0.6,False,compress_then_pos_sh,12:15,1,10000000.0,38.0,A
expand_then_pos|E12|k1|N20|A,480,20,L,-1.43,-39.43,52.3,59.1,-0.53,-63.2,-1.9,-0.96,True,expand_then_pos,12:15,1,10000000.0,38.0,A
expand_then_pos_sh|E12|k1|N20|A,480,20,S,1.43,-36.57,47.7,59.1,0.53,-60.4,1.9,0.96,True,expand_then_pos_sh,12:15,1,10000000.0,38.0,A
orb_up|E12|k1|N30|A,480,30,L,0.19,-37.81,53.5,51.6,0.08,-61.6,-2.72,3.13,False,orb_up,12:15,1,10000000.0,38.0,A
orb_up_sh|E12|k1|N30|A,480,30,S,-0.19,-38.19,46.5,51.6,-0.08,-62.0,2.72,-3.13,False,orb_up_sh,12:15,1,10000000.0,38.0,A
orb_dn_sh|E12|k1|N30|A,480,30,S,-1.07,-39.07,47.9,50.8,-0.46,-62.8,1.46,-3.62,False,orb_dn_sh,12:15,1,10000000.0,38.0,A
orb_dn_lg|E12|k1|N30|A,480,30,L,1.07,-36.93,52.1,50.8,0.46,-60.8,-1.46,3.62,False,orb_dn_lg,12:15,1,10000000.0,38.0,A
orb_up_sig|E12|k1|N30|A,480,30,L,1.38,-36.62,54.2,51.6,0.59,-60.5,-1.34,4.13,False,orb_up_sig,12:15,1,10000000.0,38.0,A
orb_up_sig_sh|E12|k1|N30|A,480,30,S,-1.38,-39.38,45.8,51.6,-0.59,-63.1,1.34,-4.13,False,orb_up_sig_sh,12:15,1,10000000.0,38.0,A
orb_dn_sig_sh|E12|k1|N30|A,480,30,S,-1.78,-39.78,47.9,51.7,-0.75,-63.5,0.14,-3.71,False,orb_dn_sig_sh,12:15,1,10000000.0,38.0,A
orb_dn_sig_lg|E12|k1|N30|A,480,30,L,1.78,-36.22,52.1,51.7,0.75,-60.1,-0.14,3.71,False,orb_dn_sig_lg,12:15,1,10000000.0,38.0,A
pos_in_or|E12|k1|N30|A,480,30,L,0.19,-37.81,53.5,51.6,0.08,-61.6,-2.72,3.13,False,pos_in_or,12:15,1,10000000.0,38.0,A
pos_in_or_sh|E12|k1|N30|A,480,30,S,-0.19,-38.19,46.5,51.6,-0.08,-62.0,2.72,-3.13,False,pos_in_or_sh,12:15,1,10000000.0,38.0,A
pos_in_or_lo|E12|k1|N30|A,480,30,L,1.07,-36.93,52.1,50.8,0.46,-60.8,-1.46,3.62,False,pos_in_or_lo,12:15,1,10000000.0,38.0,A
pos_in_or_lo_sh|E12|k1|N30|A,480,30,S,-1.07,-39.07,47.9,50.8,-0.46,-62.8,1.46,-3.62,False,pos_in_or_lo_sh,12:15,1,10000000.0,38.0,A
or_close_pos|E12|k1|N30|A,480,30,L,-0.15,-38.15,54.0,49.1,-0.07,-61.9,-0.98,0.7,False,or_close_pos,12:15,1,10000000.0,38.0,A
or_close_pos_lo|E12|k1|N30|A,480,30,L,-2.93,-40.93,49.0,49.9,-1.29,-64.5,-4.34,-1.52,True,or_close_pos_lo,12:15,1,10000000.0,38.0,A
or_close_pos_sh|E12|k1|N30|A,480,30,S,0.15,-37.85,46.0,49.1,0.07,-61.7,0.98,-0.7,False,or_close_pos_sh,12:15,1,10000000.0,38.0,A
posrange_hi|E12|k1|N30|A,480,30,L,0.09,-37.91,51.5,48.5,0.04,-61.7,-2.61,2.82,False,posrange_hi,12:15,1,10000000.0,38.0,A
posrange_hi_sh|E12|k1|N30|A,480,30,S,-0.09,-38.09,48.5,48.5,-0.04,-61.9,2.61,-2.82,False,posrange_hi_sh,12:15,1,10000000.0,38.0,A
posrange_lo|E12|k1|N30|A,480,30,L,0.34,-37.66,51.9,52.0,0.14,-61.5,-2.59,3.29,False,posrange_lo,12:15,1,10000000.0,38.0,A
posrange_lo_sh|E12|k1|N30|A,480,30,S,-0.34,-38.34,48.1,52.0,-0.14,-62.1,2.59,-3.29,False,posrange_lo_sh,12:15,1,10000000.0,38.0,A
today_sofar|E12|k1|N30|A,480,30,L,1.36,-36.64,52.3,60.5,0.49,-60.5,0.37,2.36,True,today_sofar,12:15,1,10000000.0,38.0,A
today_sofar_sh|E12|k1|N30|A,480,30,S,-1.36,-39.36,47.7,60.5,-0.49,-63.2,-0.37,-2.36,True,today_sofar_sh,12:15,1,10000000.0,38.0,A
today_sofar_lo|E12|k1|N30|A,480,30,L,-3.29,-41.29,47.5,61.8,-1.17,-64.9,-5.04,-1.52,True,today_sofar_lo,12:15,1,10000000.0,38.0,A
or_ret|E12|k1|N30|A,480,30,L,-1.23,-39.23,50.6,58.5,-0.46,-63.0,-1.5,-0.95,True,or_ret,12:15,1,10000000.0,38.0,A
or_ret_sh|E12|k1|N30|A,480,30,S,1.23,-36.77,49.4,58.5,0.46,-60.7,1.5,0.95,True,or_ret_sh,12:15,1,10000000.0,38.0,A
orbT_up|E12|k1|N30|A,457,30,L,2.53,-35.47,56.0,53.5,1.01,-59.3,0.06,5.0,True,orbT_up,12:15,1,10000000.0,38.0,A
orbT_up_sh|E12|k1|N30|A,457,30,S,-2.53,-40.53,44.0,53.5,-1.01,-64.2,-0.06,-5.0,True,orbT_up_sh,12:15,1,10000000.0,38.0,A
orbT_dn_sh|E12|k1|N30|A,466,30,S,-1.21,-39.21,48.7,52.2,-0.5,-63.0,1.13,-3.56,False,orbT_dn_sh,12:15,1,10000000.0,38.0,A
orbT_dn_lg|E12|k1|N30|A,466,30,L,1.21,-36.79,51.3,52.2,0.5,-60.6,-1.13,3.56,False,orbT_dn_lg,12:15,1,10000000.0,38.0,A
orbT_up_small|E12|k1|N30|A,457,30,L,3.06,-34.94,54.3,53.4,1.23,-58.8,0.91,5.22,True,orbT_up_small,12:15,1,10000000.0,38.0,A
orbT_up_small_sh|E12|k1|N30|A,457,30,S,-3.06,-41.06,45.7,53.4,-1.23,-64.7,-0.91,-5.22,True,orbT_up_small_sh,12:15,1,10000000.0,38.0,A
orbT_dn_small_sh|E12|k1|N30|A,466,30,S,2.61,-35.39,52.4,54.4,1.04,-59.2,5.36,-0.17,False,orbT_dn_small_sh,12:15,1,10000000.0,38.0,A
orbT_dn_small_lg|E12|k1|N30|A,466,30,L,-2.61,-40.61,47.6,54.4,-1.04,-64.3,-5.36,0.17,False,orbT_dn_small_lg,12:15,1,10000000.0,38.0,A
inside_posor|E12|k1|N30|A,480,30,L,-0.63,-38.63,52.5,49.8,-0.28,-62.4,-1.7,0.44,False,inside_posor,12:15,1,10000000.0,38.0,A
inside_posor_sh|E12|k1|N30|A,480,30,S,0.63,-37.37,47.5,49.8,0.28,-61.2,1.7,-0.44,False,inside_posor_sh,12:15,1,10000000.0,38.0,A
inside_posor_lo|E12|k1|N30|A,480,30,L,-5.33,-43.33,47.1,51.3,-2.28,-66.6,-7.05,-3.6,True,inside_posor_lo,12:15,1,10000000.0,38.0,A
or_wide|E12|k1|N30|A,480,30,L,-2.93,-40.93,49.6,54.5,-1.18,-64.6,-1.68,-4.2,True,or_wide,12:15,1,10000000.0,38.0,A
or_wide_sh|E12|k1|N30|A,480,30,S,2.93,-35.07,50.4,54.5,1.18,-58.9,1.68,4.2,True,or_wide_sh,12:15,1,10000000.0,38.0,A
or_narrow|E12|k1|N30|A,480,30,L,-2.68,-40.68,49.6,46.2,-1.27,-64.3,-3.99,-1.36,True,or_narrow,12:15,1,10000000.0,38.0,A
or_narrow_sh|E12|k1|N30|A,480,30,S,2.68,-35.32,50.4,46.2,1.27,-59.1,3.99,1.36,True,or_narrow_sh,12:15,1,10000000.0,38.0,A
or_wrel_hi|E12|k1|N30|A,480,30,L,-2.33,-40.33,50.0,55.9,-0.91,-64.0,-2.56,-2.09,True,or_wrel_hi,12:15,1,10000000.0,38.0,A
or_wrel_lo|E12|k1|N30|A,480,30,L,-2.2,-40.2,49.8,50.5,-0.96,-63.9,-3.9,-0.49,True,or_wrel_lo,12:15,1,10000000.0,38.0,A
or_wrel_hi_sh|E12|k1|N30|A,480,30,S,2.33,-35.67,50.0,55.9,0.91,-59.5,2.56,2.09,True,or_wrel_hi_sh,12:15,1,10000000.0,38.0,A
or_wrel_lo_sh|E12|k1|N30|A,480,30,S,2.2,-35.8,50.2,50.5,0.96,-59.6,3.9,0.49,True,or_wrel_lo_sh,12:15,1,10000000.0,38.0,A
rng_expand|E12|k1|N30|A,480,30,L,-1.23,-39.23,52.3,55.6,-0.48,-63.0,-0.76,-1.7,True,rng_expand,12:15,1,10000000.0,38.0,A
rng_expand_sh|E12|k1|N30|A,480,30,S,1.23,-36.77,47.7,55.6,0.48,-60.6,0.76,1.7,True,rng_expand_sh,12:15,1,10000000.0,38.0,A
rng_compress|E12|k1|N30|A,480,30,L,-3.31,-41.31,47.1,47.1,-1.54,-64.9,-6.4,-0.19,True,rng_compress,12:15,1,10000000.0,38.0,A
rng_compress_sh|E12|k1|N30|A,480,30,S,3.31,-34.69,52.9,47.1,1.54,-58.5,6.4,0.19,True,rng_compress_sh,12:15,1,10000000.0,38.0,A
vol20_hi|E12|k1|N30|A,479,30,L,-9.12,-47.12,44.5,69.7,-2.87,-69.8,-10.82,-7.41,True,vol20_hi,12:15,1,10000000.0,38.0,A
vol20_hi_sh|E12|k1|N30|A,479,30,S,9.12,-28.88,55.5,69.7,2.87,-52.0,10.82,7.41,True,vol20_hi_sh,12:15,1,10000000.0,38.0,A
vol20_lo|E12|k1|N30|A,479,30,L,-0.14,-38.14,51.1,28.7,-0.11,-61.9,-0.19,-0.09,True,vol20_lo,12:15,1,10000000.0,38.0,A
vol20_lo_sh|E12|k1|N30|A,479,30,S,0.14,-37.86,48.9,28.7,0.11,-61.6,0.19,0.09,True,vol20_lo_sh,12:15,1,10000000.0,38.0,A
atr_hi|E12|k1|N30|A,480,30,L,-8.86,-46.86,46.2,71.0,-2.73,-69.6,-10.24,-7.46,True,atr_hi,12:15,1,10000000.0,38.0,A
atr_lo|E12|k1|N30|A,480,30,L,0.61,-37.39,52.7,27.8,0.48,-61.1,0.49,0.72,True,atr_lo,12:15,1,10000000.0,38.0,A
atr_hi_sh|E12|k1|N30|A,480,30,S,8.86,-29.14,53.8,71.0,2.73,-52.4,10.24,7.46,True,atr_hi_sh,12:15,1,10000000.0,38.0,A
fail_up_sh|E12|k1|N30|A,476,30,S,1.95,-36.05,50.0,55.8,0.76,-59.9,2.3,1.61,True,fail_up_sh,12:15,1,10000000.0,38.0,A
fail_up_lg|E12|k1|N30|A,476,30,L,-1.95,-39.95,50.0,55.8,-0.76,-63.7,-2.3,-1.61,True,fail_up_lg,12:15,1,10000000.0,38.0,A
fail_dn_lg|E12|k1|N30|A,479,30,L,-0.97,-38.97,49.9,51.3,-0.41,-62.7,-3.49,1.56,False,fail_dn_lg,12:15,1,10000000.0,38.0,A
fail_dn_sh|E12|k1|N30|A,479,30,S,0.97,-37.03,50.1,51.3,0.41,-60.9,3.49,-1.56,False,fail_dn_sh,12:15,1,10000000.0,38.0,A
giveback_up_sh|E12|k1|N30|A,480,30,S,-0.81,-38.81,49.0,50.5,-0.35,-62.6,0.91,-2.54,False,giveback_up_sh,12:15,1,10000000.0,38.0,A
giveback_up_lg|E12|k1|N30|A,480,30,L,0.81,-37.19,51.0,50.5,0.35,-61.0,-0.91,2.54,False,giveback_up_lg,12:15,1,10000000.0,38.0,A
giveback_dn_lg|E12|k1|N30|A,480,30,L,0.01,-37.99,51.9,50.5,0.0,-61.8,-2.16,2.19,False,giveback_dn_lg,12:15,1,10000000.0,38.0,A
giveback_dn_sh|E12|k1|N30|A,480,30,S,-0.01,-38.01,48.1,50.5,-0.0,-61.8,2.16,-2.19,False,giveback_dn_sh,12:15,1,10000000.0,38.0,A
poke_up|E12|k1|N30|A,480,30,L,-1.02,-39.02,52.5,53.7,-0.42,-62.8,-3.55,1.53,False,poke_up,12:15,1,10000000.0,38.0,A
poke_up_sh|E12|k1|N30|A,480,30,S,1.02,-36.98,47.5,53.7,0.42,-60.8,3.55,-1.53,False,poke_up_sh,12:15,1,10000000.0,38.0,A
poke_dn_sh|E12|k1|N30|A,480,30,S,-2.08,-40.08,46.2,50.1,-0.91,-63.8,-0.06,-4.11,True,poke_dn_sh,12:15,1,10000000.0,38.0,A
poke_dn_lg|E12|k1|N30|A,480,30,L,2.08,-35.92,53.8,50.1,0.91,-59.8,0.06,4.11,True,poke_dn_lg,12:15,1,10000000.0,38.0,A
ext_up_sh|E12|k1|N30|A,480,30,S,-0.81,-38.81,49.0,50.5,-0.35,-62.6,0.91,-2.54,False,ext_up_sh,12:15,1,10000000.0,38.0,A
ext_up_lg|E12|k1|N30|A,480,30,L,0.81,-37.19,51.0,50.5,0.35,-61.0,-0.91,2.54,False,ext_up_lg,12:15,1,10000000.0,38.0,A
held_up|E12|k1|N30|A,457,30,L,2.53,-35.47,56.0,53.5,1.01,-59.3,0.06,5.0,True,held_up,12:15,1,10000000.0,38.0,A
held_up_sh|E12|k1|N30|A,457,30,S,-2.53,-40.53,44.0,53.5,-1.01,-64.2,-0.06,-5.0,True,held_up_sh,12:15,1,10000000.0,38.0,A
held_dn_sh|E12|k1|N30|A,466,30,S,-1.2,-39.2,48.9,52.2,-0.49,-63.0,1.13,-3.55,False,held_dn_sh,12:15,1,10000000.0,38.0,A
held_dn_lg|E12|k1|N30|A,466,30,L,1.2,-36.8,51.1,52.2,0.49,-60.6,-1.13,3.55,False,held_dn_lg,12:15,1,10000000.0,38.0,A
rvol_hi|E12|k1|N30|A,480,30,L,-2.23,-40.23,49.0,56.3,-0.87,-63.9,-2.69,-1.76,True,rvol_hi,12:15,1,10000000.0,38.0,A
rvol_hi_sh|E12|k1|N30|A,480,30,S,2.23,-35.77,51.0,56.3,0.87,-59.6,2.69,1.76,True,rvol_hi_sh,12:15,1,10000000.0,38.0,A
rvol_lo|E12|k1|N30|A,480,30,L,-2.32,-40.32,50.0,48.9,-1.04,-64.0,-4.78,0.15,False,rvol_lo,12:15,1,10000000.0,38.0,A
rvol_lo_sh|E12|k1|N30|A,480,30,S,2.32,-35.68,50.0,48.9,1.04,-59.5,4.78,-0.15,False,rvol_lo_sh,12:15,1,10000000.0,38.0,A
orb_vol125|E12|k1|N30|A,437,30,L,3.75,-34.25,56.5,57.8,1.36,-58.1,2.14,5.36,True,orb_vol125,12:15,1,10000000.0,38.0,A
orb_vol125_sh|E12|k1|N30|A,437,30,S,-3.75,-41.75,43.5,57.8,-1.36,-65.3,-2.14,-5.36,True,orb_vol125_sh,12:15,1,10000000.0,38.0,A
orbdn_vol125_sh|E12|k1|N30|A,398,30,S,0.67,-37.33,50.5,54.9,0.25,-61.2,2.96,-1.64,False,orbdn_vol125_sh,12:15,1,10000000.0,38.0,A
orbdn_vol125_lg|E12|k1|N30|A,398,30,L,-0.67,-38.67,49.5,54.9,-0.25,-62.5,-2.96,1.64,False,orbdn_vol125_lg,12:15,1,10000000.0,38.0,A
orb_vol15|E12|k1|N30|A,420,30,L,5.19,-32.81,56.4,57.6,1.84,-56.5,2.61,7.78,True,orb_vol15,12:15,1,10000000.0,38.0,A
orb_vol15_sh|E12|k1|N30|A,420,30,S,-5.19,-43.19,43.6,57.6,-1.84,-66.5,-2.61,-7.78,True,orb_vol15_sh,12:15,1,10000000.0,38.0,A
orbdn_vol15_sh|E12|k1|N30|A,337,30,S,1.22,-36.78,49.0,57.9,0.39,-60.7,2.59,-0.15,False,orbdn_vol15_sh,12:15,1,10000000.0,38.0,A
orbdn_vol15_lg|E12|k1|N30|A,337,30,L,-1.22,-39.22,51.0,57.9,-0.39,-63.0,-2.59,0.15,False,orbdn_vol15_lg,12:15,1,10000000.0,38.0,A
orb_vol20|E12|k1|N30|A,380,30,L,6.32,-31.68,57.9,60.8,2.03,-55.3,5.28,7.37,True,orb_vol20,12:15,1,10000000.0,38.0,A
orb_vol20_sh|E12|k1|N30|A,380,30,S,-6.32,-44.32,42.1,60.8,-2.03,-67.5,-5.28,-7.37,True,orb_vol20_sh,12:15,1,10000000.0,38.0,A
orbdn_vol20_sh|E12|k1|N30|A,177,30,S,-0.8,-38.8,50.3,68.1,-0.16,-62.7,-5.23,3.68,False,orbdn_vol20_sh,12:15,1,10000000.0,38.0,A
orbdn_vol20_lg|E12|k1|N30|A,177,30,L,0.8,-37.2,49.7,68.1,0.16,-61.1,5.23,-3.68,False,orbdn_vol20_lg,12:15,1,10000000.0,38.0,A
orb_x_rvol|E12|k1|N30|A,480,30,L,-1.92,-39.92,51.2,54.9,-0.77,-63.6,-3.47,-0.36,True,orb_x_rvol,12:15,1,10000000.0,38.0,A
orb_x_rvol_sh|E12|k1|N30|A,480,30,S,1.92,-36.08,48.8,54.9,0.77,-59.9,3.47,0.36,True,orb_x_rvol_sh,12:15,1,10000000.0,38.0,A
orb_novol|E12|k1|N30|A,315,30,L,2.65,-35.35,57.8,47.4,0.99,-59.1,2.27,3.03,True,orb_novol,12:15,1,10000000.0,38.0,A
orb_novol_sh|E12|k1|N30|A,315,30,S,-2.65,-40.65,42.2,47.4,-0.99,-64.3,-2.27,-3.03,True,orb_novol_sh,12:15,1,10000000.0,38.0,A
orb_wideOR|E12|k1|N30|A,314,30,L,8.01,-29.99,59.6,58.3,2.43,-53.3,6.94,9.1,True,orb_wideOR,12:15,1,10000000.0,38.0,A
orb_wideOR_sh|E12|k1|N30|A,314,30,S,-8.01,-46.01,40.4,58.3,-2.43,-68.9,-6.94,-9.1,True,orb_wideOR_sh,12:15,1,10000000.0,38.0,A
orb_narrowOR|E12|k1|N30|A,385,30,L,1.87,-36.13,55.8,52.1,0.7,-60.0,1.84,1.9,True,orb_narrowOR,12:15,1,10000000.0,38.0,A
orb_narrowOR_sh|E12|k1|N30|A,385,30,S,-1.87,-39.87,44.2,52.1,-0.7,-63.6,-1.84,-1.9,True,orb_narrowOR_sh,12:15,1,10000000.0,38.0,A
orbdn_wideOR_sh|E12|k1|N30|A,298,30,S,4.78,-33.22,55.7,58.1,1.42,-57.0,6.81,2.72,True,orbdn_wideOR_sh,12:15,1,10000000.0,38.0,A
orbdn_narrowOR_sh|E12|k1|N30|A,416,30,S,3.08,-34.92,52.6,52.2,1.2,-58.7,4.62,1.53,True,orbdn_narrowOR_sh,12:15,1,10000000.0,38.0,A
orbdn_wideOR_lg|E12|k1|N30|A,298,30,L,-4.78,-42.78,44.3,58.1,-1.42,-66.2,-6.81,-2.72,True,orbdn_wideOR_lg,12:15,1,10000000.0,38.0,A
orbdn_narrowOR_lg|E12|k1|N30|A,416,30,L,-3.08,-41.08,47.4,52.2,-1.2,-64.7,-4.62,-1.53,True,orbdn_narrowOR_lg,12:15,1,10000000.0,38.0,A
orb_coiled|E12|k1|N30|A,374,30,L,2.21,-35.79,54.5,51.7,0.83,-59.6,2.37,2.06,True,orb_coiled,12:15,1,10000000.0,38.0,A
orb_coiled_sh|E12|k1|N30|A,374,30,S,-2.21,-40.21,45.5,51.7,-0.83,-63.9,-2.37,-2.06,True,orb_coiled_sh,12:15,1,10000000.0,38.0,A
orbdn_coiled_sh|E12|k1|N30|A,409,30,S,4.49,-33.51,54.8,53.0,1.72,-57.2,6.33,2.65,True,orbdn_coiled_sh,12:15,1,10000000.0,38.0,A
orb_gapup|E12|k1|N30|A,228,30,L,7.02,-30.98,56.1,57.4,1.85,-54.4,3.34,10.77,True,orb_gapup,12:15,1,10000000.0,38.0,A
orb_gapup_sh|E12|k1|N30|A,228,30,S,-7.02,-45.02,43.9,57.4,-1.85,-68.1,-3.34,-10.77,True,orb_gapup_sh,12:15,1,10000000.0,38.0,A
orb_nogap|E12|k1|N30|A,401,30,L,0.06,-37.94,54.4,49.4,0.03,-61.7,-3.49,3.64,False,orb_nogap,12:15,1,10000000.0,38.0,A
orb_nogap_sh|E12|k1|N30|A,401,30,S,-0.06,-38.06,45.6,49.4,-0.03,-61.9,3.49,-3.64,False,orb_nogap_sh,12:15,1,10000000.0,38.0,A
orbdn_gapdn_sh|E12|k1|N30|A,123,30,S,-2.51,-40.51,55.3,67.0,-0.42,-64.3,-2.28,-2.75,True,orbdn_gapdn_sh,12:15,1,10000000.0,38.0,A
orbdn_gapdn_lg|E12|k1|N30|A,123,30,L,2.51,-35.49,44.7,67.0,0.42,-59.4,2.28,2.75,True,orbdn_gapdn_lg,12:15,1,10000000.0,38.0,A
orbdn_gapup_sh|E12|k1|N30|A,285,30,S,4.02,-33.98,53.3,59.5,1.14,-57.8,7.6,0.42,True,orbdn_gapup_sh,12:15,1,10000000.0,38.0,A
gap_up|E12|k1|N30|A,480,30,L,-3.1,-41.1,49.0,57.3,-1.19,-64.7,-5.98,-0.2,True,gap_up,12:15,1,10000000.0,38.0,A
gap_up_sh|E12|k1|N30|A,480,30,S,3.1,-34.9,51.0,57.3,1.19,-58.7,5.98,0.2,True,gap_up_sh,12:15,1,10000000.0,38.0,A
gap_dn_lg|E12|k1|N30|A,480,30,L,1.18,-36.82,53.1,54.7,0.47,-60.7,2.7,-0.35,False,gap_dn_lg,12:15,1,10000000.0,38.0,A
gap_dn_sh|E12|k1|N30|A,480,30,S,-1.18,-39.18,46.9,54.7,-0.47,-63.0,-2.7,0.35,False,gap_dn_sh,12:15,1,10000000.0,38.0,A
orb_hivol|E12|k1|N30|A,345,30,L,3.09,-34.91,54.8,64.8,0.89,-58.8,1.0,5.2,True,orb_hivol,12:15,1,10000000.0,38.0,A
orb_hivol_sh|E12|k1|N30|A,345,30,S,-3.09,-41.09,45.2,64.8,-0.89,-64.8,-1.0,-5.2,True,orb_hivol_sh,12:15,1,10000000.0,38.0,A
orb_lovol|E12|k1|N30|A,342,30,L,3.43,-34.57,56.4,39.0,1.63,-58.3,3.5,3.36,True,orb_lovol,12:15,1,10000000.0,38.0,A
orb_lovol_sh|E12|k1|N30|A,342,30,S,-3.43,-41.43,43.6,39.0,-1.63,-64.9,-3.5,-3.36,True,orb_lovol_sh,12:15,1,10000000.0,38.0,A
orbdn_hivol_sh|E12|k1|N30|A,369,30,S,4.54,-33.46,53.7,65.9,1.32,-57.3,9.71,-0.66,False,orbdn_hivol_sh,12:15,1,10000000.0,38.0,A
orbdn_lovol_sh|E12|k1|N30|A,362,30,S,1.05,-36.95,49.2,44.4,0.45,-60.8,1.71,0.39,True,orbdn_lovol_sh,12:15,1,10000000.0,38.0,A
posrange_hivol|E12|k1|N30|A,479,30,L,-2.3,-40.3,49.7,65.4,-0.77,-64.0,-5.3,0.72,False,posrange_hivol,12:15,1,10000000.0,38.0,A
posrange_lovol|E12|k1|N30|A,479,30,L,-1.19,-39.19,49.9,37.5,-0.7,-62.9,-2.75,0.37,False,posrange_lovol,12:15,1,10000000.0,38.0,A
posrange_hivol_sh|E12|k1|N30|A,479,30,S,2.3,-35.7,50.3,65.4,0.77,-59.6,5.3,-0.72,False,posrange_hivol_sh,12:15,1,10000000.0,38.0,A
posrange_lovol_sh|E12|k1|N30|A,479,30,S,1.19,-36.81,50.1,37.5,0.7,-60.6,2.75,-0.37,False,posrange_lovol_sh,12:15,1,10000000.0,38.0,A
orb_minus_width|E12|k1|N30|A,480,30,L,-1.28,-39.28,51.0,49.5,-0.57,-63.0,-4.0,1.45,False,orb_minus_width,12:15,1,10000000.0,38.0,A
orb_plus_width|E12|k1|N30|A,480,30,L,-0.36,-38.36,51.7,54.0,-0.15,-62.2,-0.59,-0.12,True,orb_plus_width,12:15,1,10000000.0,38.0,A
orb_plus_width_sh|E12|k1|N30|A,480,30,S,0.36,-37.64,48.3,54.0,0.15,-61.5,0.59,0.12,True,orb_plus_width_sh,12:15,1,10000000.0,38.0,A
orb_minus_width_sh|E12|k1|N30|A,480,30,S,1.28,-36.72,49.0,49.5,0.57,-60.5,4.0,-1.45,False,orb_minus_width_sh,12:15,1,10000000.0,38.0,A
orb_minus_d20|E12|k1|N30|A,469,30,L,0.95,-37.05,53.3,57.5,0.36,-60.9,0.08,1.82,True,orb_minus_d20,12:15,1,10000000.0,38.0,A
orb_plus_d20|E12|k1|N30|A,469,30,L,-3.14,-41.14,49.9,56.8,-1.2,-64.8,-3.19,-3.1,True,orb_plus_d20,12:15,1,10000000.0,38.0,A
orb_plus_d20_sh|E12|k1|N30|A,469,30,S,3.14,-34.86,50.1,56.8,1.2,-58.7,3.19,3.1,True,orb_plus_d20_sh,12:15,1,10000000.0,38.0,A
orb_plus_pct52|E12|k1|N30|A,430,30,L,-0.5,-38.5,54.7,46.3,-0.23,-62.3,-2.45,1.46,False,orb_plus_pct52,12:15,1,10000000.0,38.0,A
orb_plus_pct52_sh|E12|k1|N30|A,430,30,S,0.5,-37.5,45.3,46.3,0.23,-61.3,2.45,-1.46,False,orb_plus_pct52_sh,12:15,1,10000000.0,38.0,A
compress_then_pos|E12|k1|N30|A,480,30,L,-1.28,-39.28,51.0,49.5,-0.57,-63.0,-4.0,1.45,False,compress_then_pos,12:15,1,10000000.0,38.0,A
compress_then_pos_sh|E12|k1|N30|A,480,30,S,1.28,-36.72,49.0,49.5,0.57,-60.5,4.0,-1.45,False,compress_then_pos_sh,12:15,1,10000000.0,38.0,A
expand_then_pos|E12|k1|N30|A,480,30,L,-0.36,-38.36,51.7,54.0,-0.15,-62.2,-0.59,-0.12,True,expand_then_pos,12:15,1,10000000.0,38.0,A
expand_then_pos_sh|E12|k1|N30|A,480,30,S,0.36,-37.64,48.3,54.0,0.15,-61.5,0.59,0.12,True,expand_then_pos_sh,12:15,1,10000000.0,38.0,A
orb_up|E12|k1|N5|B,480,5,L,-5.11,-26.11,45.0,81.4,-1.37,-48.7,-4.84,-5.38,True,orb_up,12:15,1,100000000.0,21.0,B
orb_up_sh|E12|k1|N5|B,480,5,S,5.11,-15.89,55.0,81.4,1.37,-33.6,4.84,5.38,True,orb_up_sh,12:15,1,100000000.0,21.0,B
orb_dn_sh|E12|k1|N5|B,480,5,S,-3.26,-24.26,47.1,64.9,-1.1,-46.1,-2.61,-3.91,True,orb_dn_sh,12:15,1,100000000.0,21.0,B
orb_dn_lg|E12|k1|N5|B,480,5,L,3.26,-17.74,52.9,64.9,1.1,-36.4,2.61,3.91,True,orb_dn_lg,12:15,1,100000000.0,21.0,B
orb_up_sig|E12|k1|N5|B,480,5,L,1.68,-19.32,51.0,91.1,0.41,-39.2,-2.33,5.74,False,orb_up_sig,12:15,1,100000000.0,21.0,B
orb_up_sig_sh|E12|k1|N5|B,480,5,S,-1.68,-22.68,49.0,91.1,-0.41,-44.2,2.33,-5.74,False,orb_up_sig_sh,12:15,1,100000000.0,21.0,B
orb_dn_sig_sh|E12|k1|N5|B,480,5,S,-6.92,-27.92,47.7,71.2,-2.13,-50.9,-8.03,-5.8,True,orb_dn_sig_sh,12:15,1,100000000.0,21.0,B
orb_dn_sig_lg|E12|k1|N5|B,480,5,L,6.92,-14.08,52.3,71.2,2.13,-30.3,8.03,5.8,True,orb_dn_sig_lg,12:15,1,100000000.0,21.0,B
pos_in_or|E12|k1|N5|B,480,5,L,-5.11,-26.11,45.0,81.4,-1.37,-48.7,-4.84,-5.38,True,pos_in_or,12:15,1,100000000.0,21.0,B
pos_in_or_sh|E12|k1|N5|B,480,5,S,5.11,-15.89,55.0,81.4,1.37,-33.6,4.84,5.38,True,pos_in_or_sh,12:15,1,100000000.0,21.0,B
pos_in_or_lo|E12|k1|N5|B,480,5,L,3.26,-17.74,52.9,64.9,1.1,-36.4,2.61,3.91,True,pos_in_or_lo,12:15,1,100000000.0,21.0,B
pos_in_or_lo_sh|E12|k1|N5|B,480,5,S,-3.26,-24.26,47.1,64.9,-1.1,-46.1,-2.61,-3.91,True,pos_in_or_lo_sh,12:15,1,100000000.0,21.0,B
or_close_pos|E12|k1|N5|B,480,5,L,0.55,-20.45,49.0,54.1,0.22,-40.5,1.54,-0.46,False,or_close_pos,12:15,1,100000000.0,21.0,B
or_close_pos_lo|E12|k1|N5|B,480,5,L,-1.17,-22.17,46.5,55.2,-0.46,-43.1,-2.43,0.11,False,or_close_pos_lo,12:15,1,100000000.0,21.0,B
or_close_pos_sh|E12|k1|N5|B,480,5,S,-0.55,-21.55,51.0,54.1,-0.22,-42.1,-1.54,0.46,False,or_close_pos_sh,12:15,1,100000000.0,21.0,B
posrange_hi|E12|k1|N5|B,480,5,L,0.93,-20.07,50.8,60.9,0.33,-40.0,-5.26,7.17,False,posrange_hi,12:15,1,100000000.0,21.0,B
posrange_hi_sh|E12|k1|N5|B,480,5,S,-0.93,-21.93,49.2,60.9,-0.33,-42.8,5.26,-7.17,False,posrange_hi_sh,12:15,1,100000000.0,21.0,B
posrange_lo|E12|k1|N5|B,480,5,L,2.01,-18.99,52.9,61.3,0.72,-38.3,-0.18,4.22,False,posrange_lo,12:15,1,100000000.0,21.0,B
posrange_lo_sh|E12|k1|N5|B,480,5,S,-2.01,-23.01,47.1,61.3,-0.72,-44.3,0.18,-4.22,False,posrange_lo_sh,12:15,1,100000000.0,21.0,B
today_sofar|E12|k1|N5|B,480,5,L,1.06,-19.94,46.7,113.9,0.2,-40.5,-1.49,3.64,False,today_sofar,12:15,1,100000000.0,21.0,B
today_sofar_sh|E12|k1|N5|B,480,5,S,-1.06,-22.06,53.3,113.9,-0.2,-43.6,1.49,-3.64,False,today_sofar_sh,12:15,1,100000000.0,21.0,B
today_sofar_lo|E12|k1|N5|B,480,5,L,-9.87,-30.87,43.8,91.3,-2.37,-54.6,-8.08,-11.68,True,today_sofar_lo,12:15,1,100000000.0,21.0,B
or_ret|E12|k1|N5|B,480,5,L,-2.17,-23.17,45.8,109.3,-0.43,-45.1,-2.17,-2.16,True,or_ret,12:15,1,100000000.0,21.0,B
or_ret_sh|E12|k1|N5|B,480,5,S,2.17,-18.83,54.2,109.3,0.43,-38.7,2.17,2.16,True,or_ret_sh,12:15,1,100000000.0,21.0,B
orbT_up|E12|k1|N5|B,479,5,L,-5.16,-26.16,45.3,81.8,-1.38,-48.8,-4.94,-5.38,True,orbT_up,12:15,1,100000000.0,21.0,B
orbT_up_sh|E12|k1|N5|B,479,5,S,5.16,-15.84,54.7,81.8,1.38,-33.5,4.94,5.38,True,orbT_up_sh,12:15,1,100000000.0,21.0,B
orbT_dn_sh|E12|k1|N5|B,479,5,S,-3.47,-24.47,47.2,65.0,-1.17,-46.4,-2.66,-4.29,True,orbT_dn_sh,12:15,1,100000000.0,21.0,B
orbT_dn_lg|E12|k1|N5|B,479,5,L,3.47,-17.53,52.8,65.0,1.17,-36.1,2.66,4.29,True,orbT_dn_lg,12:15,1,100000000.0,21.0,B
orbT_up_small|E12|k1|N5|B,479,5,L,1.16,-19.84,51.1,69.6,0.36,-39.7,-1.23,3.56,False,orbT_up_small,12:15,1,100000000.0,21.0,B
orbT_up_small_sh|E12|k1|N5|B,479,5,S,-1.16,-22.16,48.9,69.6,-0.36,-43.2,1.23,-3.56,False,orbT_up_small_sh,12:15,1,100000000.0,21.0,B
orbT_dn_small_sh|E12|k1|N5|B,479,5,S,3.07,-17.93,52.8,67.4,1.0,-36.7,5.45,0.69,True,orbT_dn_small_sh,12:15,1,100000000.0,21.0,B
orbT_dn_small_lg|E12|k1|N5|B,479,5,L,-3.07,-24.07,47.2,67.4,-1.0,-45.8,-5.45,-0.69,True,orbT_dn_small_lg,12:15,1,100000000.0,21.0,B
inside_posor|E12|k1|N5|B,480,5,L,-2.7,-23.7,46.5,50.8,-1.16,-45.2,-5.63,0.26,False,inside_posor,12:15,1,100000000.0,21.0,B
inside_posor_sh|E12|k1|N5|B,480,5,S,2.7,-18.3,53.5,50.8,1.16,-37.2,5.63,-0.26,False,inside_posor_sh,12:15,1,100000000.0,21.0,B
inside_posor_lo|E12|k1|N5|B,480,5,L,0.56,-20.44,47.5,49.4,0.25,-40.5,-1.02,2.15,False,inside_posor_lo,12:15,1,100000000.0,21.0,B
or_wide|E12|k1|N5|B,480,5,L,-7.92,-28.92,42.7,82.6,-2.1,-52.2,-2.47,-13.42,True,or_wide,12:15,1,100000000.0,21.0,B
or_wide_sh|E12|k1|N5|B,480,5,S,7.92,-13.08,57.3,82.6,2.1,-28.7,2.47,13.42,True,or_wide_sh,12:15,1,100000000.0,21.0,B
or_narrow|E12|k1|N5|B,480,5,L,-1.79,-22.79,45.0,48.7,-0.8,-43.9,-2.21,-1.36,True,or_narrow,12:15,1,100000000.0,21.0,B
or_narrow_sh|E12|k1|N5|B,480,5,S,1.79,-19.21,54.8,48.7,0.8,-38.6,2.21,1.36,True,or_narrow_sh,12:15,1,100000000.0,21.0,B
or_wrel_hi|E12|k1|N5|B,480,5,L,-8.56,-29.56,44.2,88.0,-2.13,-53.0,-4.61,-12.55,True,or_wrel_hi,12:15,1,100000000.0,21.0,B
or_wrel_lo|E12|k1|N5|B,480,5,L,-0.55,-21.55,50.2,61.9,-0.2,-42.2,-0.87,-0.23,True,or_wrel_lo,12:15,1,100000000.0,21.0,B
or_wrel_hi_sh|E12|k1|N5|B,480,5,S,8.56,-12.44,55.8,88.0,2.13,-27.6,4.61,12.55,True,or_wrel_hi_sh,12:15,1,100000000.0,21.0,B
or_wrel_lo_sh|E12|k1|N5|B,480,5,S,0.55,-20.45,49.8,61.9,0.2,-40.6,0.87,0.23,True,or_wrel_lo_sh,12:15,1,100000000.0,21.0,B
rng_expand|E12|k1|N5|B,480,5,L,-6.25,-27.25,44.2,96.0,-1.43,-50.3,-1.4,-11.14,True,rng_expand,12:15,1,100000000.0,21.0,B
rng_expand_sh|E12|k1|N5|B,480,5,S,6.25,-14.75,55.8,96.0,1.43,-31.9,1.4,11.14,True,rng_expand_sh,12:15,1,100000000.0,21.0,B
rng_compress|E12|k1|N5|B,480,5,L,-3.64,-24.64,45.4,47.7,-1.67,-46.5,-4.51,-2.76,True,rng_compress,12:15,1,100000000.0,21.0,B
rng_compress_sh|E12|k1|N5|B,480,5,S,3.64,-17.36,54.4,47.7,1.67,-35.6,4.51,2.76,True,rng_compress_sh,12:15,1,100000000.0,21.0,B
vol20_hi|E12|k1|N5|B,479,5,L,-10.39,-31.39,44.3,102.8,-2.21,-55.3,-11.75,-9.01,True,vol20_hi,12:15,1,100000000.0,21.0,B
vol20_hi_sh|E12|k1|N5|B,479,5,S,10.39,-10.61,55.7,102.8,2.21,-24.5,11.75,9.01,True,vol20_hi_sh,12:15,1,100000000.0,21.0,B
vol20_lo|E12|k1|N5|B,479,5,L,0.06,-20.94,38.8,3.0,0.43,-41.0,0.15,-0.03,False,vol20_lo,12:15,1,100000000.0,21.0,B
vol20_lo_sh|E12|k1|N5|B,479,5,S,-0.06,-21.06,60.1,3.0,-0.43,-41.2,-0.15,0.03,False,vol20_lo_sh,12:15,1,100000000.0,21.0,B
atr_hi|E12|k1|N5|B,480,5,L,-9.51,-30.51,45.2,105.8,-1.97,-54.3,-4.77,-14.28,True,atr_hi,12:15,1,100000000.0,21.0,B
atr_lo|E12|k1|N5|B,480,5,L,0.17,-20.83,48.8,1.8,2.11,-40.9,0.33,0.02,True,atr_lo,12:15,1,100000000.0,21.0,B
atr_hi_sh|E12|k1|N5|B,480,5,S,9.51,-11.49,54.8,105.8,1.97,-26.2,4.77,14.28,True,atr_hi_sh,12:15,1,100000000.0,21.0,B
fail_up_sh|E12|k1|N5|B,479,5,S,4.22,-16.78,53.2,70.9,1.3,-34.9,5.21,3.22,True,fail_up_sh,12:15,1,100000000.0,21.0,B
fail_up_lg|E12|k1|N5|B,479,5,L,-4.22,-25.22,46.8,70.9,-1.3,-47.4,-5.21,-3.22,True,fail_up_lg,12:15,1,100000000.0,21.0,B
fail_dn_lg|E12|k1|N5|B,480,5,L,-2.08,-23.08,50.2,68.7,-0.66,-44.5,0.45,-4.63,False,fail_dn_lg,12:15,1,100000000.0,21.0,B
fail_dn_sh|E12|k1|N5|B,480,5,S,2.08,-18.92,49.8,68.7,0.66,-38.3,-0.45,4.63,False,fail_dn_sh,12:15,1,100000000.0,21.0,B
giveback_up_sh|E12|k1|N5|B,480,5,S,-3.26,-24.26,48.5,67.0,-1.07,-46.1,-3.56,-2.95,True,giveback_up_sh,12:15,1,100000000.0,21.0,B
giveback_up_lg|E12|k1|N5|B,480,5,L,3.26,-17.74,51.5,67.0,1.07,-36.4,3.56,2.95,True,giveback_up_lg,12:15,1,100000000.0,21.0,B
giveback_dn_lg|E12|k1|N5|B,480,5,L,-2.2,-23.2,48.3,78.0,-0.62,-44.7,-3.08,-1.3,True,giveback_dn_lg,12:15,1,100000000.0,21.0,B
giveback_dn_sh|E12|k1|N5|B,480,5,S,2.2,-18.8,51.7,78.0,0.62,-38.2,3.08,1.3,True,giveback_dn_sh,12:15,1,100000000.0,21.0,B
poke_up|E12|k1|N5|B,480,5,L,-3.71,-24.71,44.0,83.0,-0.98,-46.8,-2.78,-4.64,True,poke_up,12:15,1,100000000.0,21.0,B
poke_up_sh|E12|k1|N5|B,480,5,S,3.71,-17.29,56.0,83.0,0.98,-35.9,2.78,4.64,True,poke_up_sh,12:15,1,100000000.0,21.0,B
poke_dn_sh|E12|k1|N5|B,480,5,S,-3.76,-24.76,47.5,63.6,-1.29,-46.7,-4.42,-3.1,True,poke_dn_sh,12:15,1,100000000.0,21.0,B
poke_dn_lg|E12|k1|N5|B,480,5,L,3.76,-17.24,52.5,63.6,1.29,-35.6,4.42,3.1,True,poke_dn_lg,12:15,1,100000000.0,21.0,B
ext_up_sh|E12|k1|N5|B,480,5,S,-3.26,-24.26,48.5,67.0,-1.07,-46.1,-3.56,-2.95,True,ext_up_sh,12:15,1,100000000.0,21.0,B
ext_up_lg|E12|k1|N5|B,480,5,L,3.26,-17.74,51.5,67.0,1.07,-36.4,3.56,2.95,True,ext_up_lg,12:15,1,100000000.0,21.0,B
held_up|E12|k1|N5|B,479,5,L,-5.16,-26.16,45.3,81.8,-1.38,-48.8,-4.94,-5.38,True,held_up,12:15,1,100000000.0,21.0,B
held_up_sh|E12|k1|N5|B,479,5,S,5.16,-15.84,54.7,81.8,1.38,-33.5,4.94,5.38,True,held_up_sh,12:15,1,100000000.0,21.0,B
held_dn_sh|E12|k1|N5|B,479,5,S,-3.47,-24.47,47.2,65.0,-1.17,-46.4,-2.66,-4.29,True,held_dn_sh,12:15,1,100000000.0,21.0,B
held_dn_lg|E12|k1|N5|B,479,5,L,3.47,-17.53,52.8,65.0,1.17,-36.1,2.66,4.29,True,held_dn_lg,12:15,1,100000000.0,21.0,B
rvol_hi|E12|k1|N5|B,480,5,L,-7.93,-28.93,45.0,108.2,-1.61,-52.5,-7.84,-8.03,True,rvol_hi,12:15,1,100000000.0,21.0,B
rvol_hi_sh|E12|k1|N5|B,480,5,S,7.93,-13.07,55.0,108.2,1.61,-29.1,7.84,8.03,True,rvol_hi_sh,12:15,1,100000000.0,21.0,B
rvol_lo|E12|k1|N5|B,480,5,L,-2.22,-23.22,48.5,60.1,-0.81,-44.6,-0.17,-4.29,True,rvol_lo,12:15,1,100000000.0,21.0,B
rvol_lo_sh|E12|k1|N5|B,480,5,S,2.22,-18.78,51.5,60.1,0.81,-38.0,0.17,4.29,True,rvol_lo_sh,12:15,1,100000000.0,21.0,B
orb_vol125|E12|k1|N5|B,476,5,L,-3.44,-24.44,44.3,89.0,-0.84,-46.6,-3.24,-3.63,True,orb_vol125,12:15,1,100000000.0,21.0,B
orb_vol125_sh|E12|k1|N5|B,476,5,S,3.44,-17.56,55.7,89.0,0.84,-36.4,3.24,3.63,True,orb_vol125_sh,12:15,1,100000000.0,21.0,B
orbdn_vol125_sh|E12|k1|N5|B,476,5,S,-1.17,-22.17,49.8,72.7,-0.35,-43.2,-0.98,-1.36,True,orbdn_vol125_sh,12:15,1,100000000.0,21.0,B
orbdn_vol125_lg|E12|k1|N5|B,476,5,L,1.17,-19.83,50.2,72.7,0.35,-39.8,0.98,1.36,True,orbdn_vol125_lg,12:15,1,100000000.0,21.0,B
orb_vol15|E12|k1|N5|B,475,5,L,-2.84,-23.84,45.3,93.4,-0.66,-45.8,-4.46,-1.21,True,orb_vol15,12:15,1,100000000.0,21.0,B
orb_vol15_sh|E12|k1|N5|B,475,5,S,2.84,-18.16,54.7,93.4,0.66,-37.4,4.46,1.21,True,orb_vol15_sh,12:15,1,100000000.0,21.0,B
orbdn_vol15_sh|E12|k1|N5|B,474,5,S,-2.46,-23.46,49.4,76.2,-0.7,-45.1,-0.43,-4.5,True,orbdn_vol15_sh,12:15,1,100000000.0,21.0,B
orbdn_vol15_lg|E12|k1|N5|B,474,5,L,2.46,-18.54,50.6,76.2,0.7,-37.8,0.43,4.5,True,orbdn_vol15_lg,12:15,1,100000000.0,21.0,B
orb_vol20|E12|k1|N5|B,468,5,L,-0.72,-21.72,45.1,93.0,-0.17,-42.8,-3.56,2.14,False,orb_vol20,12:15,1,100000000.0,21.0,B
orb_vol20_sh|E12|k1|N5|B,468,5,S,0.72,-20.28,54.9,93.0,0.17,-40.7,3.56,-2.14,False,orb_vol20_sh,12:15,1,100000000.0,21.0,B
orbdn_vol20_sh|E12|k1|N5|B,435,5,S,-0.79,-21.79,52.2,79.2,-0.21,-42.7,1.34,-2.92,False,orbdn_vol20_sh,12:15,1,100000000.0,21.0,B
orbdn_vol20_lg|E12|k1|N5|B,435,5,L,0.79,-20.21,47.8,79.2,0.21,-40.4,-1.34,2.92,False,orbdn_vol20_lg,12:15,1,100000000.0,21.0,B
orb_x_rvol|E12|k1|N5|B,480,5,L,-7.5,-28.5,42.5,105.1,-1.56,-52.0,-9.34,-5.64,True,orb_x_rvol,12:15,1,100000000.0,21.0,B
orb_x_rvol_sh|E12|k1|N5|B,480,5,S,7.5,-13.5,57.5,105.1,1.56,-29.8,9.34,5.64,True,orb_x_rvol_sh,12:15,1,100000000.0,21.0,B
orb_novol|E12|k1|N5|B,436,5,L,-0.03,-21.03,48.2,55.2,-0.01,-41.4,-0.74,0.69,False,orb_novol,12:15,1,100000000.0,21.0,B
orb_novol_sh|E12|k1|N5|B,436,5,S,0.03,-20.97,51.8,55.2,0.01,-41.3,0.74,-0.69,False,orb_novol_sh,12:15,1,100000000.0,21.0,B
orb_wideOR|E12|k1|N5|B,437,5,L,8.02,-12.98,54.7,88.8,1.89,-28.6,3.5,12.55,True,orb_wideOR,12:15,1,100000000.0,21.0,B
orb_wideOR_sh|E12|k1|N5|B,437,5,S,-8.02,-29.02,45.3,88.8,-1.89,-52.4,-3.5,-12.55,True,orb_wideOR_sh,12:15,1,100000000.0,21.0,B
orb_narrowOR|E12|k1|N5|B,466,5,L,-0.53,-21.53,49.6,72.0,-0.16,-42.3,-1.95,0.9,False,orb_narrowOR,12:15,1,100000000.0,21.0,B
orb_narrowOR_sh|E12|k1|N5|B,466,5,S,0.53,-20.47,50.4,72.0,0.16,-40.7,1.95,-0.9,False,orb_narrowOR_sh,12:15,1,100000000.0,21.0,B
orbdn_wideOR_sh|E12|k1|N5|B,437,5,S,-0.56,-21.56,51.5,73.2,-0.16,-42.3,-2.57,1.45,False,orbdn_wideOR_sh,12:15,1,100000000.0,21.0,B
orbdn_narrowOR_sh|E12|k1|N5|B,474,5,S,-3.62,-24.62,49.2,62.5,-1.26,-46.5,-1.74,-5.52,True,orbdn_narrowOR_sh,12:15,1,100000000.0,21.0,B
orbdn_wideOR_lg|E12|k1|N5|B,437,5,L,0.56,-20.44,48.5,73.2,0.16,-40.7,2.57,-1.45,False,orbdn_wideOR_lg,12:15,1,100000000.0,21.0,B
orbdn_narrowOR_lg|E12|k1|N5|B,474,5,L,3.62,-17.38,50.8,62.5,1.26,-35.8,1.74,5.52,True,orbdn_narrowOR_lg,12:15,1,100000000.0,21.0,B
orb_coiled|E12|k1|N5|B,465,5,L,-0.94,-21.94,48.8,71.8,-0.28,-42.9,-3.15,1.27,False,orb_coiled,12:15,1,100000000.0,21.0,B
orb_coiled_sh|E12|k1|N5|B,465,5,S,0.94,-20.06,51.2,71.8,0.28,-40.1,3.15,-1.27,False,orb_coiled_sh,12:15,1,100000000.0,21.0,B
orbdn_coiled_sh|E12|k1|N5|B,474,5,S,-2.79,-23.79,49.4,62.0,-0.98,-45.4,-0.99,-4.61,True,orbdn_coiled_sh,12:15,1,100000000.0,21.0,B
orb_gapup|E12|k1|N5|B,387,5,L,10.03,-10.97,50.6,88.7,2.22,-24.9,13.5,6.53,True,orb_gapup,12:15,1,100000000.0,21.0,B
orb_gapup_sh|E12|k1|N5|B,387,5,S,-10.03,-31.03,49.4,88.7,-2.22,-54.8,-13.5,-6.53,True,orb_gapup_sh,12:15,1,100000000.0,21.0,B
orb_nogap|E12|k1|N5|B,455,5,L,-4.24,-25.24,45.7,70.8,-1.28,-47.4,-9.98,1.52,False,orb_nogap,12:15,1,100000000.0,21.0,B
orb_nogap_sh|E12|k1|N5|B,455,5,S,4.24,-16.76,54.3,70.8,1.28,-34.9,9.98,-1.52,False,orb_nogap_sh,12:15,1,100000000.0,21.0,B
orb_gapdn|E12|k1|N5|B,270,5,L,5.14,-15.86,50.4,92.6,0.91,-33.7,4.81,5.46,True,orb_gapdn,12:15,1,100000000.0,21.0,B
orb_gapdn_sh|E12|k1|N5|B,270,5,S,-5.14,-26.14,49.6,92.6,-0.91,-48.8,-4.81,-5.46,True,orb_gapdn_sh,12:15,1,100000000.0,21.0,B
orbdn_gapdn_sh|E12|k1|N5|B,286,5,S,-1.66,-22.66,52.4,77.8,-0.36,-44.0,-4.57,1.29,False,orbdn_gapdn_sh,12:15,1,100000000.0,21.0,B
orbdn_gapdn_lg|E12|k1|N5|B,286,5,L,1.66,-19.34,47.6,77.8,0.36,-39.1,4.57,-1.29,False,orbdn_gapdn_lg,12:15,1,100000000.0,21.0,B
orbdn_gapup_sh|E12|k1|N5|B,419,5,S,4.44,-16.56,57.3,73.8,1.23,-34.6,7.92,0.94,True,orbdn_gapup_sh,12:15,1,100000000.0,21.0,B
gap_up|E12|k1|N5|B,480,5,L,-1.96,-22.96,46.2,86.9,-0.49,-44.5,-6.59,2.71,False,gap_up,12:15,1,100000000.0,21.0,B
gap_up_sh|E12|k1|N5|B,480,5,S,1.96,-19.04,53.8,86.9,0.49,-38.7,6.59,-2.71,False,gap_up_sh,12:15,1,100000000.0,21.0,B
gap_dn_lg|E12|k1|N5|B,480,5,L,-3.12,-24.12,46.2,87.4,-0.78,-46.1,-0.18,-6.09,True,gap_dn_lg,12:15,1,100000000.0,21.0,B
gap_dn_sh|E12|k1|N5|B,480,5,S,3.12,-17.88,53.8,87.4,0.78,-36.9,0.18,6.09,True,gap_dn_sh,12:15,1,100000000.0,21.0,B
orb_hivol|E12|k1|N5|B,450,5,L,4.65,-16.35,52.4,96.8,1.02,-34.6,2.36,6.96,True,orb_hivol,12:15,1,100000000.0,21.0,B
orb_hivol_sh|E12|k1|N5|B,450,5,S,-4.65,-25.65,47.6,96.8,-1.02,-48.3,-2.36,-6.96,True,orb_hivol_sh,12:15,1,100000000.0,21.0,B
orb_lovol|E12|k1|N5|B,454,5,L,1.31,-19.69,51.5,55.8,0.5,-39.4,3.23,-0.62,False,orb_lovol,12:15,1,100000000.0,21.0,B
orb_lovol_sh|E12|k1|N5|B,454,5,S,-1.31,-22.31,48.5,55.8,-0.5,-43.3,-3.23,0.62,False,orb_lovol_sh,12:15,1,100000000.0,21.0,B
orbdn_hivol_sh|E12|k1|N5|B,453,5,S,5.28,-15.72,52.8,81.4,1.38,-33.3,8.76,1.79,True,orbdn_hivol_sh,12:15,1,100000000.0,21.0,B
orbdn_lovol_sh|E12|k1|N5|B,463,5,S,-6.23,-27.23,45.1,53.4,-2.51,-49.9,-4.4,-8.07,True,orbdn_lovol_sh,12:15,1,100000000.0,21.0,B
posrange_hivol|E12|k1|N5|B,479,5,L,3.1,-17.9,52.0,89.0,0.76,-37.0,0.66,5.54,True,posrange_hivol,12:15,1,100000000.0,21.0,B
posrange_lovol|E12|k1|N5|B,479,5,L,-1.05,-22.05,48.4,45.1,-0.51,-42.8,-2.74,0.64,False,posrange_lovol,12:15,1,100000000.0,21.0,B
posrange_hivol_sh|E12|k1|N5|B,479,5,S,-3.1,-24.1,48.0,89.0,-0.76,-46.1,-0.66,-5.54,True,posrange_hivol_sh,12:15,1,100000000.0,21.0,B
posrange_lovol_sh|E12|k1|N5|B,479,5,S,1.05,-19.95,51.6,45.1,0.51,-39.7,2.74,-0.64,False,posrange_lovol_sh,12:15,1,100000000.0,21.0,B
orb_minus_width|E12|k1|N5|B,480,5,L,-3.23,-24.23,45.2,76.1,-0.93,-46.1,-3.4,-3.05,True,orb_minus_width,12:15,1,100000000.0,21.0,B
orb_plus_width|E12|k1|N5|B,480,5,L,-6.79,-27.79,43.5,87.6,-1.7,-50.9,-0.08,-13.56,True,orb_plus_width,12:15,1,100000000.0,21.0,B
orb_plus_width_sh|E12|k1|N5|B,480,5,S,6.79,-14.21,56.5,87.6,1.7,-30.8,0.08,13.56,True,orb_plus_width_sh,12:15,1,100000000.0,21.0,B
orb_minus_width_sh|E12|k1|N5|B,480,5,S,3.23,-17.77,54.8,76.1,0.93,-36.6,3.4,3.05,True,orb_minus_width_sh,12:15,1,100000000.0,21.0,B
orb_minus_d20|E12|k1|N5|B,469,5,L,2.09,-18.91,47.3,92.7,0.49,-38.6,0.33,3.86,True,orb_minus_d20,12:15,1,100000000.0,21.0,B
orb_plus_d20|E12|k1|N5|B,469,5,L,-7.95,-28.95,47.3,101.6,-1.7,-52.5,-0.07,-15.87,True,orb_plus_d20,12:15,1,100000000.0,21.0,B
orb_plus_d20_sh|E12|k1|N5|B,469,5,S,7.95,-13.05,52.7,101.6,1.7,-29.0,0.07,15.87,True,orb_plus_d20_sh,12:15,1,100000000.0,21.0,B
orb_plus_pct52|E12|k1|N5|B,430,5,L,0.82,-20.18,49.3,76.8,0.22,-40.3,-1.58,3.24,False,orb_plus_pct52,12:15,1,100000000.0,21.0,B
orb_plus_pct52_sh|E12|k1|N5|B,430,5,S,-0.82,-21.82,50.7,76.8,-0.22,-42.8,1.58,-3.24,False,orb_plus_pct52_sh,12:15,1,100000000.0,21.0,B
compress_then_pos|E12|k1|N5|B,480,5,L,-3.23,-24.23,45.2,76.1,-0.93,-46.1,-3.4,-3.05,True,compress_then_pos,12:15,1,100000000.0,21.0,B
compress_then_pos_sh|E12|k1|N5|B,480,5,S,3.23,-17.77,54.8,76.1,0.93,-36.6,3.4,3.05,True,compress_then_pos_sh,12:15,1,100000000.0,21.0,B
expand_then_pos|E12|k1|N5|B,480,5,L,-6.79,-27.79,43.5,87.6,-1.7,-50.9,-0.08,-13.56,True,expand_then_pos,12:15,1,100000000.0,21.0,B
expand_then_pos_sh|E12|k1|N5|B,480,5,S,6.79,-14.21,56.5,87.6,1.7,-30.8,0.08,13.56,True,expand_then_pos_sh,12:15,1,100000000.0,21.0,B
orb_up|E12|k1|N10|B,480,10,L,1.76,-19.24,51.9,67.3,0.57,-38.8,-2.22,5.78,False,orb_up,12:15,1,100000000.0,21.0,B
orb_up_sh|E12|k1|N10|B,480,10,S,-1.76,-22.76,48.1,67.3,-0.57,-44.0,2.22,-5.78,False,orb_up_sh,12:15,1,100000000.0,21.0,B
orb_dn_sh|E12|k1|N10|B,480,10,S,-2.64,-23.64,47.1,56.7,-1.02,-45.2,-0.51,-4.79,True,orb_dn_sh,12:15,1,100000000.0,21.0,B
orb_dn_lg|E12|k1|N10|B,480,10,L,2.64,-18.36,52.9,56.7,1.02,-37.3,0.51,4.79,True,orb_dn_lg,12:15,1,100000000.0,21.0,B
orb_up_sig|E12|k1|N10|B,480,10,L,1.77,-19.23,50.2,69.2,0.56,-38.8,-1.62,5.18,False,orb_up_sig,12:15,1,100000000.0,21.0,B
orb_up_sig_sh|E12|k1|N10|B,480,10,S,-1.77,-22.77,49.8,69.2,-0.56,-44.0,1.62,-5.18,False,orb_up_sig_sh,12:15,1,100000000.0,21.0,B
orb_dn_sig_sh|E12|k1|N10|B,480,10,S,-2.87,-23.87,48.1,59.0,-1.07,-45.5,-1.98,-3.78,True,orb_dn_sig_sh,12:15,1,100000000.0,21.0,B
orb_dn_sig_lg|E12|k1|N10|B,480,10,L,2.87,-18.13,51.9,59.0,1.07,-37.0,1.98,3.78,True,orb_dn_sig_lg,12:15,1,100000000.0,21.0,B
pos_in_or|E12|k1|N10|B,480,10,L,1.76,-19.24,51.9,67.3,0.57,-38.8,-2.22,5.78,False,pos_in_or,12:15,1,100000000.0,21.0,B
pos_in_or_sh|E12|k1|N10|B,480,10,S,-1.76,-22.76,48.1,67.3,-0.57,-44.0,2.22,-5.78,False,pos_in_or_sh,12:15,1,100000000.0,21.0,B
pos_in_or_lo|E12|k1|N10|B,480,10,L,2.64,-18.36,52.9,56.7,1.02,-37.3,0.51,4.79,True,pos_in_or_lo,12:15,1,100000000.0,21.0,B
pos_in_or_lo_sh|E12|k1|N10|B,480,10,S,-2.64,-23.64,47.1,56.7,-1.02,-45.2,-0.51,-4.79,True,pos_in_or_lo_sh,12:15,1,100000000.0,21.0,B
or_close_pos|E12|k1|N10|B,480,10,L,0.96,-20.04,51.0,50.6,0.42,-39.9,1.04,0.88,True,or_close_pos,12:15,1,100000000.0,21.0,B
or_close_pos_lo|E12|k1|N10|B,480,10,L,-2.3,-23.3,47.1,51.7,-0.98,-44.6,-4.31,-0.28,True,or_close_pos_lo,12:15,1,100000000.0,21.0,B
or_close_pos_sh|E12|k1|N10|B,480,10,S,-0.96,-21.96,49.0,50.6,-0.42,-42.7,-1.04,-0.88,True,or_close_pos_sh,12:15,1,100000000.0,21.0,B
posrange_hi|E12|k1|N10|B,480,10,L,-0.46,-21.46,49.8,50.8,-0.2,-42.0,-3.03,2.14,False,posrange_hi,12:15,1,100000000.0,21.0,B
posrange_hi_sh|E12|k1|N10|B,480,10,S,0.46,-20.54,50.2,50.8,0.2,-40.6,3.03,-2.14,False,posrange_hi_sh,12:15,1,100000000.0,21.0,B
posrange_lo|E12|k1|N10|B,480,10,L,1.41,-19.59,52.5,56.5,0.55,-39.2,-0.31,3.14,False,posrange_lo,12:15,1,100000000.0,21.0,B
posrange_lo_sh|E12|k1|N10|B,480,10,S,-1.41,-22.41,47.5,56.5,-0.55,-43.4,0.31,-3.14,False,posrange_lo_sh,12:15,1,100000000.0,21.0,B
today_sofar|E12|k1|N10|B,480,10,L,2.68,-18.32,53.1,82.4,0.71,-37.5,-0.9,6.3,False,today_sofar,12:15,1,100000000.0,21.0,B
today_sofar_sh|E12|k1|N10|B,480,10,S,-2.68,-23.68,46.9,82.4,-0.71,-45.5,0.9,-6.3,False,today_sofar_sh,12:15,1,100000000.0,21.0,B
today_sofar_lo|E12|k1|N10|B,480,10,L,-7.04,-28.04,42.9,73.3,-2.11,-51.1,-8.18,-5.9,True,today_sofar_lo,12:15,1,100000000.0,21.0,B
or_ret|E12|k1|N10|B,480,10,L,-0.84,-21.84,49.4,76.3,-0.24,-42.8,-1.9,0.24,False,or_ret,12:15,1,100000000.0,21.0,B
or_ret_sh|E12|k1|N10|B,480,10,S,0.84,-20.16,50.6,76.3,0.24,-40.3,1.9,-0.24,False,or_ret_sh,12:15,1,100000000.0,21.0,B
orbT_up|E12|k1|N10|B,479,10,L,0.79,-20.21,52.0,69.2,0.25,-40.3,-3.62,5.22,False,orbT_up,12:15,1,100000000.0,21.0,B
orbT_up_sh|E12|k1|N10|B,479,10,S,-0.79,-21.79,48.0,69.2,-0.25,-42.6,3.62,-5.22,False,orbT_up_sh,12:15,1,100000000.0,21.0,B
orbT_dn_sh|E12|k1|N10|B,479,10,S,-2.83,-23.83,47.0,57.1,-1.09,-45.4,-0.75,-4.93,True,orbT_dn_sh,12:15,1,100000000.0,21.0,B
orbT_dn_lg|E12|k1|N10|B,479,10,L,2.83,-18.17,53.0,57.1,1.09,-37.0,0.75,4.93,True,orbT_dn_lg,12:15,1,100000000.0,21.0,B
orbT_up_small|E12|k1|N10|B,479,10,L,0.95,-20.05,53.7,63.1,0.33,-40.0,-2.25,4.16,False,orbT_up_small,12:15,1,100000000.0,21.0,B
orbT_up_small_sh|E12|k1|N10|B,479,10,S,-0.95,-21.95,46.3,63.1,-0.33,-42.8,2.25,-4.16,False,orbT_up_small_sh,12:15,1,100000000.0,21.0,B
orbT_dn_small_sh|E12|k1|N10|B,479,10,S,3.42,-17.58,54.3,62.1,1.21,-36.1,8.25,-1.43,False,orbT_dn_small_sh,12:15,1,100000000.0,21.0,B
orbT_dn_small_lg|E12|k1|N10|B,479,10,L,-3.42,-24.42,45.7,62.1,-1.21,-46.3,-8.25,1.43,False,orbT_dn_small_lg,12:15,1,100000000.0,21.0,B
inside_posor|E12|k1|N10|B,480,10,L,-2.38,-23.38,48.8,52.1,-1.0,-44.7,-3.01,-1.74,True,inside_posor,12:15,1,100000000.0,21.0,B
inside_posor_sh|E12|k1|N10|B,480,10,S,2.38,-18.62,51.2,52.1,1.0,-37.7,3.01,1.74,True,inside_posor_sh,12:15,1,100000000.0,21.0,B
inside_posor_lo|E12|k1|N10|B,480,10,L,-4.93,-25.93,44.6,48.4,-2.23,-48.2,-7.39,-2.46,True,inside_posor_lo,12:15,1,100000000.0,21.0,B
or_wide|E12|k1|N10|B,480,10,L,-4.36,-25.36,47.1,65.2,-1.46,-47.5,-2.86,-5.86,True,or_wide,12:15,1,100000000.0,21.0,B
or_wide_sh|E12|k1|N10|B,480,10,S,4.36,-16.64,52.9,65.2,1.46,-34.6,2.86,5.86,True,or_wide_sh,12:15,1,100000000.0,21.0,B
or_narrow|E12|k1|N10|B,480,10,L,-2.52,-23.52,46.9,44.4,-1.24,-44.9,-4.12,-0.91,True,or_narrow,12:15,1,100000000.0,21.0,B
or_narrow_sh|E12|k1|N10|B,480,10,S,2.52,-18.48,53.1,44.4,1.24,-37.4,4.12,0.91,True,or_narrow_sh,12:15,1,100000000.0,21.0,B
or_wrel_hi|E12|k1|N10|B,480,10,L,-6.9,-27.9,47.3,72.7,-2.08,-50.9,-5.13,-8.67,True,or_wrel_hi,12:15,1,100000000.0,21.0,B
or_wrel_lo|E12|k1|N10|B,480,10,L,-1.39,-22.39,48.3,54.7,-0.56,-43.4,-3.06,0.3,False,or_wrel_lo,12:15,1,100000000.0,21.0,B
or_wrel_hi_sh|E12|k1|N10|B,480,10,S,6.9,-14.1,52.7,72.7,2.08,-30.4,5.13,8.67,True,or_wrel_hi_sh,12:15,1,100000000.0,21.0,B
or_wrel_lo_sh|E12|k1|N10|B,480,10,S,1.39,-19.61,51.7,54.7,0.56,-39.3,3.06,-0.3,False,or_wrel_lo_sh,12:15,1,100000000.0,21.0,B
rng_expand|E12|k1|N10|B,480,10,L,-0.96,-21.96,50.0,73.0,-0.29,-42.9,2.12,-4.06,False,rng_expand,12:15,1,100000000.0,21.0,B
rng_expand_sh|E12|k1|N10|B,480,10,S,0.96,-20.04,50.0,73.0,0.29,-40.1,-2.12,4.06,False,rng_expand_sh,12:15,1,100000000.0,21.0,B
rng_compress|E12|k1|N10|B,480,10,L,-3.41,-24.41,46.0,46.4,-1.61,-46.1,-6.01,-0.79,True,rng_compress,12:15,1,100000000.0,21.0,B
rng_compress_sh|E12|k1|N10|B,480,10,S,3.41,-17.59,54.0,46.4,1.61,-36.0,6.01,0.79,True,rng_compress_sh,12:15,1,100000000.0,21.0,B
vol20_hi|E12|k1|N10|B,479,10,L,-12.18,-33.18,42.8,84.9,-3.14,-57.1,-12.07,-12.3,True,vol20_hi,12:15,1,100000000.0,21.0,B
vol20_hi_sh|E12|k1|N10|B,479,10,S,12.18,-8.82,57.2,84.9,3.14,-20.7,12.07,12.3,True,vol20_hi_sh,12:15,1,100000000.0,21.0,B
vol20_lo|E12|k1|N10|B,479,10,L,-0.01,-21.01,48.9,17.4,-0.02,-41.2,0.77,-0.8,False,vol20_lo,12:15,1,100000000.0,21.0,B
vol20_lo_sh|E12|k1|N10|B,479,10,S,0.01,-20.99,51.1,17.4,0.02,-41.1,-0.77,0.8,False,vol20_lo_sh,12:15,1,100000000.0,21.0,B
atr_hi|E12|k1|N10|B,480,10,L,-10.75,-31.75,45.0,85.6,-2.75,-55.5,-10.63,-10.87,True,atr_hi,12:15,1,100000000.0,21.0,B
atr_lo|E12|k1|N10|B,480,10,L,2.24,-18.76,56.9,15.1,3.25,-37.7,3.11,1.36,True,atr_lo,12:15,1,100000000.0,21.0,B
atr_hi_sh|E12|k1|N10|B,480,10,S,10.75,-10.25,55.0,85.6,2.75,-23.5,10.63,10.87,True,atr_hi_sh,12:15,1,100000000.0,21.0,B
fail_up_sh|E12|k1|N10|B,479,10,S,3.24,-17.76,53.2,60.1,1.18,-36.4,4.08,2.39,True,fail_up_sh,12:15,1,100000000.0,21.0,B
fail_up_lg|E12|k1|N10|B,479,10,L,-3.24,-24.24,46.8,60.1,-1.18,-46.0,-4.08,-2.39,True,fail_up_lg,12:15,1,100000000.0,21.0,B
fail_dn_lg|E12|k1|N10|B,480,10,L,-2.03,-23.03,48.5,58.7,-0.76,-44.3,-1.32,-2.74,True,fail_dn_lg,12:15,1,100000000.0,21.0,B
fail_dn_sh|E12|k1|N10|B,480,10,S,2.03,-18.97,51.5,58.7,0.76,-38.3,1.32,2.74,True,fail_dn_sh,12:15,1,100000000.0,21.0,B
giveback_up_sh|E12|k1|N10|B,480,10,S,-1.5,-22.5,49.8,57.1,-0.58,-43.6,-1.42,-1.59,True,giveback_up_sh,12:15,1,100000000.0,21.0,B
giveback_up_lg|E12|k1|N10|B,480,10,L,1.5,-19.5,50.2,57.1,0.58,-39.1,1.42,1.59,True,giveback_up_lg,12:15,1,100000000.0,21.0,B
giveback_dn_lg|E12|k1|N10|B,480,10,L,-2.6,-23.6,47.5,62.7,-0.91,-45.1,-4.62,-0.56,True,giveback_dn_lg,12:15,1,100000000.0,21.0,B
giveback_dn_sh|E12|k1|N10|B,480,10,S,2.6,-18.4,52.5,62.7,0.91,-37.4,4.62,0.56,True,giveback_dn_sh,12:15,1,100000000.0,21.0,B
poke_up|E12|k1|N10|B,480,10,L,-2.27,-23.27,48.3,66.2,-0.75,-44.7,-4.29,-0.23,True,poke_up,12:15,1,100000000.0,21.0,B
poke_up_sh|E12|k1|N10|B,480,10,S,2.27,-18.73,51.7,66.2,0.75,-38.0,4.29,0.23,True,poke_up_sh,12:15,1,100000000.0,21.0,B
poke_dn_sh|E12|k1|N10|B,480,10,S,-3.29,-24.29,45.8,55.6,-1.3,-46.0,-2.97,-3.61,True,poke_dn_sh,12:15,1,100000000.0,21.0,B
poke_dn_lg|E12|k1|N10|B,480,10,L,3.29,-17.71,54.2,55.6,1.3,-36.3,2.97,3.61,True,poke_dn_lg,12:15,1,100000000.0,21.0,B
ext_up_sh|E12|k1|N10|B,480,10,S,-1.51,-22.51,49.8,57.1,-0.58,-43.6,-1.42,-1.6,True,ext_up_sh,12:15,1,100000000.0,21.0,B
ext_up_lg|E12|k1|N10|B,480,10,L,1.51,-19.49,50.2,57.1,0.58,-39.1,1.42,1.6,True,ext_up_lg,12:15,1,100000000.0,21.0,B
held_up|E12|k1|N10|B,479,10,L,0.79,-20.21,52.0,69.2,0.25,-40.3,-3.62,5.22,False,held_up,12:15,1,100000000.0,21.0,B
held_up_sh|E12|k1|N10|B,479,10,S,-0.79,-21.79,48.0,69.2,-0.25,-42.6,3.62,-5.22,False,held_up_sh,12:15,1,100000000.0,21.0,B
held_dn_sh|E12|k1|N10|B,479,10,S,-2.83,-23.83,47.0,57.1,-1.09,-45.4,-0.75,-4.93,True,held_dn_sh,12:15,1,100000000.0,21.0,B
held_dn_lg|E12|k1|N10|B,479,10,L,2.83,-18.17,53.0,57.1,1.09,-37.0,0.75,4.93,True,held_dn_lg,12:15,1,100000000.0,21.0,B
rvol_hi|E12|k1|N10|B,480,10,L,-4.94,-25.94,46.5,76.2,-1.42,-48.4,-4.82,-5.07,True,rvol_hi,12:15,1,100000000.0,21.0,B
rvol_hi_sh|E12|k1|N10|B,480,10,S,4.94,-16.06,53.5,76.2,1.42,-33.8,4.82,5.07,True,rvol_hi_sh,12:15,1,100000000.0,21.0,B
rvol_lo|E12|k1|N10|B,480,10,L,-3.73,-24.73,48.1,50.8,-1.61,-46.6,-4.58,-2.87,True,rvol_lo,12:15,1,100000000.0,21.0,B
rvol_lo_sh|E12|k1|N10|B,480,10,S,3.73,-17.27,51.9,50.8,1.61,-35.5,4.58,2.87,True,rvol_lo_sh,12:15,1,100000000.0,21.0,B
orb_vol125|E12|k1|N10|B,476,10,L,-0.97,-21.97,50.0,75.4,-0.28,-43.0,-4.87,2.95,False,orb_vol125,12:15,1,100000000.0,21.0,B
orb_vol125_sh|E12|k1|N10|B,476,10,S,0.97,-20.03,50.0,75.4,0.28,-40.1,4.87,-2.95,False,orb_vol125_sh,12:15,1,100000000.0,21.0,B
orbdn_vol125_sh|E12|k1|N10|B,476,10,S,-0.63,-21.63,50.8,60.3,-0.23,-42.3,1.26,-2.54,False,orbdn_vol125_sh,12:15,1,100000000.0,21.0,B
orbdn_vol125_lg|E12|k1|N10|B,476,10,L,0.63,-20.37,49.2,60.3,0.23,-40.5,-1.26,2.54,False,orbdn_vol125_lg,12:15,1,100000000.0,21.0,B
orb_vol15|E12|k1|N10|B,475,10,L,1.22,-19.78,51.6,77.9,0.34,-39.7,-4.02,6.48,False,orb_vol15,12:15,1,100000000.0,21.0,B
orb_vol15_sh|E12|k1|N10|B,475,10,S,-1.22,-22.22,48.4,77.9,-0.34,-43.3,4.02,-6.48,False,orb_vol15_sh,12:15,1,100000000.0,21.0,B
orbdn_vol15_sh|E12|k1|N10|B,474,10,S,0.16,-20.84,51.3,63.3,0.05,-41.2,2.94,-2.65,False,orbdn_vol15_sh,12:15,1,100000000.0,21.0,B
orbdn_vol15_lg|E12|k1|N10|B,474,10,L,-0.16,-21.16,48.7,63.3,-0.05,-41.7,-2.94,2.65,False,orbdn_vol15_lg,12:15,1,100000000.0,21.0,B
orb_vol20|E12|k1|N10|B,468,10,L,1.8,-19.2,49.6,80.2,0.49,-38.9,0.3,3.32,True,orb_vol20,12:15,1,100000000.0,21.0,B
orb_vol20_sh|E12|k1|N10|B,468,10,S,-1.8,-22.8,50.4,80.2,-0.49,-44.2,-0.3,-3.32,True,orb_vol20_sh,12:15,1,100000000.0,21.0,B
orbdn_vol20_sh|E12|k1|N10|B,435,10,S,-1.28,-22.28,48.5,73.1,-0.37,-43.4,1.95,-4.53,False,orbdn_vol20_sh,12:15,1,100000000.0,21.0,B
orbdn_vol20_lg|E12|k1|N10|B,435,10,L,1.28,-19.72,51.5,73.1,0.37,-39.6,-1.95,4.53,False,orbdn_vol20_lg,12:15,1,100000000.0,21.0,B
orb_x_rvol|E12|k1|N10|B,480,10,L,-4.15,-25.15,45.8,75.2,-1.21,-47.4,-6.13,-2.15,True,orb_x_rvol,12:15,1,100000000.0,21.0,B
orb_x_rvol_sh|E12|k1|N10|B,480,10,S,4.15,-16.85,54.2,75.2,1.21,-35.1,6.13,2.15,True,orb_x_rvol_sh,12:15,1,100000000.0,21.0,B
orb_novol|E12|k1|N10|B,436,10,L,1.66,-19.34,52.8,51.6,0.67,-38.8,-0.27,3.62,False,orb_novol,12:15,1,100000000.0,21.0,B
orb_novol_sh|E12|k1|N10|B,436,10,S,-1.66,-22.66,47.2,51.6,-0.67,-43.7,0.27,-3.62,False,orb_novol_sh,12:15,1,100000000.0,21.0,B
orb_wideOR|E12|k1|N10|B,437,10,L,8.22,-12.78,57.2,74.4,2.31,-28.1,5.61,10.84,True,orb_wideOR,12:15,1,100000000.0,21.0,B
orb_wideOR_sh|E12|k1|N10|B,437,10,S,-8.22,-29.22,42.8,74.4,-2.31,-52.5,-5.61,-10.84,True,orb_wideOR_sh,12:15,1,100000000.0,21.0,B
orb_narrowOR|E12|k1|N10|B,466,10,L,-0.69,-21.69,53.9,59.9,-0.25,-42.4,-1.66,0.29,False,orb_narrowOR,12:15,1,100000000.0,21.0,B
orb_narrowOR_sh|E12|k1|N10|B,466,10,S,0.69,-20.31,46.1,59.9,0.25,-40.4,1.66,-0.29,False,orb_narrowOR_sh,12:15,1,100000000.0,21.0,B
orbdn_wideOR_sh|E12|k1|N10|B,437,10,S,0.39,-20.61,50.1,68.9,0.12,-40.9,0.64,0.14,True,orbdn_wideOR_sh,12:15,1,100000000.0,21.0,B
orbdn_narrowOR_sh|E12|k1|N10|B,474,10,S,0.08,-20.92,50.4,57.3,0.03,-41.3,3.27,-3.14,False,orbdn_narrowOR_sh,12:15,1,100000000.0,21.0,B
orbdn_wideOR_lg|E12|k1|N10|B,437,10,L,-0.39,-21.39,49.9,68.9,-0.12,-42.1,-0.64,-0.14,True,orbdn_wideOR_lg,12:15,1,100000000.0,21.0,B
orbdn_narrowOR_lg|E12|k1|N10|B,474,10,L,-0.08,-21.08,49.6,57.3,-0.03,-41.5,-3.27,3.14,False,orbdn_narrowOR_lg,12:15,1,100000000.0,21.0,B
orb_coiled|E12|k1|N10|B,465,10,L,-0.96,-21.96,50.1,60.6,-0.34,-42.8,-1.52,-0.4,True,orb_coiled,12:15,1,100000000.0,21.0,B
orb_coiled_sh|E12|k1|N10|B,465,10,S,0.96,-20.04,49.9,60.6,0.34,-40.0,1.52,0.4,True,orb_coiled_sh,12:15,1,100000000.0,21.0,B
orbdn_coiled_sh|E12|k1|N10|B,474,10,S,0.26,-20.74,52.1,57.9,0.1,-41.0,2.45,-1.95,False,orbdn_coiled_sh,12:15,1,100000000.0,21.0,B
orb_gapup|E12|k1|N10|B,387,10,L,7.51,-13.49,49.1,77.0,1.92,-29.4,8.67,6.35,True,orb_gapup,12:15,1,100000000.0,21.0,B
orb_gapup_sh|E12|k1|N10|B,387,10,S,-7.51,-28.51,50.9,77.0,-1.92,-51.7,-8.67,-6.35,True,orb_gapup_sh,12:15,1,100000000.0,21.0,B
orb_nogap|E12|k1|N10|B,455,10,L,-2.3,-23.3,49.9,58.3,-0.84,-44.7,-4.94,0.35,False,orb_nogap,12:15,1,100000000.0,21.0,B
orb_nogap_sh|E12|k1|N10|B,455,10,S,2.3,-18.7,50.1,58.3,0.84,-37.9,4.94,-0.35,False,orb_nogap_sh,12:15,1,100000000.0,21.0,B
orb_gapdn|E12|k1|N10|B,270,10,L,4.42,-16.58,53.0,83.8,0.87,-34.8,5.45,3.37,True,orb_gapdn,12:15,1,100000000.0,21.0,B
orb_gapdn_sh|E12|k1|N10|B,270,10,S,-4.42,-25.42,47.0,83.8,-0.87,-47.8,-5.45,-3.37,True,orb_gapdn_sh,12:15,1,100000000.0,21.0,B
orbdn_gapdn_sh|E12|k1|N10|B,286,10,S,2.28,-18.72,53.8,72.9,0.53,-38.1,-0.04,4.63,False,orbdn_gapdn_sh,12:15,1,100000000.0,21.0,B
orbdn_gapdn_lg|E12|k1|N10|B,286,10,L,-2.28,-23.28,46.2,72.9,-0.53,-44.8,0.04,-4.63,False,orbdn_gapdn_lg,12:15,1,100000000.0,21.0,B
orbdn_gapup_sh|E12|k1|N10|B,419,10,S,4.67,-16.33,54.7,69.9,1.37,-34.2,8.99,0.33,True,orbdn_gapup_sh,12:15,1,100000000.0,21.0,B
gap_up|E12|k1|N10|B,480,10,L,-2.03,-23.03,49.6,68.8,-0.65,-44.4,-7.25,3.23,False,gap_up,12:15,1,100000000.0,21.0,B
gap_up_sh|E12|k1|N10|B,480,10,S,2.03,-18.97,50.4,68.8,0.65,-38.4,7.25,-3.23,False,gap_up_sh,12:15,1,100000000.0,21.0,B
gap_dn_lg|E12|k1|N10|B,480,10,L,0.84,-20.16,51.7,66.6,0.28,-40.2,4.61,-2.95,False,gap_dn_lg,12:15,1,100000000.0,21.0,B
gap_dn_sh|E12|k1|N10|B,480,10,S,-0.84,-21.84,48.3,66.6,-0.28,-42.7,-4.61,2.95,False,gap_dn_sh,12:15,1,100000000.0,21.0,B
orb_hivol|E12|k1|N10|B,450,10,L,4.46,-16.54,54.2,85.9,1.1,-34.7,3.62,5.3,True,orb_hivol,12:15,1,100000000.0,21.0,B
orb_hivol_sh|E12|k1|N10|B,450,10,S,-4.46,-25.46,45.8,85.9,-1.1,-47.9,-3.62,-5.3,True,orb_hivol_sh,12:15,1,100000000.0,21.0,B
orb_lovol|E12|k1|N10|B,454,10,L,1.64,-19.36,52.4,48.8,0.71,-38.8,2.3,0.97,True,orb_lovol,12:15,1,100000000.0,21.0,B
orb_lovol_sh|E12|k1|N10|B,454,10,S,-1.64,-22.64,47.6,48.8,-0.71,-43.7,-2.3,-0.97,True,orb_lovol_sh,12:15,1,100000000.0,21.0,B
orbdn_hivol_sh|E12|k1|N10|B,453,10,S,5.75,-15.25,51.7,72.3,1.69,-32.4,10.38,1.1,True,orbdn_hivol_sh,12:15,1,100000000.0,21.0,B
orbdn_lovol_sh|E12|k1|N10|B,463,10,S,-3.49,-24.49,45.8,47.6,-1.58,-46.3,-2.01,-4.98,True,orbdn_lovol_sh,12:15,1,100000000.0,21.0,B
posrange_hivol|E12|k1|N10|B,479,10,L,0.31,-20.69,51.4,74.1,0.09,-41.1,-2.28,2.92,False,posrange_hivol,12:15,1,100000000.0,21.0,B
posrange_lovol|E12|k1|N10|B,479,10,L,-0.52,-21.52,50.1,41.0,-0.28,-42.0,-2.09,1.05,False,posrange_lovol,12:15,1,100000000.0,21.0,B
posrange_hivol_sh|E12|k1|N10|B,479,10,S,-0.31,-21.31,48.6,74.1,-0.09,-42.0,2.28,-2.92,False,posrange_hivol_sh,12:15,1,100000000.0,21.0,B
posrange_lovol_sh|E12|k1|N10|B,479,10,S,0.52,-20.48,49.9,41.0,0.28,-40.5,2.09,-1.05,False,posrange_lovol_sh,12:15,1,100000000.0,21.0,B
orb_minus_width|E12|k1|N10|B,480,10,L,-0.03,-21.03,51.0,61.4,-0.01,-41.5,-1.59,1.53,False,orb_minus_width,12:15,1,100000000.0,21.0,B
orb_plus_width|E12|k1|N10|B,480,10,L,-2.19,-23.19,48.8,70.1,-0.69,-44.6,0.59,-5.0,False,orb_plus_width,12:15,1,100000000.0,21.0,B
orb_plus_width_sh|E12|k1|N10|B,480,10,S,2.19,-18.81,51.2,70.1,0.69,-38.2,-0.59,5.0,False,orb_plus_width_sh,12:15,1,100000000.0,21.0,B
orb_minus_width_sh|E12|k1|N10|B,480,10,S,0.03,-20.97,49.0,61.4,0.01,-41.4,1.59,-1.53,False,orb_minus_width_sh,12:15,1,100000000.0,21.0,B
orb_minus_d20|E12|k1|N10|B,469,10,L,0.52,-20.48,49.9,75.8,0.15,-40.8,0.87,0.18,True,orb_minus_d20,12:15,1,100000000.0,21.0,B
orb_plus_d20|E12|k1|N10|B,469,10,L,-5.84,-26.84,47.1,75.7,-1.67,-49.6,-1.95,-9.75,True,orb_plus_d20,12:15,1,100000000.0,21.0,B
orb_plus_d20_sh|E12|k1|N10|B,469,10,S,5.84,-15.16,52.9,75.7,1.67,-32.3,1.95,9.75,True,orb_plus_d20_sh,12:15,1,100000000.0,21.0,B
orb_plus_pct52|E12|k1|N10|B,430,10,L,1.1,-19.9,54.0,58.1,0.39,-39.7,-0.23,2.44,False,orb_plus_pct52,12:15,1,100000000.0,21.0,B
orb_plus_pct52_sh|E12|k1|N10|B,430,10,S,-1.1,-22.1,46.0,58.1,-0.39,-43.0,0.23,-2.44,False,orb_plus_pct52_sh,12:15,1,100000000.0,21.0,B
compress_then_pos|E12|k1|N10|B,480,10,L,-0.03,-21.03,51.0,61.4,-0.01,-41.5,-1.59,1.53,False,compress_then_pos,12:15,1,100000000.0,21.0,B
compress_then_pos_sh|E12|k1|N10|B,480,10,S,0.03,-20.97,49.0,61.4,0.01,-41.4,1.59,-1.53,False,compress_then_pos_sh,12:15,1,100000000.0,21.0,B
expand_then_pos|E12|k1|N10|B,480,10,L,-2.19,-23.19,48.8,70.1,-0.69,-44.6,0.59,-5.0,False,expand_then_pos,12:15,1,100000000.0,21.0,B
expand_then_pos_sh|E12|k1|N10|B,480,10,S,2.19,-18.81,51.2,70.1,0.69,-38.2,-0.59,5.0,False,expand_then_pos_sh,12:15,1,100000000.0,21.0,B
orb_up|E12|k1|N20|B,480,20,L,0.56,-20.44,52.5,54.8,0.22,-40.5,-1.91,3.04,False,orb_up,12:15,1,100000000.0,21.0,B
orb_up_sh|E12|k1|N20|B,480,20,S,-0.56,-21.56,47.5,54.8,-0.22,-42.2,1.91,-3.04,False,orb_up_sh,12:15,1,100000000.0,21.0,B
orb_dn_sh|E12|k1|N20|B,480,20,S,-1.48,-22.48,49.6,52.9,-0.61,-43.5,0.32,-3.3,False,orb_dn_sh,12:15,1,100000000.0,21.0,B
orb_dn_lg|E12|k1|N20|B,480,20,L,1.48,-19.52,50.4,52.9,0.61,-39.1,-0.32,3.3,False,orb_dn_lg,12:15,1,100000000.0,21.0,B
orb_up_sig|E12|k1|N20|B,480,20,L,1.52,-19.48,53.5,55.9,0.6,-39.1,-1.16,4.22,False,orb_up_sig,12:15,1,100000000.0,21.0,B
orb_up_sig_sh|E12|k1|N20|B,480,20,S,-1.52,-22.52,46.5,55.9,-0.6,-43.6,1.16,-4.22,False,orb_up_sig_sh,12:15,1,100000000.0,21.0,B
orb_dn_sig_sh|E12|k1|N20|B,480,20,S,-2.25,-23.25,49.6,53.5,-0.92,-44.6,-1.08,-3.42,True,orb_dn_sig_sh,12:15,1,100000000.0,21.0,B
orb_dn_sig_lg|E12|k1|N20|B,480,20,L,2.25,-18.75,50.4,53.5,0.92,-37.9,1.08,3.42,True,orb_dn_sig_lg,12:15,1,100000000.0,21.0,B
pos_in_or|E12|k1|N20|B,480,20,L,0.56,-20.44,52.5,54.8,0.22,-40.5,-1.91,3.04,False,pos_in_or,12:15,1,100000000.0,21.0,B
pos_in_or_sh|E12|k1|N20|B,480,20,S,-0.56,-21.56,47.5,54.8,-0.22,-42.2,1.91,-3.04,False,pos_in_or_sh,12:15,1,100000000.0,21.0,B
pos_in_or_lo|E12|k1|N20|B,480,20,L,1.48,-19.52,50.4,52.9,0.61,-39.1,-0.32,3.3,False,pos_in_or_lo,12:15,1,100000000.0,21.0,B
pos_in_or_lo_sh|E12|k1|N20|B,480,20,S,-1.48,-22.48,49.6,52.9,-0.61,-43.5,0.32,-3.3,False,pos_in_or_lo_sh,12:15,1,100000000.0,21.0,B
or_close_pos|E12|k1|N20|B,480,20,L,-1.01,-22.01,51.2,48.7,-0.46,-42.8,-0.9,-1.13,True,or_close_pos,12:15,1,100000000.0,21.0,B
or_close_pos_lo|E12|k1|N20|B,480,20,L,-2.97,-23.97,48.8,50.8,-1.28,-45.6,-4.54,-1.38,True,or_close_pos_lo,12:15,1,100000000.0,21.0,B
or_close_pos_sh|E12|k1|N20|B,480,20,S,1.01,-19.99,48.8,48.7,0.46,-39.8,0.9,1.13,True,or_close_pos_sh,12:15,1,100000000.0,21.0,B
posrange_hi|E12|k1|N20|B,480,20,L,0.09,-20.91,52.1,49.5,0.04,-41.2,-2.54,2.74,False,posrange_hi,12:15,1,100000000.0,21.0,B
posrange_hi_sh|E12|k1|N20|B,480,20,S,-0.09,-21.09,47.9,49.5,-0.04,-41.4,2.54,-2.74,False,posrange_hi_sh,12:15,1,100000000.0,21.0,B
posrange_lo|E12|k1|N20|B,480,20,L,1.07,-19.93,52.7,52.9,0.45,-39.7,-1.6,3.77,False,posrange_lo,12:15,1,100000000.0,21.0,B
posrange_lo_sh|E12|k1|N20|B,480,20,S,-1.07,-22.07,47.3,52.9,-0.45,-42.9,1.6,-3.77,False,posrange_lo_sh,12:15,1,100000000.0,21.0,B
today_sofar|E12|k1|N20|B,480,20,L,2.31,-18.69,51.2,65.5,0.77,-37.9,0.38,4.26,True,today_sofar,12:15,1,100000000.0,21.0,B
today_sofar_sh|E12|k1|N20|B,480,20,S,-2.31,-23.31,48.8,65.5,-0.77,-44.8,-0.38,-4.26,True,today_sofar_sh,12:15,1,100000000.0,21.0,B
today_sofar_lo|E12|k1|N20|B,480,20,L,-4.5,-25.5,46.5,64.7,-1.52,-47.7,-6.15,-2.83,True,today_sofar_lo,12:15,1,100000000.0,21.0,B
or_ret|E12|k1|N20|B,480,20,L,-1.29,-22.29,50.0,63.7,-0.44,-43.3,-2.67,0.1,False,or_ret,12:15,1,100000000.0,21.0,B
or_ret_sh|E12|k1|N20|B,480,20,S,1.29,-19.71,50.0,63.7,0.44,-39.5,2.67,-0.1,False,or_ret_sh,12:15,1,100000000.0,21.0,B
orbT_up|E12|k1|N20|B,473,20,L,0.55,-20.45,53.5,56.8,0.21,-40.5,-1.93,3.05,False,orbT_up,12:15,1,100000000.0,21.0,B
orbT_up_sh|E12|k1|N20|B,473,20,S,-0.55,-21.55,46.5,56.8,-0.21,-42.2,1.93,-3.05,False,orbT_up_sh,12:15,1,100000000.0,21.0,B
orbT_dn_sh|E12|k1|N20|B,475,20,S,-1.13,-22.13,49.7,53.8,-0.46,-43.0,0.8,-3.08,False,orbT_dn_sh,12:15,1,100000000.0,21.0,B
orbT_dn_lg|E12|k1|N20|B,475,20,L,1.13,-19.87,50.3,53.8,0.46,-39.6,-0.8,3.08,False,orbT_dn_lg,12:15,1,100000000.0,21.0,B
orbT_up_small|E12|k1|N20|B,473,20,L,2.39,-18.61,54.3,57.1,0.91,-37.7,0.64,4.15,True,orbT_up_small,12:15,1,100000000.0,21.0,B
orbT_up_small_sh|E12|k1|N20|B,473,20,S,-2.39,-23.39,45.7,57.1,-0.91,-44.8,-0.64,-4.15,True,orbT_up_small_sh,12:15,1,100000000.0,21.0,B
orbT_dn_small_sh|E12|k1|N20|B,475,20,S,3.62,-17.38,52.8,56.9,1.39,-35.8,7.24,-0.02,False,orbT_dn_small_sh,12:15,1,100000000.0,21.0,B
orbT_dn_small_lg|E12|k1|N20|B,475,20,L,-3.62,-24.62,47.2,56.9,-1.39,-46.5,-7.24,0.02,False,orbT_dn_small_lg,12:15,1,100000000.0,21.0,B
inside_posor|E12|k1|N20|B,480,20,L,-1.49,-22.49,50.4,49.7,-0.66,-43.5,-1.92,-1.06,True,inside_posor,12:15,1,100000000.0,21.0,B
inside_posor_sh|E12|k1|N20|B,480,20,S,1.49,-19.51,49.6,49.7,0.66,-39.1,1.92,1.06,True,inside_posor_sh,12:15,1,100000000.0,21.0,B
inside_posor_lo|E12|k1|N20|B,480,20,L,-5.11,-26.11,45.4,50.1,-2.24,-48.4,-7.17,-3.04,True,inside_posor_lo,12:15,1,100000000.0,21.0,B
or_wide|E12|k1|N20|B,480,20,L,-2.56,-23.56,48.5,58.5,-0.96,-45.0,-0.56,-4.58,True,or_wide,12:15,1,100000000.0,21.0,B
or_wide_sh|E12|k1|N20|B,480,20,S,2.56,-18.44,51.5,58.5,0.96,-37.5,0.56,4.58,True,or_wide_sh,12:15,1,100000000.0,21.0,B
or_narrow|E12|k1|N20|B,480,20,L,-2.55,-23.55,46.9,45.1,-1.24,-44.9,-3.28,-1.81,True,or_narrow,12:15,1,100000000.0,21.0,B
or_narrow_sh|E12|k1|N20|B,480,20,S,2.55,-18.45,53.1,45.1,1.24,-37.4,3.28,1.81,True,or_narrow_sh,12:15,1,100000000.0,21.0,B
or_wrel_hi|E12|k1|N20|B,480,20,L,-2.97,-23.97,50.0,60.6,-1.07,-45.6,-2.34,-3.61,True,or_wrel_hi,12:15,1,100000000.0,21.0,B
or_wrel_lo|E12|k1|N20|B,480,20,L,-1.85,-22.85,49.2,51.9,-0.78,-44.0,-3.46,-0.23,True,or_wrel_lo,12:15,1,100000000.0,21.0,B
or_wrel_hi_sh|E12|k1|N20|B,480,20,S,2.97,-18.03,50.0,60.6,1.07,-36.8,2.34,3.61,True,or_wrel_hi_sh,12:15,1,100000000.0,21.0,B
or_wrel_lo_sh|E12|k1|N20|B,480,20,S,1.85,-19.15,50.8,51.9,0.78,-38.5,3.46,0.23,True,or_wrel_lo_sh,12:15,1,100000000.0,21.0,B
rng_expand|E12|k1|N20|B,480,20,L,-1.98,-22.98,51.2,59.0,-0.74,-44.2,-0.93,-3.04,True,rng_expand,12:15,1,100000000.0,21.0,B
rng_expand_sh|E12|k1|N20|B,480,20,S,1.98,-19.02,48.8,59.0,0.74,-38.4,0.93,3.04,True,rng_expand_sh,12:15,1,100000000.0,21.0,B
rng_compress|E12|k1|N20|B,480,20,L,-2.66,-23.66,49.2,46.7,-1.25,-45.1,-5.59,0.3,False,rng_compress,12:15,1,100000000.0,21.0,B
rng_compress_sh|E12|k1|N20|B,480,20,S,2.66,-18.34,50.8,46.7,1.25,-37.2,5.59,-0.3,False,rng_compress_sh,12:15,1,100000000.0,21.0,B
vol20_hi|E12|k1|N20|B,479,20,L,-10.4,-31.4,43.4,74.6,-3.05,-55.0,-11.94,-8.85,True,vol20_hi,12:15,1,100000000.0,21.0,B
vol20_hi_sh|E12|k1|N20|B,479,20,S,10.4,-10.6,56.6,74.6,3.05,-24.0,11.94,8.85,True,vol20_hi_sh,12:15,1,100000000.0,21.0,B
vol20_lo|E12|k1|N20|B,479,20,L,-0.28,-21.28,49.3,25.5,-0.24,-41.6,0.26,-0.83,False,vol20_lo,12:15,1,100000000.0,21.0,B
vol20_lo_sh|E12|k1|N20|B,479,20,S,0.28,-20.72,50.7,25.5,0.24,-40.8,-0.26,0.83,False,vol20_lo_sh,12:15,1,100000000.0,21.0,B
atr_hi|E12|k1|N20|B,480,20,L,-11.39,-32.39,43.8,77.0,-3.24,-56.2,-13.54,-9.22,True,atr_hi,12:15,1,100000000.0,21.0,B
atr_lo|E12|k1|N20|B,480,20,L,1.23,-19.77,54.8,24.1,1.11,-39.3,1.22,1.23,True,atr_lo,12:15,1,100000000.0,21.0,B
atr_hi_sh|E12|k1|N20|B,480,20,S,11.39,-9.61,56.2,77.0,3.24,-22.1,13.54,9.22,True,atr_hi_sh,12:15,1,100000000.0,21.0,B
fail_up_sh|E12|k1|N20|B,479,20,S,2.39,-18.61,49.7,56.7,0.92,-37.7,2.18,2.6,True,fail_up_sh,12:15,1,100000000.0,21.0,B
fail_up_lg|E12|k1|N20|B,479,20,L,-2.39,-23.39,50.3,56.7,-0.92,-44.8,-2.18,-2.6,True,fail_up_lg,12:15,1,100000000.0,21.0,B
fail_dn_lg|E12|k1|N20|B,480,20,L,-2.22,-23.22,48.8,53.4,-0.91,-44.5,-3.75,-0.68,True,fail_dn_lg,12:15,1,100000000.0,21.0,B
fail_dn_sh|E12|k1|N20|B,480,20,S,2.22,-18.78,51.2,53.4,0.91,-38.0,3.75,0.68,True,fail_dn_sh,12:15,1,100000000.0,21.0,B
giveback_up_sh|E12|k1|N20|B,480,20,S,-1.1,-22.1,47.9,51.9,-0.47,-42.9,-0.21,-2.0,True,giveback_up_sh,12:15,1,100000000.0,21.0,B
giveback_up_lg|E12|k1|N20|B,480,20,L,1.1,-19.9,52.1,51.9,0.47,-39.7,0.21,2.0,True,giveback_up_lg,12:15,1,100000000.0,21.0,B
giveback_dn_lg|E12|k1|N20|B,480,20,L,-1.17,-22.17,49.8,53.5,-0.48,-43.0,-3.41,1.09,False,giveback_dn_lg,12:15,1,100000000.0,21.0,B
giveback_dn_sh|E12|k1|N20|B,480,20,S,1.17,-19.83,50.2,53.5,0.48,-39.6,3.41,-1.09,False,giveback_dn_sh,12:15,1,100000000.0,21.0,B
poke_up|E12|k1|N20|B,480,20,L,-1.12,-22.12,50.6,55.8,-0.44,-43.0,-3.52,1.29,False,poke_up,12:15,1,100000000.0,21.0,B
poke_up_sh|E12|k1|N20|B,480,20,S,1.12,-19.88,49.4,55.8,0.44,-39.7,3.52,-1.29,False,poke_up_sh,12:15,1,100000000.0,21.0,B
poke_dn_sh|E12|k1|N20|B,480,20,S,-2.07,-23.07,46.0,51.6,-0.88,-44.3,0.78,-4.93,False,poke_dn_sh,12:15,1,100000000.0,21.0,B
poke_dn_lg|E12|k1|N20|B,480,20,L,2.07,-18.93,54.0,51.6,0.88,-38.2,-0.78,4.93,False,poke_dn_lg,12:15,1,100000000.0,21.0,B
ext_up_sh|E12|k1|N20|B,480,20,S,-1.1,-22.1,47.9,51.9,-0.47,-42.9,-0.21,-2.0,True,ext_up_sh,12:15,1,100000000.0,21.0,B
ext_up_lg|E12|k1|N20|B,480,20,L,1.1,-19.9,52.1,51.9,0.47,-39.7,0.21,2.0,True,ext_up_lg,12:15,1,100000000.0,21.0,B
held_up|E12|k1|N20|B,473,20,L,0.55,-20.45,53.5,56.8,0.21,-40.5,-1.93,3.05,False,held_up,12:15,1,100000000.0,21.0,B
held_up_sh|E12|k1|N20|B,473,20,S,-0.55,-21.55,46.5,56.8,-0.21,-42.2,1.93,-3.05,False,held_up_sh,12:15,1,100000000.0,21.0,B
held_dn_sh|E12|k1|N20|B,475,20,S,-1.13,-22.13,49.7,53.8,-0.46,-43.0,0.8,-3.08,False,held_dn_sh,12:15,1,100000000.0,21.0,B
held_dn_lg|E12|k1|N20|B,475,20,L,1.13,-19.87,50.3,53.8,0.46,-39.6,-0.8,3.08,False,held_dn_lg,12:15,1,100000000.0,21.0,B
rvol_hi|E12|k1|N20|B,480,20,L,-3.82,-24.82,48.3,60.4,-1.38,-46.8,-3.87,-3.77,True,rvol_hi,12:15,1,100000000.0,21.0,B
rvol_hi_sh|E12|k1|N20|B,480,20,S,3.82,-17.18,51.7,60.4,1.38,-35.5,3.87,3.77,True,rvol_hi_sh,12:15,1,100000000.0,21.0,B
rvol_lo|E12|k1|N20|B,480,20,L,-2.56,-23.56,50.0,49.2,-1.14,-45.0,-4.95,-0.15,True,rvol_lo,12:15,1,100000000.0,21.0,B
rvol_lo_sh|E12|k1|N20|B,480,20,S,2.56,-18.44,50.0,49.2,1.14,-37.4,4.95,0.15,True,rvol_lo_sh,12:15,1,100000000.0,21.0,B
orb_vol125|E12|k1|N20|B,461,20,L,3.9,-17.1,56.6,62.2,1.35,-35.3,3.27,4.53,True,orb_vol125,12:15,1,100000000.0,21.0,B
orb_vol125_sh|E12|k1|N20|B,461,20,S,-3.9,-24.9,43.4,62.2,-1.35,-46.9,-3.27,-4.53,True,orb_vol125_sh,12:15,1,100000000.0,21.0,B
orbdn_vol125_sh|E12|k1|N20|B,448,20,S,-0.73,-21.73,49.8,56.0,-0.28,-42.4,1.66,-3.15,False,orbdn_vol125_sh,12:15,1,100000000.0,21.0,B
orbdn_vol125_lg|E12|k1|N20|B,448,20,L,0.73,-20.27,50.2,56.0,0.28,-40.3,-1.66,3.15,False,orbdn_vol125_lg,12:15,1,100000000.0,21.0,B
orb_vol15|E12|k1|N20|B,454,20,L,3.47,-17.53,56.2,63.1,1.17,-36.1,0.86,6.1,True,orb_vol15,12:15,1,100000000.0,21.0,B
orb_vol15_sh|E12|k1|N20|B,454,20,S,-3.47,-24.47,43.8,63.1,-1.17,-46.3,-0.86,-6.1,True,orb_vol15_sh,12:15,1,100000000.0,21.0,B
orbdn_vol15_sh|E12|k1|N20|B,421,20,S,0.85,-20.15,49.9,58.6,0.3,-40.1,2.43,-0.73,False,orbdn_vol15_sh,12:15,1,100000000.0,21.0,B
orbdn_vol15_lg|E12|k1|N20|B,421,20,L,-0.85,-21.85,50.1,58.6,-0.3,-42.6,-2.43,0.73,False,orbdn_vol15_lg,12:15,1,100000000.0,21.0,B
orb_vol20|E12|k1|N20|B,432,20,L,5.76,-15.24,56.2,65.9,1.81,-32.3,3.64,7.89,True,orb_vol20,12:15,1,100000000.0,21.0,B
orb_vol20_sh|E12|k1|N20|B,432,20,S,-5.76,-26.76,43.8,65.9,-1.81,-49.4,-3.64,-7.89,True,orb_vol20_sh,12:15,1,100000000.0,21.0,B
orbdn_vol20_sh|E12|k1|N20|B,311,20,S,-1.09,-22.09,48.9,67.1,-0.29,-43.1,-1.72,-0.46,True,orbdn_vol20_sh,12:15,1,100000000.0,21.0,B
orbdn_vol20_lg|E12|k1|N20|B,311,20,L,1.09,-19.91,51.1,67.1,0.29,-39.8,1.72,0.46,True,orbdn_vol20_lg,12:15,1,100000000.0,21.0,B
orb_x_rvol|E12|k1|N20|B,480,20,L,-2.38,-23.38,51.2,59.8,-0.87,-44.8,-4.31,-0.43,True,orb_x_rvol,12:15,1,100000000.0,21.0,B
orb_x_rvol_sh|E12|k1|N20|B,480,20,S,2.38,-18.62,48.8,59.8,0.87,-37.8,4.31,0.43,True,orb_x_rvol_sh,12:15,1,100000000.0,21.0,B
orb_novol|E12|k1|N20|B,376,20,L,1.32,-19.68,54.3,48.9,0.52,-39.3,0.6,2.04,True,orb_novol,12:15,1,100000000.0,21.0,B
orb_novol_sh|E12|k1|N20|B,376,20,S,-1.32,-22.32,45.7,48.9,-0.52,-43.2,-0.6,-2.04,True,orb_novol_sh,12:15,1,100000000.0,21.0,B
orb_wideOR|E12|k1|N20|B,383,20,L,11.08,-9.92,60.8,59.3,3.66,-22.5,8.15,14.02,True,orb_wideOR,12:15,1,100000000.0,21.0,B
orb_wideOR_sh|E12|k1|N20|B,383,20,S,-11.08,-32.08,39.2,59.3,-3.66,-55.7,-8.15,-14.02,True,orb_wideOR_sh,12:15,1,100000000.0,21.0,B
orb_narrowOR|E12|k1|N20|B,441,20,L,0.92,-20.08,53.7,56.0,0.35,-40.0,0.5,1.35,True,orb_narrowOR,12:15,1,100000000.0,21.0,B
orb_narrowOR_sh|E12|k1|N20|B,441,20,S,-0.92,-21.92,46.3,56.0,-0.35,-42.7,-0.5,-1.35,True,orb_narrowOR_sh,12:15,1,100000000.0,21.0,B
orbdn_wideOR_sh|E12|k1|N20|B,377,20,S,3.32,-17.68,53.6,62.6,1.03,-36.3,5.43,1.2,True,orbdn_wideOR_sh,12:15,1,100000000.0,21.0,B
orbdn_narrowOR_sh|E12|k1|N20|B,455,20,S,2.95,-18.05,52.3,52.2,1.21,-36.8,4.8,1.09,True,orbdn_narrowOR_sh,12:15,1,100000000.0,21.0,B
orbdn_wideOR_lg|E12|k1|N20|B,377,20,L,-3.32,-24.32,46.4,62.6,-1.03,-46.1,-5.43,-1.2,True,orbdn_wideOR_lg,12:15,1,100000000.0,21.0,B
orbdn_narrowOR_lg|E12|k1|N20|B,455,20,L,-2.95,-23.95,47.7,52.2,-1.21,-45.5,-4.8,-1.09,True,orbdn_narrowOR_lg,12:15,1,100000000.0,21.0,B
orb_coiled|E12|k1|N20|B,441,20,L,0.67,-20.33,54.6,56.1,0.25,-40.4,0.11,1.24,True,orb_coiled,12:15,1,100000000.0,21.0,B
orb_coiled_sh|E12|k1|N20|B,441,20,S,-0.67,-21.67,45.4,56.1,-0.25,-42.3,-0.11,-1.24,True,orb_coiled_sh,12:15,1,100000000.0,21.0,B
orbdn_coiled_sh|E12|k1|N20|B,449,20,S,2.43,-18.57,53.0,52.8,0.97,-37.6,3.16,1.68,True,orbdn_coiled_sh,12:15,1,100000000.0,21.0,B
orb_gapup|E12|k1|N20|B,296,20,L,6.11,-14.89,53.0,62.6,1.68,-31.6,3.74,8.51,True,orb_gapup,12:15,1,100000000.0,21.0,B
orb_gapup_sh|E12|k1|N20|B,296,20,S,-6.11,-27.11,47.0,62.6,-1.68,-49.8,-3.74,-8.51,True,orb_gapup_sh,12:15,1,100000000.0,21.0,B
orb_nogap|E12|k1|N20|B,434,20,L,-1.25,-22.25,53.7,51.9,-0.5,-43.2,-4.11,1.63,False,orb_nogap,12:15,1,100000000.0,21.0,B
orb_nogap_sh|E12|k1|N20|B,434,20,S,1.25,-19.75,46.3,51.9,0.5,-39.4,4.11,-1.63,False,orb_nogap_sh,12:15,1,100000000.0,21.0,B
orb_gapdn|E12|k1|N20|B,152,20,L,4.83,-16.17,57.2,70.7,0.84,-33.9,12.65,-3.2,False,orb_gapdn,12:15,1,100000000.0,21.0,B
orb_gapdn_sh|E12|k1|N20|B,152,20,S,-4.83,-25.83,42.8,70.7,-0.84,-48.2,-12.65,3.2,False,orb_gapdn_sh,12:15,1,100000000.0,21.0,B
orbdn_gapdn_sh|E12|k1|N20|B,181,20,S,-1.95,-22.95,54.7,66.0,-0.4,-44.3,-0.86,-3.07,True,orbdn_gapdn_sh,12:15,1,100000000.0,21.0,B
orbdn_gapdn_lg|E12|k1|N20|B,181,20,L,1.95,-19.05,45.3,66.0,0.4,-38.5,0.86,3.07,True,orbdn_gapdn_lg,12:15,1,100000000.0,21.0,B
orbdn_gapup_sh|E12|k1|N20|B,350,20,S,5.25,-15.75,52.9,63.8,1.54,-33.1,9.98,0.46,True,orbdn_gapup_sh,12:15,1,100000000.0,21.0,B
gap_up|E12|k1|N20|B,480,20,L,-3.11,-24.11,49.6,60.6,-1.12,-45.8,-6.83,0.65,False,gap_up,12:15,1,100000000.0,21.0,B
gap_up_sh|E12|k1|N20|B,480,20,S,3.11,-17.89,50.4,60.6,1.12,-36.6,6.83,-0.65,False,gap_up_sh,12:15,1,100000000.0,21.0,B
gap_dn_lg|E12|k1|N20|B,480,20,L,0.59,-20.41,52.1,57.3,0.22,-40.5,3.44,-2.29,False,gap_dn_lg,12:15,1,100000000.0,21.0,B
gap_dn_sh|E12|k1|N20|B,480,20,S,-0.59,-21.59,47.9,57.3,-0.22,-42.2,-3.44,2.29,False,gap_dn_sh,12:15,1,100000000.0,21.0,B
orb_hivol|E12|k1|N20|B,410,20,L,5.36,-15.64,56.1,70.9,1.53,-33.0,3.95,6.79,True,orb_hivol,12:15,1,100000000.0,21.0,B
orb_hivol_sh|E12|k1|N20|B,410,20,S,-5.36,-26.36,43.9,70.9,-1.53,-48.9,-3.95,-6.79,True,orb_hivol_sh,12:15,1,100000000.0,21.0,B
orb_lovol|E12|k1|N20|B,411,20,L,2.37,-18.63,55.0,44.6,1.08,-37.6,0.58,4.18,True,orb_lovol,12:15,1,100000000.0,21.0,B
orb_lovol_sh|E12|k1|N20|B,411,20,S,-2.37,-23.37,45.0,44.6,-1.08,-44.7,-0.58,-4.18,True,orb_lovol_sh,12:15,1,100000000.0,21.0,B
orbdn_hivol_sh|E12|k1|N20|B,418,20,S,5.28,-15.72,53.3,68.2,1.58,-33.1,10.13,0.39,True,orbdn_hivol_sh,12:15,1,100000000.0,21.0,B
orbdn_lovol_sh|E12|k1|N20|B,427,20,S,-2.53,-23.53,46.6,45.8,-1.14,-44.9,-1.65,-3.42,True,orbdn_lovol_sh,12:15,1,100000000.0,21.0,B
posrange_hivol|E12|k1|N20|B,479,20,L,-1.08,-22.08,51.1,67.7,-0.35,-43.0,-2.96,0.8,False,posrange_hivol,12:15,1,100000000.0,21.0,B
posrange_lovol|E12|k1|N20|B,479,20,L,-0.9,-21.9,51.6,38.5,-0.51,-42.6,-2.43,0.64,False,posrange_lovol,12:15,1,100000000.0,21.0,B
posrange_hivol_sh|E12|k1|N20|B,479,20,S,1.08,-19.92,48.9,67.7,0.35,-39.8,2.96,-0.8,False,posrange_hivol_sh,12:15,1,100000000.0,21.0,B
posrange_lovol_sh|E12|k1|N20|B,479,20,S,0.9,-20.1,48.4,38.5,0.51,-39.9,2.43,-0.64,False,posrange_lovol_sh,12:15,1,100000000.0,21.0,B
orb_minus_width|E12|k1|N20|B,480,20,L,-1.84,-22.84,52.3,52.8,-0.76,-44.0,-4.29,0.63,False,orb_minus_width,12:15,1,100000000.0,21.0,B
orb_plus_width|E12|k1|N20|B,480,20,L,-0.96,-21.96,51.2,57.2,-0.37,-42.8,-1.56,-0.35,True,orb_plus_width,12:15,1,100000000.0,21.0,B
orb_plus_width_sh|E12|k1|N20|B,480,20,S,0.96,-20.04,48.8,57.2,0.37,-39.9,1.56,0.35,True,orb_plus_width_sh,12:15,1,100000000.0,21.0,B
orb_minus_width_sh|E12|k1|N20|B,480,20,S,1.84,-19.16,47.7,52.8,0.76,-38.5,4.29,-0.63,False,orb_minus_width_sh,12:15,1,100000000.0,21.0,B
orb_minus_d20|E12|k1|N20|B,469,20,L,1.34,-19.66,55.2,61.0,0.48,-39.4,0.89,1.79,True,orb_minus_d20,12:15,1,100000000.0,21.0,B
orb_plus_d20|E12|k1|N20|B,469,20,L,-3.59,-24.59,48.6,61.2,-1.27,-46.5,-2.16,-5.01,True,orb_plus_d20,12:15,1,100000000.0,21.0,B
orb_plus_d20_sh|E12|k1|N20|B,469,20,S,3.59,-17.41,51.4,61.2,1.27,-35.8,2.16,5.01,True,orb_plus_d20_sh,12:15,1,100000000.0,21.0,B
orb_plus_pct52|E12|k1|N20|B,430,20,L,-0.3,-21.3,54.0,47.7,-0.13,-41.7,-3.44,2.88,False,orb_plus_pct52,12:15,1,100000000.0,21.0,B
orb_plus_pct52_sh|E12|k1|N20|B,430,20,S,0.3,-20.7,46.0,47.7,0.13,-40.9,3.44,-2.88,False,orb_plus_pct52_sh,12:15,1,100000000.0,21.0,B
compress_then_pos|E12|k1|N20|B,480,20,L,-1.84,-22.84,52.3,52.8,-0.76,-44.0,-4.29,0.63,False,compress_then_pos,12:15,1,100000000.0,21.0,B
compress_then_pos_sh|E12|k1|N20|B,480,20,S,1.84,-19.16,47.7,52.8,0.76,-38.5,4.29,-0.63,False,compress_then_pos_sh,12:15,1,100000000.0,21.0,B
expand_then_pos|E12|k1|N20|B,480,20,L,-0.96,-21.96,51.2,57.2,-0.37,-42.8,-1.56,-0.35,True,expand_then_pos,12:15,1,100000000.0,21.0,B
expand_then_pos_sh|E12|k1|N20|B,480,20,S,0.96,-20.04,48.8,57.2,0.37,-39.9,1.56,0.35,True,expand_then_pos_sh,12:15,1,100000000.0,21.0,B
orb_up|E12|k1|N30|B,480,30,L,0.3,-20.7,54.2,51.4,0.13,-40.9,-2.06,2.68,False,orb_up,12:15,1,100000000.0,21.0,B
orb_up_sh|E12|k1|N30|B,480,30,S,-0.3,-21.3,45.8,51.4,-0.13,-41.8,2.06,-2.68,False,orb_up_sh,12:15,1,100000000.0,21.0,B
orb_dn_sh|E12|k1|N30|B,480,30,S,-0.43,-21.43,48.8,50.6,-0.19,-42.0,1.82,-2.71,False,orb_dn_sh,12:15,1,100000000.0,21.0,B
orb_dn_lg|E12|k1|N30|B,480,30,L,0.43,-20.57,51.2,50.6,0.19,-40.7,-1.82,2.71,False,orb_dn_lg,12:15,1,100000000.0,21.0,B
orb_up_sig|E12|k1|N30|B,480,30,L,1.33,-19.67,54.0,51.3,0.57,-39.3,-1.61,4.29,False,orb_up_sig,12:15,1,100000000.0,21.0,B
orb_up_sig_sh|E12|k1|N30|B,480,30,S,-1.33,-22.33,46.0,51.3,-0.57,-43.3,1.61,-4.29,False,orb_up_sig_sh,12:15,1,100000000.0,21.0,B
orb_dn_sig_sh|E12|k1|N30|B,480,30,S,-1.09,-22.09,49.0,51.7,-0.46,-42.9,1.0,-3.2,False,orb_dn_sig_sh,12:15,1,100000000.0,21.0,B
orb_dn_sig_lg|E12|k1|N30|B,480,30,L,1.09,-19.91,51.0,51.7,0.46,-39.7,-1.0,3.2,False,orb_dn_sig_lg,12:15,1,100000000.0,21.0,B
pos_in_or|E12|k1|N30|B,480,30,L,0.3,-20.7,54.2,51.4,0.13,-40.9,-2.06,2.68,False,pos_in_or,12:15,1,100000000.0,21.0,B
pos_in_or_sh|E12|k1|N30|B,480,30,S,-0.3,-21.3,45.8,51.4,-0.13,-41.8,2.06,-2.68,False,pos_in_or_sh,12:15,1,100000000.0,21.0,B
pos_in_or_lo|E12|k1|N30|B,480,30,L,0.43,-20.57,51.2,50.6,0.19,-40.7,-1.82,2.71,False,pos_in_or_lo,12:15,1,100000000.0,21.0,B
pos_in_or_lo_sh|E12|k1|N30|B,480,30,S,-0.43,-21.43,48.8,50.6,-0.19,-42.0,1.82,-2.71,False,pos_in_or_lo_sh,12:15,1,100000000.0,21.0,B
or_close_pos|E12|k1|N30|B,480,30,L,0.14,-20.86,53.8,48.9,0.06,-41.1,-0.44,0.72,False,or_close_pos,12:15,1,100000000.0,21.0,B
or_close_pos_lo|E12|k1|N30|B,480,30,L,-3.35,-24.35,48.8,49.9,-1.47,-46.1,-4.98,-1.7,True,or_close_pos_lo,12:15,1,100000000.0,21.0,B
or_close_pos_sh|E12|k1|N30|B,480,30,S,-0.14,-21.14,46.2,48.9,-0.06,-41.5,0.44,-0.72,False,or_close_pos_sh,12:15,1,100000000.0,21.0,B
posrange_hi|E12|k1|N30|B,480,30,L,0.22,-20.78,52.1,48.4,0.1,-41.0,-2.02,2.48,False,posrange_hi,12:15,1,100000000.0,21.0,B
posrange_hi_sh|E12|k1|N30|B,480,30,S,-0.22,-21.22,47.9,48.4,-0.1,-41.6,2.02,-2.48,False,posrange_hi_sh,12:15,1,100000000.0,21.0,B
posrange_lo|E12|k1|N30|B,480,30,L,-0.1,-21.1,50.2,52.2,-0.04,-41.5,-2.71,2.54,False,posrange_lo,12:15,1,100000000.0,21.0,B
posrange_lo_sh|E12|k1|N30|B,480,30,S,0.1,-20.9,49.8,52.2,0.04,-41.2,2.71,-2.54,False,posrange_lo_sh,12:15,1,100000000.0,21.0,B
today_sofar|E12|k1|N30|B,480,30,L,1.59,-19.41,52.9,60.3,0.58,-39.0,0.83,2.36,True,today_sofar,12:15,1,100000000.0,21.0,B
today_sofar_sh|E12|k1|N30|B,480,30,S,-1.59,-22.59,47.1,60.3,-0.58,-43.7,-0.83,-2.36,True,today_sofar_sh,12:15,1,100000000.0,21.0,B
today_sofar_lo|E12|k1|N30|B,480,30,L,-3.38,-24.38,48.3,61.2,-1.21,-46.2,-5.04,-1.7,True,today_sofar_lo,12:15,1,100000000.0,21.0,B
or_ret|E12|k1|N30|B,480,30,L,-1.5,-22.5,50.4,58.5,-0.56,-43.6,-2.03,-0.96,True,or_ret,12:15,1,100000000.0,21.0,B
or_ret_sh|E12|k1|N30|B,480,30,S,1.5,-19.5,49.6,58.5,0.56,-39.1,2.03,0.96,True,or_ret_sh,12:15,1,100000000.0,21.0,B
orbT_up|E12|k1|N30|B,456,30,L,3.01,-17.99,57.0,53.0,1.21,-36.7,1.4,4.63,True,orbT_up,12:15,1,100000000.0,21.0,B
orbT_up_sh|E12|k1|N30|B,456,30,S,-3.01,-24.01,43.0,53.0,-1.21,-45.6,-1.4,-4.63,True,orbT_up_sh,12:15,1,100000000.0,21.0,B
orbT_dn_sh|E12|k1|N30|B,464,30,S,-0.32,-21.32,49.8,52.0,-0.13,-41.8,2.26,-2.92,False,orbT_dn_sh,12:15,1,100000000.0,21.0,B
orbT_dn_lg|E12|k1|N30|B,464,30,L,0.32,-20.68,50.2,52.0,0.13,-40.9,-2.26,2.92,False,orbT_dn_lg,12:15,1,100000000.0,21.0,B
orbT_up_small|E12|k1|N30|B,456,30,L,3.64,-17.36,55.0,53.3,1.46,-35.7,2.16,5.14,True,orbT_up_small,12:15,1,100000000.0,21.0,B
orbT_up_small_sh|E12|k1|N30|B,456,30,S,-3.64,-24.64,45.0,53.3,-1.46,-46.5,-2.16,-5.14,True,orbT_up_small_sh,12:15,1,100000000.0,21.0,B
orbT_dn_small_sh|E12|k1|N30|B,464,30,S,2.94,-18.06,52.2,55.1,1.15,-36.8,6.01,-0.16,False,orbT_dn_small_sh,12:15,1,100000000.0,21.0,B
orbT_dn_small_lg|E12|k1|N30|B,464,30,L,-2.94,-23.94,47.8,55.1,-1.15,-45.5,-6.01,0.16,False,orbT_dn_small_lg,12:15,1,100000000.0,21.0,B
inside_posor|E12|k1|N30|B,480,30,L,-1.0,-22.0,52.3,49.5,-0.44,-42.8,-2.07,0.06,False,inside_posor,12:15,1,100000000.0,21.0,B
inside_posor_sh|E12|k1|N30|B,480,30,S,1.0,-20.0,47.7,49.5,0.44,-39.8,2.07,-0.06,False,inside_posor_sh,12:15,1,100000000.0,21.0,B
inside_posor_lo|E12|k1|N30|B,480,30,L,-4.66,-25.66,49.0,51.7,-1.97,-47.8,-6.3,-3.0,True,inside_posor_lo,12:15,1,100000000.0,21.0,B
or_wide|E12|k1|N30|B,480,30,L,-2.97,-23.97,48.5,54.1,-1.2,-45.6,-1.68,-4.26,True,or_wide,12:15,1,100000000.0,21.0,B
or_wide_sh|E12|k1|N30|B,480,30,S,2.97,-18.03,51.5,54.1,1.2,-36.8,1.68,4.26,True,or_wide_sh,12:15,1,100000000.0,21.0,B
or_narrow|E12|k1|N30|B,480,30,L,-3.02,-24.02,48.3,46.4,-1.43,-45.6,-3.93,-2.1,True,or_narrow,12:15,1,100000000.0,21.0,B
or_narrow_sh|E12|k1|N30|B,480,30,S,3.02,-17.98,51.7,46.4,1.43,-36.6,3.93,2.1,True,or_narrow_sh,12:15,1,100000000.0,21.0,B
or_wrel_hi|E12|k1|N30|B,480,30,L,-2.42,-23.42,50.4,55.2,-0.96,-44.8,-1.84,-2.99,True,or_wrel_hi,12:15,1,100000000.0,21.0,B
or_wrel_lo|E12|k1|N30|B,480,30,L,-2.09,-23.09,50.4,50.6,-0.9,-44.3,-3.34,-0.82,True,or_wrel_lo,12:15,1,100000000.0,21.0,B
or_wrel_hi_sh|E12|k1|N30|B,480,30,S,2.42,-18.58,49.6,55.2,0.96,-37.7,1.84,2.99,True,or_wrel_hi_sh,12:15,1,100000000.0,21.0,B
or_wrel_lo_sh|E12|k1|N30|B,480,30,S,2.09,-18.91,49.6,50.6,0.9,-38.1,3.34,0.82,True,or_wrel_lo_sh,12:15,1,100000000.0,21.0,B
rng_expand|E12|k1|N30|B,480,30,L,-0.49,-21.49,52.9,55.9,-0.19,-42.1,0.46,-1.45,False,rng_expand,12:15,1,100000000.0,21.0,B
rng_expand_sh|E12|k1|N30|B,480,30,S,0.49,-20.51,47.1,55.9,0.19,-40.6,-0.46,1.45,False,rng_expand_sh,12:15,1,100000000.0,21.0,B
rng_compress|E12|k1|N30|B,480,30,L,-3.28,-24.28,48.3,47.1,-1.53,-46.0,-5.9,-0.64,True,rng_compress,12:15,1,100000000.0,21.0,B
rng_compress_sh|E12|k1|N30|B,480,30,S,3.28,-17.72,51.7,47.1,1.53,-36.2,5.9,0.64,True,rng_compress_sh,12:15,1,100000000.0,21.0,B
vol20_hi|E12|k1|N30|B,479,30,L,-8.89,-29.89,43.4,70.6,-2.76,-53.3,-9.81,-7.97,True,vol20_hi,12:15,1,100000000.0,21.0,B
vol20_hi_sh|E12|k1|N30|B,479,30,S,8.89,-12.11,56.6,70.6,2.76,-26.8,9.81,7.97,True,vol20_hi_sh,12:15,1,100000000.0,21.0,B
vol20_lo|E12|k1|N30|B,479,30,L,-0.36,-21.36,51.6,29.0,-0.27,-41.7,-0.74,0.03,False,vol20_lo,12:15,1,100000000.0,21.0,B
vol20_lo_sh|E12|k1|N30|B,479,30,S,0.36,-20.64,48.4,29.0,0.27,-40.7,0.74,-0.03,False,vol20_lo_sh,12:15,1,100000000.0,21.0,B
atr_hi|E12|k1|N30|B,480,30,L,-9.52,-30.52,45.6,71.6,-2.92,-54.0,-11.1,-7.93,True,atr_hi,12:15,1,100000000.0,21.0,B
atr_lo|E12|k1|N30|B,480,30,L,0.41,-20.59,51.2,28.0,0.32,-40.6,0.19,0.64,True,atr_lo,12:15,1,100000000.0,21.0,B
atr_hi_sh|E12|k1|N30|B,480,30,S,9.52,-11.48,54.4,71.6,2.92,-25.6,11.1,7.93,True,atr_hi_sh,12:15,1,100000000.0,21.0,B
fail_up_sh|E12|k1|N30|B,476,30,S,1.94,-19.06,50.4,55.3,0.76,-38.4,1.49,2.38,True,fail_up_sh,12:15,1,100000000.0,21.0,B
fail_up_lg|E12|k1|N30|B,476,30,L,-1.94,-22.94,49.6,55.3,-0.76,-44.2,-1.49,-2.38,True,fail_up_lg,12:15,1,100000000.0,21.0,B
fail_dn_lg|E12|k1|N30|B,479,30,L,-0.86,-21.86,50.3,51.7,-0.36,-42.6,-3.16,1.45,False,fail_dn_lg,12:15,1,100000000.0,21.0,B
fail_dn_sh|E12|k1|N30|B,479,30,S,0.86,-20.14,49.7,51.7,0.36,-40.0,3.16,-1.45,False,fail_dn_sh,12:15,1,100000000.0,21.0,B
giveback_up_sh|E12|k1|N30|B,480,30,S,-0.59,-21.59,49.2,50.0,-0.26,-42.2,1.16,-2.34,False,giveback_up_sh,12:15,1,100000000.0,21.0,B
giveback_up_lg|E12|k1|N30|B,480,30,L,0.59,-20.41,50.8,50.0,0.26,-40.4,-1.16,2.34,False,giveback_up_lg,12:15,1,100000000.0,21.0,B
giveback_dn_lg|E12|k1|N30|B,480,30,L,0.15,-20.85,51.7,50.2,0.07,-41.1,-2.03,2.35,False,giveback_dn_lg,12:15,1,100000000.0,21.0,B
giveback_dn_sh|E12|k1|N30|B,480,30,S,-0.15,-21.15,48.3,50.2,-0.07,-41.5,2.03,-2.35,False,giveback_dn_sh,12:15,1,100000000.0,21.0,B
poke_up|E12|k1|N30|B,480,30,L,-0.58,-21.58,54.0,53.3,-0.24,-42.2,-2.99,1.84,False,poke_up,12:15,1,100000000.0,21.0,B
poke_up_sh|E12|k1|N30|B,480,30,S,0.58,-20.42,46.0,53.3,0.24,-40.5,2.99,-1.84,False,poke_up_sh,12:15,1,100000000.0,21.0,B
poke_dn_sh|E12|k1|N30|B,480,30,S,-1.67,-22.67,47.9,49.9,-0.73,-43.7,0.45,-3.8,False,poke_dn_sh,12:15,1,100000000.0,21.0,B
poke_dn_lg|E12|k1|N30|B,480,30,L,1.67,-19.33,52.1,49.9,0.73,-38.8,-0.45,3.8,False,poke_dn_lg,12:15,1,100000000.0,21.0,B
ext_up_sh|E12|k1|N30|B,480,30,S,-0.58,-21.58,49.2,50.0,-0.26,-42.2,1.15,-2.33,False,ext_up_sh,12:15,1,100000000.0,21.0,B
ext_up_lg|E12|k1|N30|B,480,30,L,0.58,-20.42,50.8,50.0,0.26,-40.4,-1.15,2.33,False,ext_up_lg,12:15,1,100000000.0,21.0,B
held_up|E12|k1|N30|B,456,30,L,3.01,-17.99,57.0,53.0,1.21,-36.7,1.4,4.63,True,held_up,12:15,1,100000000.0,21.0,B
held_up_sh|E12|k1|N30|B,456,30,S,-3.01,-24.01,43.0,53.0,-1.21,-45.6,-1.4,-4.63,True,held_up_sh,12:15,1,100000000.0,21.0,B
held_dn_sh|E12|k1|N30|B,464,30,S,-0.31,-21.31,49.8,52.0,-0.13,-41.8,2.27,-2.9,False,held_dn_sh,12:15,1,100000000.0,21.0,B
held_dn_lg|E12|k1|N30|B,464,30,L,0.31,-20.69,50.2,52.0,0.13,-40.9,-2.27,2.9,False,held_dn_lg,12:15,1,100000000.0,21.0,B
rvol_hi|E12|k1|N30|B,480,30,L,-1.55,-22.55,51.2,56.1,-0.61,-43.6,-1.56,-1.54,True,rvol_hi,12:15,1,100000000.0,21.0,B
rvol_hi_sh|E12|k1|N30|B,480,30,S,1.55,-19.45,48.8,56.1,0.61,-39.0,1.56,1.54,True,rvol_hi_sh,12:15,1,100000000.0,21.0,B
rvol_lo|E12|k1|N30|B,480,30,L,-2.28,-23.28,49.6,49.4,-1.01,-44.6,-4.94,0.4,False,rvol_lo,12:15,1,100000000.0,21.0,B
rvol_lo_sh|E12|k1|N30|B,480,30,S,2.28,-18.72,50.4,49.4,1.01,-37.8,4.94,-0.4,False,rvol_lo_sh,12:15,1,100000000.0,21.0,B
orb_vol125|E12|k1|N30|B,433,30,L,4.53,-16.47,56.4,58.0,1.62,-34.3,3.01,6.06,True,orb_vol125,12:15,1,100000000.0,21.0,B
orb_vol125_sh|E12|k1|N30|B,433,30,S,-4.53,-25.53,43.6,58.0,-1.62,-47.7,-3.01,-6.06,True,orb_vol125_sh,12:15,1,100000000.0,21.0,B
orbdn_vol125_sh|E12|k1|N30|B,391,30,S,1.14,-19.86,51.7,55.8,0.41,-39.6,3.72,-1.45,False,orbdn_vol125_sh,12:15,1,100000000.0,21.0,B
orbdn_vol125_lg|E12|k1|N30|B,391,30,L,-1.14,-22.14,48.3,55.8,-0.41,-43.0,-3.72,1.45,False,orbdn_vol125_lg,12:15,1,100000000.0,21.0,B
orb_vol15|E12|k1|N30|B,415,30,L,5.72,-15.28,57.3,57.4,2.03,-32.3,3.25,8.2,True,orb_vol15,12:15,1,100000000.0,21.0,B
orb_vol15_sh|E12|k1|N30|B,415,30,S,-5.72,-26.72,42.7,57.4,-2.03,-49.3,-3.25,-8.2,True,orb_vol15_sh,12:15,1,100000000.0,21.0,B
orbdn_vol15_sh|E12|k1|N30|B,317,30,S,0.35,-20.65,48.3,59.3,0.1,-40.9,1.13,-0.44,False,orbdn_vol15_sh,12:15,1,100000000.0,21.0,B
orbdn_vol15_lg|E12|k1|N30|B,317,30,L,-0.35,-21.35,51.7,59.3,-0.1,-41.9,-1.13,0.44,False,orbdn_vol15_lg,12:15,1,100000000.0,21.0,B
orb_vol20|E12|k1|N30|B,366,30,L,6.91,-14.09,57.4,60.4,2.19,-30.2,7.31,6.5,True,orb_vol20,12:15,1,100000000.0,21.0,B
orb_vol20_sh|E12|k1|N30|B,366,30,S,-6.91,-27.91,42.6,60.4,-2.19,-50.8,-7.31,-6.5,True,orb_vol20_sh,12:15,1,100000000.0,21.0,B
orbdn_vol20_sh|E12|k1|N30|B,165,30,S,-0.79,-21.79,50.3,69.6,-0.15,-42.6,-4.11,2.58,False,orbdn_vol20_sh,12:15,1,100000000.0,21.0,B
orbdn_vol20_lg|E12|k1|N30|B,165,30,L,0.79,-20.21,49.7,69.6,0.15,-40.3,4.11,-2.58,False,orbdn_vol20_lg,12:15,1,100000000.0,21.0,B
orb_x_rvol|E12|k1|N30|B,480,30,L,-1.46,-22.46,50.8,54.0,-0.59,-43.5,-2.72,-0.18,True,orb_x_rvol,12:15,1,100000000.0,21.0,B
orb_x_rvol_sh|E12|k1|N30|B,480,30,S,1.46,-19.54,49.2,54.0,0.59,-39.1,2.72,0.18,True,orb_x_rvol_sh,12:15,1,100000000.0,21.0,B
orb_novol|E12|k1|N30|B,309,30,L,3.74,-17.26,58.3,47.4,1.39,-35.5,4.28,3.2,True,orb_novol,12:15,1,100000000.0,21.0,B
orb_novol_sh|E12|k1|N30|B,309,30,S,-3.74,-24.74,41.7,47.4,-1.39,-46.6,-4.28,-3.2,True,orb_novol_sh,12:15,1,100000000.0,21.0,B
orb_wideOR|E12|k1|N30|B,306,30,L,9.99,-11.01,59.8,56.8,3.08,-24.6,8.86,11.12,True,orb_wideOR,12:15,1,100000000.0,21.0,B
orb_wideOR_sh|E12|k1|N30|B,306,30,S,-9.99,-30.99,40.2,56.8,-3.08,-54.4,-8.86,-11.12,True,orb_wideOR_sh,12:15,1,100000000.0,21.0,B
orb_narrowOR|E12|k1|N30|B,379,30,L,1.53,-19.47,55.4,51.1,0.58,-39.0,1.49,1.56,True,orb_narrowOR,12:15,1,100000000.0,21.0,B
orb_narrowOR_sh|E12|k1|N30|B,379,30,S,-1.53,-22.53,44.6,51.1,-0.58,-43.5,-1.49,-1.56,True,orb_narrowOR_sh,12:15,1,100000000.0,21.0,B
orbdn_wideOR_sh|E12|k1|N30|B,285,30,S,6.42,-14.58,54.7,58.4,1.86,-31.1,9.67,3.15,True,orbdn_wideOR_sh,12:15,1,100000000.0,21.0,B
orbdn_narrowOR_sh|E12|k1|N30|B,410,30,S,3.47,-17.53,52.9,52.3,1.34,-36.0,5.48,1.43,True,orbdn_narrowOR_sh,12:15,1,100000000.0,21.0,B
orbdn_wideOR_lg|E12|k1|N30|B,285,30,L,-6.42,-27.42,45.3,58.4,-1.86,-50.2,-9.67,-3.15,True,orbdn_wideOR_lg,12:15,1,100000000.0,21.0,B
orbdn_narrowOR_lg|E12|k1|N30|B,410,30,L,-3.47,-24.47,47.1,52.3,-1.34,-46.2,-5.48,-1.43,True,orbdn_narrowOR_lg,12:15,1,100000000.0,21.0,B
orb_coiled|E12|k1|N30|B,368,30,L,1.5,-19.5,54.6,51.9,0.56,-39.1,2.05,0.95,True,orb_coiled,12:15,1,100000000.0,21.0,B
orb_coiled_sh|E12|k1|N30|B,368,30,S,-1.5,-22.5,45.4,51.9,-0.56,-43.5,-2.05,-0.95,True,orb_coiled_sh,12:15,1,100000000.0,21.0,B
orbdn_coiled_sh|E12|k1|N30|B,402,30,S,5.24,-15.76,54.7,52.2,2.01,-33.0,7.76,2.68,True,orbdn_coiled_sh,12:15,1,100000000.0,21.0,B
orb_gapup|E12|k1|N30|B,215,30,L,6.42,-14.58,55.8,57.1,1.65,-31.0,3.83,9.03,True,orb_gapup,12:15,1,100000000.0,21.0,B
orb_gapup_sh|E12|k1|N30|B,215,30,S,-6.42,-27.42,44.2,57.1,-1.65,-50.1,-3.83,-9.03,True,orb_gapup_sh,12:15,1,100000000.0,21.0,B
orb_nogap|E12|k1|N30|B,400,30,L,0.61,-20.39,55.0,49.5,0.25,-40.4,-2.66,3.9,False,orb_nogap,12:15,1,100000000.0,21.0,B
orb_nogap_sh|E12|k1|N30|B,400,30,S,-0.61,-21.61,45.0,49.5,-0.25,-42.2,2.66,-3.9,False,orb_nogap_sh,12:15,1,100000000.0,21.0,B
orbdn_gapup_sh|E12|k1|N30|B,277,30,S,3.83,-17.17,53.1,60.7,1.05,-35.4,6.97,0.68,True,orbdn_gapup_sh,12:15,1,100000000.0,21.0,B
gap_up|E12|k1|N30|B,480,30,L,-3.54,-24.54,49.2,57.3,-1.36,-46.4,-6.85,-0.21,True,gap_up,12:15,1,100000000.0,21.0,B
gap_up_sh|E12|k1|N30|B,480,30,S,3.54,-17.46,50.8,57.3,1.36,-35.9,6.85,0.21,True,gap_up_sh,12:15,1,100000000.0,21.0,B
gap_dn_lg|E12|k1|N30|B,480,30,L,1.2,-19.8,54.8,54.0,0.49,-39.5,2.87,-0.49,False,gap_dn_lg,12:15,1,100000000.0,21.0,B
gap_dn_sh|E12|k1|N30|B,480,30,S,-1.2,-22.2,45.2,54.0,-0.49,-43.1,-2.87,0.49,False,gap_dn_sh,12:15,1,100000000.0,21.0,B
orb_hivol|E12|k1|N30|B,331,30,L,5.07,-15.93,55.9,65.4,1.41,-33.5,2.45,7.7,True,orb_hivol,12:15,1,100000000.0,21.0,B
orb_hivol_sh|E12|k1|N30|B,331,30,S,-5.07,-26.07,44.1,65.4,-1.41,-48.5,-2.45,-7.7,True,orb_hivol_sh,12:15,1,100000000.0,21.0,B
orb_lovol|E12|k1|N30|B,338,30,L,3.44,-17.56,56.8,39.0,1.62,-35.9,4.07,2.81,True,orb_lovol,12:15,1,100000000.0,21.0,B
orb_lovol_sh|E12|k1|N30|B,338,30,S,-3.44,-24.44,43.2,39.0,-1.62,-46.1,-4.07,-2.81,True,orb_lovol_sh,12:15,1,100000000.0,21.0,B
orbdn_hivol_sh|E12|k1|N30|B,360,30,S,5.92,-15.08,56.1,65.9,1.71,-32.0,12.5,-0.73,False,orbdn_hivol_sh,12:15,1,100000000.0,21.0,B
orbdn_lovol_sh|E12|k1|N30|B,357,30,S,0.95,-20.05,49.9,44.5,0.4,-39.9,0.94,0.95,True,orbdn_lovol_sh,12:15,1,100000000.0,21.0,B
posrange_hivol|E12|k1|N30|B,479,30,L,-1.74,-22.74,49.9,65.7,-0.58,-44.0,-4.49,1.02,False,posrange_hivol,12:15,1,100000000.0,21.0,B
posrange_lovol|E12|k1|N30|B,479,30,L,-1.12,-22.12,49.7,37.7,-0.65,-42.9,-2.49,0.26,False,posrange_lovol,12:15,1,100000000.0,21.0,B
posrange_hivol_sh|E12|k1|N30|B,479,30,S,1.74,-19.26,50.1,65.7,0.58,-38.8,4.49,-1.02,False,posrange_hivol_sh,12:15,1,100000000.0,21.0,B
posrange_lovol_sh|E12|k1|N30|B,479,30,S,1.12,-19.88,50.3,37.7,0.65,-39.5,2.49,-0.26,False,posrange_lovol_sh,12:15,1,100000000.0,21.0,B
orb_minus_width|E12|k1|N30|B,480,30,L,-1.32,-22.32,50.8,49.4,-0.59,-43.2,-3.73,1.11,False,orb_minus_width,12:15,1,100000000.0,21.0,B
orb_plus_width|E12|k1|N30|B,480,30,L,-0.08,-21.08,53.1,53.4,-0.03,-41.5,-0.18,0.02,False,orb_plus_width,12:15,1,100000000.0,21.0,B
orb_plus_width_sh|E12|k1|N30|B,480,30,S,0.08,-20.92,46.9,53.4,0.03,-41.2,0.18,-0.02,False,orb_plus_width_sh,12:15,1,100000000.0,21.0,B
orb_minus_width_sh|E12|k1|N30|B,480,30,S,1.32,-19.68,49.2,49.4,0.59,-39.3,3.73,-1.11,False,orb_minus_width_sh,12:15,1,100000000.0,21.0,B
orb_minus_d20|E12|k1|N30|B,469,30,L,0.97,-20.03,54.4,56.9,0.37,-39.9,0.04,1.91,True,orb_minus_d20,12:15,1,100000000.0,21.0,B
orb_plus_d20|E12|k1|N30|B,469,30,L,-2.83,-23.83,52.7,55.9,-1.1,-45.4,-2.61,-3.06,True,orb_plus_d20,12:15,1,100000000.0,21.0,B
orb_plus_d20_sh|E12|k1|N30|B,469,30,S,2.83,-18.17,47.3,55.9,1.1,-37.0,2.61,3.06,True,orb_plus_d20_sh,12:15,1,100000000.0,21.0,B
orb_plus_pct52|E12|k1|N30|B,430,30,L,-0.32,-21.32,55.3,45.9,-0.14,-41.8,-2.23,1.61,False,orb_plus_pct52,12:15,1,100000000.0,21.0,B
orb_plus_pct52_sh|E12|k1|N30|B,430,30,S,0.32,-20.68,44.7,45.9,0.14,-40.8,2.23,-1.61,False,orb_plus_pct52_sh,12:15,1,100000000.0,21.0,B
compress_then_pos|E12|k1|N30|B,480,30,L,-1.32,-22.32,50.8,49.4,-0.59,-43.2,-3.73,1.11,False,compress_then_pos,12:15,1,100000000.0,21.0,B
compress_then_pos_sh|E12|k1|N30|B,480,30,S,1.32,-19.68,49.2,49.4,0.59,-39.3,3.73,-1.11,False,compress_then_pos_sh,12:15,1,100000000.0,21.0,B
expand_then_pos|E12|k1|N30|B,480,30,L,-0.08,-21.08,53.1,53.4,-0.03,-41.5,-0.18,0.02,False,expand_then_pos,12:15,1,100000000.0,21.0,B
expand_then_pos_sh|E12|k1|N30|B,480,30,S,0.08,-20.92,46.9,53.4,0.03,-41.2,0.18,-0.02,False,expand_then_pos_sh,12:15,1,100000000.0,21.0,B
orb_up|E12|k2|N5|A,480,5,L,-2.14,-40.14,48.8,79.8,-0.59,-64.0,-3.2,-1.08,True,orb_up,12:15,2,10000000.0,38.0,A
orb_up_sh|E12|k2|N5|A,480,5,S,2.14,-35.86,51.2,79.8,0.59,-59.9,3.2,1.08,True,orb_up_sh,12:15,2,10000000.0,38.0,A
orb_dn_sh|E12|k2|N5|A,480,5,S,-2.91,-40.91,48.1,69.0,-0.93,-64.6,-2.25,-3.59,True,orb_dn_sh,12:15,2,10000000.0,38.0,A
orb_dn_lg|E12|k2|N5|A,480,5,L,2.91,-35.09,51.9,69.0,0.93,-59.0,2.25,3.59,True,orb_dn_lg,12:15,2,10000000.0,38.0,A
orb_up_sig|E12|k2|N5|A,480,5,L,-2.7,-40.7,46.9,89.7,-0.66,-64.6,-8.77,3.42,False,orb_up_sig,12:15,2,10000000.0,38.0,A
orb_up_sig_sh|E12|k2|N5|A,480,5,S,2.7,-35.3,53.1,89.7,0.66,-59.4,8.77,-3.42,False,orb_up_sig_sh,12:15,2,10000000.0,38.0,A
orb_dn_sig_sh|E12|k2|N5|A,480,5,S,-4.72,-42.72,49.2,72.5,-1.43,-66.2,-4.17,-5.27,True,orb_dn_sig_sh,12:15,2,10000000.0,38.0,A
orb_dn_sig_lg|E12|k2|N5|A,480,5,L,4.72,-33.28,50.8,72.5,1.43,-57.1,4.17,5.27,True,orb_dn_sig_lg,12:15,2,10000000.0,38.0,A
pos_in_or|E12|k2|N5|A,480,5,L,-2.14,-40.14,48.8,79.8,-0.59,-64.0,-3.2,-1.08,True,pos_in_or,12:15,2,10000000.0,38.0,A
pos_in_or_sh|E12|k2|N5|A,480,5,S,2.14,-35.86,51.2,79.8,0.59,-59.9,3.2,1.08,True,pos_in_or_sh,12:15,2,10000000.0,38.0,A
pos_in_or_lo|E12|k2|N5|A,480,5,L,2.91,-35.09,51.9,69.0,0.93,-59.0,2.25,3.59,True,pos_in_or_lo,12:15,2,10000000.0,38.0,A
pos_in_or_lo_sh|E12|k2|N5|A,480,5,S,-2.91,-40.91,48.1,69.0,-0.93,-64.6,-2.25,-3.59,True,pos_in_or_lo_sh,12:15,2,10000000.0,38.0,A
or_close_pos|E12|k2|N5|A,480,5,L,0.52,-37.48,48.1,57.7,0.2,-61.3,-1.68,2.74,False,or_close_pos,12:15,2,10000000.0,38.0,A
or_close_pos_lo|E12|k2|N5|A,480,5,L,3.02,-34.98,55.4,50.6,1.31,-58.8,4.1,1.93,True,or_close_pos_lo,12:15,2,10000000.0,38.0,A
or_close_pos_sh|E12|k2|N5|A,480,5,S,-0.52,-38.52,51.9,57.7,-0.2,-62.3,1.68,-2.74,False,or_close_pos_sh,12:15,2,10000000.0,38.0,A
posrange_hi|E12|k2|N5|A,480,5,L,0.72,-37.28,49.6,59.8,0.26,-61.2,-6.42,7.92,False,posrange_hi,12:15,2,10000000.0,38.0,A
posrange_hi_sh|E12|k2|N5|A,480,5,S,-0.72,-38.72,50.4,59.8,-0.26,-62.6,6.42,-7.92,False,posrange_hi_sh,12:15,2,10000000.0,38.0,A
posrange_lo|E12|k2|N5|A,480,5,L,2.78,-35.22,51.9,60.6,1.0,-59.1,-0.17,5.75,False,posrange_lo,12:15,2,10000000.0,38.0,A
posrange_lo_sh|E12|k2|N5|A,480,5,S,-2.78,-40.78,47.9,60.6,-1.0,-64.5,0.17,-5.75,False,posrange_lo_sh,12:15,2,10000000.0,38.0,A
today_sofar|E12|k2|N5|A,480,5,L,-0.37,-38.37,45.4,120.7,-0.07,-62.7,-3.96,3.26,False,today_sofar,12:15,2,10000000.0,38.0,A
today_sofar_sh|E12|k2|N5|A,480,5,S,0.37,-37.63,54.6,120.7,0.07,-62.0,3.96,-3.26,False,today_sofar_sh,12:15,2,10000000.0,38.0,A
today_sofar_lo|E12|k2|N5|A,480,5,L,-9.38,-47.38,44.8,92.5,-2.22,-70.1,-6.53,-12.25,True,today_sofar_lo,12:15,2,10000000.0,38.0,A
or_ret|E12|k2|N5|A,480,5,L,-2.46,-40.46,48.5,109.7,-0.49,-64.5,-6.66,1.77,False,or_ret,12:15,2,10000000.0,38.0,A
or_ret_sh|E12|k2|N5|A,480,5,S,2.46,-35.54,51.5,109.7,0.49,-59.8,6.66,-1.77,False,or_ret_sh,12:15,2,10000000.0,38.0,A
orbT_up|E12|k2|N5|A,473,5,L,-2.11,-40.11,49.5,81.8,-0.56,-64.0,-3.59,-0.63,True,orbT_up,12:15,2,10000000.0,38.0,A
orbT_up_sh|E12|k2|N5|A,473,5,S,2.11,-35.89,50.5,81.8,0.56,-59.9,3.59,0.63,True,orbT_up_sh,12:15,2,10000000.0,38.0,A
orbT_dn_sh|E12|k2|N5|A,472,5,S,-3.49,-41.49,47.5,69.2,-1.09,-65.1,-3.55,-3.43,True,orbT_dn_sh,12:15,2,10000000.0,38.0,A
orbT_dn_lg|E12|k2|N5|A,472,5,L,3.49,-34.51,52.5,69.2,1.09,-58.4,3.55,3.43,True,orbT_dn_lg,12:15,2,10000000.0,38.0,A
orbT_up_small|E12|k2|N5|A,473,5,L,1.8,-36.2,52.0,74.8,0.52,-60.2,-0.4,4.01,False,orbT_up_small,12:15,2,10000000.0,38.0,A
orbT_up_small_sh|E12|k2|N5|A,473,5,S,-1.8,-39.8,48.0,74.8,-0.52,-63.7,0.4,-4.01,False,orbT_up_small_sh,12:15,2,10000000.0,38.0,A
orbT_dn_small_sh|E12|k2|N5|A,472,5,S,5.88,-32.12,54.0,69.4,1.84,-55.8,8.94,2.79,True,orbT_dn_small_sh,12:15,2,10000000.0,38.0,A
orbT_dn_small_lg|E12|k2|N5|A,472,5,L,-5.88,-43.88,46.0,69.4,-1.84,-67.2,-8.94,-2.79,True,orbT_dn_small_lg,12:15,2,10000000.0,38.0,A
inside_posor|E12|k2|N5|A,480,5,L,-3.24,-41.24,44.2,50.7,-1.4,-64.8,-5.41,-1.06,True,inside_posor,12:15,2,10000000.0,38.0,A
inside_posor_sh|E12|k2|N5|A,480,5,S,3.24,-34.76,55.8,50.7,1.4,-58.5,5.41,1.06,True,inside_posor_sh,12:15,2,10000000.0,38.0,A
inside_posor_lo|E12|k2|N5|A,480,5,L,0.22,-37.78,47.5,52.9,0.09,-61.6,-1.28,1.73,False,inside_posor_lo,12:15,2,10000000.0,38.0,A
or_wide|E12|k2|N5|A,480,5,L,-5.58,-43.58,46.7,96.8,-1.26,-67.1,-7.07,-4.08,True,or_wide,12:15,2,10000000.0,38.0,A
or_wide_sh|E12|k2|N5|A,480,5,S,5.58,-32.42,53.3,96.8,1.26,-56.4,7.07,4.08,True,or_wide_sh,12:15,2,10000000.0,38.0,A
or_narrow|E12|k2|N5|A,480,5,L,-1.22,-39.22,46.0,49.7,-0.54,-63.0,-3.45,1.02,False,or_narrow,12:15,2,10000000.0,38.0,A
or_narrow_sh|E12|k2|N5|A,480,5,S,1.22,-36.78,54.0,49.7,0.54,-60.6,3.45,-1.02,False,or_narrow_sh,12:15,2,10000000.0,38.0,A
or_wrel_hi|E12|k2|N5|A,480,5,L,-6.87,-44.87,44.4,96.6,-1.56,-68.2,-4.36,-9.4,True,or_wrel_hi,12:15,2,10000000.0,38.0,A
or_wrel_lo|E12|k2|N5|A,480,5,L,0.79,-37.21,49.8,62.6,0.28,-61.1,-2.98,4.59,False,or_wrel_lo,12:15,2,10000000.0,38.0,A
or_wrel_hi_sh|E12|k2|N5|A,480,5,S,6.87,-31.13,55.6,96.6,1.56,-55.0,4.36,9.4,True,or_wrel_hi_sh,12:15,2,10000000.0,38.0,A
or_wrel_lo_sh|E12|k2|N5|A,480,5,S,-0.79,-38.79,50.2,62.6,-0.28,-62.6,2.98,-4.59,False,or_wrel_lo_sh,12:15,2,10000000.0,38.0,A
rng_expand|E12|k2|N5|A,480,5,L,-7.98,-45.98,43.3,102.1,-1.71,-69.1,-5.72,-10.26,True,rng_expand,12:15,2,10000000.0,38.0,A
rng_expand_sh|E12|k2|N5|A,480,5,S,7.98,-30.02,56.7,102.1,1.71,-53.7,5.72,10.26,True,rng_expand_sh,12:15,2,10000000.0,38.0,A
rng_compress|E12|k2|N5|A,480,5,L,-3.45,-41.45,46.5,46.5,-1.63,-65.0,-5.66,-1.23,True,rng_compress,12:15,2,10000000.0,38.0,A
rng_compress_sh|E12|k2|N5|A,480,5,S,3.45,-34.55,53.5,46.5,1.63,-58.3,5.66,1.23,True,rng_compress_sh,12:15,2,10000000.0,38.0,A
vol20_hi|E12|k2|N5|A,479,5,L,-9.85,-47.85,44.3,101.2,-2.13,-70.5,-13.21,-6.48,True,vol20_hi,12:15,2,10000000.0,38.0,A
vol20_hi_sh|E12|k2|N5|A,479,5,S,9.85,-28.15,55.7,101.2,2.13,-51.5,13.21,6.48,True,vol20_hi_sh,12:15,2,10000000.0,38.0,A
vol20_lo|E12|k2|N5|A,479,5,L,-0.07,-38.07,33.0,2.4,-0.6,-61.8,-0.11,-0.03,True,vol20_lo,12:15,2,10000000.0,38.0,A
vol20_lo_sh|E12|k2|N5|A,479,5,S,0.07,-37.93,66.2,2.4,0.6,-61.6,0.11,0.03,True,vol20_lo_sh,12:15,2,10000000.0,38.0,A
atr_hi|E12|k2|N5|A,480,5,L,-10.36,-48.36,44.4,105.8,-2.14,-70.9,-8.3,-12.44,True,atr_hi,12:15,2,10000000.0,38.0,A
atr_lo|E12|k2|N5|A,480,5,L,0.07,-37.93,46.0,1.3,1.21,-61.6,0.13,0.02,True,atr_lo,12:15,2,10000000.0,38.0,A
atr_hi_sh|E12|k2|N5|A,480,5,S,10.36,-27.64,55.6,105.8,2.14,-50.9,8.3,12.44,True,atr_hi_sh,12:15,2,10000000.0,38.0,A
fail_up_sh|E12|k2|N5|A,476,5,S,-1.14,-39.14,51.9,72.2,-0.34,-63.0,1.18,-3.47,False,fail_up_sh,12:15,2,10000000.0,38.0,A
fail_up_lg|E12|k2|N5|A,476,5,L,1.14,-36.86,48.1,72.2,0.34,-60.8,-1.18,3.47,False,fail_up_lg,12:15,2,10000000.0,38.0,A
fail_dn_lg|E12|k2|N5|A,479,5,L,-1.1,-39.1,47.2,64.4,-0.37,-62.9,-5.77,3.59,False,fail_dn_lg,12:15,2,10000000.0,38.0,A
fail_dn_sh|E12|k2|N5|A,479,5,S,1.1,-36.9,52.8,64.4,0.37,-60.8,5.77,-3.59,False,fail_dn_sh,12:15,2,10000000.0,38.0,A
giveback_up_sh|E12|k2|N5|A,480,5,S,-2.18,-40.18,48.1,63.6,-0.75,-63.9,-1.34,-3.03,True,giveback_up_sh,12:15,2,10000000.0,38.0,A
giveback_up_lg|E12|k2|N5|A,480,5,L,2.18,-35.82,51.9,63.6,0.75,-59.7,1.34,3.03,True,giveback_up_lg,12:15,2,10000000.0,38.0,A
giveback_dn_lg|E12|k2|N5|A,480,5,L,-2.68,-40.68,49.4,70.7,-0.83,-64.4,-4.05,-1.3,True,giveback_dn_lg,12:15,2,10000000.0,38.0,A
giveback_dn_sh|E12|k2|N5|A,480,5,S,2.68,-35.32,50.6,70.7,0.83,-59.3,4.05,1.3,True,giveback_dn_sh,12:15,2,10000000.0,38.0,A
poke_up|E12|k2|N5|A,480,5,L,-6.08,-44.08,44.0,79.5,-1.67,-67.4,-3.56,-8.62,True,poke_up,12:15,2,10000000.0,38.0,A
poke_up_sh|E12|k2|N5|A,480,5,S,6.08,-31.92,56.0,79.5,1.67,-55.7,3.56,8.62,True,poke_up_sh,12:15,2,10000000.0,38.0,A
poke_dn_sh|E12|k2|N5|A,480,5,S,-2.41,-40.41,47.5,68.2,-0.77,-64.2,-2.86,-1.95,True,poke_dn_sh,12:15,2,10000000.0,38.0,A
poke_dn_lg|E12|k2|N5|A,480,5,L,2.41,-35.59,52.5,68.2,0.77,-59.5,2.86,1.95,True,poke_dn_lg,12:15,2,10000000.0,38.0,A
ext_up_sh|E12|k2|N5|A,480,5,S,-2.18,-40.18,48.1,63.6,-0.75,-63.9,-1.34,-3.03,True,ext_up_sh,12:15,2,10000000.0,38.0,A
ext_up_lg|E12|k2|N5|A,480,5,L,2.18,-35.82,51.9,63.6,0.75,-59.7,1.34,3.03,True,ext_up_lg,12:15,2,10000000.0,38.0,A
held_up|E12|k2|N5|A,473,5,L,-2.11,-40.11,49.5,81.8,-0.56,-64.0,-3.59,-0.63,True,held_up,12:15,2,10000000.0,38.0,A
held_up_sh|E12|k2|N5|A,473,5,S,2.11,-35.89,50.5,81.8,0.56,-59.9,3.59,0.63,True,held_up_sh,12:15,2,10000000.0,38.0,A
held_dn_sh|E12|k2|N5|A,472,5,S,-3.48,-41.48,47.5,69.2,-1.09,-65.1,-3.53,-3.43,True,held_dn_sh,12:15,2,10000000.0,38.0,A
held_dn_lg|E12|k2|N5|A,472,5,L,3.48,-34.52,52.5,69.2,1.09,-58.4,3.53,3.43,True,held_dn_lg,12:15,2,10000000.0,38.0,A
rvol_hi|E12|k2|N5|A,480,5,L,-7.8,-45.8,44.4,116.2,-1.47,-69.1,-10.59,-4.99,True,rvol_hi,12:15,2,10000000.0,38.0,A
rvol_hi_sh|E12|k2|N5|A,480,5,S,7.8,-30.2,55.6,116.2,1.47,-54.1,10.59,4.99,True,rvol_hi_sh,12:15,2,10000000.0,38.0,A
rvol_lo|E12|k2|N5|A,480,5,L,-2.48,-40.48,48.3,59.9,-0.91,-64.2,0.58,-5.56,False,rvol_lo,12:15,2,10000000.0,38.0,A
rvol_lo_sh|E12|k2|N5|A,480,5,S,2.48,-35.52,51.7,59.9,0.91,-59.4,-0.58,5.56,False,rvol_lo_sh,12:15,2,10000000.0,38.0,A
orb_vol125|E12|k2|N5|A,463,5,L,-1.43,-39.43,48.4,92.7,-0.33,-63.5,-3.88,1.03,False,orb_vol125,12:15,2,10000000.0,38.0,A
orb_vol125_sh|E12|k2|N5|A,463,5,S,1.43,-36.57,51.6,92.7,0.33,-60.7,3.88,-1.03,False,orb_vol125_sh,12:15,2,10000000.0,38.0,A
orbdn_vol125_sh|E12|k2|N5|A,452,5,S,-0.52,-38.52,50.2,70.9,-0.16,-62.4,-0.72,-0.33,True,orbdn_vol125_sh,12:15,2,10000000.0,38.0,A
orbdn_vol125_lg|E12|k2|N5|A,452,5,L,0.52,-37.48,49.8,70.9,0.16,-61.4,0.72,0.33,True,orbdn_vol125_lg,12:15,2,10000000.0,38.0,A
orb_vol15|E12|k2|N5|A,456,5,L,-1.86,-39.86,47.6,94.8,-0.42,-63.9,-5.48,1.8,False,orb_vol15,12:15,2,10000000.0,38.0,A
orb_vol15_sh|E12|k2|N5|A,456,5,S,1.86,-36.14,52.4,94.8,0.42,-60.3,5.48,-1.8,False,orb_vol15_sh,12:15,2,10000000.0,38.0,A
orbdn_vol15_sh|E12|k2|N5|A,431,5,S,-1.68,-39.68,49.9,72.6,-0.48,-63.5,-0.36,-3.01,True,orbdn_vol15_sh,12:15,2,10000000.0,38.0,A
orbdn_vol15_lg|E12|k2|N5|A,431,5,L,1.68,-36.32,50.1,72.6,0.48,-60.3,0.36,3.01,True,orbdn_vol15_lg,12:15,2,10000000.0,38.0,A
orb_vol20|E12|k2|N5|A,430,5,L,-3.41,-41.41,45.3,99.5,-0.71,-65.3,-9.86,3.11,False,orb_vol20,12:15,2,10000000.0,38.0,A
orb_vol20_sh|E12|k2|N5|A,430,5,S,3.41,-34.59,54.7,99.5,0.71,-58.8,9.86,-3.11,False,orb_vol20_sh,12:15,2,10000000.0,38.0,A
orbdn_vol20_sh|E12|k2|N5|A,346,5,S,2.12,-35.88,50.0,78.2,0.5,-59.9,3.2,1.02,True,orbdn_vol20_sh,12:15,2,10000000.0,38.0,A
orbdn_vol20_lg|E12|k2|N5|A,346,5,L,-2.12,-40.12,50.0,78.2,-0.5,-64.0,-3.2,-1.02,True,orbdn_vol20_lg,12:15,2,10000000.0,38.0,A
orb_x_rvol|E12|k2|N5|A,480,5,L,-10.82,-48.82,42.7,113.2,-2.09,-71.3,-15.62,-5.98,True,orb_x_rvol,12:15,2,10000000.0,38.0,A
orb_x_rvol_sh|E12|k2|N5|A,480,5,S,10.82,-27.18,57.3,113.2,2.09,-50.4,15.62,5.98,True,orb_x_rvol_sh,12:15,2,10000000.0,38.0,A
orb_novol|E12|k2|N5|A,397,5,L,2.38,-35.62,53.9,57.3,0.83,-59.5,3.2,1.56,True,orb_novol,12:15,2,10000000.0,38.0,A
orb_novol_sh|E12|k2|N5|A,397,5,S,-2.38,-40.38,46.1,57.3,-0.83,-64.1,-3.2,-1.56,True,orb_novol_sh,12:15,2,10000000.0,38.0,A
orb_wideOR|E12|k2|N5|A,401,5,L,0.93,-37.07,48.6,87.7,0.21,-61.2,-3.91,5.8,False,orb_wideOR,12:15,2,10000000.0,38.0,A
orb_wideOR_sh|E12|k2|N5|A,401,5,S,-0.93,-38.93,51.4,87.7,-0.21,-62.9,3.91,-5.8,False,orb_wideOR_sh,12:15,2,10000000.0,38.0,A
orb_narrowOR|E12|k2|N5|A,443,5,L,-1.69,-39.69,50.3,68.0,-0.52,-63.5,0.11,-3.5,False,orb_narrowOR,12:15,2,10000000.0,38.0,A
orb_narrowOR_sh|E12|k2|N5|A,443,5,S,1.69,-36.31,49.7,68.0,0.52,-60.2,-0.11,3.5,False,orb_narrowOR_sh,12:15,2,10000000.0,38.0,A
orbdn_wideOR_sh|E12|k2|N5|A,376,5,S,0.57,-37.43,50.8,79.7,0.14,-61.4,-2.73,3.91,False,orbdn_wideOR_sh,12:15,2,10000000.0,38.0,A
orbdn_narrowOR_sh|E12|k2|N5|A,453,5,S,0.29,-37.71,49.4,67.8,0.09,-61.6,2.68,-2.11,False,orbdn_narrowOR_sh,12:15,2,10000000.0,38.0,A
orbdn_wideOR_lg|E12|k2|N5|A,376,5,L,-0.57,-38.57,49.2,79.7,-0.14,-62.5,2.73,-3.91,False,orbdn_wideOR_lg,12:15,2,10000000.0,38.0,A
orbdn_narrowOR_lg|E12|k2|N5|A,453,5,L,-0.29,-38.29,50.6,67.8,-0.09,-62.2,-2.68,2.11,False,orbdn_narrowOR_lg,12:15,2,10000000.0,38.0,A
orb_coiled|E12|k2|N5|A,441,5,L,-0.19,-38.19,50.1,69.5,-0.06,-62.1,0.74,-1.12,False,orb_coiled,12:15,2,10000000.0,38.0,A
orb_coiled_sh|E12|k2|N5|A,441,5,S,0.19,-37.81,49.9,69.5,0.06,-61.7,-0.74,1.12,False,orb_coiled_sh,12:15,2,10000000.0,38.0,A
orbdn_coiled_sh|E12|k2|N5|A,456,5,S,-0.81,-38.81,49.3,68.1,-0.25,-62.7,3.55,-5.22,False,orbdn_coiled_sh,12:15,2,10000000.0,38.0,A
orb_gapup|E12|k2|N5|A,327,5,L,5.42,-32.58,48.9,86.1,1.14,-56.5,4.59,6.25,True,orb_gapup,12:15,2,10000000.0,38.0,A
orb_gapup_sh|E12|k2|N5|A,327,5,S,-5.42,-43.42,51.1,86.1,-1.14,-66.9,-4.59,-6.25,True,orb_gapup_sh,12:15,2,10000000.0,38.0,A
orb_nogap|E12|k2|N5|A,443,5,L,-6.39,-44.39,46.3,73.6,-1.83,-67.6,-10.41,-2.36,True,orb_nogap,12:15,2,10000000.0,38.0,A
orb_nogap_sh|E12|k2|N5|A,443,5,S,6.39,-31.61,53.7,73.6,1.83,-55.3,10.41,2.36,True,orb_nogap_sh,12:15,2,10000000.0,38.0,A
orb_gapdn|E12|k2|N5|A,194,5,L,6.22,-31.78,51.5,98.2,0.88,-55.7,7.12,5.3,True,orb_gapdn,12:15,2,10000000.0,38.0,A
orb_gapdn_sh|E12|k2|N5|A,194,5,S,-6.22,-44.22,48.5,98.2,-0.88,-67.7,-7.12,-5.3,True,orb_gapdn_sh,12:15,2,10000000.0,38.0,A
orbdn_gapdn_sh|E12|k2|N5|A,216,5,S,-1.47,-39.47,54.2,77.3,-0.28,-63.4,-5.39,2.52,False,orbdn_gapdn_sh,12:15,2,10000000.0,38.0,A
orbdn_gapdn_lg|E12|k2|N5|A,216,5,L,1.47,-36.53,45.8,77.3,0.28,-60.5,5.39,-2.52,False,orbdn_gapdn_lg,12:15,2,10000000.0,38.0,A
orbdn_gapup_sh|E12|k2|N5|A,380,5,S,1.45,-36.55,52.9,80.9,0.35,-60.6,3.79,-0.92,False,orbdn_gapup_sh,12:15,2,10000000.0,38.0,A
gap_up|E12|k2|N5|A,480,5,L,1.1,-36.9,46.2,86.4,0.28,-61.0,-1.86,4.09,False,gap_up,12:15,2,10000000.0,38.0,A
gap_up_sh|E12|k2|N5|A,480,5,S,-1.1,-39.1,53.8,86.4,-0.28,-63.1,1.86,-4.09,False,gap_up_sh,12:15,2,10000000.0,38.0,A
gap_dn_lg|E12|k2|N5|A,480,5,L,-1.2,-39.2,47.3,91.1,-0.29,-63.2,1.72,-4.15,False,gap_dn_lg,12:15,2,10000000.0,38.0,A
gap_dn_sh|E12|k2|N5|A,480,5,S,1.2,-36.8,52.7,91.1,0.29,-60.9,-1.72,4.15,False,gap_dn_sh,12:15,2,10000000.0,38.0,A
orb_hivol|E12|k2|N5|A,410,5,L,-1.35,-39.35,49.5,102.4,-0.27,-63.5,0.91,-3.64,False,orb_hivol,12:15,2,10000000.0,38.0,A
orb_hivol_sh|E12|k2|N5|A,410,5,S,1.35,-36.65,50.5,102.4,0.27,-60.9,-0.91,3.64,False,orb_hivol_sh,12:15,2,10000000.0,38.0,A
orb_lovol|E12|k2|N5|A,416,5,L,-0.3,-38.3,50.7,52.4,-0.12,-62.1,-0.8,0.2,False,orb_lovol,12:15,2,10000000.0,38.0,A
orb_lovol_sh|E12|k2|N5|A,416,5,S,0.3,-37.7,49.3,52.4,0.12,-61.5,0.8,-0.2,False,orb_lovol_sh,12:15,2,10000000.0,38.0,A
orbdn_hivol_sh|E12|k2|N5|A,417,5,S,0.29,-37.71,49.6,86.0,0.07,-61.8,5.09,-4.53,False,orbdn_hivol_sh,12:15,2,10000000.0,38.0,A
orbdn_lovol_sh|E12|k2|N5|A,427,5,S,-4.16,-42.16,45.7,56.8,-1.51,-65.7,-3.38,-4.93,True,orbdn_lovol_sh,12:15,2,10000000.0,38.0,A
posrange_hivol|E12|k2|N5|A,479,5,L,1.75,-36.25,50.5,92.8,0.41,-60.4,-2.29,5.8,False,posrange_hivol,12:15,2,10000000.0,38.0,A
posrange_lovol|E12|k2|N5|A,479,5,L,-0.41,-38.41,48.9,44.5,-0.2,-62.2,-2.48,1.66,False,posrange_lovol,12:15,2,10000000.0,38.0,A
posrange_hivol_sh|E12|k2|N5|A,479,5,S,-1.75,-39.75,49.5,92.8,-0.41,-63.7,2.29,-5.8,False,posrange_hivol_sh,12:15,2,10000000.0,38.0,A
posrange_lovol_sh|E12|k2|N5|A,479,5,S,0.41,-37.59,51.1,44.5,0.2,-61.4,2.48,-1.66,False,posrange_lovol_sh,12:15,2,10000000.0,38.0,A
orb_minus_width|E12|k2|N5|A,480,5,L,-3.48,-41.48,44.4,68.2,-1.12,-65.1,-2.42,-4.55,True,orb_minus_width,12:15,2,10000000.0,38.0,A
orb_plus_width|E12|k2|N5|A,480,5,L,-7.29,-45.29,44.4,97.7,-1.63,-68.5,-5.67,-8.92,True,orb_plus_width,12:15,2,10000000.0,38.0,A
orb_plus_width_sh|E12|k2|N5|A,480,5,S,7.29,-30.71,55.6,97.7,1.63,-54.5,5.67,8.92,True,orb_plus_width_sh,12:15,2,10000000.0,38.0,A
orb_minus_width_sh|E12|k2|N5|A,480,5,S,3.48,-34.52,55.6,68.2,1.12,-58.4,2.42,4.55,True,orb_minus_width_sh,12:15,2,10000000.0,38.0,A
orb_minus_d20|E12|k2|N5|A,469,5,L,3.94,-34.06,48.6,89.2,0.96,-58.1,1.72,6.17,True,orb_minus_d20,12:15,2,10000000.0,38.0,A
orb_plus_d20|E12|k2|N5|A,469,5,L,-8.03,-46.03,48.6,104.4,-1.67,-69.2,-4.46,-11.61,True,orb_plus_d20,12:15,2,10000000.0,38.0,A
orb_plus_d20_sh|E12|k2|N5|A,469,5,S,8.03,-29.97,51.4,104.4,1.67,-53.7,4.46,11.61,True,orb_plus_d20_sh,12:15,2,10000000.0,38.0,A
orb_plus_pct52|E12|k2|N5|A,430,5,L,-2.27,-40.27,48.6,69.1,-0.68,-64.0,-2.33,-2.2,True,orb_plus_pct52,12:15,2,10000000.0,38.0,A
orb_plus_pct52_sh|E12|k2|N5|A,430,5,S,2.27,-35.73,51.4,69.1,0.68,-59.7,2.33,2.2,True,orb_plus_pct52_sh,12:15,2,10000000.0,38.0,A
compress_then_pos|E12|k2|N5|A,480,5,L,-3.48,-41.48,44.4,68.2,-1.12,-65.1,-2.42,-4.55,True,compress_then_pos,12:15,2,10000000.0,38.0,A
compress_then_pos_sh|E12|k2|N5|A,480,5,S,3.48,-34.52,55.6,68.2,1.12,-58.4,2.42,4.55,True,compress_then_pos_sh,12:15,2,10000000.0,38.0,A
expand_then_pos|E12|k2|N5|A,480,5,L,-7.29,-45.29,44.4,97.7,-1.63,-68.5,-5.67,-8.92,True,expand_then_pos,12:15,2,10000000.0,38.0,A
expand_then_pos_sh|E12|k2|N5|A,480,5,S,7.29,-30.71,55.6,97.7,1.63,-54.5,5.67,8.92,True,expand_then_pos_sh,12:15,2,10000000.0,38.0,A
orb_up|E12|k2|N10|A,480,10,L,-0.61,-38.61,50.0,62.0,-0.22,-62.5,-1.15,-0.07,True,orb_up,12:15,2,10000000.0,38.0,A
orb_up_sh|E12|k2|N10|A,480,10,S,0.61,-37.39,50.0,62.0,0.22,-61.3,1.15,0.07,True,orb_up_sh,12:15,2,10000000.0,38.0,A
orb_dn_sh|E12|k2|N10|A,480,10,S,-1.66,-39.66,47.3,59.6,-0.61,-63.4,2.43,-5.78,False,orb_dn_sh,12:15,2,10000000.0,38.0,A
orb_dn_lg|E12|k2|N10|A,480,10,L,1.66,-36.34,52.7,59.6,0.61,-60.2,-2.43,5.78,False,orb_dn_lg,12:15,2,10000000.0,38.0,A
orb_up_sig|E12|k2|N10|A,480,10,L,0.38,-37.62,50.8,65.3,0.13,-61.5,-2.34,3.13,False,orb_up_sig,12:15,2,10000000.0,38.0,A
orb_up_sig_sh|E12|k2|N10|A,480,10,S,-0.38,-38.38,49.2,65.3,-0.13,-62.3,2.34,-3.13,False,orb_up_sig_sh,12:15,2,10000000.0,38.0,A
orb_dn_sig_sh|E12|k2|N10|A,480,10,S,-1.64,-39.64,47.3,60.9,-0.59,-63.4,0.97,-4.28,False,orb_dn_sig_sh,12:15,2,10000000.0,38.0,A
orb_dn_sig_lg|E12|k2|N10|A,480,10,L,1.64,-36.36,52.7,60.9,0.59,-60.3,-0.97,4.28,False,orb_dn_sig_lg,12:15,2,10000000.0,38.0,A
pos_in_or|E12|k2|N10|A,480,10,L,-0.61,-38.61,50.0,62.0,-0.22,-62.5,-1.15,-0.07,True,pos_in_or,12:15,2,10000000.0,38.0,A
pos_in_or_sh|E12|k2|N10|A,480,10,S,0.61,-37.39,50.0,62.0,0.22,-61.3,1.15,0.07,True,pos_in_or_sh,12:15,2,10000000.0,38.0,A
pos_in_or_lo|E12|k2|N10|A,480,10,L,1.66,-36.34,52.7,59.6,0.61,-60.2,-2.43,5.78,False,pos_in_or_lo,12:15,2,10000000.0,38.0,A
pos_in_or_lo_sh|E12|k2|N10|A,480,10,S,-1.66,-39.66,47.3,59.6,-0.61,-63.4,2.43,-5.78,False,pos_in_or_lo_sh,12:15,2,10000000.0,38.0,A
or_close_pos|E12|k2|N10|A,480,10,L,-1.52,-39.52,51.2,55.1,-0.6,-63.3,-4.78,1.76,False,or_close_pos,12:15,2,10000000.0,38.0,A
or_close_pos_lo|E12|k2|N10|A,480,10,L,1.68,-36.32,51.9,49.8,0.74,-60.1,0.53,2.85,True,or_close_pos_lo,12:15,2,10000000.0,38.0,A
or_close_pos_sh|E12|k2|N10|A,480,10,S,1.52,-36.48,48.8,55.1,0.6,-60.3,4.78,-1.76,False,or_close_pos_sh,12:15,2,10000000.0,38.0,A
posrange_hi|E12|k2|N10|A,480,10,L,-0.64,-38.64,48.8,51.0,-0.28,-62.4,-4.15,2.89,False,posrange_hi,12:15,2,10000000.0,38.0,A
posrange_hi_sh|E12|k2|N10|A,480,10,S,0.64,-37.36,51.2,51.0,0.28,-61.2,4.15,-2.89,False,posrange_hi_sh,12:15,2,10000000.0,38.0,A
posrange_lo|E12|k2|N10|A,480,10,L,1.91,-36.09,53.5,55.3,0.76,-59.9,-0.16,4.0,False,posrange_lo,12:15,2,10000000.0,38.0,A
posrange_lo_sh|E12|k2|N10|A,480,10,S,-1.91,-39.91,46.5,55.3,-0.76,-63.6,0.16,-4.0,False,posrange_lo_sh,12:15,2,10000000.0,38.0,A
today_sofar|E12|k2|N10|A,480,10,L,1.98,-36.02,50.8,84.6,0.51,-60.1,-2.47,6.47,False,today_sofar,12:15,2,10000000.0,38.0,A
today_sofar_sh|E12|k2|N10|A,480,10,S,-1.98,-39.98,49.2,84.6,-0.51,-63.9,2.47,-6.47,False,today_sofar_sh,12:15,2,10000000.0,38.0,A
today_sofar_lo|E12|k2|N10|A,480,10,L,-6.12,-44.12,43.1,74.5,-1.8,-67.4,-6.66,-5.58,True,today_sofar_lo,12:15,2,10000000.0,38.0,A
or_ret|E12|k2|N10|A,480,10,L,1.01,-36.99,50.8,83.6,0.26,-61.0,0.29,1.74,True,or_ret,12:15,2,10000000.0,38.0,A
or_ret_sh|E12|k2|N10|A,480,10,S,-1.01,-39.01,49.2,83.6,-0.26,-63.0,-0.29,-1.74,True,or_ret_sh,12:15,2,10000000.0,38.0,A
orbT_up|E12|k2|N10|A,473,10,L,-0.77,-38.77,51.6,66.2,-0.25,-62.6,-1.55,0.0,False,orbT_up,12:15,2,10000000.0,38.0,A
orbT_up_sh|E12|k2|N10|A,473,10,S,0.77,-37.23,48.4,66.2,0.25,-61.1,1.55,-0.0,False,orbT_up_sh,12:15,2,10000000.0,38.0,A
orbT_dn_sh|E12|k2|N10|A,472,10,S,-1.7,-39.7,47.5,60.8,-0.61,-63.5,1.6,-5.02,False,orbT_dn_sh,12:15,2,10000000.0,38.0,A
orbT_dn_lg|E12|k2|N10|A,472,10,L,1.7,-36.3,52.5,60.8,0.61,-60.2,-1.6,5.02,False,orbT_dn_lg,12:15,2,10000000.0,38.0,A
orbT_up_small|E12|k2|N10|A,473,10,L,2.02,-35.98,51.2,63.4,0.69,-59.9,-1.02,5.07,False,orbT_up_small,12:15,2,10000000.0,38.0,A
orbT_up_small_sh|E12|k2|N10|A,473,10,S,-2.02,-40.02,48.8,63.4,-0.69,-63.8,1.02,-5.07,False,orbT_up_small_sh,12:15,2,10000000.0,38.0,A
orbT_dn_small_sh|E12|k2|N10|A,472,10,S,2.67,-35.33,52.8,61.1,0.95,-59.2,5.88,-0.58,False,orbT_dn_small_sh,12:15,2,10000000.0,38.0,A
orbT_dn_small_lg|E12|k2|N10|A,472,10,L,-2.67,-40.67,47.2,61.1,-0.95,-64.4,-5.88,0.58,False,orbT_dn_small_lg,12:15,2,10000000.0,38.0,A
inside_posor|E12|k2|N10|A,480,10,L,0.36,-37.64,48.3,49.5,0.16,-61.5,-1.92,2.65,False,inside_posor,12:15,2,10000000.0,38.0,A
inside_posor_sh|E12|k2|N10|A,480,10,S,-0.36,-38.36,51.7,49.5,-0.16,-62.2,1.92,-2.65,False,inside_posor_sh,12:15,2,10000000.0,38.0,A
inside_posor_lo|E12|k2|N10|A,480,10,L,-1.82,-39.82,47.9,52.2,-0.76,-63.5,-4.16,0.54,False,inside_posor_lo,12:15,2,10000000.0,38.0,A
or_wide|E12|k2|N10|A,480,10,L,-4.46,-42.46,46.5,71.4,-1.37,-66.0,-2.34,-6.59,True,or_wide,12:15,2,10000000.0,38.0,A
or_wide_sh|E12|k2|N10|A,480,10,S,4.46,-33.54,53.5,71.4,1.37,-57.4,2.34,6.59,True,or_wide_sh,12:15,2,10000000.0,38.0,A
or_narrow|E12|k2|N10|A,480,10,L,-1.76,-39.76,46.7,46.1,-0.84,-63.5,-3.99,0.49,False,or_narrow,12:15,2,10000000.0,38.0,A
or_narrow_sh|E12|k2|N10|A,480,10,S,1.76,-36.24,53.3,46.1,0.84,-60.1,3.99,-0.49,False,or_narrow_sh,12:15,2,10000000.0,38.0,A
or_wrel_hi|E12|k2|N10|A,480,10,L,-3.76,-41.76,49.6,76.3,-1.08,-65.4,-2.82,-4.72,True,or_wrel_hi,12:15,2,10000000.0,38.0,A
or_wrel_lo|E12|k2|N10|A,480,10,L,-1.93,-39.93,46.5,55.9,-0.76,-63.7,-3.92,0.06,False,or_wrel_lo,12:15,2,10000000.0,38.0,A
or_wrel_hi_sh|E12|k2|N10|A,480,10,S,3.76,-34.24,50.4,76.3,1.08,-58.2,2.82,4.72,True,or_wrel_hi_sh,12:15,2,10000000.0,38.0,A
or_wrel_lo_sh|E12|k2|N10|A,480,10,S,1.93,-36.07,53.5,55.9,0.76,-59.9,3.92,-0.06,False,or_wrel_lo_sh,12:15,2,10000000.0,38.0,A
rng_expand|E12|k2|N10|A,480,10,L,-2.3,-40.3,49.2,75.4,-0.67,-64.1,0.52,-5.15,False,rng_expand,12:15,2,10000000.0,38.0,A
rng_expand_sh|E12|k2|N10|A,480,10,S,2.3,-35.7,50.8,75.4,0.67,-59.7,-0.52,5.15,False,rng_expand_sh,12:15,2,10000000.0,38.0,A
rng_compress|E12|k2|N10|A,480,10,L,-3.28,-41.28,44.8,46.2,-1.56,-64.8,-6.98,0.44,False,rng_compress,12:15,2,10000000.0,38.0,A
rng_compress_sh|E12|k2|N10|A,480,10,S,3.28,-34.72,55.2,46.2,1.56,-58.5,6.98,-0.44,False,rng_compress_sh,12:15,2,10000000.0,38.0,A
vol20_hi|E12|k2|N10|A,479,10,L,-11.85,-49.85,43.8,84.6,-3.07,-71.9,-13.17,-10.52,True,vol20_hi,12:15,2,10000000.0,38.0,A
vol20_hi_sh|E12|k2|N10|A,479,10,S,11.85,-26.15,56.2,84.6,3.07,-48.8,13.17,10.52,True,vol20_hi_sh,12:15,2,10000000.0,38.0,A
vol20_lo|E12|k2|N10|A,479,10,L,0.69,-37.31,52.6,16.2,0.94,-61.0,1.85,-0.47,False,vol20_lo,12:15,2,10000000.0,38.0,A
vol20_lo_sh|E12|k2|N10|A,479,10,S,-0.69,-38.69,47.4,16.2,-0.94,-62.4,-1.85,0.47,False,vol20_lo_sh,12:15,2,10000000.0,38.0,A
atr_hi|E12|k2|N10|A,480,10,L,-11.44,-49.44,43.1,84.8,-2.95,-71.6,-12.23,-10.63,True,atr_hi,12:15,2,10000000.0,38.0,A
atr_lo|E12|k2|N10|A,480,10,L,2.48,-35.52,58.3,14.6,3.71,-59.2,3.72,1.22,True,atr_lo,12:15,2,10000000.0,38.0,A
atr_hi_sh|E12|k2|N10|A,480,10,S,11.44,-26.56,56.9,84.8,2.95,-49.3,12.23,10.63,True,atr_hi_sh,12:15,2,10000000.0,38.0,A
fail_up_sh|E12|k2|N10|A,476,10,S,-0.89,-38.89,48.1,64.6,-0.3,-62.7,1.46,-3.25,False,fail_up_sh,12:15,2,10000000.0,38.0,A
fail_up_lg|E12|k2|N10|A,476,10,L,0.89,-37.11,51.9,64.6,0.3,-61.0,-1.46,3.25,False,fail_up_lg,12:15,2,10000000.0,38.0,A
fail_dn_lg|E12|k2|N10|A,479,10,L,0.92,-37.08,49.7,56.7,0.36,-60.9,-1.98,3.84,False,fail_dn_lg,12:15,2,10000000.0,38.0,A
fail_dn_sh|E12|k2|N10|A,479,10,S,-0.92,-38.92,50.3,56.7,-0.36,-62.7,1.98,-3.84,False,fail_dn_sh,12:15,2,10000000.0,38.0,A
giveback_up_sh|E12|k2|N10|A,480,10,S,-2.46,-40.46,47.1,55.6,-0.97,-64.1,-0.91,-4.03,True,giveback_up_sh,12:15,2,10000000.0,38.0,A
giveback_up_lg|E12|k2|N10|A,480,10,L,2.46,-35.54,52.9,55.6,0.97,-59.4,0.91,4.03,True,giveback_up_lg,12:15,2,10000000.0,38.0,A
giveback_dn_lg|E12|k2|N10|A,480,10,L,-0.98,-38.98,50.2,56.8,-0.38,-62.8,-1.92,-0.02,True,giveback_dn_lg,12:15,2,10000000.0,38.0,A
giveback_dn_sh|E12|k2|N10|A,480,10,S,0.98,-37.02,49.8,56.8,0.38,-60.9,1.92,0.02,True,giveback_dn_sh,12:15,2,10000000.0,38.0,A
poke_up|E12|k2|N10|A,480,10,L,-3.4,-41.4,50.4,65.9,-1.13,-65.0,-5.71,-1.08,True,poke_up,12:15,2,10000000.0,38.0,A
poke_up_sh|E12|k2|N10|A,480,10,S,3.4,-34.6,49.6,65.9,1.13,-58.5,5.71,1.08,True,poke_up_sh,12:15,2,10000000.0,38.0,A
poke_dn_sh|E12|k2|N10|A,480,10,S,-1.09,-39.09,49.4,59.7,-0.4,-62.9,0.45,-2.64,False,poke_dn_sh,12:15,2,10000000.0,38.0,A
poke_dn_lg|E12|k2|N10|A,480,10,L,1.09,-36.91,50.6,59.7,0.4,-60.8,-0.45,2.64,False,poke_dn_lg,12:15,2,10000000.0,38.0,A
ext_up_sh|E12|k2|N10|A,480,10,S,-2.46,-40.46,47.1,55.6,-0.97,-64.1,-0.91,-4.03,True,ext_up_sh,12:15,2,10000000.0,38.0,A
ext_up_lg|E12|k2|N10|A,480,10,L,2.46,-35.54,52.9,55.6,0.97,-59.4,0.91,4.03,True,ext_up_lg,12:15,2,10000000.0,38.0,A
held_up|E12|k2|N10|A,473,10,L,-0.77,-38.77,51.6,66.2,-0.25,-62.6,-1.55,0.0,False,held_up,12:15,2,10000000.0,38.0,A
held_up_sh|E12|k2|N10|A,473,10,S,0.77,-37.23,48.4,66.2,0.25,-61.1,1.55,-0.0,False,held_up_sh,12:15,2,10000000.0,38.0,A
held_dn_sh|E12|k2|N10|A,472,10,S,-1.69,-39.69,47.5,60.8,-0.6,-63.5,1.58,-5.0,False,held_dn_sh,12:15,2,10000000.0,38.0,A
held_dn_lg|E12|k2|N10|A,472,10,L,1.69,-36.31,52.5,60.8,0.6,-60.2,-1.58,5.0,False,held_dn_lg,12:15,2,10000000.0,38.0,A
rvol_hi|E12|k2|N10|A,480,10,L,-5.2,-43.2,44.2,79.4,-1.44,-66.7,-5.68,-4.73,True,rvol_hi,12:15,2,10000000.0,38.0,A
rvol_hi_sh|E12|k2|N10|A,480,10,S,5.2,-32.8,55.8,79.4,1.44,-56.6,5.68,4.73,True,rvol_hi_sh,12:15,2,10000000.0,38.0,A
rvol_lo|E12|k2|N10|A,480,10,L,-3.82,-41.82,47.3,50.8,-1.65,-65.3,-4.02,-3.62,True,rvol_lo,12:15,2,10000000.0,38.0,A
rvol_lo_sh|E12|k2|N10|A,480,10,S,3.82,-34.18,52.7,50.8,1.65,-57.9,4.02,3.62,True,rvol_lo_sh,12:15,2,10000000.0,38.0,A
orb_vol125|E12|k2|N10|A,463,10,L,0.89,-37.11,52.1,78.5,0.24,-61.1,-1.1,2.9,False,orb_vol125,12:15,2,10000000.0,38.0,A
orb_vol125_sh|E12|k2|N10|A,463,10,S,-0.89,-38.89,47.9,78.5,-0.24,-62.8,1.1,-2.9,False,orb_vol125_sh,12:15,2,10000000.0,38.0,A
orbdn_vol125_sh|E12|k2|N10|A,452,10,S,-0.55,-38.55,51.3,63.9,-0.18,-62.4,0.16,-1.26,False,orbdn_vol125_sh,12:15,2,10000000.0,38.0,A
orbdn_vol125_lg|E12|k2|N10|A,452,10,L,0.55,-37.45,48.7,63.9,0.18,-61.4,-0.16,1.26,False,orbdn_vol125_lg,12:15,2,10000000.0,38.0,A
orb_vol15|E12|k2|N10|A,456,10,L,-0.14,-38.14,52.0,80.9,-0.04,-62.1,-3.18,2.93,False,orb_vol15,12:15,2,10000000.0,38.0,A
orb_vol15_sh|E12|k2|N10|A,456,10,S,0.14,-37.86,48.0,80.9,0.04,-61.9,3.18,-2.93,False,orb_vol15_sh,12:15,2,10000000.0,38.0,A
orbdn_vol15_sh|E12|k2|N10|A,431,10,S,-0.61,-38.61,50.6,67.8,-0.19,-62.5,1.45,-2.69,False,orbdn_vol15_sh,12:15,2,10000000.0,38.0,A
orbdn_vol15_lg|E12|k2|N10|A,431,10,L,0.61,-37.39,49.4,67.8,0.19,-61.3,-1.45,2.69,False,orbdn_vol15_lg,12:15,2,10000000.0,38.0,A
orb_vol20|E12|k2|N10|A,430,10,L,-0.69,-38.69,51.2,88.5,-0.16,-62.7,-4.51,3.17,False,orb_vol20,12:15,2,10000000.0,38.0,A
orb_vol20_sh|E12|k2|N10|A,430,10,S,0.69,-37.31,48.8,88.5,0.16,-61.4,4.51,-3.17,False,orb_vol20_sh,12:15,2,10000000.0,38.0,A
orbdn_vol20_sh|E12|k2|N10|A,346,10,S,0.17,-37.83,48.6,77.4,0.04,-61.8,-0.15,0.5,False,orbdn_vol20_sh,12:15,2,10000000.0,38.0,A
orbdn_vol20_lg|E12|k2|N10|A,346,10,L,-0.17,-38.17,51.4,77.4,-0.04,-62.1,0.15,-0.5,False,orbdn_vol20_lg,12:15,2,10000000.0,38.0,A
orb_x_rvol|E12|k2|N10|A,480,10,L,-5.33,-43.33,44.2,77.5,-1.5,-66.8,-8.03,-2.6,True,orb_x_rvol,12:15,2,10000000.0,38.0,A
orb_x_rvol_sh|E12|k2|N10|A,480,10,S,5.33,-32.67,55.8,77.5,1.5,-56.5,8.03,2.6,True,orb_x_rvol_sh,12:15,2,10000000.0,38.0,A
orb_novol|E12|k2|N10|A,397,10,L,2.4,-35.6,54.7,53.5,0.89,-59.4,3.19,1.6,True,orb_novol,12:15,2,10000000.0,38.0,A
orb_novol_sh|E12|k2|N10|A,397,10,S,-2.4,-40.4,45.3,53.5,-0.89,-64.1,-3.19,-1.6,True,orb_novol_sh,12:15,2,10000000.0,38.0,A
orb_wideOR|E12|k2|N10|A,401,10,L,4.41,-33.59,53.6,78.4,1.13,-57.5,0.97,7.87,True,orb_wideOR,12:15,2,10000000.0,38.0,A
orb_wideOR_sh|E12|k2|N10|A,401,10,S,-4.41,-42.41,46.4,78.4,-1.13,-66.0,-0.97,-7.87,True,orb_wideOR_sh,12:15,2,10000000.0,38.0,A
orb_narrowOR|E12|k2|N10|A,443,10,L,-1.21,-39.21,50.3,59.5,-0.43,-63.0,-0.71,-1.71,True,orb_narrowOR,12:15,2,10000000.0,38.0,A
orb_narrowOR_sh|E12|k2|N10|A,443,10,S,1.21,-36.79,49.7,59.5,0.43,-60.7,0.71,1.71,True,orb_narrowOR_sh,12:15,2,10000000.0,38.0,A
orbdn_wideOR_sh|E12|k2|N10|A,376,10,S,0.7,-37.3,51.9,70.5,0.19,-61.3,-0.48,1.88,False,orbdn_wideOR_sh,12:15,2,10000000.0,38.0,A
orbdn_narrowOR_sh|E12|k2|N10|A,453,10,S,2.71,-35.29,51.2,62.2,0.93,-59.2,4.82,0.59,True,orbdn_narrowOR_sh,12:15,2,10000000.0,38.0,A
orbdn_wideOR_lg|E12|k2|N10|A,376,10,L,-0.7,-38.7,48.1,70.5,-0.19,-62.6,0.48,-1.88,False,orbdn_wideOR_lg,12:15,2,10000000.0,38.0,A
orbdn_narrowOR_lg|E12|k2|N10|A,453,10,L,-2.71,-40.71,48.8,62.2,-0.93,-64.4,-4.82,-0.59,True,orbdn_narrowOR_lg,12:15,2,10000000.0,38.0,A
orb_coiled|E12|k2|N10|A,441,10,L,0.28,-37.72,53.1,60.8,0.1,-61.6,-0.28,0.84,False,orb_coiled,12:15,2,10000000.0,38.0,A
orb_coiled_sh|E12|k2|N10|A,441,10,S,-0.28,-38.28,46.9,60.8,-0.1,-62.1,0.28,-0.84,False,orb_coiled_sh,12:15,2,10000000.0,38.0,A
orbdn_coiled_sh|E12|k2|N10|A,456,10,S,0.53,-37.47,48.9,62.7,0.18,-61.4,4.25,-3.22,False,orbdn_coiled_sh,12:15,2,10000000.0,38.0,A
orb_gapup|E12|k2|N10|A,327,10,L,4.91,-33.09,54.4,74.0,1.2,-56.9,3.54,6.3,True,orb_gapup,12:15,2,10000000.0,38.0,A
orb_gapup_sh|E12|k2|N10|A,327,10,S,-4.91,-42.91,45.6,74.0,-1.2,-66.4,-3.54,-6.3,True,orb_gapup_sh,12:15,2,10000000.0,38.0,A
orb_nogap|E12|k2|N10|A,443,10,L,-3.4,-41.4,49.4,61.2,-1.17,-65.0,-8.18,1.41,False,orb_nogap,12:15,2,10000000.0,38.0,A
orb_nogap_sh|E12|k2|N10|A,443,10,S,3.4,-34.6,50.6,61.2,1.17,-58.4,8.18,-1.41,False,orb_nogap_sh,12:15,2,10000000.0,38.0,A
orb_gapdn|E12|k2|N10|A,194,10,L,7.02,-30.98,52.6,89.7,1.09,-54.7,10.65,3.31,True,orb_gapdn,12:15,2,10000000.0,38.0,A
orb_gapdn_sh|E12|k2|N10|A,194,10,S,-7.02,-45.02,47.4,89.7,-1.09,-68.2,-10.65,-3.31,True,orb_gapdn_sh,12:15,2,10000000.0,38.0,A
orbdn_gapdn_sh|E12|k2|N10|A,216,10,S,-0.18,-38.18,56.0,73.1,-0.04,-62.1,-1.36,1.03,False,orbdn_gapdn_sh,12:15,2,10000000.0,38.0,A
orbdn_gapdn_lg|E12|k2|N10|A,216,10,L,0.18,-37.82,44.0,73.1,0.04,-61.8,1.36,-1.03,False,orbdn_gapdn_lg,12:15,2,10000000.0,38.0,A
orbdn_gapup_sh|E12|k2|N10|A,380,10,S,2.86,-35.14,53.2,74.7,0.75,-59.1,6.5,-0.81,False,orbdn_gapup_sh,12:15,2,10000000.0,38.0,A
gap_up|E12|k2|N10|A,480,10,L,-0.83,-38.83,49.8,67.7,-0.27,-62.7,-4.01,2.38,False,gap_up,12:15,2,10000000.0,38.0,A
gap_up_sh|E12|k2|N10|A,480,10,S,0.83,-37.17,50.2,67.7,0.27,-61.1,4.01,-2.38,False,gap_up_sh,12:15,2,10000000.0,38.0,A
gap_dn_lg|E12|k2|N10|A,480,10,L,-0.33,-38.33,51.2,68.3,-0.11,-62.2,1.4,-2.08,False,gap_dn_lg,12:15,2,10000000.0,38.0,A
gap_dn_sh|E12|k2|N10|A,480,10,S,0.33,-37.67,48.8,68.3,0.11,-61.6,-1.4,2.08,False,gap_dn_sh,12:15,2,10000000.0,38.0,A
orb_hivol|E12|k2|N10|A,410,10,L,-1.59,-39.59,48.8,88.0,-0.37,-63.6,-0.94,-2.24,True,orb_hivol,12:15,2,10000000.0,38.0,A
orb_hivol_sh|E12|k2|N10|A,410,10,S,1.59,-36.41,51.2,88.0,0.37,-60.5,0.94,2.24,True,orb_hivol_sh,12:15,2,10000000.0,38.0,A
orb_lovol|E12|k2|N10|A,416,10,L,0.88,-37.12,51.2,48.2,0.37,-60.9,-1.33,3.12,False,orb_lovol,12:15,2,10000000.0,38.0,A
orb_lovol_sh|E12|k2|N10|A,416,10,S,-0.88,-38.88,48.8,48.2,-0.37,-62.6,1.33,-3.12,False,orb_lovol_sh,12:15,2,10000000.0,38.0,A
orbdn_hivol_sh|E12|k2|N10|A,417,10,S,3.14,-34.86,52.0,75.7,0.85,-58.8,6.5,-0.22,False,orbdn_hivol_sh,12:15,2,10000000.0,38.0,A
orbdn_lovol_sh|E12|k2|N10|A,427,10,S,-2.72,-40.72,48.7,51.8,-1.09,-64.4,-1.04,-4.41,True,orbdn_lovol_sh,12:15,2,10000000.0,38.0,A
posrange_hivol|E12|k2|N10|A,479,10,L,-0.56,-38.56,48.6,75.1,-0.16,-62.5,-3.86,2.75,False,posrange_hivol,12:15,2,10000000.0,38.0,A
posrange_lovol|E12|k2|N10|A,479,10,L,-0.39,-38.39,50.3,40.8,-0.21,-62.1,-2.29,1.52,False,posrange_lovol,12:15,2,10000000.0,38.0,A
posrange_hivol_sh|E12|k2|N10|A,479,10,S,0.56,-37.44,51.4,75.1,0.16,-61.4,3.86,-2.75,False,posrange_hivol_sh,12:15,2,10000000.0,38.0,A
posrange_lovol_sh|E12|k2|N10|A,479,10,S,0.39,-37.61,49.7,40.8,0.21,-61.4,2.29,-1.52,False,posrange_lovol_sh,12:15,2,10000000.0,38.0,A
orb_minus_width|E12|k2|N10|A,480,10,L,-2.57,-40.57,49.4,56.6,-1.0,-64.2,-3.8,-1.33,True,orb_minus_width,12:15,2,10000000.0,38.0,A
orb_plus_width|E12|k2|N10|A,480,10,L,1.18,-36.82,51.9,72.8,0.36,-60.8,2.98,-0.63,False,orb_plus_width,12:15,2,10000000.0,38.0,A
orb_plus_width_sh|E12|k2|N10|A,480,10,S,-1.18,-39.18,48.1,72.8,-0.36,-63.1,-2.98,0.63,False,orb_plus_width_sh,12:15,2,10000000.0,38.0,A
orb_minus_width_sh|E12|k2|N10|A,480,10,S,2.57,-35.43,50.6,56.6,1.0,-59.3,3.8,1.33,True,orb_minus_width_sh,12:15,2,10000000.0,38.0,A
orb_minus_d20|E12|k2|N10|A,469,10,L,2.13,-35.87,52.2,71.2,0.65,-59.8,0.15,4.13,True,orb_minus_d20,12:15,2,10000000.0,38.0,A
orb_plus_d20|E12|k2|N10|A,469,10,L,-5.6,-43.6,47.8,76.3,-1.59,-67.0,-4.36,-6.84,True,orb_plus_d20,12:15,2,10000000.0,38.0,A
orb_plus_d20_sh|E12|k2|N10|A,469,10,S,5.6,-32.4,52.2,76.3,1.59,-56.2,4.36,6.84,True,orb_plus_d20_sh,12:15,2,10000000.0,38.0,A
orb_plus_pct52|E12|k2|N10|A,430,10,L,-2.23,-40.23,50.2,52.7,-0.88,-63.9,-4.67,0.23,False,orb_plus_pct52,12:15,2,10000000.0,38.0,A
orb_plus_pct52_sh|E12|k2|N10|A,430,10,S,2.23,-35.77,49.8,52.7,0.88,-59.6,4.67,-0.23,False,orb_plus_pct52_sh,12:15,2,10000000.0,38.0,A
compress_then_pos|E12|k2|N10|A,480,10,L,-2.57,-40.57,49.4,56.6,-1.0,-64.2,-3.8,-1.33,True,compress_then_pos,12:15,2,10000000.0,38.0,A
compress_then_pos_sh|E12|k2|N10|A,480,10,S,2.57,-35.43,50.6,56.6,1.0,-59.3,3.8,1.33,True,compress_then_pos_sh,12:15,2,10000000.0,38.0,A
expand_then_pos|E12|k2|N10|A,480,10,L,1.18,-36.82,51.9,72.8,0.36,-60.8,2.98,-0.63,False,expand_then_pos,12:15,2,10000000.0,38.0,A
expand_then_pos_sh|E12|k2|N10|A,480,10,S,-1.18,-39.18,48.1,72.8,-0.36,-63.1,-2.98,0.63,False,expand_then_pos_sh,12:15,2,10000000.0,38.0,A
orb_up|E12|k2|N20|A,480,20,L,-0.75,-38.75,52.7,54.2,-0.3,-62.6,-4.34,2.86,False,orb_up,12:15,2,10000000.0,38.0,A
orb_up_sh|E12|k2|N20|A,480,20,S,0.75,-37.25,47.3,54.2,0.3,-61.1,4.34,-2.86,False,orb_up_sh,12:15,2,10000000.0,38.0,A
orb_dn_sh|E12|k2|N20|A,480,20,S,-1.19,-39.19,47.7,53.7,-0.49,-63.0,2.05,-4.47,False,orb_dn_sh,12:15,2,10000000.0,38.0,A
orb_dn_lg|E12|k2|N20|A,480,20,L,1.19,-36.81,52.3,53.7,0.49,-60.7,-2.05,4.47,False,orb_dn_lg,12:15,2,10000000.0,38.0,A
orb_up_sig|E12|k2|N20|A,480,20,L,-0.08,-38.08,53.5,52.7,-0.03,-61.9,-2.69,2.56,False,orb_up_sig,12:15,2,10000000.0,38.0,A
orb_up_sig_sh|E12|k2|N20|A,480,20,S,0.08,-37.92,46.5,52.7,0.03,-61.7,2.69,-2.56,False,orb_up_sig_sh,12:15,2,10000000.0,38.0,A
orb_dn_sig_sh|E12|k2|N20|A,480,20,S,-1.2,-39.2,46.9,53.3,-0.49,-63.0,0.83,-3.24,False,orb_dn_sig_sh,12:15,2,10000000.0,38.0,A
orb_dn_sig_lg|E12|k2|N20|A,480,20,L,1.2,-36.8,53.1,53.3,0.49,-60.7,-0.83,3.24,False,orb_dn_sig_lg,12:15,2,10000000.0,38.0,A
pos_in_or|E12|k2|N20|A,480,20,L,-0.75,-38.75,52.7,54.2,-0.3,-62.6,-4.34,2.86,False,pos_in_or,12:15,2,10000000.0,38.0,A
pos_in_or_sh|E12|k2|N20|A,480,20,S,0.75,-37.25,47.3,54.2,0.3,-61.1,4.34,-2.86,False,pos_in_or_sh,12:15,2,10000000.0,38.0,A
pos_in_or_lo|E12|k2|N20|A,480,20,L,1.19,-36.81,52.3,53.7,0.49,-60.7,-2.05,4.47,False,pos_in_or_lo,12:15,2,10000000.0,38.0,A
pos_in_or_lo_sh|E12|k2|N20|A,480,20,S,-1.19,-39.19,47.7,53.7,-0.49,-63.0,2.05,-4.47,False,pos_in_or_lo_sh,12:15,2,10000000.0,38.0,A
or_close_pos|E12|k2|N20|A,480,20,L,0.28,-37.72,53.1,49.2,0.12,-61.5,-3.71,4.3,False,or_close_pos,12:15,2,10000000.0,38.0,A
or_close_pos_lo|E12|k2|N20|A,480,20,L,0.33,-37.67,52.7,49.9,0.14,-61.5,-2.38,3.05,False,or_close_pos_lo,12:15,2,10000000.0,38.0,A
or_close_pos_sh|E12|k2|N20|A,480,20,S,-0.28,-38.28,46.9,49.2,-0.12,-62.1,3.71,-4.3,False,or_close_pos_sh,12:15,2,10000000.0,38.0,A
posrange_hi|E12|k2|N20|A,480,20,L,0.12,-37.88,51.2,49.7,0.05,-61.7,-2.97,3.22,False,posrange_hi,12:15,2,10000000.0,38.0,A
posrange_hi_sh|E12|k2|N20|A,480,20,S,-0.12,-38.12,48.8,49.7,-0.05,-61.9,2.97,-3.22,False,posrange_hi_sh,12:15,2,10000000.0,38.0,A
posrange_lo|E12|k2|N20|A,480,20,L,1.83,-36.17,54.0,53.1,0.76,-60.0,-0.65,4.34,False,posrange_lo,12:15,2,10000000.0,38.0,A
posrange_lo_sh|E12|k2|N20|A,480,20,S,-1.83,-39.83,46.0,53.1,-0.76,-63.6,0.65,-4.34,False,posrange_lo_sh,12:15,2,10000000.0,38.0,A
today_sofar|E12|k2|N20|A,480,20,L,2.2,-35.8,51.5,66.3,0.73,-59.7,0.57,3.85,True,today_sofar,12:15,2,10000000.0,38.0,A
today_sofar_sh|E12|k2|N20|A,480,20,S,-2.2,-40.2,48.5,66.3,-0.73,-64.0,-0.57,-3.85,True,today_sofar_sh,12:15,2,10000000.0,38.0,A
today_sofar_lo|E12|k2|N20|A,480,20,L,-4.93,-42.93,46.5,64.0,-1.69,-66.4,-6.52,-3.32,True,today_sofar_lo,12:15,2,10000000.0,38.0,A
or_ret|E12|k2|N20|A,480,20,L,-0.02,-38.02,50.2,66.6,-0.01,-61.9,-1.57,1.54,False,or_ret,12:15,2,10000000.0,38.0,A
or_ret_sh|E12|k2|N20|A,480,20,S,0.02,-37.98,49.8,66.6,0.01,-61.9,1.57,-1.54,False,or_ret_sh,12:15,2,10000000.0,38.0,A
orbT_up|E12|k2|N20|A,455,20,L,1.33,-36.67,54.3,57.2,0.5,-60.5,-0.45,3.12,False,orbT_up,12:15,2,10000000.0,38.0,A
orbT_up_sh|E12|k2|N20|A,455,20,S,-1.33,-39.33,45.7,57.2,-0.5,-63.1,0.45,-3.12,False,orbT_up_sh,12:15,2,10000000.0,38.0,A
orbT_dn_sh|E12|k2|N20|A,462,20,S,-1.07,-39.07,47.6,56.0,-0.41,-62.9,1.56,-3.72,False,orbT_dn_sh,12:15,2,10000000.0,38.0,A
orbT_dn_lg|E12|k2|N20|A,462,20,L,1.07,-36.93,52.4,56.0,0.41,-60.8,-1.56,3.72,False,orbT_dn_lg,12:15,2,10000000.0,38.0,A
orbT_up_small|E12|k2|N20|A,455,20,L,2.05,-35.95,53.0,56.4,0.77,-59.8,0.31,3.79,True,orbT_up_small,12:15,2,10000000.0,38.0,A
orbT_up_small_sh|E12|k2|N20|A,455,20,S,-2.05,-40.05,47.0,56.4,-0.77,-63.8,-0.31,-3.79,True,orbT_up_small_sh,12:15,2,10000000.0,38.0,A
orbT_dn_small_sh|E12|k2|N20|A,462,20,S,1.93,-36.07,51.5,57.5,0.72,-59.9,4.91,-1.07,False,orbT_dn_small_sh,12:15,2,10000000.0,38.0,A
orbT_dn_small_lg|E12|k2|N20|A,462,20,L,-1.93,-39.93,48.5,57.5,-0.72,-63.7,-4.91,1.07,False,orbT_dn_small_lg,12:15,2,10000000.0,38.0,A
inside_posor|E12|k2|N20|A,480,20,L,-0.3,-38.3,49.6,49.4,-0.13,-62.1,-1.7,1.11,False,inside_posor,12:15,2,10000000.0,38.0,A
inside_posor_sh|E12|k2|N20|A,480,20,S,0.3,-37.7,50.4,49.4,0.13,-61.5,1.7,-1.11,False,inside_posor_sh,12:15,2,10000000.0,38.0,A
inside_posor_lo|E12|k2|N20|A,480,20,L,-2.98,-40.98,47.7,51.3,-1.27,-64.6,-5.62,-0.31,True,inside_posor_lo,12:15,2,10000000.0,38.0,A
or_wide|E12|k2|N20|A,480,20,L,-2.67,-40.67,49.6,58.8,-1.0,-64.4,-1.84,-3.51,True,or_wide,12:15,2,10000000.0,38.0,A
or_wide_sh|E12|k2|N20|A,480,20,S,2.67,-35.33,50.4,58.8,1.0,-59.2,1.84,3.51,True,or_wide_sh,12:15,2,10000000.0,38.0,A
or_narrow|E12|k2|N20|A,480,20,L,-3.19,-41.19,47.9,47.1,-1.49,-64.8,-5.23,-1.14,True,or_narrow,12:15,2,10000000.0,38.0,A
or_narrow_sh|E12|k2|N20|A,480,20,S,3.19,-34.81,52.1,47.1,1.49,-58.6,5.23,1.14,True,or_narrow_sh,12:15,2,10000000.0,38.0,A
or_wrel_hi|E12|k2|N20|A,480,20,L,-2.18,-40.18,50.4,61.6,-0.77,-63.9,-1.49,-2.87,True,or_wrel_hi,12:15,2,10000000.0,38.0,A
or_wrel_lo|E12|k2|N20|A,480,20,L,-2.41,-40.41,48.3,52.2,-1.01,-64.1,-5.16,0.38,False,or_wrel_lo,12:15,2,10000000.0,38.0,A
or_wrel_hi_sh|E12|k2|N20|A,480,20,S,2.18,-35.82,49.6,61.6,0.77,-59.7,1.49,2.87,True,or_wrel_hi_sh,12:15,2,10000000.0,38.0,A
or_wrel_lo_sh|E12|k2|N20|A,480,20,S,2.41,-35.59,51.7,52.2,1.01,-59.4,5.16,-0.38,False,or_wrel_lo_sh,12:15,2,10000000.0,38.0,A
rng_expand|E12|k2|N20|A,480,20,L,-2.41,-40.41,50.0,59.1,-0.89,-64.1,-0.92,-3.9,True,rng_expand,12:15,2,10000000.0,38.0,A
rng_expand_sh|E12|k2|N20|A,480,20,S,2.41,-35.59,50.0,59.1,0.89,-59.5,0.92,3.9,True,rng_expand_sh,12:15,2,10000000.0,38.0,A
rng_compress|E12|k2|N20|A,480,20,L,-2.66,-40.66,47.9,46.4,-1.26,-64.3,-5.97,0.68,False,rng_compress,12:15,2,10000000.0,38.0,A
rng_compress_sh|E12|k2|N20|A,480,20,S,2.66,-35.34,52.1,46.4,1.26,-59.1,5.97,-0.68,False,rng_compress_sh,12:15,2,10000000.0,38.0,A
vol20_hi|E12|k2|N20|A,479,20,L,-10.08,-48.08,43.8,74.2,-2.97,-70.5,-12.38,-7.77,True,vol20_hi,12:15,2,10000000.0,38.0,A
vol20_hi_sh|E12|k2|N20|A,479,20,S,10.08,-27.92,56.2,74.2,2.97,-50.9,12.38,7.77,True,vol20_hi_sh,12:15,2,10000000.0,38.0,A
vol20_lo|E12|k2|N20|A,479,20,L,-0.13,-38.13,49.7,25.1,-0.12,-61.8,0.56,-0.83,False,vol20_lo,12:15,2,10000000.0,38.0,A
vol20_lo_sh|E12|k2|N20|A,479,20,S,0.13,-37.87,50.3,25.1,0.12,-61.6,-0.56,0.83,False,vol20_lo_sh,12:15,2,10000000.0,38.0,A
atr_hi|E12|k2|N20|A,480,20,L,-10.84,-48.84,42.7,75.5,-3.15,-71.1,-12.97,-8.69,True,atr_hi,12:15,2,10000000.0,38.0,A
atr_lo|E12|k2|N20|A,480,20,L,1.52,-36.48,54.8,24.0,1.39,-60.2,1.84,1.19,True,atr_lo,12:15,2,10000000.0,38.0,A
atr_hi_sh|E12|k2|N20|A,480,20,S,10.84,-27.16,57.3,75.5,3.15,-50.0,12.97,8.69,True,atr_hi_sh,12:15,2,10000000.0,38.0,A
fail_up_sh|E12|k2|N20|A,468,20,S,-1.45,-39.45,45.3,56.8,-0.55,-63.2,0.37,-3.29,False,fail_up_sh,12:15,2,10000000.0,38.0,A
fail_up_lg|E12|k2|N20|A,468,20,L,1.45,-36.55,54.7,56.8,0.55,-60.4,-0.37,3.29,False,fail_up_lg,12:15,2,10000000.0,38.0,A
fail_dn_lg|E12|k2|N20|A,474,20,L,-0.12,-38.12,50.6,52.4,-0.05,-61.9,-2.58,2.37,False,fail_dn_lg,12:15,2,10000000.0,38.0,A
fail_dn_sh|E12|k2|N20|A,474,20,S,0.12,-37.88,49.4,52.4,0.05,-61.7,2.58,-2.37,False,fail_dn_sh,12:15,2,10000000.0,38.0,A
giveback_up_sh|E12|k2|N20|A,480,20,S,-2.08,-40.08,46.9,50.1,-0.91,-63.8,-0.25,-3.94,True,giveback_up_sh,12:15,2,10000000.0,38.0,A
giveback_up_lg|E12|k2|N20|A,480,20,L,2.08,-35.92,53.1,50.1,0.91,-59.7,0.25,3.94,True,giveback_up_lg,12:15,2,10000000.0,38.0,A
giveback_dn_lg|E12|k2|N20|A,480,20,L,-1.45,-39.45,49.4,49.2,-0.65,-63.2,-3.54,0.65,False,giveback_dn_lg,12:15,2,10000000.0,38.0,A
giveback_dn_sh|E12|k2|N20|A,480,20,S,1.45,-36.55,50.6,49.2,0.65,-60.4,3.54,-0.65,False,giveback_dn_sh,12:15,2,10000000.0,38.0,A
poke_up|E12|k2|N20|A,480,20,L,-0.57,-38.57,51.0,56.4,-0.22,-62.4,-2.64,1.52,False,poke_up,12:15,2,10000000.0,38.0,A
poke_up_sh|E12|k2|N20|A,480,20,S,0.57,-37.43,49.0,56.4,0.22,-61.3,2.64,-1.52,False,poke_up_sh,12:15,2,10000000.0,38.0,A
poke_dn_sh|E12|k2|N20|A,480,20,S,-1.51,-39.51,49.2,53.6,-0.62,-63.3,1.64,-4.69,False,poke_dn_sh,12:15,2,10000000.0,38.0,A
poke_dn_lg|E12|k2|N20|A,480,20,L,1.51,-36.49,50.8,53.6,0.62,-60.3,-1.64,4.69,False,poke_dn_lg,12:15,2,10000000.0,38.0,A
ext_up_sh|E12|k2|N20|A,480,20,S,-2.08,-40.08,46.9,50.1,-0.91,-63.8,-0.25,-3.94,True,ext_up_sh,12:15,2,10000000.0,38.0,A
ext_up_lg|E12|k2|N20|A,480,20,L,2.08,-35.92,53.1,50.1,0.91,-59.7,0.25,3.94,True,ext_up_lg,12:15,2,10000000.0,38.0,A
held_up|E12|k2|N20|A,455,20,L,1.32,-36.68,54.3,57.2,0.49,-60.5,-0.45,3.1,False,held_up,12:15,2,10000000.0,38.0,A
held_up_sh|E12|k2|N20|A,455,20,S,-1.32,-39.32,45.7,57.2,-0.49,-63.1,0.45,-3.1,False,held_up_sh,12:15,2,10000000.0,38.0,A
held_dn_sh|E12|k2|N20|A,462,20,S,-1.06,-39.06,47.6,56.0,-0.41,-62.9,1.55,-3.7,False,held_dn_sh,12:15,2,10000000.0,38.0,A
held_dn_lg|E12|k2|N20|A,462,20,L,1.06,-36.94,52.4,56.0,0.41,-60.8,-1.55,3.7,False,held_dn_lg,12:15,2,10000000.0,38.0,A
rvol_hi|E12|k2|N20|A,480,20,L,-4.05,-42.05,46.5,61.5,-1.44,-65.6,-4.45,-3.64,True,rvol_hi,12:15,2,10000000.0,38.0,A
rvol_hi_sh|E12|k2|N20|A,480,20,S,4.05,-33.95,53.5,61.5,1.44,-57.8,4.45,3.64,True,rvol_hi_sh,12:15,2,10000000.0,38.0,A
rvol_lo|E12|k2|N20|A,480,20,L,-2.88,-40.88,49.8,49.1,-1.29,-64.5,-4.95,-0.8,True,rvol_lo,12:15,2,10000000.0,38.0,A
rvol_lo_sh|E12|k2|N20|A,480,20,S,2.88,-35.12,50.2,49.1,1.29,-58.9,4.95,0.8,True,rvol_lo_sh,12:15,2,10000000.0,38.0,A
orb_vol125|E12|k2|N20|A,419,20,L,1.21,-36.79,54.4,62.5,0.4,-60.7,-2.48,4.91,False,orb_vol125,12:15,2,10000000.0,38.0,A
orb_vol125_sh|E12|k2|N20|A,419,20,S,-1.21,-39.21,45.6,62.5,-0.4,-63.0,2.48,-4.91,False,orb_vol125_sh,12:15,2,10000000.0,38.0,A
orbdn_vol125_sh|E12|k2|N20|A,382,20,S,0.72,-37.28,50.8,61.3,0.23,-61.2,2.1,-0.68,False,orbdn_vol125_sh,12:15,2,10000000.0,38.0,A
orbdn_vol125_lg|E12|k2|N20|A,382,20,L,-0.72,-38.72,49.2,61.3,-0.23,-62.6,-2.1,0.68,False,orbdn_vol125_lg,12:15,2,10000000.0,38.0,A
orb_vol15|E12|k2|N20|A,406,20,L,1.58,-36.42,53.4,65.4,0.49,-60.3,-3.3,6.51,False,orb_vol15,12:15,2,10000000.0,38.0,A
orb_vol15_sh|E12|k2|N20|A,406,20,S,-1.58,-39.58,46.6,65.4,-0.49,-63.4,3.3,-6.51,False,orb_vol15_sh,12:15,2,10000000.0,38.0,A
orbdn_vol15_sh|E12|k2|N20|A,325,20,S,-0.41,-38.41,49.2,62.5,-0.12,-62.3,1.51,-2.34,False,orbdn_vol15_sh,12:15,2,10000000.0,38.0,A
orbdn_vol15_lg|E12|k2|N20|A,325,20,L,0.41,-37.59,50.8,62.5,0.12,-61.5,-1.51,2.34,False,orbdn_vol15_lg,12:15,2,10000000.0,38.0,A
orb_vol20|E12|k2|N20|A,348,20,L,5.38,-32.62,53.7,75.4,1.33,-56.4,0.4,10.42,True,orb_vol20,12:15,2,10000000.0,38.0,A
orb_vol20_sh|E12|k2|N20|A,348,20,S,-5.38,-43.38,46.3,75.4,-1.33,-66.8,-0.4,-10.42,True,orb_vol20_sh,12:15,2,10000000.0,38.0,A
orbdn_vol20_sh|E12|k2|N20|A,182,20,S,1.84,-36.16,50.5,69.5,0.36,-60.1,-0.89,4.62,False,orbdn_vol20_sh,12:15,2,10000000.0,38.0,A
orbdn_vol20_lg|E12|k2|N20|A,182,20,L,-1.84,-39.84,49.5,69.5,-0.36,-63.7,0.89,-4.62,False,orbdn_vol20_lg,12:15,2,10000000.0,38.0,A
orb_x_rvol|E12|k2|N20|A,480,20,L,-1.71,-39.71,49.8,61.3,-0.61,-63.5,-2.08,-1.35,True,orb_x_rvol,12:15,2,10000000.0,38.0,A
orb_x_rvol_sh|E12|k2|N20|A,480,20,S,1.71,-36.29,50.2,61.3,0.61,-60.2,2.08,1.35,True,orb_x_rvol_sh,12:15,2,10000000.0,38.0,A
orb_novol|E12|k2|N20|A,307,20,L,4.46,-33.54,59.0,50.2,1.56,-57.3,2.4,6.53,True,orb_novol,12:15,2,10000000.0,38.0,A
orb_novol_sh|E12|k2|N20|A,307,20,S,-4.46,-42.46,41.0,50.2,-1.56,-65.9,-2.4,-6.53,True,orb_novol_sh,12:15,2,10000000.0,38.0,A
orb_wideOR|E12|k2|N20|A,321,20,L,5.12,-32.88,54.2,64.2,1.43,-56.6,3.56,6.68,True,orb_wideOR,12:15,2,10000000.0,38.0,A
orb_wideOR_sh|E12|k2|N20|A,321,20,S,-5.12,-43.12,45.8,64.2,-1.43,-66.5,-3.56,-6.68,True,orb_wideOR_sh,12:15,2,10000000.0,38.0,A
orb_narrowOR|E12|k2|N20|A,361,20,L,0.71,-37.29,51.8,56.0,0.24,-61.1,-0.27,1.7,False,orb_narrowOR,12:15,2,10000000.0,38.0,A
orb_narrowOR_sh|E12|k2|N20|A,361,20,S,-0.71,-38.71,48.2,56.0,-0.24,-62.5,0.27,-1.7,False,orb_narrowOR_sh,12:15,2,10000000.0,38.0,A
orbdn_wideOR_sh|E12|k2|N20|A,275,20,S,2.06,-35.94,52.0,66.5,0.51,-59.9,6.83,-2.75,False,orbdn_wideOR_sh,12:15,2,10000000.0,38.0,A
orbdn_narrowOR_sh|E12|k2|N20|A,392,20,S,3.76,-34.24,52.8,56.9,1.31,-58.0,3.4,4.12,True,orbdn_narrowOR_sh,12:15,2,10000000.0,38.0,A
orbdn_wideOR_lg|E12|k2|N20|A,275,20,L,-2.06,-40.06,48.0,66.5,-0.51,-63.8,-6.83,2.75,False,orbdn_wideOR_lg,12:15,2,10000000.0,38.0,A
orbdn_narrowOR_lg|E12|k2|N20|A,392,20,L,-3.76,-41.76,47.2,56.9,-1.31,-65.3,-3.4,-4.12,True,orbdn_narrowOR_lg,12:15,2,10000000.0,38.0,A
orb_coiled|E12|k2|N20|A,358,20,L,2.92,-35.08,53.9,53.7,1.03,-58.9,2.51,3.32,True,orb_coiled,12:15,2,10000000.0,38.0,A
orb_coiled_sh|E12|k2|N20|A,358,20,S,-2.92,-40.92,46.1,53.7,-1.03,-64.5,-2.51,-3.32,True,orb_coiled_sh,12:15,2,10000000.0,38.0,A
orbdn_coiled_sh|E12|k2|N20|A,388,20,S,3.04,-34.96,53.9,54.6,1.1,-58.8,4.59,1.47,True,orbdn_coiled_sh,12:15,2,10000000.0,38.0,A
orb_gapup|E12|k2|N20|A,228,20,L,7.91,-30.09,55.3,66.9,1.78,-53.5,7.96,7.87,True,orb_gapup,12:15,2,10000000.0,38.0,A
orb_gapup_sh|E12|k2|N20|A,228,20,S,-7.91,-45.91,44.7,66.9,-1.78,-68.8,-7.96,-7.87,True,orb_gapup_sh,12:15,2,10000000.0,38.0,A
orb_nogap|E12|k2|N20|A,390,20,L,-1.88,-39.88,52.1,53.0,-0.7,-63.6,-6.29,2.57,False,orb_nogap,12:15,2,10000000.0,38.0,A
orb_nogap_sh|E12|k2|N20|A,390,20,S,1.88,-36.12,47.9,53.0,0.7,-60.0,6.29,-2.57,False,orb_nogap_sh,12:15,2,10000000.0,38.0,A
orbdn_gapdn_sh|E12|k2|N20|A,120,20,S,-1.77,-39.77,55.0,76.6,-0.25,-63.6,-3.08,-0.42,True,orbdn_gapdn_sh,12:15,2,10000000.0,38.0,A
orbdn_gapdn_lg|E12|k2|N20|A,120,20,L,1.77,-36.23,45.0,76.6,0.25,-60.2,3.08,0.42,True,orbdn_gapdn_lg,12:15,2,10000000.0,38.0,A
orbdn_gapup_sh|E12|k2|N20|A,273,20,S,4.06,-33.94,50.9,68.4,0.98,-57.8,9.65,-1.56,False,orbdn_gapup_sh,12:15,2,10000000.0,38.0,A
gap_up|E12|k2|N20|A,480,20,L,-2.54,-40.54,48.5,59.4,-0.94,-64.2,-6.02,0.96,False,gap_up,12:15,2,10000000.0,38.0,A
gap_up_sh|E12|k2|N20|A,480,20,S,2.54,-35.46,51.5,59.4,0.94,-59.3,6.02,-0.96,False,gap_up_sh,12:15,2,10000000.0,38.0,A
gap_dn_lg|E12|k2|N20|A,480,20,L,0.5,-37.5,52.1,59.1,0.19,-61.4,2.56,-1.57,False,gap_dn_lg,12:15,2,10000000.0,38.0,A
gap_dn_sh|E12|k2|N20|A,480,20,S,-0.5,-38.5,47.9,59.1,-0.19,-62.3,-2.56,1.57,False,gap_dn_sh,12:15,2,10000000.0,38.0,A
orb_hivol|E12|k2|N20|A,330,20,L,4.8,-33.2,53.9,76.3,1.14,-57.1,2.37,7.26,True,orb_hivol,12:15,2,10000000.0,38.0,A
orb_hivol_sh|E12|k2|N20|A,330,20,S,-4.8,-42.8,46.1,76.3,-1.14,-66.3,-2.37,-7.26,True,orb_hivol_sh,12:15,2,10000000.0,38.0,A
orb_lovol|E12|k2|N20|A,323,20,L,3.55,-34.45,52.3,42.6,1.5,-58.2,1.94,5.16,True,orb_lovol,12:15,2,10000000.0,38.0,A
orb_lovol_sh|E12|k2|N20|A,323,20,S,-3.55,-41.55,47.7,42.6,-1.5,-65.1,-1.94,-5.16,True,orb_lovol_sh,12:15,2,10000000.0,38.0,A
orbdn_hivol_sh|E12|k2|N20|A,347,20,S,3.88,-34.12,52.7,71.7,1.01,-58.0,7.83,-0.09,False,orbdn_hivol_sh,12:15,2,10000000.0,38.0,A
orbdn_lovol_sh|E12|k2|N20|A,340,20,S,2.08,-35.92,51.5,45.5,0.84,-59.7,5.31,-1.19,False,orbdn_lovol_sh,12:15,2,10000000.0,38.0,A
posrange_hivol|E12|k2|N20|A,479,20,L,-1.94,-39.94,49.9,68.5,-0.62,-63.7,-4.34,0.47,False,posrange_hivol,12:15,2,10000000.0,38.0,A
posrange_lovol|E12|k2|N20|A,479,20,L,-0.9,-38.9,51.6,38.3,-0.51,-62.6,-2.4,0.61,False,posrange_lovol,12:15,2,10000000.0,38.0,A
posrange_hivol_sh|E12|k2|N20|A,479,20,S,1.94,-36.06,50.1,68.5,0.62,-60.0,4.34,-0.47,False,posrange_hivol_sh,12:15,2,10000000.0,38.0,A
posrange_lovol_sh|E12|k2|N20|A,479,20,S,0.9,-37.1,48.4,38.3,0.51,-60.9,2.4,-0.61,False,posrange_lovol_sh,12:15,2,10000000.0,38.0,A
orb_minus_width|E12|k2|N20|A,480,20,L,-2.39,-40.39,47.9,49.2,-1.07,-64.0,-4.84,0.08,False,orb_minus_width,12:15,2,10000000.0,38.0,A
orb_plus_width|E12|k2|N20|A,480,20,L,-0.23,-38.23,53.5,59.4,-0.09,-62.1,-0.25,-0.22,True,orb_plus_width,12:15,2,10000000.0,38.0,A
orb_plus_width_sh|E12|k2|N20|A,480,20,S,0.23,-37.77,46.5,59.4,0.09,-61.6,0.25,0.22,True,orb_plus_width_sh,12:15,2,10000000.0,38.0,A
orb_minus_width_sh|E12|k2|N20|A,480,20,S,2.39,-35.61,52.1,49.2,1.07,-59.4,4.84,-0.08,False,orb_minus_width_sh,12:15,2,10000000.0,38.0,A
orb_minus_d20|E12|k2|N20|A,469,20,L,1.94,-36.06,51.0,60.5,0.7,-59.9,-1.28,5.18,False,orb_minus_d20,12:15,2,10000000.0,38.0,A
orb_plus_d20|E12|k2|N20|A,469,20,L,-3.19,-41.19,48.2,60.8,-1.14,-64.8,-3.13,-3.26,True,orb_plus_d20,12:15,2,10000000.0,38.0,A
orb_plus_d20_sh|E12|k2|N20|A,469,20,S,3.19,-34.81,51.8,60.8,1.14,-58.7,3.13,3.26,True,orb_plus_d20_sh,12:15,2,10000000.0,38.0,A
orb_plus_pct52|E12|k2|N20|A,430,20,L,-0.24,-38.24,55.6,46.9,-0.11,-62.0,-3.25,2.79,False,orb_plus_pct52,12:15,2,10000000.0,38.0,A
orb_plus_pct52_sh|E12|k2|N20|A,430,20,S,0.24,-37.76,44.4,46.9,0.11,-61.6,3.25,-2.79,False,orb_plus_pct52_sh,12:15,2,10000000.0,38.0,A
compress_then_pos|E12|k2|N20|A,480,20,L,-2.39,-40.39,47.9,49.2,-1.07,-64.0,-4.84,0.08,False,compress_then_pos,12:15,2,10000000.0,38.0,A
compress_then_pos_sh|E12|k2|N20|A,480,20,S,2.39,-35.61,52.1,49.2,1.07,-59.4,4.84,-0.08,False,compress_then_pos_sh,12:15,2,10000000.0,38.0,A
expand_then_pos|E12|k2|N20|A,480,20,L,-0.23,-38.23,53.5,59.4,-0.09,-62.1,-0.25,-0.22,True,expand_then_pos,12:15,2,10000000.0,38.0,A
expand_then_pos_sh|E12|k2|N20|A,480,20,S,0.23,-37.77,46.5,59.4,0.09,-61.6,0.25,0.22,True,expand_then_pos_sh,12:15,2,10000000.0,38.0,A
orb_up|E12|k2|N30|A,480,30,L,-0.94,-38.94,52.7,50.8,-0.4,-62.7,-3.97,2.12,False,orb_up,12:15,2,10000000.0,38.0,A
orb_up_sh|E12|k2|N30|A,480,30,S,0.94,-37.06,47.3,50.8,0.4,-60.9,3.97,-2.12,False,orb_up_sh,12:15,2,10000000.0,38.0,A
orb_dn_sh|E12|k2|N30|A,480,30,S,-0.64,-38.64,49.4,52.0,-0.27,-62.4,1.32,-2.62,False,orb_dn_sh,12:15,2,10000000.0,38.0,A
orb_dn_lg|E12|k2|N30|A,480,30,L,0.64,-37.36,50.6,52.0,0.27,-61.2,-1.32,2.62,False,orb_dn_lg,12:15,2,10000000.0,38.0,A
orb_up_sig|E12|k2|N30|A,480,30,L,-0.28,-38.28,53.5,50.5,-0.12,-62.1,-2.79,2.25,False,orb_up_sig,12:15,2,10000000.0,38.0,A
orb_up_sig_sh|E12|k2|N30|A,480,30,S,0.28,-37.72,46.5,50.5,0.12,-61.5,2.79,-2.25,False,orb_up_sig_sh,12:15,2,10000000.0,38.0,A
orb_dn_sig_sh|E12|k2|N30|A,480,30,S,-0.92,-38.92,46.7,51.6,-0.39,-62.7,0.84,-2.69,False,orb_dn_sig_sh,12:15,2,10000000.0,38.0,A
orb_dn_sig_lg|E12|k2|N30|A,480,30,L,0.92,-37.08,53.3,51.6,0.39,-60.9,-0.84,2.69,False,orb_dn_sig_lg,12:15,2,10000000.0,38.0,A
pos_in_or|E12|k2|N30|A,480,30,L,-0.94,-38.94,52.7,50.8,-0.4,-62.7,-3.97,2.12,False,pos_in_or,12:15,2,10000000.0,38.0,A
pos_in_or_sh|E12|k2|N30|A,480,30,S,0.94,-37.06,47.3,50.8,0.4,-60.9,3.97,-2.12,False,pos_in_or_sh,12:15,2,10000000.0,38.0,A
pos_in_or_lo|E12|k2|N30|A,480,30,L,0.64,-37.36,50.6,52.0,0.27,-61.2,-1.32,2.62,False,pos_in_or_lo,12:15,2,10000000.0,38.0,A
pos_in_or_lo_sh|E12|k2|N30|A,480,30,S,-0.64,-38.64,49.4,52.0,-0.27,-62.4,1.32,-2.62,False,pos_in_or_lo_sh,12:15,2,10000000.0,38.0,A
or_close_pos|E12|k2|N30|A,480,30,L,0.27,-37.73,52.1,48.1,0.12,-61.5,-2.51,3.07,False,or_close_pos,12:15,2,10000000.0,38.0,A
or_close_pos_lo|E12|k2|N30|A,480,30,L,-0.7,-38.7,50.4,49.3,-0.31,-62.5,-2.53,1.15,False,or_close_pos_lo,12:15,2,10000000.0,38.0,A
or_close_pos_sh|E12|k2|N30|A,480,30,S,-0.27,-38.27,47.9,48.1,-0.12,-62.1,2.51,-3.07,False,or_close_pos_sh,12:15,2,10000000.0,38.0,A
posrange_hi|E12|k2|N30|A,480,30,L,0.09,-37.91,51.5,48.5,0.04,-61.7,-2.61,2.82,False,posrange_hi,12:15,2,10000000.0,38.0,A
posrange_hi_sh|E12|k2|N30|A,480,30,S,-0.09,-38.09,48.5,48.5,-0.04,-61.9,2.61,-2.82,False,posrange_hi_sh,12:15,2,10000000.0,38.0,A
posrange_lo|E12|k2|N30|A,480,30,L,0.34,-37.66,51.9,52.0,0.14,-61.5,-2.59,3.29,False,posrange_lo,12:15,2,10000000.0,38.0,A
posrange_lo_sh|E12|k2|N30|A,480,30,S,-0.34,-38.34,48.1,52.0,-0.14,-62.1,2.59,-3.29,False,posrange_lo_sh,12:15,2,10000000.0,38.0,A
today_sofar|E12|k2|N30|A,480,30,L,1.36,-36.64,52.3,60.5,0.49,-60.5,0.37,2.36,True,today_sofar,12:15,2,10000000.0,38.0,A
today_sofar_sh|E12|k2|N30|A,480,30,S,-1.36,-39.36,47.7,60.5,-0.49,-63.2,-0.37,-2.36,True,today_sofar_sh,12:15,2,10000000.0,38.0,A
today_sofar_lo|E12|k2|N30|A,480,30,L,-3.29,-41.29,47.5,61.8,-1.17,-64.9,-5.04,-1.52,True,today_sofar_lo,12:15,2,10000000.0,38.0,A
or_ret|E12|k2|N30|A,480,30,L,-0.06,-38.06,50.0,60.1,-0.02,-61.9,-1.82,1.71,False,or_ret,12:15,2,10000000.0,38.0,A
or_ret_sh|E12|k2|N30|A,480,30,S,0.06,-37.94,50.0,60.1,0.02,-61.8,1.82,-1.71,False,or_ret_sh,12:15,2,10000000.0,38.0,A
orbT_up|E12|k2|N30|A,417,30,L,1.49,-36.51,56.8,53.3,0.57,-60.4,-1.06,4.06,False,orbT_up,12:15,2,10000000.0,38.0,A
orbT_up_sh|E12|k2|N30|A,417,30,S,-1.49,-39.49,43.2,53.3,-0.57,-63.2,1.06,-4.06,False,orbT_up_sh,12:15,2,10000000.0,38.0,A
orbT_dn_sh|E12|k2|N30|A,428,30,S,0.31,-37.69,49.5,54.4,0.12,-61.5,1.87,-1.26,False,orbT_dn_sh,12:15,2,10000000.0,38.0,A
orbT_dn_lg|E12|k2|N30|A,428,30,L,-0.31,-38.31,50.5,54.4,-0.12,-62.1,-1.87,1.26,False,orbT_dn_lg,12:15,2,10000000.0,38.0,A
orbT_up_small|E12|k2|N30|A,417,30,L,2.36,-35.64,56.8,53.3,0.9,-59.5,0.02,4.7,True,orbT_up_small,12:15,2,10000000.0,38.0,A
orbT_up_small_sh|E12|k2|N30|A,417,30,S,-2.36,-40.36,43.2,53.3,-0.9,-64.0,-0.02,-4.7,True,orbT_up_small_sh,12:15,2,10000000.0,38.0,A
orbT_dn_small_sh|E12|k2|N30|A,428,30,S,2.54,-35.46,50.7,55.6,0.95,-59.3,5.45,-0.39,False,orbT_dn_small_sh,12:15,2,10000000.0,38.0,A
orbT_dn_small_lg|E12|k2|N30|A,428,30,L,-2.54,-40.54,49.3,55.6,-0.95,-64.2,-5.45,0.39,False,orbT_dn_small_lg,12:15,2,10000000.0,38.0,A
inside_posor|E12|k2|N30|A,480,30,L,1.06,-36.94,52.3,48.6,0.48,-60.8,-0.51,2.64,False,inside_posor,12:15,2,10000000.0,38.0,A
inside_posor_sh|E12|k2|N30|A,480,30,S,-1.06,-39.06,47.7,48.6,-0.48,-62.8,0.51,-2.64,False,inside_posor_sh,12:15,2,10000000.0,38.0,A
inside_posor_lo|E12|k2|N30|A,480,30,L,-3.15,-41.15,49.4,51.9,-1.33,-64.7,-5.23,-1.05,True,inside_posor_lo,12:15,2,10000000.0,38.0,A
or_wide|E12|k2|N30|A,480,30,L,-2.3,-40.3,50.6,55.9,-0.9,-64.0,-0.97,-3.64,True,or_wide,12:15,2,10000000.0,38.0,A
or_wide_sh|E12|k2|N30|A,480,30,S,2.3,-35.7,49.4,55.9,0.9,-59.6,0.97,3.64,True,or_wide_sh,12:15,2,10000000.0,38.0,A
or_narrow|E12|k2|N30|A,480,30,L,-2.69,-40.69,47.9,47.1,-1.25,-64.3,-4.66,-0.7,True,or_narrow,12:15,2,10000000.0,38.0,A
or_narrow_sh|E12|k2|N30|A,480,30,S,2.69,-35.31,52.1,47.1,1.25,-59.1,4.66,0.7,True,or_narrow_sh,12:15,2,10000000.0,38.0,A
or_wrel_hi|E12|k2|N30|A,480,30,L,-1.37,-39.37,51.0,56.4,-0.53,-63.1,-0.64,-2.1,True,or_wrel_hi,12:15,2,10000000.0,38.0,A
or_wrel_lo|E12|k2|N30|A,480,30,L,-2.97,-40.97,51.2,50.9,-1.28,-64.6,-5.69,-0.23,True,or_wrel_lo,12:15,2,10000000.0,38.0,A
or_wrel_hi_sh|E12|k2|N30|A,480,30,S,1.37,-36.63,49.0,56.4,0.53,-60.5,0.64,2.1,True,or_wrel_hi_sh,12:15,2,10000000.0,38.0,A
or_wrel_lo_sh|E12|k2|N30|A,480,30,S,2.97,-35.03,48.8,50.9,1.28,-58.8,5.69,0.23,True,or_wrel_lo_sh,12:15,2,10000000.0,38.0,A
rng_expand|E12|k2|N30|A,480,30,L,-1.23,-39.23,52.3,55.6,-0.48,-63.0,-0.76,-1.7,True,rng_expand,12:15,2,10000000.0,38.0,A
rng_expand_sh|E12|k2|N30|A,480,30,S,1.23,-36.77,47.7,55.6,0.48,-60.6,0.76,1.7,True,rng_expand_sh,12:15,2,10000000.0,38.0,A
rng_compress|E12|k2|N30|A,480,30,L,-3.31,-41.31,47.1,47.1,-1.54,-64.9,-6.4,-0.19,True,rng_compress,12:15,2,10000000.0,38.0,A
rng_compress_sh|E12|k2|N30|A,480,30,S,3.31,-34.69,52.9,47.1,1.54,-58.5,6.4,0.19,True,rng_compress_sh,12:15,2,10000000.0,38.0,A
vol20_hi|E12|k2|N30|A,479,30,L,-9.12,-47.12,44.5,69.7,-2.87,-69.8,-10.82,-7.41,True,vol20_hi,12:15,2,10000000.0,38.0,A
vol20_hi_sh|E12|k2|N30|A,479,30,S,9.12,-28.88,55.5,69.7,2.87,-52.0,10.82,7.41,True,vol20_hi_sh,12:15,2,10000000.0,38.0,A
vol20_lo|E12|k2|N30|A,479,30,L,-0.14,-38.14,51.1,28.7,-0.11,-61.9,-0.19,-0.09,True,vol20_lo,12:15,2,10000000.0,38.0,A
vol20_lo_sh|E12|k2|N30|A,479,30,S,0.14,-37.86,48.9,28.7,0.11,-61.6,0.19,0.09,True,vol20_lo_sh,12:15,2,10000000.0,38.0,A
atr_hi|E12|k2|N30|A,480,30,L,-8.86,-46.86,46.2,71.0,-2.73,-69.6,-10.24,-7.46,True,atr_hi,12:15,2,10000000.0,38.0,A
atr_lo|E12|k2|N30|A,480,30,L,0.61,-37.39,52.7,27.8,0.48,-61.1,0.49,0.72,True,atr_lo,12:15,2,10000000.0,38.0,A
atr_hi_sh|E12|k2|N30|A,480,30,S,8.86,-29.14,53.8,71.0,2.73,-52.4,10.24,7.46,True,atr_hi_sh,12:15,2,10000000.0,38.0,A
fail_up_sh|E12|k2|N30|A,445,30,S,-1.6,-39.6,43.8,54.9,-0.61,-63.3,0.02,-3.23,False,fail_up_sh,12:15,2,10000000.0,38.0,A
fail_up_lg|E12|k2|N30|A,445,30,L,1.6,-36.4,56.2,54.9,0.61,-60.3,-0.02,3.23,False,fail_up_lg,12:15,2,10000000.0,38.0,A
fail_dn_lg|E12|k2|N30|A,457,30,L,-2.04,-40.04,49.5,52.5,-0.83,-63.7,-4.09,0.03,False,fail_dn_lg,12:15,2,10000000.0,38.0,A
fail_dn_sh|E12|k2|N30|A,457,30,S,2.04,-35.96,50.5,52.5,0.83,-59.8,4.09,-0.03,False,fail_dn_sh,12:15,2,10000000.0,38.0,A
giveback_up_sh|E12|k2|N30|A,480,30,S,-1.3,-39.3,46.5,49.9,-0.57,-63.0,-0.38,-2.22,True,giveback_up_sh,12:15,2,10000000.0,38.0,A
giveback_up_lg|E12|k2|N30|A,480,30,L,1.3,-36.7,53.5,49.9,0.57,-60.5,0.38,2.22,True,giveback_up_lg,12:15,2,10000000.0,38.0,A
giveback_dn_lg|E12|k2|N30|A,480,30,L,-1.36,-39.36,50.0,47.5,-0.63,-63.1,-3.13,0.43,False,giveback_dn_lg,12:15,2,10000000.0,38.0,A
giveback_dn_sh|E12|k2|N30|A,480,30,S,1.36,-36.64,50.0,47.5,0.63,-60.5,3.13,-0.43,False,giveback_dn_sh,12:15,2,10000000.0,38.0,A
poke_up|E12|k2|N30|A,480,30,L,-0.62,-38.62,51.5,51.9,-0.26,-62.4,-3.81,2.6,False,poke_up,12:15,2,10000000.0,38.0,A
poke_up_sh|E12|k2|N30|A,480,30,S,0.62,-37.38,48.5,51.9,0.26,-61.2,3.81,-2.6,False,poke_up_sh,12:15,2,10000000.0,38.0,A
poke_dn_sh|E12|k2|N30|A,480,30,S,-1.34,-39.34,46.5,51.6,-0.57,-63.1,1.14,-3.84,False,poke_dn_sh,12:15,2,10000000.0,38.0,A
poke_dn_lg|E12|k2|N30|A,480,30,L,1.34,-36.66,53.5,51.6,0.57,-60.5,-1.14,3.84,False,poke_dn_lg,12:15,2,10000000.0,38.0,A
ext_up_sh|E12|k2|N30|A,480,30,S,-1.26,-39.26,46.7,49.9,-0.55,-63.0,-0.38,-2.15,True,ext_up_sh,12:15,2,10000000.0,38.0,A
ext_up_lg|E12|k2|N30|A,480,30,L,1.26,-36.74,53.3,49.9,0.55,-60.6,0.38,2.15,True,ext_up_lg,12:15,2,10000000.0,38.0,A
held_up|E12|k2|N30|A,417,30,L,1.45,-36.55,56.8,53.3,0.56,-60.4,-1.07,3.98,False,held_up,12:15,2,10000000.0,38.0,A
held_up_sh|E12|k2|N30|A,417,30,S,-1.45,-39.45,43.2,53.3,-0.56,-63.2,1.07,-3.98,False,held_up_sh,12:15,2,10000000.0,38.0,A
held_dn_sh|E12|k2|N30|A,427,30,S,0.4,-37.6,49.6,54.5,0.15,-61.4,1.95,-1.16,False,held_dn_sh,12:15,2,10000000.0,38.0,A
held_dn_lg|E12|k2|N30|A,427,30,L,-0.4,-38.4,50.4,54.5,-0.15,-62.2,-1.95,1.16,False,held_dn_lg,12:15,2,10000000.0,38.0,A
rvol_hi|E12|k2|N30|A,480,30,L,-2.23,-40.23,49.0,56.3,-0.87,-63.9,-2.69,-1.76,True,rvol_hi,12:15,2,10000000.0,38.0,A
rvol_hi_sh|E12|k2|N30|A,480,30,S,2.23,-35.77,51.0,56.3,0.87,-59.6,2.69,1.76,True,rvol_hi_sh,12:15,2,10000000.0,38.0,A
rvol_lo|E12|k2|N30|A,480,30,L,-2.32,-40.32,50.0,48.9,-1.04,-64.0,-4.78,0.15,False,rvol_lo,12:15,2,10000000.0,38.0,A
rvol_lo_sh|E12|k2|N30|A,480,30,S,2.32,-35.68,50.0,48.9,1.04,-59.5,4.78,-0.15,False,rvol_lo_sh,12:15,2,10000000.0,38.0,A
orb_vol125|E12|k2|N30|A,368,30,L,3.09,-34.91,54.6,56.9,1.04,-58.7,-0.2,6.42,False,orb_vol125,12:15,2,10000000.0,38.0,A
orb_vol125_sh|E12|k2|N30|A,368,30,S,-3.09,-41.09,45.4,56.9,-1.04,-64.7,0.2,-6.42,False,orb_vol125_sh,12:15,2,10000000.0,38.0,A
orbdn_vol125_sh|E12|k2|N30|A,263,30,S,2.79,-35.21,51.7,62.1,0.73,-59.1,3.5,2.07,True,orbdn_vol125_sh,12:15,2,10000000.0,38.0,A
orbdn_vol125_lg|E12|k2|N30|A,263,30,L,-2.79,-40.79,48.3,62.1,-0.73,-64.5,-3.5,-2.07,True,orbdn_vol125_lg,12:15,2,10000000.0,38.0,A
orb_vol15|E12|k2|N30|A,321,30,L,6.78,-31.22,56.7,53.7,2.27,-54.7,7.67,5.9,True,orb_vol15,12:15,2,10000000.0,38.0,A
orb_vol15_sh|E12|k2|N30|A,321,30,S,-6.78,-44.78,43.3,53.7,-2.27,-67.8,-7.67,-5.9,True,orb_vol15_sh,12:15,2,10000000.0,38.0,A
orbdn_vol15_sh|E12|k2|N30|A,174,30,S,2.75,-35.25,50.0,62.1,0.58,-59.1,-0.19,5.76,False,orbdn_vol15_sh,12:15,2,10000000.0,38.0,A
orbdn_vol15_lg|E12|k2|N30|A,174,30,L,-2.75,-40.75,50.0,62.1,-0.58,-64.4,0.19,-5.76,False,orbdn_vol15_lg,12:15,2,10000000.0,38.0,A
orb_vol20|E12|k2|N30|A,223,30,L,4.56,-33.44,54.7,60.2,1.13,-57.2,9.99,-0.92,False,orb_vol20,12:15,2,10000000.0,38.0,A
orb_vol20_sh|E12|k2|N30|A,223,30,S,-4.56,-42.56,45.3,60.2,-1.13,-66.0,-9.99,0.92,False,orb_vol20_sh,12:15,2,10000000.0,38.0,A
orb_x_rvol|E12|k2|N30|A,480,30,L,-1.51,-39.51,51.0,53.5,-0.62,-63.3,-2.8,-0.2,True,orb_x_rvol,12:15,2,10000000.0,38.0,A
orb_x_rvol_sh|E12|k2|N30|A,480,30,S,1.51,-36.49,49.0,53.5,0.62,-60.3,2.8,0.2,True,orb_x_rvol_sh,12:15,2,10000000.0,38.0,A
orb_novol|E12|k2|N30|A,207,30,L,3.34,-34.66,58.9,49.5,0.97,-58.4,2.9,3.78,True,orb_novol,12:15,2,10000000.0,38.0,A
orb_novol_sh|E12|k2|N30|A,207,30,S,-3.34,-41.34,41.1,49.5,-0.97,-64.9,-2.9,-3.78,True,orb_novol_sh,12:15,2,10000000.0,38.0,A
orb_wideOR|E12|k2|N30|A,205,30,L,6.22,-31.78,58.0,58.3,1.53,-55.4,9.02,3.39,True,orb_wideOR,12:15,2,10000000.0,38.0,A
orb_wideOR_sh|E12|k2|N30|A,205,30,S,-6.22,-44.22,42.0,58.3,-1.53,-67.4,-9.02,-3.39,True,orb_wideOR_sh,12:15,2,10000000.0,38.0,A
orb_narrowOR|E12|k2|N30|A,238,30,L,2.26,-35.74,54.2,52.8,0.66,-59.6,-2.09,6.67,False,orb_narrowOR,12:15,2,10000000.0,38.0,A
orb_narrowOR_sh|E12|k2|N30|A,238,30,S,-2.26,-40.26,45.8,52.8,-0.66,-63.9,2.09,-6.67,False,orb_narrowOR_sh,12:15,2,10000000.0,38.0,A
orbdn_wideOR_sh|E12|k2|N30|A,168,30,S,5.31,-32.69,54.2,67.8,1.02,-56.4,10.31,0.19,True,orbdn_wideOR_sh,12:15,2,10000000.0,38.0,A
orbdn_narrowOR_sh|E12|k2|N30|A,304,30,S,6.64,-31.36,56.2,55.3,2.09,-54.9,9.4,3.84,True,orbdn_narrowOR_sh,12:15,2,10000000.0,38.0,A
orbdn_wideOR_lg|E12|k2|N30|A,168,30,L,-5.31,-43.31,45.8,67.8,-1.02,-66.7,-10.31,-0.19,True,orbdn_wideOR_lg,12:15,2,10000000.0,38.0,A
orbdn_narrowOR_lg|E12|k2|N30|A,304,30,L,-6.64,-44.64,43.8,55.3,-2.09,-67.7,-9.4,-3.84,True,orbdn_narrowOR_lg,12:15,2,10000000.0,38.0,A
orb_coiled|E12|k2|N30|A,237,30,L,4.23,-33.77,54.9,54.0,1.21,-57.5,0.58,7.91,True,orb_coiled,12:15,2,10000000.0,38.0,A
orb_coiled_sh|E12|k2|N30|A,237,30,S,-4.23,-42.23,45.1,54.0,-1.21,-65.7,-0.58,-7.91,True,orb_coiled_sh,12:15,2,10000000.0,38.0,A
orbdn_coiled_sh|E12|k2|N30|A,304,30,S,5.46,-32.54,54.6,54.5,1.74,-56.2,8.8,2.07,True,orbdn_coiled_sh,12:15,2,10000000.0,38.0,A
orb_gapup|E12|k2|N30|A,135,30,L,8.78,-29.22,59.3,64.6,1.58,-52.4,11.2,6.33,True,orb_gapup,12:15,2,10000000.0,38.0,A
orb_gapup_sh|E12|k2|N30|A,135,30,S,-8.78,-46.78,40.7,64.6,-1.58,-69.5,-11.2,-6.33,True,orb_gapup_sh,12:15,2,10000000.0,38.0,A
orb_nogap|E12|k2|N30|A,341,30,L,0.61,-37.39,52.8,48.2,0.23,-61.2,-5.71,6.96,False,orb_nogap,12:15,2,10000000.0,38.0,A
orb_nogap_sh|E12|k2|N30|A,341,30,S,-0.61,-38.61,47.2,48.2,-0.23,-62.4,5.71,-6.96,False,orb_nogap_sh,12:15,2,10000000.0,38.0,A
orbdn_gapup_sh|E12|k2|N30|A,185,30,S,6.43,-31.57,54.6,64.4,1.36,-55.2,11.21,1.59,True,orbdn_gapup_sh,12:15,2,10000000.0,38.0,A
gap_up|E12|k2|N30|A,480,30,L,-3.1,-41.1,49.0,57.3,-1.19,-64.7,-5.98,-0.2,True,gap_up,12:15,2,10000000.0,38.0,A
gap_up_sh|E12|k2|N30|A,480,30,S,3.1,-34.9,51.0,57.3,1.19,-58.7,5.98,0.2,True,gap_up_sh,12:15,2,10000000.0,38.0,A
gap_dn_lg|E12|k2|N30|A,480,30,L,1.18,-36.82,53.1,54.7,0.47,-60.7,2.7,-0.35,False,gap_dn_lg,12:15,2,10000000.0,38.0,A
gap_dn_sh|E12|k2|N30|A,480,30,S,-1.18,-39.18,46.9,54.7,-0.47,-63.0,-2.7,0.35,False,gap_dn_sh,12:15,2,10000000.0,38.0,A
orb_hivol|E12|k2|N30|A,174,30,L,9.8,-28.2,58.0,71.7,1.8,-51.2,12.77,6.75,True,orb_hivol,12:15,2,10000000.0,38.0,A
orb_hivol_sh|E12|k2|N30|A,174,30,S,-9.8,-47.8,42.0,71.7,-1.8,-70.3,-12.77,-6.75,True,orb_hivol_sh,12:15,2,10000000.0,38.0,A
orb_lovol|E12|k2|N30|A,225,30,L,3.79,-34.21,55.6,42.3,1.34,-57.9,3.14,4.43,True,orb_lovol,12:15,2,10000000.0,38.0,A
orb_lovol_sh|E12|k2|N30|A,225,30,S,-3.79,-41.79,44.4,42.3,-1.34,-65.3,-3.14,-4.43,True,orb_lovol_sh,12:15,2,10000000.0,38.0,A
orbdn_hivol_sh|E12|k2|N30|A,244,30,S,9.93,-28.07,56.1,72.8,2.13,-51.1,16.76,2.98,True,orbdn_hivol_sh,12:15,2,10000000.0,38.0,A
orbdn_lovol_sh|E12|k2|N30|A,234,30,S,4.65,-33.35,52.6,46.6,1.53,-57.0,5.91,3.36,True,orbdn_lovol_sh,12:15,2,10000000.0,38.0,A
posrange_hivol|E12|k2|N30|A,479,30,L,-2.3,-40.3,49.7,65.4,-0.77,-64.0,-5.3,0.72,False,posrange_hivol,12:15,2,10000000.0,38.0,A
posrange_lovol|E12|k2|N30|A,479,30,L,-1.19,-39.19,49.9,37.5,-0.7,-62.9,-2.75,0.37,False,posrange_lovol,12:15,2,10000000.0,38.0,A
posrange_hivol_sh|E12|k2|N30|A,479,30,S,2.3,-35.7,50.3,65.4,0.77,-59.6,5.3,-0.72,False,posrange_hivol_sh,12:15,2,10000000.0,38.0,A
posrange_lovol_sh|E12|k2|N30|A,479,30,S,1.19,-36.81,50.1,37.5,0.7,-60.6,2.75,-0.37,False,posrange_lovol_sh,12:15,2,10000000.0,38.0,A
orb_minus_width|E12|k2|N30|A,480,30,L,-1.24,-39.24,51.2,47.2,-0.58,-63.0,-4.08,1.62,False,orb_minus_width,12:15,2,10000000.0,38.0,A
orb_plus_width|E12|k2|N30|A,480,30,L,0.44,-37.56,53.1,54.7,0.18,-61.4,-0.25,1.14,False,orb_plus_width,12:15,2,10000000.0,38.0,A
orb_plus_width_sh|E12|k2|N30|A,480,30,S,-0.44,-38.44,46.9,54.7,-0.18,-62.3,0.25,-1.14,False,orb_plus_width_sh,12:15,2,10000000.0,38.0,A
orb_minus_width_sh|E12|k2|N30|A,480,30,S,1.24,-36.76,48.8,47.2,0.58,-60.6,4.08,-1.62,False,orb_minus_width_sh,12:15,2,10000000.0,38.0,A
orb_minus_d20|E12|k2|N30|A,469,30,L,1.48,-36.52,53.9,56.6,0.57,-60.4,-1.5,4.47,False,orb_minus_d20,12:15,2,10000000.0,38.0,A
orb_plus_d20|E12|k2|N30|A,469,30,L,-3.28,-41.28,48.6,55.7,-1.27,-64.9,-2.99,-3.57,True,orb_plus_d20,12:15,2,10000000.0,38.0,A
orb_plus_d20_sh|E12|k2|N30|A,469,30,S,3.28,-34.72,51.4,55.7,1.27,-58.5,2.99,3.57,True,orb_plus_d20_sh,12:15,2,10000000.0,38.0,A
orb_plus_pct52|E12|k2|N30|A,430,30,L,0.2,-37.8,54.9,45.4,0.09,-61.6,-2.88,3.31,False,orb_plus_pct52,12:15,2,10000000.0,38.0,A
orb_plus_pct52_sh|E12|k2|N30|A,430,30,S,-0.2,-38.2,45.1,45.4,-0.09,-62.0,2.88,-3.31,False,orb_plus_pct52_sh,12:15,2,10000000.0,38.0,A
compress_then_pos|E12|k2|N30|A,480,30,L,-1.24,-39.24,51.2,47.2,-0.58,-63.0,-4.08,1.62,False,compress_then_pos,12:15,2,10000000.0,38.0,A
compress_then_pos_sh|E12|k2|N30|A,480,30,S,1.24,-36.76,48.8,47.2,0.58,-60.6,4.08,-1.62,False,compress_then_pos_sh,12:15,2,10000000.0,38.0,A
expand_then_pos|E12|k2|N30|A,480,30,L,0.44,-37.56,53.1,54.7,0.18,-61.4,-0.25,1.14,False,expand_then_pos,12:15,2,10000000.0,38.0,A
expand_then_pos_sh|E12|k2|N30|A,480,30,S,-0.44,-38.44,46.9,54.7,-0.18,-62.3,0.25,-1.14,False,expand_then_pos_sh,12:15,2,10000000.0,38.0,A
orb_up|E12|k2|N5|B,480,5,L,-1.88,-22.88,48.8,78.4,-0.53,-44.3,-3.95,0.19,False,orb_up,12:15,2,100000000.0,21.0,B
orb_up_sh|E12|k2|N5|B,480,5,S,1.88,-19.12,51.2,78.4,0.53,-38.7,3.95,-0.19,False,orb_up_sh,12:15,2,100000000.0,21.0,B
orb_dn_sh|E12|k2|N5|B,480,5,S,-2.7,-23.7,47.1,68.7,-0.86,-45.3,-0.34,-5.07,True,orb_dn_sh,12:15,2,100000000.0,21.0,B
orb_dn_lg|E12|k2|N5|B,480,5,L,2.7,-18.3,52.9,68.7,0.86,-37.4,0.34,5.07,True,orb_dn_lg,12:15,2,100000000.0,21.0,B
orb_up_sig|E12|k2|N5|B,480,5,L,-1.4,-22.4,47.3,85.6,-0.36,-43.7,-5.4,2.63,False,orb_up_sig,12:15,2,100000000.0,21.0,B
orb_up_sig_sh|E12|k2|N5|B,480,5,S,1.4,-19.6,52.7,85.6,0.36,-39.6,5.4,-2.63,False,orb_up_sig_sh,12:15,2,100000000.0,21.0,B
orb_dn_sig_sh|E12|k2|N5|B,480,5,S,-4.31,-25.31,47.5,70.5,-1.34,-47.5,-2.66,-5.97,True,orb_dn_sig_sh,12:15,2,100000000.0,21.0,B
orb_dn_sig_lg|E12|k2|N5|B,480,5,L,4.31,-16.69,52.5,70.5,1.34,-34.8,2.66,5.97,True,orb_dn_sig_lg,12:15,2,100000000.0,21.0,B
pos_in_or|E12|k2|N5|B,480,5,L,-1.88,-22.88,48.8,78.4,-0.53,-44.3,-3.95,0.19,False,pos_in_or,12:15,2,100000000.0,21.0,B
pos_in_or_sh|E12|k2|N5|B,480,5,S,1.88,-19.12,51.2,78.4,0.53,-38.7,3.95,-0.19,False,pos_in_or_sh,12:15,2,100000000.0,21.0,B
pos_in_or_lo|E12|k2|N5|B,480,5,L,2.7,-18.3,52.9,68.7,0.86,-37.4,0.34,5.07,True,pos_in_or_lo,12:15,2,100000000.0,21.0,B
pos_in_or_lo_sh|E12|k2|N5|B,480,5,S,-2.7,-23.7,47.1,68.7,-0.86,-45.3,-0.34,-5.07,True,pos_in_or_lo_sh,12:15,2,100000000.0,21.0,B
or_close_pos|E12|k2|N5|B,480,5,L,-0.41,-21.41,47.7,59.4,-0.15,-42.0,-3.69,2.89,False,or_close_pos,12:15,2,100000000.0,21.0,B
or_close_pos_lo|E12|k2|N5|B,480,5,L,3.02,-17.98,55.6,52.2,1.27,-36.7,4.37,1.66,True,or_close_pos_lo,12:15,2,100000000.0,21.0,B
or_close_pos_sh|E12|k2|N5|B,480,5,S,0.41,-20.59,52.3,59.4,0.15,-40.8,3.69,-2.89,False,or_close_pos_sh,12:15,2,100000000.0,21.0,B
posrange_hi|E12|k2|N5|B,480,5,L,0.93,-20.07,50.8,60.9,0.33,-40.0,-5.26,7.17,False,posrange_hi,12:15,2,100000000.0,21.0,B
posrange_hi_sh|E12|k2|N5|B,480,5,S,-0.93,-21.93,49.2,60.9,-0.33,-42.8,5.26,-7.17,False,posrange_hi_sh,12:15,2,100000000.0,21.0,B
posrange_lo|E12|k2|N5|B,480,5,L,2.01,-18.99,52.9,61.3,0.72,-38.3,-0.18,4.22,False,posrange_lo,12:15,2,100000000.0,21.0,B
posrange_lo_sh|E12|k2|N5|B,480,5,S,-2.01,-23.01,47.1,61.3,-0.72,-44.3,0.18,-4.22,False,posrange_lo_sh,12:15,2,100000000.0,21.0,B
today_sofar|E12|k2|N5|B,480,5,L,1.06,-19.94,46.7,113.9,0.2,-40.5,-1.49,3.64,False,today_sofar,12:15,2,100000000.0,21.0,B
today_sofar_sh|E12|k2|N5|B,480,5,S,-1.06,-22.06,53.3,113.9,-0.2,-43.6,1.49,-3.64,False,today_sofar_sh,12:15,2,100000000.0,21.0,B
today_sofar_lo|E12|k2|N5|B,480,5,L,-9.87,-30.87,43.8,91.3,-2.37,-54.6,-8.08,-11.68,True,today_sofar_lo,12:15,2,100000000.0,21.0,B
or_ret|E12|k2|N5|B,480,5,L,1.25,-19.75,50.6,105.8,0.26,-40.1,-0.69,3.2,False,or_ret,12:15,2,100000000.0,21.0,B
or_ret_sh|E12|k2|N5|B,480,5,S,-1.25,-22.25,49.4,105.8,-0.26,-43.8,0.69,-3.2,False,or_ret_sh,12:15,2,100000000.0,21.0,B
orbT_up|E12|k2|N5|B,472,5,L,-1.74,-22.74,49.4,80.6,-0.47,-44.1,-3.74,0.29,False,orbT_up,12:15,2,100000000.0,21.0,B
orbT_up_sh|E12|k2|N5|B,472,5,S,1.74,-19.26,50.6,80.6,0.47,-39.0,3.74,-0.29,False,orbT_up_sh,12:15,2,100000000.0,21.0,B
orbT_dn_sh|E12|k2|N5|B,471,5,S,-2.91,-23.91,46.9,68.7,-0.92,-45.6,-1.67,-4.17,True,orbT_dn_sh,12:15,2,100000000.0,21.0,B
orbT_dn_lg|E12|k2|N5|B,471,5,L,2.91,-18.09,53.1,68.7,0.92,-37.0,1.67,4.17,True,orbT_dn_lg,12:15,2,100000000.0,21.0,B
orbT_up_small|E12|k2|N5|B,472,5,L,2.94,-18.06,53.2,74.8,0.85,-37.0,1.73,4.16,True,orbT_up_small,12:15,2,100000000.0,21.0,B
orbT_up_small_sh|E12|k2|N5|B,472,5,S,-2.94,-23.94,46.8,74.8,-0.85,-45.7,-1.73,-4.16,True,orbT_up_small_sh,12:15,2,100000000.0,21.0,B
orbT_dn_small_sh|E12|k2|N5|B,471,5,S,5.69,-15.31,53.1,69.6,1.77,-32.4,9.29,2.07,True,orbT_dn_small_sh,12:15,2,100000000.0,21.0,B
orbT_dn_small_lg|E12|k2|N5|B,471,5,L,-5.69,-26.69,46.9,69.6,-1.77,-49.3,-9.29,-2.07,True,orbT_dn_small_lg,12:15,2,100000000.0,21.0,B
inside_posor|E12|k2|N5|B,480,5,L,-3.37,-24.37,45.8,50.4,-1.47,-46.1,-5.28,-1.45,True,inside_posor,12:15,2,100000000.0,21.0,B
inside_posor_sh|E12|k2|N5|B,480,5,S,3.37,-17.63,54.2,50.4,1.47,-36.1,5.28,1.45,True,inside_posor_sh,12:15,2,100000000.0,21.0,B
inside_posor_lo|E12|k2|N5|B,480,5,L,-0.87,-21.87,48.3,51.6,-0.37,-42.6,-3.12,1.39,False,inside_posor_lo,12:15,2,100000000.0,21.0,B
or_wide|E12|k2|N5|B,480,5,L,-3.43,-24.43,46.5,88.5,-0.85,-46.5,-1.84,-5.03,True,or_wide,12:15,2,100000000.0,21.0,B
or_wide_sh|E12|k2|N5|B,480,5,S,3.43,-17.57,53.5,88.5,0.85,-36.4,1.84,5.03,True,or_wide_sh,12:15,2,100000000.0,21.0,B
or_narrow|E12|k2|N5|B,480,5,L,-0.65,-21.65,46.5,49.9,-0.29,-42.3,-1.78,0.48,False,or_narrow,12:15,2,100000000.0,21.0,B
or_narrow_sh|E12|k2|N5|B,480,5,S,0.65,-20.35,53.3,49.9,0.29,-40.3,1.78,-0.48,False,or_narrow_sh,12:15,2,100000000.0,21.0,B
or_wrel_hi|E12|k2|N5|B,480,5,L,-4.55,-25.55,45.8,91.0,-1.1,-48.1,-1.48,-7.66,True,or_wrel_hi,12:15,2,100000000.0,21.0,B
or_wrel_lo|E12|k2|N5|B,480,5,L,0.42,-20.58,50.0,62.3,0.15,-40.8,-3.14,4.02,False,or_wrel_lo,12:15,2,100000000.0,21.0,B
or_wrel_hi_sh|E12|k2|N5|B,480,5,S,4.55,-16.45,54.2,91.0,1.1,-34.6,1.48,7.66,True,or_wrel_hi_sh,12:15,2,100000000.0,21.0,B
or_wrel_lo_sh|E12|k2|N5|B,480,5,S,-0.42,-21.42,50.0,62.3,-0.15,-42.0,3.14,-4.02,False,or_wrel_lo_sh,12:15,2,100000000.0,21.0,B
rng_expand|E12|k2|N5|B,480,5,L,-6.25,-27.25,44.2,96.0,-1.43,-50.3,-1.4,-11.14,True,rng_expand,12:15,2,100000000.0,21.0,B
rng_expand_sh|E12|k2|N5|B,480,5,S,6.25,-14.75,55.8,96.0,1.43,-31.9,1.4,11.14,True,rng_expand_sh,12:15,2,100000000.0,21.0,B
rng_compress|E12|k2|N5|B,480,5,L,-3.64,-24.64,45.4,47.7,-1.67,-46.5,-4.51,-2.76,True,rng_compress,12:15,2,100000000.0,21.0,B
rng_compress_sh|E12|k2|N5|B,480,5,S,3.64,-17.36,54.4,47.7,1.67,-35.6,4.51,2.76,True,rng_compress_sh,12:15,2,100000000.0,21.0,B
vol20_hi|E12|k2|N5|B,479,5,L,-10.39,-31.39,44.3,102.8,-2.21,-55.3,-11.75,-9.01,True,vol20_hi,12:15,2,100000000.0,21.0,B
vol20_hi_sh|E12|k2|N5|B,479,5,S,10.39,-10.61,55.7,102.8,2.21,-24.5,11.75,9.01,True,vol20_hi_sh,12:15,2,100000000.0,21.0,B
vol20_lo|E12|k2|N5|B,479,5,L,0.06,-20.94,38.8,3.0,0.43,-41.0,0.15,-0.03,False,vol20_lo,12:15,2,100000000.0,21.0,B
vol20_lo_sh|E12|k2|N5|B,479,5,S,-0.06,-21.06,60.1,3.0,-0.43,-41.2,-0.15,0.03,False,vol20_lo_sh,12:15,2,100000000.0,21.0,B
atr_hi|E12|k2|N5|B,480,5,L,-9.51,-30.51,45.2,105.8,-1.97,-54.3,-4.77,-14.28,True,atr_hi,12:15,2,100000000.0,21.0,B
atr_lo|E12|k2|N5|B,480,5,L,0.17,-20.83,48.8,1.8,2.11,-40.9,0.33,0.02,True,atr_lo,12:15,2,100000000.0,21.0,B
atr_hi_sh|E12|k2|N5|B,480,5,S,9.51,-11.49,54.8,105.8,1.97,-26.2,4.77,14.28,True,atr_hi_sh,12:15,2,100000000.0,21.0,B
fail_up_sh|E12|k2|N5|B,476,5,S,-2.31,-23.31,51.9,69.8,-0.72,-44.8,-1.25,-3.38,True,fail_up_sh,12:15,2,100000000.0,21.0,B
fail_up_lg|E12|k2|N5|B,476,5,L,2.31,-18.69,48.1,69.8,0.72,-38.0,1.25,3.38,True,fail_up_lg,12:15,2,100000000.0,21.0,B
fail_dn_lg|E12|k2|N5|B,479,5,L,-0.92,-21.92,47.2,65.6,-0.31,-42.8,-5.56,3.74,False,fail_dn_lg,12:15,2,100000000.0,21.0,B
fail_dn_sh|E12|k2|N5|B,479,5,S,0.92,-20.08,52.8,65.6,0.31,-40.1,5.56,-3.74,False,fail_dn_sh,12:15,2,100000000.0,21.0,B
giveback_up_sh|E12|k2|N5|B,480,5,S,-2.49,-23.49,47.9,62.6,-0.87,-45.0,-2.04,-2.95,True,giveback_up_sh,12:15,2,100000000.0,21.0,B
giveback_up_lg|E12|k2|N5|B,480,5,L,2.49,-18.51,52.1,62.6,0.87,-37.6,2.04,2.95,True,giveback_up_lg,12:15,2,100000000.0,21.0,B
giveback_dn_lg|E12|k2|N5|B,480,5,L,-2.49,-23.49,50.6,68.1,-0.8,-45.0,-4.03,-0.93,True,giveback_dn_lg,12:15,2,100000000.0,21.0,B
giveback_dn_sh|E12|k2|N5|B,480,5,S,2.49,-18.51,49.4,68.1,0.8,-37.7,4.03,0.93,True,giveback_dn_sh,12:15,2,100000000.0,21.0,B
poke_up|E12|k2|N5|B,480,5,L,-4.19,-25.19,45.4,77.8,-1.18,-47.4,-0.5,-7.91,True,poke_up,12:15,2,100000000.0,21.0,B
poke_up_sh|E12|k2|N5|B,480,5,S,4.19,-16.81,54.6,77.8,1.18,-35.1,0.5,7.91,True,poke_up_sh,12:15,2,100000000.0,21.0,B
poke_dn_sh|E12|k2|N5|B,480,5,S,-1.92,-22.92,48.5,67.0,-0.63,-44.2,-1.95,-1.89,True,poke_dn_sh,12:15,2,100000000.0,21.0,B
poke_dn_lg|E12|k2|N5|B,480,5,L,1.92,-19.08,51.5,67.0,0.63,-38.5,1.95,1.89,True,poke_dn_lg,12:15,2,100000000.0,21.0,B
ext_up_sh|E12|k2|N5|B,480,5,S,-2.49,-23.49,47.9,62.6,-0.87,-45.0,-2.04,-2.95,True,ext_up_sh,12:15,2,100000000.0,21.0,B
ext_up_lg|E12|k2|N5|B,480,5,L,2.49,-18.51,52.1,62.6,0.87,-37.6,2.04,2.95,True,ext_up_lg,12:15,2,100000000.0,21.0,B
held_up|E12|k2|N5|B,472,5,L,-1.74,-22.74,49.4,80.6,-0.47,-44.1,-3.74,0.29,False,held_up,12:15,2,100000000.0,21.0,B
held_up_sh|E12|k2|N5|B,472,5,S,1.74,-19.26,50.6,80.6,0.47,-39.0,3.74,-0.29,False,held_up_sh,12:15,2,100000000.0,21.0,B
held_dn_sh|E12|k2|N5|B,471,5,S,-2.91,-23.91,46.9,68.7,-0.92,-45.6,-1.65,-4.17,True,held_dn_sh,12:15,2,100000000.0,21.0,B
held_dn_lg|E12|k2|N5|B,471,5,L,2.91,-18.09,53.1,68.7,0.92,-37.0,1.65,4.17,True,held_dn_lg,12:15,2,100000000.0,21.0,B
rvol_hi|E12|k2|N5|B,480,5,L,-7.93,-28.93,45.0,108.2,-1.61,-52.5,-7.84,-8.03,True,rvol_hi,12:15,2,100000000.0,21.0,B
rvol_hi_sh|E12|k2|N5|B,480,5,S,7.93,-13.07,55.0,108.2,1.61,-29.1,7.84,8.03,True,rvol_hi_sh,12:15,2,100000000.0,21.0,B
rvol_lo|E12|k2|N5|B,480,5,L,-2.22,-23.22,48.5,60.1,-0.81,-44.6,-0.17,-4.29,True,rvol_lo,12:15,2,100000000.0,21.0,B
rvol_lo_sh|E12|k2|N5|B,480,5,S,2.22,-18.78,51.5,60.1,0.81,-38.0,0.17,4.29,True,rvol_lo_sh,12:15,2,100000000.0,21.0,B
orb_vol125|E12|k2|N5|B,461,5,L,-1.4,-22.4,48.8,85.6,-0.35,-43.7,-2.84,0.05,False,orb_vol125,12:15,2,100000000.0,21.0,B
orb_vol125_sh|E12|k2|N5|B,461,5,S,1.4,-19.6,51.2,85.6,0.35,-39.6,2.84,-0.05,False,orb_vol125_sh,12:15,2,100000000.0,21.0,B
orbdn_vol125_sh|E12|k2|N5|B,446,5,S,-1.01,-22.01,50.2,70.2,-0.3,-43.0,-0.71,-1.32,True,orbdn_vol125_sh,12:15,2,100000000.0,21.0,B
orbdn_vol125_lg|E12|k2|N5|B,446,5,L,1.01,-19.99,49.8,70.2,0.3,-40.0,0.71,1.32,True,orbdn_vol125_lg,12:15,2,100000000.0,21.0,B
orb_vol15|E12|k2|N5|B,453,5,L,-0.02,-21.02,48.8,89.6,-0.01,-41.8,-2.05,2.01,False,orb_vol15,12:15,2,100000000.0,21.0,B
orb_vol15_sh|E12|k2|N5|B,453,5,S,0.02,-20.98,51.2,89.6,0.01,-41.7,2.05,-2.01,False,orb_vol15_sh,12:15,2,100000000.0,21.0,B
orbdn_vol15_sh|E12|k2|N5|B,426,5,S,-2.06,-23.06,49.3,73.3,-0.58,-44.5,-1.84,-2.28,True,orbdn_vol15_sh,12:15,2,100000000.0,21.0,B
orbdn_vol15_lg|E12|k2|N5|B,426,5,L,2.06,-18.94,50.7,73.3,0.58,-38.4,1.84,2.28,True,orbdn_vol15_lg,12:15,2,100000000.0,21.0,B
orb_vol20|E12|k2|N5|B,422,5,L,-0.28,-21.28,47.9,92.7,-0.06,-42.2,-5.19,4.68,False,orb_vol20,12:15,2,100000000.0,21.0,B
orb_vol20_sh|E12|k2|N5|B,422,5,S,0.28,-20.72,52.1,92.7,0.06,-41.4,5.19,-4.68,False,orb_vol20_sh,12:15,2,100000000.0,21.0,B
orbdn_vol20_sh|E12|k2|N5|B,338,5,S,1.72,-19.28,50.3,78.9,0.4,-39.0,3.25,0.17,True,orbdn_vol20_sh,12:15,2,100000000.0,21.0,B
orbdn_vol20_lg|E12|k2|N5|B,338,5,L,-1.72,-22.72,49.7,78.9,-0.4,-44.1,-3.25,-0.17,True,orbdn_vol20_lg,12:15,2,100000000.0,21.0,B
orb_x_rvol|E12|k2|N5|B,480,5,L,-8.65,-29.65,43.1,107.1,-1.77,-53.4,-10.19,-7.1,True,orb_x_rvol,12:15,2,100000000.0,21.0,B
orb_x_rvol_sh|E12|k2|N5|B,480,5,S,8.65,-12.35,56.9,107.1,1.77,-27.8,10.19,7.1,True,orb_x_rvol_sh,12:15,2,100000000.0,21.0,B
orb_novol|E12|k2|N5|B,395,5,L,1.92,-19.08,53.4,55.6,0.69,-38.4,2.79,1.05,True,orb_novol,12:15,2,100000000.0,21.0,B
orb_novol_sh|E12|k2|N5|B,395,5,S,-1.92,-22.92,46.6,55.6,-0.69,-44.1,-2.79,-1.05,True,orb_novol_sh,12:15,2,100000000.0,21.0,B
orb_wideOR|E12|k2|N5|B,396,5,L,2.03,-18.97,50.0,91.0,0.44,-38.7,-5.16,9.3,False,orb_wideOR,12:15,2,100000000.0,21.0,B
orb_wideOR_sh|E12|k2|N5|B,396,5,S,-2.03,-23.03,50.0,91.0,-0.44,-44.7,5.16,-9.3,False,orb_wideOR_sh,12:15,2,100000000.0,21.0,B
orb_narrowOR|E12|k2|N5|B,440,5,L,-1.99,-22.99,50.2,67.5,-0.62,-44.3,1.44,-5.44,False,orb_narrowOR,12:15,2,100000000.0,21.0,B
orb_narrowOR_sh|E12|k2|N5|B,440,5,S,1.99,-19.01,49.8,67.5,0.62,-38.5,-1.44,5.44,False,orb_narrowOR_sh,12:15,2,100000000.0,21.0,B
orbdn_wideOR_sh|E12|k2|N5|B,374,5,S,0.96,-20.04,51.3,77.7,0.24,-40.1,-2.18,4.13,False,orbdn_wideOR_sh,12:15,2,100000000.0,21.0,B
orbdn_narrowOR_sh|E12|k2|N5|B,450,5,S,0.31,-20.69,48.7,66.7,0.1,-41.0,1.94,-1.33,False,orbdn_narrowOR_sh,12:15,2,100000000.0,21.0,B
orbdn_wideOR_lg|E12|k2|N5|B,374,5,L,-0.96,-21.96,48.7,77.7,-0.24,-43.0,2.18,-4.13,False,orbdn_wideOR_lg,12:15,2,100000000.0,21.0,B
orbdn_narrowOR_lg|E12|k2|N5|B,450,5,L,-0.31,-21.31,51.3,66.7,-0.1,-41.9,-1.94,1.33,False,orbdn_narrowOR_lg,12:15,2,100000000.0,21.0,B
orb_coiled|E12|k2|N5|B,438,5,L,-0.82,-21.82,49.8,69.0,-0.25,-42.7,0.75,-2.41,False,orb_coiled,12:15,2,100000000.0,21.0,B
orb_coiled_sh|E12|k2|N5|B,438,5,S,0.82,-20.18,50.2,69.0,0.25,-40.2,-0.75,2.41,False,orb_coiled_sh,12:15,2,100000000.0,21.0,B
orbdn_coiled_sh|E12|k2|N5|B,451,5,S,-1.12,-22.12,48.6,66.6,-0.36,-43.1,2.33,-4.58,False,orbdn_coiled_sh,12:15,2,100000000.0,21.0,B
orb_gapup|E12|k2|N5|B,323,5,L,6.1,-14.9,50.8,83.2,1.32,-31.9,3.34,8.88,True,orb_gapup,12:15,2,100000000.0,21.0,B
orb_gapup_sh|E12|k2|N5|B,323,5,S,-6.1,-27.1,49.2,83.2,-1.32,-50.0,-3.34,-8.88,True,orb_gapup_sh,12:15,2,100000000.0,21.0,B
orb_nogap|E12|k2|N5|B,438,5,L,-5.91,-26.91,46.1,71.6,-1.73,-49.6,-8.78,-3.01,True,orb_nogap,12:15,2,100000000.0,21.0,B
orb_nogap_sh|E12|k2|N5|B,438,5,S,5.91,-15.09,53.9,71.6,1.73,-32.1,8.78,3.01,True,orb_nogap_sh,12:15,2,100000000.0,21.0,B
orb_gapdn|E12|k2|N5|B,190,5,L,4.19,-16.81,51.1,86.5,0.67,-35.2,6.82,1.5,True,orb_gapdn,12:15,2,100000000.0,21.0,B
orb_gapdn_sh|E12|k2|N5|B,190,5,S,-4.19,-25.19,48.9,86.5,-0.67,-47.5,-6.82,-1.5,True,orb_gapdn_sh,12:15,2,100000000.0,21.0,B
orbdn_gapdn_sh|E12|k2|N5|B,207,5,S,-0.96,-21.96,53.6,73.5,-0.19,-42.9,-3.95,2.06,False,orbdn_gapdn_sh,12:15,2,100000000.0,21.0,B
orbdn_gapdn_lg|E12|k2|N5|B,207,5,L,0.96,-20.04,46.4,73.5,0.19,-40.1,3.95,-2.06,False,orbdn_gapdn_lg,12:15,2,100000000.0,21.0,B
orbdn_gapup_sh|E12|k2|N5|B,375,5,S,4.97,-16.03,54.4,80.0,1.2,-33.8,8.92,1.0,True,orbdn_gapup_sh,12:15,2,100000000.0,21.0,B
gap_up|E12|k2|N5|B,480,5,L,-1.96,-22.96,46.2,86.9,-0.49,-44.5,-6.59,2.71,False,gap_up,12:15,2,100000000.0,21.0,B
gap_up_sh|E12|k2|N5|B,480,5,S,1.96,-19.04,53.8,86.9,0.49,-38.7,6.59,-2.71,False,gap_up_sh,12:15,2,100000000.0,21.0,B
gap_dn_lg|E12|k2|N5|B,480,5,L,-3.12,-24.12,46.2,87.4,-0.78,-46.1,-0.18,-6.09,True,gap_dn_lg,12:15,2,100000000.0,21.0,B
gap_dn_sh|E12|k2|N5|B,480,5,S,3.12,-17.88,53.8,87.4,0.78,-36.9,0.18,6.09,True,gap_dn_sh,12:15,2,100000000.0,21.0,B
orb_hivol|E12|k2|N5|B,407,5,L,-0.49,-21.49,48.9,98.2,-0.1,-42.5,1.14,-2.12,False,orb_hivol,12:15,2,100000000.0,21.0,B
orb_hivol_sh|E12|k2|N5|B,407,5,S,0.49,-20.51,51.1,98.2,0.1,-41.1,-1.14,2.12,False,orb_hivol_sh,12:15,2,100000000.0,21.0,B
orb_lovol|E12|k2|N5|B,415,5,L,-0.24,-21.24,50.6,52.2,-0.09,-41.7,-0.54,0.06,False,orb_lovol,12:15,2,100000000.0,21.0,B
orb_lovol_sh|E12|k2|N5|B,415,5,S,0.24,-20.76,49.4,52.2,0.09,-41.0,0.54,-0.06,False,orb_lovol_sh,12:15,2,100000000.0,21.0,B
orbdn_hivol_sh|E12|k2|N5|B,410,5,S,0.98,-20.02,49.5,85.0,0.23,-40.2,7.58,-5.68,False,orbdn_hivol_sh,12:15,2,100000000.0,21.0,B
orbdn_lovol_sh|E12|k2|N5|B,425,5,S,-3.8,-24.8,45.9,55.1,-1.42,-46.7,-3.54,-4.05,True,orbdn_lovol_sh,12:15,2,100000000.0,21.0,B
posrange_hivol|E12|k2|N5|B,479,5,L,3.1,-17.9,52.0,89.0,0.76,-37.0,0.66,5.54,True,posrange_hivol,12:15,2,100000000.0,21.0,B
posrange_lovol|E12|k2|N5|B,479,5,L,-1.05,-22.05,48.4,45.1,-0.51,-42.8,-2.74,0.64,False,posrange_lovol,12:15,2,100000000.0,21.0,B
posrange_hivol_sh|E12|k2|N5|B,479,5,S,-3.1,-24.1,48.0,89.0,-0.76,-46.1,-0.66,-5.54,True,posrange_hivol_sh,12:15,2,100000000.0,21.0,B
posrange_lovol_sh|E12|k2|N5|B,479,5,S,1.05,-19.95,51.6,45.1,0.51,-39.7,2.74,-0.64,False,posrange_lovol_sh,12:15,2,100000000.0,21.0,B
orb_minus_width|E12|k2|N5|B,480,5,L,-3.06,-24.06,45.2,68.3,-0.98,-45.8,-1.31,-4.83,True,orb_minus_width,12:15,2,100000000.0,21.0,B
orb_plus_width|E12|k2|N5|B,480,5,L,-4.05,-25.05,46.7,93.9,-0.95,-47.4,1.11,-9.26,False,orb_plus_width,12:15,2,100000000.0,21.0,B
orb_plus_width_sh|E12|k2|N5|B,480,5,S,4.05,-16.95,53.3,93.9,0.95,-35.5,-1.11,9.26,False,orb_plus_width_sh,12:15,2,100000000.0,21.0,B
orb_minus_width_sh|E12|k2|N5|B,480,5,S,3.06,-17.94,54.8,68.3,0.98,-36.8,1.31,4.83,True,orb_minus_width_sh,12:15,2,100000000.0,21.0,B
orb_minus_d20|E12|k2|N5|B,469,5,L,2.92,-18.08,49.3,88.2,0.72,-37.2,2.26,3.59,True,orb_minus_d20,12:15,2,100000000.0,21.0,B
orb_plus_d20|E12|k2|N5|B,469,5,L,-8.31,-29.31,48.0,101.8,-1.77,-52.9,-2.76,-13.89,True,orb_plus_d20,12:15,2,100000000.0,21.0,B
orb_plus_d20_sh|E12|k2|N5|B,469,5,S,8.31,-12.69,52.0,101.8,1.77,-28.3,2.76,13.89,True,orb_plus_d20_sh,12:15,2,100000000.0,21.0,B
orb_plus_pct52|E12|k2|N5|B,430,5,L,-2.24,-23.24,48.8,67.5,-0.69,-44.7,-2.12,-2.36,True,orb_plus_pct52,12:15,2,100000000.0,21.0,B
orb_plus_pct52_sh|E12|k2|N5|B,430,5,S,2.24,-18.76,51.2,67.5,0.69,-38.1,2.12,2.36,True,orb_plus_pct52_sh,12:15,2,100000000.0,21.0,B
compress_then_pos|E12|k2|N5|B,480,5,L,-3.06,-24.06,45.2,68.3,-0.98,-45.8,-1.31,-4.83,True,compress_then_pos,12:15,2,100000000.0,21.0,B
compress_then_pos_sh|E12|k2|N5|B,480,5,S,3.06,-17.94,54.8,68.3,0.98,-36.8,1.31,4.83,True,compress_then_pos_sh,12:15,2,100000000.0,21.0,B
expand_then_pos|E12|k2|N5|B,480,5,L,-4.05,-25.05,46.7,93.9,-0.95,-47.4,1.11,-9.26,False,expand_then_pos,12:15,2,100000000.0,21.0,B
expand_then_pos_sh|E12|k2|N5|B,480,5,S,4.05,-16.95,53.3,93.9,0.95,-35.5,-1.11,9.26,False,expand_then_pos_sh,12:15,2,100000000.0,21.0,B
orb_up|E12|k2|N10|B,480,10,L,-1.26,-22.26,50.2,60.8,-0.45,-43.2,-0.97,-1.55,True,orb_up,12:15,2,100000000.0,21.0,B
orb_up_sh|E12|k2|N10|B,480,10,S,1.26,-19.74,49.8,60.8,0.45,-39.5,0.97,1.55,True,orb_up_sh,12:15,2,100000000.0,21.0,B
orb_dn_sh|E12|k2|N10|B,480,10,S,-1.57,-22.57,46.7,59.6,-0.58,-43.7,3.03,-6.2,False,orb_dn_sh,12:15,2,100000000.0,21.0,B
orb_dn_lg|E12|k2|N10|B,480,10,L,1.57,-19.43,53.3,59.6,0.58,-39.0,-3.03,6.2,False,orb_dn_lg,12:15,2,100000000.0,21.0,B
orb_up_sig|E12|k2|N10|B,480,10,L,0.98,-20.02,51.0,63.6,0.34,-40.0,-0.76,2.74,False,orb_up_sig,12:15,2,100000000.0,21.0,B
orb_up_sig_sh|E12|k2|N10|B,480,10,S,-0.98,-21.98,49.0,63.6,-0.34,-42.9,0.76,-2.74,False,orb_up_sig_sh,12:15,2,100000000.0,21.0,B
orb_dn_sig_sh|E12|k2|N10|B,480,10,S,-1.88,-22.88,46.5,60.9,-0.68,-44.1,1.51,-5.3,False,orb_dn_sig_sh,12:15,2,100000000.0,21.0,B
orb_dn_sig_lg|E12|k2|N10|B,480,10,L,1.88,-19.12,53.5,60.9,0.68,-38.5,-1.51,5.3,False,orb_dn_sig_lg,12:15,2,100000000.0,21.0,B
pos_in_or|E12|k2|N10|B,480,10,L,-1.26,-22.26,50.2,60.8,-0.45,-43.2,-0.97,-1.55,True,pos_in_or,12:15,2,100000000.0,21.0,B
pos_in_or_sh|E12|k2|N10|B,480,10,S,1.26,-19.74,49.8,60.8,0.45,-39.5,0.97,1.55,True,pos_in_or_sh,12:15,2,100000000.0,21.0,B
pos_in_or_lo|E12|k2|N10|B,480,10,L,1.57,-19.43,53.3,59.6,0.58,-39.0,-3.03,6.2,False,pos_in_or_lo,12:15,2,100000000.0,21.0,B
pos_in_or_lo_sh|E12|k2|N10|B,480,10,S,-1.57,-22.57,46.7,59.6,-0.58,-43.7,3.03,-6.2,False,pos_in_or_lo_sh,12:15,2,100000000.0,21.0,B
or_close_pos|E12|k2|N10|B,480,10,L,-1.48,-22.48,51.2,54.1,-0.6,-43.5,-3.74,0.81,False,or_close_pos,12:15,2,100000000.0,21.0,B
or_close_pos_lo|E12|k2|N10|B,480,10,L,0.93,-20.07,50.8,50.2,0.4,-39.9,-1.54,3.41,False,or_close_pos_lo,12:15,2,100000000.0,21.0,B
or_close_pos_sh|E12|k2|N10|B,480,10,S,1.48,-19.52,48.8,54.1,0.6,-39.1,3.74,-0.81,False,or_close_pos_sh,12:15,2,100000000.0,21.0,B
posrange_hi|E12|k2|N10|B,480,10,L,-0.46,-21.46,49.8,50.8,-0.2,-42.0,-3.03,2.14,False,posrange_hi,12:15,2,100000000.0,21.0,B
posrange_hi_sh|E12|k2|N10|B,480,10,S,0.46,-20.54,50.2,50.8,0.2,-40.6,3.03,-2.14,False,posrange_hi_sh,12:15,2,100000000.0,21.0,B
posrange_lo|E12|k2|N10|B,480,10,L,1.41,-19.59,52.5,56.5,0.55,-39.2,-0.31,3.14,False,posrange_lo,12:15,2,100000000.0,21.0,B
posrange_lo_sh|E12|k2|N10|B,480,10,S,-1.41,-22.41,47.5,56.5,-0.55,-43.4,0.31,-3.14,False,posrange_lo_sh,12:15,2,100000000.0,21.0,B
today_sofar|E12|k2|N10|B,480,10,L,2.68,-18.32,53.1,82.4,0.71,-37.5,-0.9,6.3,False,today_sofar,12:15,2,100000000.0,21.0,B
today_sofar_sh|E12|k2|N10|B,480,10,S,-2.68,-23.68,46.9,82.4,-0.71,-45.5,0.9,-6.3,False,today_sofar_sh,12:15,2,100000000.0,21.0,B
today_sofar_lo|E12|k2|N10|B,480,10,L,-7.04,-28.04,42.9,73.3,-2.11,-51.1,-8.18,-5.9,True,today_sofar_lo,12:15,2,100000000.0,21.0,B
or_ret|E12|k2|N10|B,480,10,L,1.61,-19.39,50.2,81.2,0.43,-39.2,0.78,2.45,True,or_ret,12:15,2,100000000.0,21.0,B
or_ret_sh|E12|k2|N10|B,480,10,S,-1.61,-22.61,49.8,81.2,-0.43,-43.9,-0.78,-2.45,True,or_ret_sh,12:15,2,100000000.0,21.0,B
orbT_up|E12|k2|N10|B,472,10,L,-1.01,-22.01,51.7,65.3,-0.34,-42.9,-0.28,-1.75,True,orbT_up,12:15,2,100000000.0,21.0,B
orbT_up_sh|E12|k2|N10|B,472,10,S,1.01,-19.99,48.3,65.3,0.34,-39.9,0.28,1.75,True,orbT_up_sh,12:15,2,100000000.0,21.0,B
orbT_dn_sh|E12|k2|N10|B,471,10,S,-1.22,-22.22,46.7,61.0,-0.43,-43.2,2.88,-5.34,False,orbT_dn_sh,12:15,2,100000000.0,21.0,B
orbT_dn_lg|E12|k2|N10|B,471,10,L,1.22,-19.78,53.3,61.0,0.43,-39.6,-2.88,5.34,False,orbT_dn_lg,12:15,2,100000000.0,21.0,B
orbT_up_small|E12|k2|N10|B,472,10,L,2.64,-18.36,51.5,64.0,0.89,-37.4,0.15,5.14,True,orbT_up_small,12:15,2,100000000.0,21.0,B
orbT_up_small_sh|E12|k2|N10|B,472,10,S,-2.64,-23.64,48.5,64.0,-0.89,-45.2,-0.15,-5.14,True,orbT_up_small_sh,12:15,2,100000000.0,21.0,B
orbT_dn_small_sh|E12|k2|N10|B,471,10,S,2.74,-18.26,52.2,62.4,0.95,-37.2,5.57,-0.11,False,orbT_dn_small_sh,12:15,2,100000000.0,21.0,B
orbT_dn_small_lg|E12|k2|N10|B,471,10,L,-2.74,-23.74,47.8,62.4,-0.95,-45.3,-5.57,0.11,False,orbT_dn_small_lg,12:15,2,100000000.0,21.0,B
inside_posor|E12|k2|N10|B,480,10,L,0.8,-20.2,49.4,49.9,0.35,-40.1,-0.2,1.8,False,inside_posor,12:15,2,100000000.0,21.0,B
inside_posor_sh|E12|k2|N10|B,480,10,S,-0.8,-21.8,50.6,49.9,-0.35,-42.5,0.2,-1.8,False,inside_posor_sh,12:15,2,100000000.0,21.0,B
inside_posor_lo|E12|k2|N10|B,480,10,L,-1.5,-22.5,47.9,53.1,-0.62,-43.5,-3.58,0.6,False,inside_posor_lo,12:15,2,100000000.0,21.0,B
or_wide|E12|k2|N10|B,480,10,L,-3.19,-24.19,47.7,69.5,-1.01,-46.0,-0.45,-5.95,True,or_wide,12:15,2,100000000.0,21.0,B
or_wide_sh|E12|k2|N10|B,480,10,S,3.19,-17.81,52.3,69.5,1.01,-36.6,0.45,5.95,True,or_wide_sh,12:15,2,100000000.0,21.0,B
or_narrow|E12|k2|N10|B,480,10,L,-2.29,-23.29,48.3,45.9,-1.09,-44.6,-4.3,-0.26,True,or_narrow,12:15,2,100000000.0,21.0,B
or_narrow_sh|E12|k2|N10|B,480,10,S,2.29,-18.71,51.7,45.9,1.09,-37.8,4.3,0.26,True,or_narrow_sh,12:15,2,100000000.0,21.0,B
or_wrel_hi|E12|k2|N10|B,480,10,L,-2.66,-23.66,49.8,75.3,-0.77,-45.3,-1.02,-4.31,True,or_wrel_hi,12:15,2,100000000.0,21.0,B
or_wrel_lo|E12|k2|N10|B,480,10,L,-2.55,-23.55,45.2,55.5,-1.01,-45.0,-3.95,-1.15,True,or_wrel_lo,12:15,2,100000000.0,21.0,B
or_wrel_hi_sh|E12|k2|N10|B,480,10,S,2.66,-18.34,50.2,75.3,0.77,-37.5,1.02,4.31,True,or_wrel_hi_sh,12:15,2,100000000.0,21.0,B
or_wrel_lo_sh|E12|k2|N10|B,480,10,S,2.55,-18.45,54.8,55.5,1.01,-37.4,3.95,1.15,True,or_wrel_lo_sh,12:15,2,100000000.0,21.0,B
rng_expand|E12|k2|N10|B,480,10,L,-0.96,-21.96,50.0,73.0,-0.29,-42.9,2.12,-4.06,False,rng_expand,12:15,2,100000000.0,21.0,B
rng_expand_sh|E12|k2|N10|B,480,10,S,0.96,-20.04,50.0,73.0,0.29,-40.1,-2.12,4.06,False,rng_expand_sh,12:15,2,100000000.0,21.0,B
rng_compress|E12|k2|N10|B,480,10,L,-3.41,-24.41,46.0,46.4,-1.61,-46.1,-6.01,-0.79,True,rng_compress,12:15,2,100000000.0,21.0,B
rng_compress_sh|E12|k2|N10|B,480,10,S,3.41,-17.59,54.0,46.4,1.61,-36.0,6.01,0.79,True,rng_compress_sh,12:15,2,100000000.0,21.0,B
vol20_hi|E12|k2|N10|B,479,10,L,-12.18,-33.18,42.8,84.9,-3.14,-57.1,-12.07,-12.3,True,vol20_hi,12:15,2,100000000.0,21.0,B
vol20_hi_sh|E12|k2|N10|B,479,10,S,12.18,-8.82,57.2,84.9,3.14,-20.7,12.07,12.3,True,vol20_hi_sh,12:15,2,100000000.0,21.0,B
vol20_lo|E12|k2|N10|B,479,10,L,-0.01,-21.01,48.9,17.4,-0.02,-41.2,0.77,-0.8,False,vol20_lo,12:15,2,100000000.0,21.0,B
vol20_lo_sh|E12|k2|N10|B,479,10,S,0.01,-20.99,51.1,17.4,0.02,-41.1,-0.77,0.8,False,vol20_lo_sh,12:15,2,100000000.0,21.0,B
atr_hi|E12|k2|N10|B,480,10,L,-10.75,-31.75,45.0,85.6,-2.75,-55.5,-10.63,-10.87,True,atr_hi,12:15,2,100000000.0,21.0,B
atr_lo|E12|k2|N10|B,480,10,L,2.24,-18.76,56.9,15.1,3.25,-37.7,3.11,1.36,True,atr_lo,12:15,2,100000000.0,21.0,B
atr_hi_sh|E12|k2|N10|B,480,10,S,10.75,-10.25,55.0,85.6,2.75,-23.5,10.63,10.87,True,atr_hi_sh,12:15,2,100000000.0,21.0,B
fail_up_sh|E12|k2|N10|B,476,10,S,-1.05,-22.05,47.1,63.6,-0.36,-43.0,0.4,-2.52,False,fail_up_sh,12:15,2,100000000.0,21.0,B
fail_up_lg|E12|k2|N10|B,476,10,L,1.05,-19.95,52.9,63.6,0.36,-39.8,-0.4,2.52,False,fail_up_lg,12:15,2,100000000.0,21.0,B
fail_dn_lg|E12|k2|N10|B,479,10,L,0.51,-20.49,49.9,56.9,0.19,-40.6,-2.65,3.68,False,fail_dn_lg,12:15,2,100000000.0,21.0,B
fail_dn_sh|E12|k2|N10|B,479,10,S,-0.51,-21.51,50.1,56.9,-0.19,-42.1,2.65,-3.68,False,fail_dn_sh,12:15,2,100000000.0,21.0,B
giveback_up_sh|E12|k2|N10|B,480,10,S,-2.6,-23.6,47.5,54.4,-1.05,-45.1,-1.12,-4.09,True,giveback_up_sh,12:15,2,100000000.0,21.0,B
giveback_up_lg|E12|k2|N10|B,480,10,L,2.6,-18.4,52.5,54.4,1.05,-37.4,1.12,4.09,True,giveback_up_lg,12:15,2,100000000.0,21.0,B
giveback_dn_lg|E12|k2|N10|B,480,10,L,-0.98,-21.98,50.0,55.7,-0.39,-42.8,-2.01,0.05,False,giveback_dn_lg,12:15,2,100000000.0,21.0,B
giveback_dn_sh|E12|k2|N10|B,480,10,S,0.98,-20.02,50.0,55.7,0.39,-39.9,2.01,-0.05,False,giveback_dn_sh,12:15,2,100000000.0,21.0,B
poke_up|E12|k2|N10|B,480,10,L,-3.12,-24.12,49.4,64.8,-1.06,-45.9,-4.83,-1.41,True,poke_up,12:15,2,100000000.0,21.0,B
poke_up_sh|E12|k2|N10|B,480,10,S,3.12,-17.88,50.6,64.8,1.06,-36.6,4.83,1.41,True,poke_up_sh,12:15,2,100000000.0,21.0,B
poke_dn_sh|E12|k2|N10|B,480,10,S,-0.95,-21.95,48.5,58.6,-0.35,-42.8,0.65,-2.56,False,poke_dn_sh,12:15,2,100000000.0,21.0,B
poke_dn_lg|E12|k2|N10|B,480,10,L,0.95,-20.05,51.5,58.6,0.35,-40.0,-0.65,2.56,False,poke_dn_lg,12:15,2,100000000.0,21.0,B
ext_up_sh|E12|k2|N10|B,480,10,S,-2.6,-23.6,47.5,54.4,-1.05,-45.1,-1.12,-4.09,True,ext_up_sh,12:15,2,100000000.0,21.0,B
ext_up_lg|E12|k2|N10|B,480,10,L,2.6,-18.4,52.5,54.4,1.05,-37.4,1.12,4.09,True,ext_up_lg,12:15,2,100000000.0,21.0,B
held_up|E12|k2|N10|B,472,10,L,-1.01,-22.01,51.7,65.3,-0.34,-42.9,-0.28,-1.75,True,held_up,12:15,2,100000000.0,21.0,B
held_up_sh|E12|k2|N10|B,472,10,S,1.01,-19.99,48.3,65.3,0.34,-39.9,0.28,1.75,True,held_up_sh,12:15,2,100000000.0,21.0,B
held_dn_sh|E12|k2|N10|B,471,10,S,-1.21,-22.21,46.7,60.9,-0.43,-43.2,2.87,-5.32,False,held_dn_sh,12:15,2,100000000.0,21.0,B
held_dn_lg|E12|k2|N10|B,471,10,L,1.21,-19.79,53.3,60.9,0.43,-39.6,-2.87,5.32,False,held_dn_lg,12:15,2,100000000.0,21.0,B
rvol_hi|E12|k2|N10|B,480,10,L,-4.94,-25.94,46.5,76.2,-1.42,-48.4,-4.82,-5.07,True,rvol_hi,12:15,2,100000000.0,21.0,B
rvol_hi_sh|E12|k2|N10|B,480,10,S,4.94,-16.06,53.5,76.2,1.42,-33.8,4.82,5.07,True,rvol_hi_sh,12:15,2,100000000.0,21.0,B
rvol_lo|E12|k2|N10|B,480,10,L,-3.73,-24.73,48.1,50.8,-1.61,-46.6,-4.58,-2.87,True,rvol_lo,12:15,2,100000000.0,21.0,B
rvol_lo_sh|E12|k2|N10|B,480,10,S,3.73,-17.27,51.9,50.8,1.61,-35.5,4.58,2.87,True,rvol_lo_sh,12:15,2,100000000.0,21.0,B
orb_vol125|E12|k2|N10|B,461,10,L,0.96,-20.04,52.7,75.2,0.27,-40.1,-0.82,2.75,False,orb_vol125,12:15,2,100000000.0,21.0,B
orb_vol125_sh|E12|k2|N10|B,461,10,S,-0.96,-21.96,47.3,75.2,-0.27,-42.9,0.82,-2.75,False,orb_vol125_sh,12:15,2,100000000.0,21.0,B
orbdn_vol125_sh|E12|k2|N10|B,446,10,S,-0.36,-21.36,51.8,63.8,-0.12,-42.0,0.58,-1.32,False,orbdn_vol125_sh,12:15,2,100000000.0,21.0,B
orbdn_vol125_lg|E12|k2|N10|B,446,10,L,0.36,-20.64,48.2,63.8,0.12,-40.9,-0.58,1.32,False,orbdn_vol125_lg,12:15,2,100000000.0,21.0,B
orb_vol15|E12|k2|N10|B,453,10,L,2.22,-18.78,53.0,79.8,0.59,-38.2,1.12,3.31,True,orb_vol15,12:15,2,100000000.0,21.0,B
orb_vol15_sh|E12|k2|N10|B,453,10,S,-2.22,-23.22,47.0,79.8,-0.59,-44.8,-1.12,-3.31,True,orb_vol15_sh,12:15,2,100000000.0,21.0,B
orbdn_vol15_sh|E12|k2|N10|B,426,10,S,-0.18,-21.18,50.2,68.8,-0.05,-41.7,1.14,-1.52,False,orbdn_vol15_sh,12:15,2,100000000.0,21.0,B
orbdn_vol15_lg|E12|k2|N10|B,426,10,L,0.18,-20.82,49.8,68.8,0.05,-41.2,-1.14,1.52,False,orbdn_vol15_lg,12:15,2,100000000.0,21.0,B
orb_vol20|E12|k2|N10|B,422,10,L,2.04,-18.96,52.1,84.2,0.5,-38.6,-0.92,5.04,False,orb_vol20,12:15,2,100000000.0,21.0,B
orb_vol20_sh|E12|k2|N10|B,422,10,S,-2.04,-23.04,47.9,84.2,-0.5,-44.6,0.92,-5.04,False,orb_vol20_sh,12:15,2,100000000.0,21.0,B
orbdn_vol20_sh|E12|k2|N10|B,338,10,S,-0.02,-21.02,48.8,77.7,-0.0,-41.6,-0.23,0.2,False,orbdn_vol20_sh,12:15,2,100000000.0,21.0,B
orbdn_vol20_lg|E12|k2|N10|B,338,10,L,0.02,-20.98,51.2,77.7,0.0,-41.5,0.23,-0.2,False,orbdn_vol20_lg,12:15,2,100000000.0,21.0,B
orb_x_rvol|E12|k2|N10|B,480,10,L,-3.91,-24.91,46.7,75.2,-1.14,-47.0,-4.79,-3.02,True,orb_x_rvol,12:15,2,100000000.0,21.0,B
orb_x_rvol_sh|E12|k2|N10|B,480,10,S,3.91,-17.09,53.3,75.2,1.14,-35.5,4.79,3.02,True,orb_x_rvol_sh,12:15,2,100000000.0,21.0,B
orb_novol|E12|k2|N10|B,395,10,L,2.17,-18.83,54.9,53.2,0.81,-38.0,2.56,1.78,True,orb_novol,12:15,2,100000000.0,21.0,B
orb_novol_sh|E12|k2|N10|B,395,10,S,-2.17,-23.17,45.1,53.2,-0.81,-44.5,-2.56,-1.78,True,orb_novol_sh,12:15,2,100000000.0,21.0,B
orb_wideOR|E12|k2|N10|B,396,10,L,6.32,-14.68,54.0,77.9,1.62,-31.5,1.17,11.52,True,orb_wideOR,12:15,2,100000000.0,21.0,B
orb_wideOR_sh|E12|k2|N10|B,396,10,S,-6.32,-27.32,46.0,77.9,-1.62,-50.2,-1.17,-11.52,True,orb_wideOR_sh,12:15,2,100000000.0,21.0,B
orb_narrowOR|E12|k2|N10|B,440,10,L,-1.7,-22.7,51.6,60.1,-0.59,-43.9,-0.89,-2.52,True,orb_narrowOR,12:15,2,100000000.0,21.0,B
orb_narrowOR_sh|E12|k2|N10|B,440,10,S,1.7,-19.3,48.4,60.1,0.59,-38.8,0.89,2.52,True,orb_narrowOR_sh,12:15,2,100000000.0,21.0,B
orbdn_wideOR_sh|E12|k2|N10|B,374,10,S,0.85,-20.15,51.9,70.4,0.23,-40.2,-0.09,1.8,False,orbdn_wideOR_sh,12:15,2,100000000.0,21.0,B
orbdn_narrowOR_sh|E12|k2|N10|B,450,10,S,2.16,-18.84,51.6,62.0,0.74,-38.1,3.78,0.53,True,orbdn_narrowOR_sh,12:15,2,100000000.0,21.0,B
orbdn_wideOR_lg|E12|k2|N10|B,374,10,L,-0.85,-21.85,48.1,70.4,-0.23,-42.7,0.09,-1.8,False,orbdn_wideOR_lg,12:15,2,100000000.0,21.0,B
orbdn_narrowOR_lg|E12|k2|N10|B,450,10,L,-2.16,-23.16,48.4,62.0,-0.74,-44.5,-3.78,-0.53,True,orbdn_narrowOR_lg,12:15,2,100000000.0,21.0,B
orb_coiled|E12|k2|N10|B,438,10,L,-0.98,-21.98,52.7,60.6,-0.34,-42.8,-1.83,-0.12,True,orb_coiled,12:15,2,100000000.0,21.0,B
orb_coiled_sh|E12|k2|N10|B,438,10,S,0.98,-20.02,47.3,60.6,0.34,-39.9,1.83,0.12,True,orb_coiled_sh,12:15,2,100000000.0,21.0,B
orbdn_coiled_sh|E12|k2|N10|B,451,10,S,0.14,-20.86,48.3,62.0,0.05,-41.2,4.11,-3.84,False,orbdn_coiled_sh,12:15,2,100000000.0,21.0,B
orb_gapup|E12|k2|N10|B,323,10,L,6.01,-14.99,56.0,72.3,1.49,-31.9,3.35,8.69,True,orb_gapup,12:15,2,100000000.0,21.0,B
orb_gapup_sh|E12|k2|N10|B,323,10,S,-6.01,-27.01,44.0,72.3,-1.49,-49.8,-3.35,-8.69,True,orb_gapup_sh,12:15,2,100000000.0,21.0,B
orb_nogap|E12|k2|N10|B,438,10,L,-2.71,-23.71,50.0,58.8,-0.97,-45.3,-6.51,1.12,False,orb_nogap,12:15,2,100000000.0,21.0,B
orb_nogap_sh|E12|k2|N10|B,438,10,S,2.71,-18.29,50.0,58.8,0.97,-37.2,6.51,-1.12,False,orb_nogap_sh,12:15,2,100000000.0,21.0,B
orb_gapdn|E12|k2|N10|B,190,10,L,4.67,-16.33,53.2,82.5,0.78,-34.3,9.17,0.07,True,orb_gapdn,12:15,2,100000000.0,21.0,B
orb_gapdn_sh|E12|k2|N10|B,190,10,S,-4.67,-25.67,46.8,82.5,-0.78,-48.1,-9.17,-0.07,True,orb_gapdn_sh,12:15,2,100000000.0,21.0,B
orbdn_gapdn_sh|E12|k2|N10|B,207,10,S,-1.14,-22.14,54.6,70.7,-0.23,-43.2,-3.54,1.28,False,orbdn_gapdn_sh,12:15,2,100000000.0,21.0,B
orbdn_gapdn_lg|E12|k2|N10|B,207,10,L,1.14,-19.86,45.4,70.7,0.23,-39.8,3.54,-1.28,False,orbdn_gapdn_lg,12:15,2,100000000.0,21.0,B
orbdn_gapup_sh|E12|k2|N10|B,375,10,S,5.06,-15.94,53.3,75.4,1.3,-33.6,10.53,-0.43,False,orbdn_gapup_sh,12:15,2,100000000.0,21.0,B
gap_up|E12|k2|N10|B,480,10,L,-2.03,-23.03,49.6,68.8,-0.65,-44.4,-7.25,3.23,False,gap_up,12:15,2,100000000.0,21.0,B
gap_up_sh|E12|k2|N10|B,480,10,S,2.03,-18.97,50.4,68.8,0.65,-38.4,7.25,-3.23,False,gap_up_sh,12:15,2,100000000.0,21.0,B
gap_dn_lg|E12|k2|N10|B,480,10,L,0.84,-20.16,51.7,66.6,0.28,-40.2,4.61,-2.95,False,gap_dn_lg,12:15,2,100000000.0,21.0,B
gap_dn_sh|E12|k2|N10|B,480,10,S,-0.84,-21.84,48.3,66.6,-0.28,-42.7,-4.61,2.95,False,gap_dn_sh,12:15,2,100000000.0,21.0,B
orb_hivol|E12|k2|N10|B,407,10,L,0.42,-20.58,49.4,89.2,0.09,-41.1,1.5,-0.67,False,orb_hivol,12:15,2,100000000.0,21.0,B
orb_hivol_sh|E12|k2|N10|B,407,10,S,-0.42,-21.42,50.6,89.2,-0.09,-42.3,-1.5,0.67,False,orb_hivol_sh,12:15,2,100000000.0,21.0,B
orb_lovol|E12|k2|N10|B,415,10,L,0.91,-20.09,50.8,48.0,0.38,-39.9,-0.67,2.48,False,orb_lovol,12:15,2,100000000.0,21.0,B
orb_lovol_sh|E12|k2|N10|B,415,10,S,-0.91,-21.91,49.2,48.0,-0.38,-42.6,0.67,-2.48,False,orb_lovol_sh,12:15,2,100000000.0,21.0,B
orbdn_hivol_sh|E12|k2|N10|B,410,10,S,4.2,-16.8,52.0,75.6,1.12,-35.0,8.81,-0.46,False,orbdn_hivol_sh,12:15,2,100000000.0,21.0,B
orbdn_lovol_sh|E12|k2|N10|B,425,10,S,-2.39,-23.39,48.7,50.4,-0.98,-44.7,-1.33,-3.45,True,orbdn_lovol_sh,12:15,2,100000000.0,21.0,B
posrange_hivol|E12|k2|N10|B,479,10,L,0.31,-20.69,51.4,74.1,0.09,-41.1,-2.28,2.92,False,posrange_hivol,12:15,2,100000000.0,21.0,B
posrange_lovol|E12|k2|N10|B,479,10,L,-0.52,-21.52,50.1,41.0,-0.28,-42.0,-2.09,1.05,False,posrange_lovol,12:15,2,100000000.0,21.0,B
posrange_hivol_sh|E12|k2|N10|B,479,10,S,-0.31,-21.31,48.6,74.1,-0.09,-42.0,2.28,-2.92,False,posrange_hivol_sh,12:15,2,100000000.0,21.0,B
posrange_lovol_sh|E12|k2|N10|B,479,10,S,0.52,-20.48,49.9,41.0,0.28,-40.5,2.09,-1.05,False,posrange_lovol_sh,12:15,2,100000000.0,21.0,B
orb_minus_width|E12|k2|N10|B,480,10,L,-2.49,-23.49,49.6,55.4,-0.99,-44.9,-3.69,-1.28,True,orb_minus_width,12:15,2,100000000.0,21.0,B
orb_plus_width|E12|k2|N10|B,480,10,L,1.32,-19.68,51.9,68.9,0.42,-39.5,3.53,-0.92,False,orb_plus_width,12:15,2,100000000.0,21.0,B
orb_plus_width_sh|E12|k2|N10|B,480,10,S,-1.32,-22.32,48.1,68.9,-0.42,-43.4,-3.53,0.92,False,orb_plus_width_sh,12:15,2,100000000.0,21.0,B
orb_minus_width_sh|E12|k2|N10|B,480,10,S,2.49,-18.51,50.4,55.4,0.99,-37.5,3.69,1.28,True,orb_minus_width_sh,12:15,2,100000000.0,21.0,B
orb_minus_d20|E12|k2|N10|B,469,10,L,1.91,-19.09,54.4,69.8,0.59,-38.6,0.45,3.37,True,orb_minus_d20,12:15,2,100000000.0,21.0,B
orb_plus_d20|E12|k2|N10|B,469,10,L,-5.39,-26.39,47.3,74.3,-1.57,-49.0,-3.27,-7.51,True,orb_plus_d20,12:15,2,100000000.0,21.0,B
orb_plus_d20_sh|E12|k2|N10|B,469,10,S,5.39,-15.61,52.7,74.3,1.57,-33.0,3.27,7.51,True,orb_plus_d20_sh,12:15,2,100000000.0,21.0,B
orb_plus_pct52|E12|k2|N10|B,430,10,L,-1.79,-22.79,50.5,52.4,-0.71,-43.9,-3.98,0.41,False,orb_plus_pct52,12:15,2,100000000.0,21.0,B
orb_plus_pct52_sh|E12|k2|N10|B,430,10,S,1.79,-19.21,49.5,52.4,0.71,-38.6,3.98,-0.41,False,orb_plus_pct52_sh,12:15,2,100000000.0,21.0,B
compress_then_pos|E12|k2|N10|B,480,10,L,-2.49,-23.49,49.6,55.4,-0.99,-44.9,-3.69,-1.28,True,compress_then_pos,12:15,2,100000000.0,21.0,B
compress_then_pos_sh|E12|k2|N10|B,480,10,S,2.49,-18.51,50.4,55.4,0.99,-37.5,3.69,1.28,True,compress_then_pos_sh,12:15,2,100000000.0,21.0,B
expand_then_pos|E12|k2|N10|B,480,10,L,1.32,-19.68,51.9,68.9,0.42,-39.5,3.53,-0.92,False,expand_then_pos,12:15,2,100000000.0,21.0,B
expand_then_pos_sh|E12|k2|N10|B,480,10,S,-1.32,-22.32,48.1,68.9,-0.42,-43.4,-3.53,0.92,False,expand_then_pos_sh,12:15,2,100000000.0,21.0,B
orb_up|E12|k2|N20|B,480,20,L,-0.3,-21.3,54.2,53.6,-0.12,-41.8,-3.03,2.45,False,orb_up,12:15,2,100000000.0,21.0,B
orb_up_sh|E12|k2|N20|B,480,20,S,0.3,-20.7,45.8,53.6,0.12,-40.9,3.03,-2.45,False,orb_up_sh,12:15,2,100000000.0,21.0,B
orb_dn_sh|E12|k2|N20|B,480,20,S,-0.65,-21.65,48.5,53.8,-0.26,-42.3,2.28,-3.6,False,orb_dn_sh,12:15,2,100000000.0,21.0,B
orb_dn_lg|E12|k2|N20|B,480,20,L,0.65,-20.35,51.5,53.8,0.26,-40.4,-2.28,3.6,False,orb_dn_lg,12:15,2,100000000.0,21.0,B
orb_up_sig|E12|k2|N20|B,480,20,L,0.63,-20.37,54.2,52.4,0.27,-40.4,-1.44,2.72,False,orb_up_sig,12:15,2,100000000.0,21.0,B
orb_up_sig_sh|E12|k2|N20|B,480,20,S,-0.63,-21.63,45.8,52.4,-0.27,-42.3,1.44,-2.72,False,orb_up_sig_sh,12:15,2,100000000.0,21.0,B
orb_dn_sig_sh|E12|k2|N20|B,480,20,S,-0.74,-21.74,48.3,53.2,-0.3,-42.4,1.06,-2.55,False,orb_dn_sig_sh,12:15,2,100000000.0,21.0,B
orb_dn_sig_lg|E12|k2|N20|B,480,20,L,0.74,-20.26,51.7,53.2,0.3,-40.2,-1.06,2.55,False,orb_dn_sig_lg,12:15,2,100000000.0,21.0,B
pos_in_or|E12|k2|N20|B,480,20,L,-0.3,-21.3,54.2,53.6,-0.12,-41.8,-3.03,2.45,False,pos_in_or,12:15,2,100000000.0,21.0,B
pos_in_or_sh|E12|k2|N20|B,480,20,S,0.3,-20.7,45.8,53.6,0.12,-40.9,3.03,-2.45,False,pos_in_or_sh,12:15,2,100000000.0,21.0,B
pos_in_or_lo|E12|k2|N20|B,480,20,L,0.65,-20.35,51.5,53.8,0.26,-40.4,-2.28,3.6,False,pos_in_or_lo,12:15,2,100000000.0,21.0,B
pos_in_or_lo_sh|E12|k2|N20|B,480,20,S,-0.65,-21.65,48.5,53.8,-0.26,-42.3,2.28,-3.6,False,pos_in_or_lo_sh,12:15,2,100000000.0,21.0,B
or_close_pos|E12|k2|N20|B,480,20,L,0.39,-20.61,53.1,48.9,0.17,-40.7,-3.42,4.22,False,or_close_pos,12:15,2,100000000.0,21.0,B
or_close_pos_lo|E12|k2|N20|B,480,20,L,-0.29,-21.29,53.3,49.4,-0.13,-41.7,-3.04,2.49,False,or_close_pos_lo,12:15,2,100000000.0,21.0,B
or_close_pos_sh|E12|k2|N20|B,480,20,S,-0.39,-21.39,46.9,48.9,-0.17,-41.9,3.42,-4.22,False,or_close_pos_sh,12:15,2,100000000.0,21.0,B
posrange_hi|E12|k2|N20|B,480,20,L,0.09,-20.91,52.1,49.5,0.04,-41.2,-2.54,2.74,False,posrange_hi,12:15,2,100000000.0,21.0,B
posrange_hi_sh|E12|k2|N20|B,480,20,S,-0.09,-21.09,47.9,49.5,-0.04,-41.4,2.54,-2.74,False,posrange_hi_sh,12:15,2,100000000.0,21.0,B
posrange_lo|E12|k2|N20|B,480,20,L,1.07,-19.93,52.7,52.9,0.45,-39.7,-1.6,3.77,False,posrange_lo,12:15,2,100000000.0,21.0,B
posrange_lo_sh|E12|k2|N20|B,480,20,S,-1.07,-22.07,47.3,52.9,-0.45,-42.9,1.6,-3.77,False,posrange_lo_sh,12:15,2,100000000.0,21.0,B
today_sofar|E12|k2|N20|B,480,20,L,2.31,-18.69,51.2,65.5,0.77,-37.9,0.38,4.26,True,today_sofar,12:15,2,100000000.0,21.0,B
today_sofar_sh|E12|k2|N20|B,480,20,S,-2.31,-23.31,48.8,65.5,-0.77,-44.8,-0.38,-4.26,True,today_sofar_sh,12:15,2,100000000.0,21.0,B
today_sofar_lo|E12|k2|N20|B,480,20,L,-4.5,-25.5,46.5,64.7,-1.52,-47.7,-6.15,-2.83,True,today_sofar_lo,12:15,2,100000000.0,21.0,B
or_ret|E12|k2|N20|B,480,20,L,0.44,-20.56,50.4,66.3,0.15,-40.8,-1.14,2.04,False,or_ret,12:15,2,100000000.0,21.0,B
or_ret_sh|E12|k2|N20|B,480,20,S,-0.44,-21.44,49.6,66.3,-0.15,-42.1,1.14,-2.04,False,or_ret_sh,12:15,2,100000000.0,21.0,B
orbT_up|E12|k2|N20|B,453,20,L,1.82,-19.18,55.2,56.8,0.68,-38.6,0.83,2.81,True,orbT_up,12:15,2,100000000.0,21.0,B
orbT_up_sh|E12|k2|N20|B,453,20,S,-1.82,-22.82,44.8,56.8,-0.68,-44.0,-0.83,-2.81,True,orbT_up_sh,12:15,2,100000000.0,21.0,B
orbT_dn_sh|E12|k2|N20|B,460,20,S,-0.41,-21.41,48.5,56.8,-0.15,-42.0,2.3,-3.14,False,orbT_dn_sh,12:15,2,100000000.0,21.0,B
orbT_dn_lg|E12|k2|N20|B,460,20,L,0.41,-20.59,51.5,56.8,0.15,-40.8,-2.3,3.14,False,orbT_dn_lg,12:15,2,100000000.0,21.0,B
orbT_up_small|E12|k2|N20|B,453,20,L,2.93,-18.07,53.0,56.1,1.11,-36.8,1.88,4.0,True,orbT_up_small,12:15,2,100000000.0,21.0,B
orbT_up_small_sh|E12|k2|N20|B,453,20,S,-2.93,-23.93,47.0,56.1,-1.11,-45.5,-1.88,-4.0,True,orbT_up_small_sh,12:15,2,100000000.0,21.0,B
orbT_dn_small_sh|E12|k2|N20|B,460,20,S,2.07,-18.93,52.6,57.5,0.77,-38.2,5.04,-0.94,False,orbT_dn_small_sh,12:15,2,100000000.0,21.0,B
orbT_dn_small_lg|E12|k2|N20|B,460,20,L,-2.07,-23.07,47.4,57.5,-0.77,-44.4,-5.04,0.94,False,orbT_dn_small_lg,12:15,2,100000000.0,21.0,B
inside_posor|E12|k2|N20|B,480,20,L,0.3,-20.7,49.6,49.2,0.13,-40.9,-0.88,1.49,False,inside_posor,12:15,2,100000000.0,21.0,B
inside_posor_sh|E12|k2|N20|B,480,20,S,-0.3,-21.3,50.4,49.2,-0.13,-41.7,0.88,-1.49,False,inside_posor_sh,12:15,2,100000000.0,21.0,B
inside_posor_lo|E12|k2|N20|B,480,20,L,-3.31,-24.31,48.8,50.7,-1.43,-46.0,-5.94,-0.66,True,inside_posor_lo,12:15,2,100000000.0,21.0,B
or_wide|E12|k2|N20|B,480,20,L,-1.93,-22.93,49.4,58.8,-0.72,-44.2,-0.39,-3.49,True,or_wide,12:15,2,100000000.0,21.0,B
or_wide_sh|E12|k2|N20|B,480,20,S,1.93,-19.07,50.6,58.8,0.72,-38.4,0.39,3.49,True,or_wide_sh,12:15,2,100000000.0,21.0,B
or_narrow|E12|k2|N20|B,480,20,L,-2.9,-23.9,48.3,47.3,-1.34,-45.4,-4.27,-1.52,True,or_narrow,12:15,2,100000000.0,21.0,B
or_narrow_sh|E12|k2|N20|B,480,20,S,2.9,-18.1,51.7,47.3,1.34,-36.8,4.27,1.52,True,or_narrow_sh,12:15,2,100000000.0,21.0,B
or_wrel_hi|E12|k2|N20|B,480,20,L,-2.25,-23.25,49.4,60.9,-0.81,-44.6,-1.38,-3.13,True,or_wrel_hi,12:15,2,100000000.0,21.0,B
or_wrel_lo|E12|k2|N20|B,480,20,L,-2.54,-23.54,48.8,52.0,-1.07,-45.0,-4.67,-0.38,True,or_wrel_lo,12:15,2,100000000.0,21.0,B
or_wrel_hi_sh|E12|k2|N20|B,480,20,S,2.25,-18.75,50.6,60.9,0.81,-38.0,1.38,3.13,True,or_wrel_hi_sh,12:15,2,100000000.0,21.0,B
or_wrel_lo_sh|E12|k2|N20|B,480,20,S,2.54,-18.46,51.2,52.0,1.07,-37.4,4.67,0.38,True,or_wrel_lo_sh,12:15,2,100000000.0,21.0,B
rng_expand|E12|k2|N20|B,480,20,L,-1.98,-22.98,51.2,59.0,-0.74,-44.2,-0.93,-3.04,True,rng_expand,12:15,2,100000000.0,21.0,B
rng_expand_sh|E12|k2|N20|B,480,20,S,1.98,-19.02,48.8,59.0,0.74,-38.4,0.93,3.04,True,rng_expand_sh,12:15,2,100000000.0,21.0,B
rng_compress|E12|k2|N20|B,480,20,L,-2.66,-23.66,49.2,46.7,-1.25,-45.1,-5.59,0.3,False,rng_compress,12:15,2,100000000.0,21.0,B
rng_compress_sh|E12|k2|N20|B,480,20,S,2.66,-18.34,50.8,46.7,1.25,-37.2,5.59,-0.3,False,rng_compress_sh,12:15,2,100000000.0,21.0,B
vol20_hi|E12|k2|N20|B,479,20,L,-10.4,-31.4,43.4,74.6,-3.05,-55.0,-11.94,-8.85,True,vol20_hi,12:15,2,100000000.0,21.0,B
vol20_hi_sh|E12|k2|N20|B,479,20,S,10.4,-10.6,56.6,74.6,3.05,-24.0,11.94,8.85,True,vol20_hi_sh,12:15,2,100000000.0,21.0,B
vol20_lo|E12|k2|N20|B,479,20,L,-0.28,-21.28,49.3,25.5,-0.24,-41.6,0.26,-0.83,False,vol20_lo,12:15,2,100000000.0,21.0,B
vol20_lo_sh|E12|k2|N20|B,479,20,S,0.28,-20.72,50.7,25.5,0.24,-40.8,-0.26,0.83,False,vol20_lo_sh,12:15,2,100000000.0,21.0,B
atr_hi|E12|k2|N20|B,480,20,L,-11.39,-32.39,43.8,77.0,-3.24,-56.2,-13.54,-9.22,True,atr_hi,12:15,2,100000000.0,21.0,B
atr_lo|E12|k2|N20|B,480,20,L,1.23,-19.77,54.8,24.1,1.11,-39.3,1.22,1.23,True,atr_lo,12:15,2,100000000.0,21.0,B
atr_hi_sh|E12|k2|N20|B,480,20,S,11.39,-9.61,56.2,77.0,3.24,-22.1,13.54,9.22,True,atr_hi_sh,12:15,2,100000000.0,21.0,B
fail_up_sh|E12|k2|N20|B,465,20,S,-1.55,-22.55,45.4,55.7,-0.6,-43.6,0.06,-3.17,False,fail_up_sh,12:15,2,100000000.0,21.0,B
fail_up_lg|E12|k2|N20|B,465,20,L,1.55,-19.45,54.6,55.7,0.6,-39.0,-0.06,3.17,False,fail_up_lg,12:15,2,100000000.0,21.0,B
fail_dn_lg|E12|k2|N20|B,472,20,L,-0.04,-21.04,50.0,52.9,-0.02,-41.4,-2.74,2.68,False,fail_dn_lg,12:15,2,100000000.0,21.0,B
fail_dn_sh|E12|k2|N20|B,472,20,S,0.04,-20.96,50.0,52.9,0.02,-41.3,2.74,-2.68,False,fail_dn_sh,12:15,2,100000000.0,21.0,B
giveback_up_sh|E12|k2|N20|B,480,20,S,-1.95,-22.95,48.3,50.0,-0.86,-44.1,0.07,-4.0,False,giveback_up_sh,12:15,2,100000000.0,21.0,B
giveback_up_lg|E12|k2|N20|B,480,20,L,1.95,-19.05,51.7,50.0,0.86,-38.3,-0.07,4.0,False,giveback_up_lg,12:15,2,100000000.0,21.0,B
giveback_dn_lg|E12|k2|N20|B,480,20,L,-1.94,-22.94,51.7,48.8,-0.87,-44.1,-4.42,0.57,False,giveback_dn_lg,12:15,2,100000000.0,21.0,B
giveback_dn_sh|E12|k2|N20|B,480,20,S,1.94,-19.06,48.3,48.8,0.87,-38.4,4.42,-0.57,False,giveback_dn_sh,12:15,2,100000000.0,21.0,B
poke_up|E12|k2|N20|B,480,20,L,-0.64,-21.64,51.7,55.2,-0.26,-42.3,-2.56,1.29,False,poke_up,12:15,2,100000000.0,21.0,B
poke_up_sh|E12|k2|N20|B,480,20,S,0.64,-20.36,48.3,55.2,0.26,-40.4,2.56,-1.29,False,poke_up_sh,12:15,2,100000000.0,21.0,B
poke_dn_sh|E12|k2|N20|B,480,20,S,-1.35,-22.35,48.1,52.9,-0.56,-43.3,2.04,-4.78,False,poke_dn_sh,12:15,2,100000000.0,21.0,B
poke_dn_lg|E12|k2|N20|B,480,20,L,1.35,-19.65,51.9,52.9,0.56,-39.3,-2.04,4.78,False,poke_dn_lg,12:15,2,100000000.0,21.0,B
ext_up_sh|E12|k2|N20|B,480,20,S,-1.95,-22.95,48.3,50.0,-0.86,-44.1,0.07,-4.0,False,ext_up_sh,12:15,2,100000000.0,21.0,B
ext_up_lg|E12|k2|N20|B,480,20,L,1.95,-19.05,51.7,50.0,0.86,-38.3,-0.07,4.0,False,ext_up_lg,12:15,2,100000000.0,21.0,B
held_up|E12|k2|N20|B,453,20,L,1.81,-19.19,55.2,56.7,0.68,-38.6,0.83,2.79,True,held_up,12:15,2,100000000.0,21.0,B
held_up_sh|E12|k2|N20|B,453,20,S,-1.81,-22.81,44.8,56.7,-0.68,-44.0,-0.83,-2.79,True,held_up_sh,12:15,2,100000000.0,21.0,B
held_dn_sh|E12|k2|N20|B,460,20,S,-0.4,-21.4,48.5,56.8,-0.15,-41.9,2.3,-3.11,False,held_dn_sh,12:15,2,100000000.0,21.0,B
held_dn_lg|E12|k2|N20|B,460,20,L,0.4,-20.6,51.5,56.8,0.15,-40.8,-2.3,3.11,False,held_dn_lg,12:15,2,100000000.0,21.0,B
rvol_hi|E12|k2|N20|B,480,20,L,-3.82,-24.82,48.3,60.4,-1.38,-46.8,-3.87,-3.77,True,rvol_hi,12:15,2,100000000.0,21.0,B
rvol_hi_sh|E12|k2|N20|B,480,20,S,3.82,-17.18,51.7,60.4,1.38,-35.5,3.87,3.77,True,rvol_hi_sh,12:15,2,100000000.0,21.0,B
rvol_lo|E12|k2|N20|B,480,20,L,-2.56,-23.56,50.0,49.2,-1.14,-45.0,-4.95,-0.15,True,rvol_lo,12:15,2,100000000.0,21.0,B
rvol_lo_sh|E12|k2|N20|B,480,20,S,2.56,-18.44,50.0,49.2,1.14,-37.4,4.95,0.15,True,rvol_lo_sh,12:15,2,100000000.0,21.0,B
orb_vol125|E12|k2|N20|B,417,20,L,1.84,-19.16,54.4,61.6,0.61,-38.6,-1.66,5.35,False,orb_vol125,12:15,2,100000000.0,21.0,B
orb_vol125_sh|E12|k2|N20|B,417,20,S,-1.84,-22.84,45.6,61.6,-0.61,-44.1,1.66,-5.35,False,orb_vol125_sh,12:15,2,100000000.0,21.0,B
orbdn_vol125_sh|E12|k2|N20|B,378,20,S,0.61,-20.39,50.5,61.6,0.19,-40.5,2.03,-0.83,False,orbdn_vol125_sh,12:15,2,100000000.0,21.0,B
orbdn_vol125_lg|E12|k2|N20|B,378,20,L,-0.61,-21.61,49.5,61.6,-0.19,-42.3,-2.03,0.83,False,orbdn_vol125_lg,12:15,2,100000000.0,21.0,B
orb_vol15|E12|k2|N20|B,404,20,L,3.38,-17.62,54.5,64.4,1.05,-36.2,-0.02,6.82,False,orb_vol15,12:15,2,100000000.0,21.0,B
orb_vol15_sh|E12|k2|N20|B,404,20,S,-3.38,-24.38,45.5,64.4,-1.05,-46.2,0.02,-6.82,False,orb_vol15_sh,12:15,2,100000000.0,21.0,B
orbdn_vol15_sh|E12|k2|N20|B,312,20,S,0.59,-20.41,51.0,63.4,0.16,-40.5,0.99,0.19,True,orbdn_vol15_sh,12:15,2,100000000.0,21.0,B
orbdn_vol15_lg|E12|k2|N20|B,312,20,L,-0.59,-21.59,49.0,63.4,-0.16,-42.3,-0.99,-0.19,True,orbdn_vol15_lg,12:15,2,100000000.0,21.0,B
orb_vol20|E12|k2|N20|B,336,20,L,8.17,-12.83,53.9,71.6,2.09,-28.1,5.33,11.04,True,orb_vol20,12:15,2,100000000.0,21.0,B
orb_vol20_sh|E12|k2|N20|B,336,20,S,-8.17,-29.17,46.1,71.6,-2.09,-52.4,-5.33,-11.04,True,orb_vol20_sh,12:15,2,100000000.0,21.0,B
orbdn_vol20_sh|E12|k2|N20|B,166,20,S,1.47,-19.53,50.0,72.0,0.26,-39.3,-2.43,5.46,False,orbdn_vol20_sh,12:15,2,100000000.0,21.0,B
orbdn_vol20_lg|E12|k2|N20|B,166,20,L,-1.47,-22.47,50.0,72.0,-0.26,-43.6,2.43,-5.46,False,orbdn_vol20_lg,12:15,2,100000000.0,21.0,B
orb_x_rvol|E12|k2|N20|B,480,20,L,-1.33,-22.33,51.2,59.8,-0.49,-43.3,-1.49,-1.17,True,orb_x_rvol,12:15,2,100000000.0,21.0,B
orb_x_rvol_sh|E12|k2|N20|B,480,20,S,1.33,-19.67,48.8,59.8,0.49,-39.4,1.49,1.17,True,orb_x_rvol_sh,12:15,2,100000000.0,21.0,B
orb_novol|E12|k2|N20|B,304,20,L,4.84,-16.16,58.9,50.6,1.67,-33.7,2.67,7.04,True,orb_novol,12:15,2,100000000.0,21.0,B
orb_novol_sh|E12|k2|N20|B,304,20,S,-4.84,-25.84,41.1,50.6,-1.67,-48.1,-2.67,-7.04,True,orb_novol_sh,12:15,2,100000000.0,21.0,B
orb_wideOR|E12|k2|N20|B,310,20,L,7.24,-13.76,54.8,64.2,1.98,-29.7,5.15,9.35,True,orb_wideOR,12:15,2,100000000.0,21.0,B
orb_wideOR_sh|E12|k2|N20|B,310,20,S,-7.24,-28.24,45.2,64.2,-1.98,-51.2,-5.15,-9.35,True,orb_wideOR_sh,12:15,2,100000000.0,21.0,B
orb_narrowOR|E12|k2|N20|B,358,20,L,-0.06,-21.06,52.0,56.2,-0.02,-41.4,-1.67,1.56,False,orb_narrowOR,12:15,2,100000000.0,21.0,B
orb_narrowOR_sh|E12|k2|N20|B,358,20,S,0.06,-20.94,48.0,56.2,0.02,-41.3,1.67,-1.56,False,orb_narrowOR_sh,12:15,2,100000000.0,21.0,B
orbdn_wideOR_sh|E12|k2|N20|B,269,20,S,2.09,-18.91,51.7,66.0,0.52,-38.3,6.08,-1.94,False,orbdn_wideOR_sh,12:15,2,100000000.0,21.0,B
orbdn_narrowOR_sh|E12|k2|N20|B,387,20,S,3.82,-17.18,52.5,55.9,1.34,-35.4,4.24,3.39,True,orbdn_narrowOR_sh,12:15,2,100000000.0,21.0,B
orbdn_wideOR_lg|E12|k2|N20|B,269,20,L,-2.09,-23.09,48.3,66.0,-0.52,-44.5,-6.08,1.94,False,orbdn_wideOR_lg,12:15,2,100000000.0,21.0,B
orbdn_narrowOR_lg|E12|k2|N20|B,387,20,L,-3.82,-24.82,47.5,55.9,-1.34,-46.7,-4.24,-3.39,True,orbdn_narrowOR_lg,12:15,2,100000000.0,21.0,B
orb_coiled|E12|k2|N20|B,355,20,L,2.74,-18.26,54.1,54.5,0.95,-37.1,2.39,3.1,True,orb_coiled,12:15,2,100000000.0,21.0,B
orb_coiled_sh|E12|k2|N20|B,355,20,S,-2.74,-23.74,45.9,54.5,-0.95,-45.3,-2.39,-3.1,True,orb_coiled_sh,12:15,2,100000000.0,21.0,B
orbdn_coiled_sh|E12|k2|N20|B,378,20,S,3.67,-17.33,54.0,54.3,1.31,-35.7,5.39,1.92,True,orbdn_coiled_sh,12:15,2,100000000.0,21.0,B
orb_gapup|E12|k2|N20|B,215,20,L,9.18,-11.82,57.2,65.9,2.04,-26.2,7.85,10.52,True,orb_gapup,12:15,2,100000000.0,21.0,B
orb_gapup_sh|E12|k2|N20|B,215,20,S,-9.18,-30.18,42.8,65.9,-2.04,-53.6,-7.85,-10.52,True,orb_gapup_sh,12:15,2,100000000.0,21.0,B
orb_nogap|E12|k2|N20|B,386,20,L,-0.84,-21.84,52.8,53.1,-0.31,-42.6,-4.25,2.6,False,orb_nogap,12:15,2,100000000.0,21.0,B
orb_nogap_sh|E12|k2|N20|B,386,20,S,0.84,-20.16,47.2,53.1,0.31,-40.1,4.25,-2.6,False,orb_nogap_sh,12:15,2,100000000.0,21.0,B
orbdn_gapup_sh|E12|k2|N20|B,260,20,S,4.4,-16.6,50.8,63.0,1.13,-34.5,7.67,1.08,True,orbdn_gapup_sh,12:15,2,100000000.0,21.0,B
gap_up|E12|k2|N20|B,480,20,L,-3.11,-24.11,49.6,60.6,-1.12,-45.8,-6.83,0.65,False,gap_up,12:15,2,100000000.0,21.0,B
gap_up_sh|E12|k2|N20|B,480,20,S,3.11,-17.89,50.4,60.6,1.12,-36.6,6.83,-0.65,False,gap_up_sh,12:15,2,100000000.0,21.0,B
gap_dn_lg|E12|k2|N20|B,480,20,L,0.59,-20.41,52.1,57.3,0.22,-40.5,3.44,-2.29,False,gap_dn_lg,12:15,2,100000000.0,21.0,B
gap_dn_sh|E12|k2|N20|B,480,20,S,-0.59,-21.59,47.9,57.3,-0.22,-42.2,-3.44,2.29,False,gap_dn_sh,12:15,2,100000000.0,21.0,B
orb_hivol|E12|k2|N20|B,321,20,L,6.19,-14.81,53.9,75.7,1.46,-31.7,3.64,8.75,True,orb_hivol,12:15,2,100000000.0,21.0,B
orb_hivol_sh|E12|k2|N20|B,321,20,S,-6.19,-27.19,46.1,75.7,-1.46,-50.0,-3.64,-8.75,True,orb_hivol_sh,12:15,2,100000000.0,21.0,B
orb_lovol|E12|k2|N20|B,323,20,L,3.46,-17.54,52.9,42.5,1.47,-35.9,2.8,4.13,True,orb_lovol,12:15,2,100000000.0,21.0,B
orb_lovol_sh|E12|k2|N20|B,323,20,S,-3.46,-24.46,47.1,42.5,-1.47,-46.2,-2.8,-4.13,True,orb_lovol_sh,12:15,2,100000000.0,21.0,B
orbdn_hivol_sh|E12|k2|N20|B,336,20,S,4.49,-16.51,54.2,72.2,1.14,-34.5,7.68,1.27,True,orbdn_hivol_sh,12:15,2,100000000.0,21.0,B
orbdn_lovol_sh|E12|k2|N20|B,339,20,S,2.11,-18.89,50.7,45.1,0.86,-38.1,4.89,-0.68,False,orbdn_lovol_sh,12:15,2,100000000.0,21.0,B
posrange_hivol|E12|k2|N20|B,479,20,L,-1.08,-22.08,51.1,67.7,-0.35,-43.0,-2.96,0.8,False,posrange_hivol,12:15,2,100000000.0,21.0,B
posrange_lovol|E12|k2|N20|B,479,20,L,-0.9,-21.9,51.6,38.5,-0.51,-42.6,-2.43,0.64,False,posrange_lovol,12:15,2,100000000.0,21.0,B
posrange_hivol_sh|E12|k2|N20|B,479,20,S,1.08,-19.92,48.9,67.7,0.35,-39.8,2.96,-0.8,False,posrange_hivol_sh,12:15,2,100000000.0,21.0,B
posrange_lovol_sh|E12|k2|N20|B,479,20,S,0.9,-20.1,48.4,38.5,0.51,-39.9,2.43,-0.64,False,posrange_lovol_sh,12:15,2,100000000.0,21.0,B
orb_minus_width|E12|k2|N20|B,480,20,L,-2.87,-23.87,49.4,48.7,-1.29,-45.4,-5.19,-0.53,True,orb_minus_width,12:15,2,100000000.0,21.0,B
orb_plus_width|E12|k2|N20|B,480,20,L,0.2,-20.8,53.1,58.1,0.08,-41.1,0.64,-0.24,False,orb_plus_width,12:15,2,100000000.0,21.0,B
orb_plus_width_sh|E12|k2|N20|B,480,20,S,-0.2,-21.2,46.9,58.1,-0.08,-41.7,-0.64,0.24,False,orb_plus_width_sh,12:15,2,100000000.0,21.0,B
orb_minus_width_sh|E12|k2|N20|B,480,20,S,2.87,-18.13,50.6,48.7,1.29,-36.9,5.19,0.53,True,orb_minus_width_sh,12:15,2,100000000.0,21.0,B
orb_minus_d20|E12|k2|N20|B,469,20,L,2.12,-18.88,52.7,59.7,0.77,-38.2,-0.35,4.61,False,orb_minus_d20,12:15,2,100000000.0,21.0,B
orb_plus_d20|E12|k2|N20|B,469,20,L,-2.95,-23.95,49.5,59.6,-1.07,-45.6,-2.12,-3.79,True,orb_plus_d20,12:15,2,100000000.0,21.0,B
orb_plus_d20_sh|E12|k2|N20|B,469,20,S,2.95,-18.05,50.5,59.6,1.07,-36.9,2.12,3.79,True,orb_plus_d20_sh,12:15,2,100000000.0,21.0,B
orb_plus_pct52|E12|k2|N20|B,430,20,L,-0.11,-21.11,55.8,46.3,-0.05,-41.5,-2.7,2.5,False,orb_plus_pct52,12:15,2,100000000.0,21.0,B
orb_plus_pct52_sh|E12|k2|N20|B,430,20,S,0.11,-20.89,44.2,46.3,0.05,-41.1,2.7,-2.5,False,orb_plus_pct52_sh,12:15,2,100000000.0,21.0,B
compress_then_pos|E12|k2|N20|B,480,20,L,-2.87,-23.87,49.4,48.7,-1.29,-45.4,-5.19,-0.53,True,compress_then_pos,12:15,2,100000000.0,21.0,B
compress_then_pos_sh|E12|k2|N20|B,480,20,S,2.87,-18.13,50.6,48.7,1.29,-36.9,5.19,0.53,True,compress_then_pos_sh,12:15,2,100000000.0,21.0,B
expand_then_pos|E12|k2|N20|B,480,20,L,0.2,-20.8,53.1,58.1,0.08,-41.1,0.64,-0.24,False,expand_then_pos,12:15,2,100000000.0,21.0,B
expand_then_pos_sh|E12|k2|N20|B,480,20,S,-0.2,-21.2,46.9,58.1,-0.08,-41.7,-0.64,0.24,False,expand_then_pos_sh,12:15,2,100000000.0,21.0,B
orb_up|E12|k2|N30|B,480,30,L,-0.81,-21.81,52.3,50.5,-0.35,-42.5,-3.66,2.07,False,orb_up,12:15,2,100000000.0,21.0,B
orb_up_sh|E12|k2|N30|B,480,30,S,0.81,-20.19,47.7,50.5,0.35,-40.1,3.66,-2.07,False,orb_up_sh,12:15,2,100000000.0,21.0,B
orb_dn_sh|E12|k2|N30|B,480,30,S,-0.26,-21.26,49.8,51.9,-0.11,-41.7,1.76,-2.29,False,orb_dn_sh,12:15,2,100000000.0,21.0,B
orb_dn_lg|E12|k2|N30|B,480,30,L,0.26,-20.74,50.2,51.9,0.11,-40.9,-1.76,2.29,False,orb_dn_lg,12:15,2,100000000.0,21.0,B
orb_up_sig|E12|k2|N30|B,480,30,L,-0.15,-21.15,52.9,49.9,-0.06,-41.5,-2.47,2.19,False,orb_up_sig,12:15,2,100000000.0,21.0,B
orb_up_sig_sh|E12|k2|N30|B,480,30,S,0.15,-20.85,47.1,49.9,0.06,-41.1,2.47,-2.19,False,orb_up_sig_sh,12:15,2,100000000.0,21.0,B
orb_dn_sig_sh|E12|k2|N30|B,480,30,S,-0.53,-21.53,49.0,51.5,-0.23,-42.1,1.15,-2.23,False,orb_dn_sig_sh,12:15,2,100000000.0,21.0,B
orb_dn_sig_lg|E12|k2|N30|B,480,30,L,0.53,-20.47,51.0,51.5,0.23,-40.5,-1.15,2.23,False,orb_dn_sig_lg,12:15,2,100000000.0,21.0,B
pos_in_or|E12|k2|N30|B,480,30,L,-0.81,-21.81,52.3,50.5,-0.35,-42.5,-3.66,2.07,False,pos_in_or,12:15,2,100000000.0,21.0,B
pos_in_or_sh|E12|k2|N30|B,480,30,S,0.81,-20.19,47.7,50.5,0.35,-40.1,3.66,-2.07,False,pos_in_or_sh,12:15,2,100000000.0,21.0,B
pos_in_or_lo|E12|k2|N30|B,480,30,L,0.26,-20.74,50.2,51.9,0.11,-40.9,-1.76,2.29,False,pos_in_or_lo,12:15,2,100000000.0,21.0,B
pos_in_or_lo_sh|E12|k2|N30|B,480,30,S,-0.26,-21.26,49.8,51.9,-0.11,-41.7,1.76,-2.29,False,pos_in_or_lo_sh,12:15,2,100000000.0,21.0,B
or_close_pos|E12|k2|N30|B,480,30,L,0.35,-20.65,53.3,47.9,0.16,-40.8,-1.96,2.67,False,or_close_pos,12:15,2,100000000.0,21.0,B
or_close_pos_lo|E12|k2|N30|B,480,30,L,-0.98,-21.98,50.2,49.0,-0.44,-42.7,-2.84,0.9,False,or_close_pos_lo,12:15,2,100000000.0,21.0,B
or_close_pos_sh|E12|k2|N30|B,480,30,S,-0.35,-21.35,46.7,47.9,-0.16,-41.8,1.96,-2.67,False,or_close_pos_sh,12:15,2,100000000.0,21.0,B
posrange_hi|E12|k2|N30|B,480,30,L,0.22,-20.78,52.1,48.4,0.1,-41.0,-2.02,2.48,False,posrange_hi,12:15,2,100000000.0,21.0,B
posrange_hi_sh|E12|k2|N30|B,480,30,S,-0.22,-21.22,47.9,48.4,-0.1,-41.6,2.02,-2.48,False,posrange_hi_sh,12:15,2,100000000.0,21.0,B
posrange_lo|E12|k2|N30|B,480,30,L,-0.1,-21.1,50.2,52.2,-0.04,-41.5,-2.71,2.54,False,posrange_lo,12:15,2,100000000.0,21.0,B
posrange_lo_sh|E12|k2|N30|B,480,30,S,0.1,-20.9,49.8,52.2,0.04,-41.2,2.71,-2.54,False,posrange_lo_sh,12:15,2,100000000.0,21.0,B
today_sofar|E12|k2|N30|B,480,30,L,1.59,-19.41,52.9,60.3,0.58,-39.0,0.83,2.36,True,today_sofar,12:15,2,100000000.0,21.0,B
today_sofar_sh|E12|k2|N30|B,480,30,S,-1.59,-22.59,47.1,60.3,-0.58,-43.7,-0.83,-2.36,True,today_sofar_sh,12:15,2,100000000.0,21.0,B
today_sofar_lo|E12|k2|N30|B,480,30,L,-3.38,-24.38,48.3,61.2,-1.21,-46.2,-5.04,-1.7,True,today_sofar_lo,12:15,2,100000000.0,21.0,B
or_ret|E12|k2|N30|B,480,30,L,0.31,-20.69,49.2,60.1,0.11,-40.9,-1.15,1.78,False,or_ret,12:15,2,100000000.0,21.0,B
or_ret_sh|E12|k2|N30|B,480,30,S,-0.31,-21.31,50.8,60.1,-0.11,-41.8,1.15,-1.78,False,or_ret_sh,12:15,2,100000000.0,21.0,B
orbT_up|E12|k2|N30|B,410,30,L,0.33,-20.67,55.4,52.0,0.13,-40.8,-3.32,4.02,False,orbT_up,12:15,2,100000000.0,21.0,B
orbT_up_sh|E12|k2|N30|B,410,30,S,-0.33,-21.33,44.6,52.0,-0.13,-41.8,3.32,-4.02,False,orbT_up_sh,12:15,2,100000000.0,21.0,B
orbT_dn_sh|E12|k2|N30|B,426,30,S,0.38,-20.62,49.8,54.2,0.15,-40.8,1.89,-1.13,False,orbT_dn_sh,12:15,2,100000000.0,21.0,B
orbT_dn_lg|E12|k2|N30|B,426,30,L,-0.38,-21.38,50.2,54.2,-0.15,-41.9,-1.89,1.13,False,orbT_dn_lg,12:15,2,100000000.0,21.0,B
orbT_up_small|E12|k2|N30|B,410,30,L,1.13,-19.87,55.4,52.3,0.44,-39.6,-1.94,4.23,False,orbT_up_small,12:15,2,100000000.0,21.0,B
orbT_up_small_sh|E12|k2|N30|B,410,30,S,-1.13,-22.13,44.6,52.3,-0.44,-43.0,1.94,-4.23,False,orbT_up_small_sh,12:15,2,100000000.0,21.0,B
orbT_dn_small_sh|E12|k2|N30|B,426,30,S,2.47,-18.53,51.6,55.3,0.92,-37.6,4.85,0.06,True,orbT_dn_small_sh,12:15,2,100000000.0,21.0,B
orbT_dn_small_lg|E12|k2|N30|B,426,30,L,-2.47,-23.47,48.4,55.3,-0.92,-44.9,-4.85,-0.06,True,orbT_dn_small_lg,12:15,2,100000000.0,21.0,B
inside_posor|E12|k2|N30|B,480,30,L,0.77,-20.23,51.7,47.9,0.35,-40.1,-0.49,2.04,False,inside_posor,12:15,2,100000000.0,21.0,B
inside_posor_sh|E12|k2|N30|B,480,30,S,-0.77,-21.77,48.3,47.9,-0.35,-42.4,0.49,-2.04,False,inside_posor_sh,12:15,2,100000000.0,21.0,B
inside_posor_lo|E12|k2|N30|B,480,30,L,-3.38,-24.38,49.4,52.2,-1.42,-46.1,-6.01,-0.74,True,inside_posor_lo,12:15,2,100000000.0,21.0,B
or_wide|E12|k2|N30|B,480,30,L,-1.61,-22.61,49.0,55.0,-0.64,-43.7,-0.19,-3.05,True,or_wide,12:15,2,100000000.0,21.0,B
or_wide_sh|E12|k2|N30|B,480,30,S,1.61,-19.39,51.0,55.0,0.64,-38.9,0.19,3.05,True,or_wide_sh,12:15,2,100000000.0,21.0,B
or_narrow|E12|k2|N30|B,480,30,L,-2.44,-23.44,50.0,46.9,-1.14,-44.8,-4.25,-0.6,True,or_narrow,12:15,2,100000000.0,21.0,B
or_narrow_sh|E12|k2|N30|B,480,30,S,2.44,-18.56,50.0,46.9,1.14,-37.6,4.25,0.6,True,or_narrow_sh,12:15,2,100000000.0,21.0,B
or_wrel_hi|E12|k2|N30|B,480,30,L,-1.48,-22.48,50.6,55.8,-0.58,-43.5,-1.08,-1.88,True,or_wrel_hi,12:15,2,100000000.0,21.0,B
or_wrel_lo|E12|k2|N30|B,480,30,L,-3.37,-24.37,51.2,50.5,-1.46,-46.1,-5.98,-0.75,True,or_wrel_lo,12:15,2,100000000.0,21.0,B
or_wrel_hi_sh|E12|k2|N30|B,480,30,S,1.48,-19.52,49.4,55.8,0.58,-39.1,1.08,1.88,True,or_wrel_hi_sh,12:15,2,100000000.0,21.0,B
or_wrel_lo_sh|E12|k2|N30|B,480,30,S,3.37,-17.63,48.8,50.5,1.46,-36.1,5.98,0.75,True,or_wrel_lo_sh,12:15,2,100000000.0,21.0,B
rng_expand|E12|k2|N30|B,480,30,L,-0.49,-21.49,52.9,55.9,-0.19,-42.1,0.46,-1.45,False,rng_expand,12:15,2,100000000.0,21.0,B
rng_expand_sh|E12|k2|N30|B,480,30,S,0.49,-20.51,47.1,55.9,0.19,-40.6,-0.46,1.45,False,rng_expand_sh,12:15,2,100000000.0,21.0,B
rng_compress|E12|k2|N30|B,480,30,L,-3.28,-24.28,48.3,47.1,-1.53,-46.0,-5.9,-0.64,True,rng_compress,12:15,2,100000000.0,21.0,B
rng_compress_sh|E12|k2|N30|B,480,30,S,3.28,-17.72,51.7,47.1,1.53,-36.2,5.9,0.64,True,rng_compress_sh,12:15,2,100000000.0,21.0,B
vol20_hi|E12|k2|N30|B,479,30,L,-8.89,-29.89,43.4,70.6,-2.76,-53.3,-9.81,-7.97,True,vol20_hi,12:15,2,100000000.0,21.0,B
vol20_hi_sh|E12|k2|N30|B,479,30,S,8.89,-12.11,56.6,70.6,2.76,-26.8,9.81,7.97,True,vol20_hi_sh,12:15,2,100000000.0,21.0,B
vol20_lo|E12|k2|N30|B,479,30,L,-0.36,-21.36,51.6,29.0,-0.27,-41.7,-0.74,0.03,False,vol20_lo,12:15,2,100000000.0,21.0,B
vol20_lo_sh|E12|k2|N30|B,479,30,S,0.36,-20.64,48.4,29.0,0.27,-40.7,0.74,-0.03,False,vol20_lo_sh,12:15,2,100000000.0,21.0,B
atr_hi|E12|k2|N30|B,480,30,L,-9.52,-30.52,45.6,71.6,-2.92,-54.0,-11.1,-7.93,True,atr_hi,12:15,2,100000000.0,21.0,B
atr_lo|E12|k2|N30|B,480,30,L,0.41,-20.59,51.2,28.0,0.32,-40.6,0.19,0.64,True,atr_lo,12:15,2,100000000.0,21.0,B
atr_hi_sh|E12|k2|N30|B,480,30,S,9.52,-11.48,54.4,71.6,2.92,-25.6,11.1,7.93,True,atr_hi_sh,12:15,2,100000000.0,21.0,B
fail_up_sh|E12|k2|N30|B,438,30,S,-1.93,-22.93,43.4,54.4,-0.74,-44.1,-1.15,-2.7,True,fail_up_sh,12:15,2,100000000.0,21.0,B
fail_up_lg|E12|k2|N30|B,438,30,L,1.93,-19.07,56.6,54.4,0.74,-38.4,1.15,2.7,True,fail_up_lg,12:15,2,100000000.0,21.0,B
fail_dn_lg|E12|k2|N30|B,448,30,L,-1.63,-22.63,50.2,52.7,-0.65,-43.7,-3.32,0.08,False,fail_dn_lg,12:15,2,100000000.0,21.0,B
fail_dn_sh|E12|k2|N30|B,448,30,S,1.63,-19.37,49.8,52.7,0.65,-38.9,3.32,-0.08,False,fail_dn_sh,12:15,2,100000000.0,21.0,B
giveback_up_sh|E12|k2|N30|B,480,30,S,-0.99,-21.99,45.4,49.5,-0.44,-42.8,0.18,-2.18,False,giveback_up_sh,12:15,2,100000000.0,21.0,B
giveback_up_lg|E12|k2|N30|B,480,30,L,0.99,-20.01,54.6,49.5,0.44,-39.8,-0.18,2.18,False,giveback_up_lg,12:15,2,100000000.0,21.0,B
giveback_dn_lg|E12|k2|N30|B,480,30,L,-1.45,-22.45,51.2,47.4,-0.67,-43.4,-3.27,0.4,False,giveback_dn_lg,12:15,2,100000000.0,21.0,B
giveback_dn_sh|E12|k2|N30|B,480,30,S,1.45,-19.55,48.8,47.4,0.67,-39.1,3.27,-0.4,False,giveback_dn_sh,12:15,2,100000000.0,21.0,B
poke_up|E12|k2|N30|B,480,30,L,-0.39,-21.39,52.5,51.7,-0.16,-41.9,-3.41,2.66,False,poke_up,12:15,2,100000000.0,21.0,B
poke_up_sh|E12|k2|N30|B,480,30,S,0.39,-20.61,47.5,51.7,0.16,-40.7,3.41,-2.66,False,poke_up_sh,12:15,2,100000000.0,21.0,B
poke_dn_sh|E12|k2|N30|B,480,30,S,-1.27,-22.27,46.9,51.4,-0.54,-43.2,1.16,-3.72,False,poke_dn_sh,12:15,2,100000000.0,21.0,B
poke_dn_lg|E12|k2|N30|B,480,30,L,1.27,-19.73,53.1,51.4,0.54,-39.4,-1.16,3.72,False,poke_dn_lg,12:15,2,100000000.0,21.0,B
ext_up_sh|E12|k2|N30|B,480,30,S,-0.96,-21.96,45.6,49.5,-0.42,-42.7,0.18,-2.1,False,ext_up_sh,12:15,2,100000000.0,21.0,B
ext_up_lg|E12|k2|N30|B,480,30,L,0.96,-20.04,54.4,49.5,0.42,-39.9,-0.18,2.1,False,ext_up_lg,12:15,2,100000000.0,21.0,B
held_up|E12|k2|N30|B,410,30,L,0.29,-20.71,55.4,52.0,0.11,-40.9,-3.32,3.94,False,held_up,12:15,2,100000000.0,21.0,B
held_up_sh|E12|k2|N30|B,410,30,S,-0.29,-21.29,44.6,52.0,-0.11,-41.8,3.32,-3.94,False,held_up_sh,12:15,2,100000000.0,21.0,B
held_dn_sh|E12|k2|N30|B,426,30,S,0.47,-20.53,50.0,54.3,0.18,-40.6,1.95,-1.04,False,held_dn_sh,12:15,2,100000000.0,21.0,B
held_dn_lg|E12|k2|N30|B,426,30,L,-0.47,-21.47,50.0,54.3,-0.18,-42.0,-1.95,1.04,False,held_dn_lg,12:15,2,100000000.0,21.0,B
rvol_hi|E12|k2|N30|B,480,30,L,-1.55,-22.55,51.2,56.1,-0.61,-43.6,-1.56,-1.54,True,rvol_hi,12:15,2,100000000.0,21.0,B
rvol_hi_sh|E12|k2|N30|B,480,30,S,1.55,-19.45,48.8,56.1,0.61,-39.0,1.56,1.54,True,rvol_hi_sh,12:15,2,100000000.0,21.0,B
rvol_lo|E12|k2|N30|B,480,30,L,-2.28,-23.28,49.6,49.4,-1.01,-44.6,-4.94,0.4,False,rvol_lo,12:15,2,100000000.0,21.0,B
rvol_lo_sh|E12|k2|N30|B,480,30,S,2.28,-18.72,50.4,49.4,1.01,-37.8,4.94,-0.4,False,rvol_lo_sh,12:15,2,100000000.0,21.0,B
orb_vol125|E12|k2|N30|B,357,30,L,4.6,-16.4,56.3,55.9,1.56,-34.1,2.25,6.97,True,orb_vol125,12:15,2,100000000.0,21.0,B
orb_vol125_sh|E12|k2|N30|B,357,30,S,-4.6,-25.6,43.7,55.9,-1.56,-47.8,-2.25,-6.97,True,orb_vol125_sh,12:15,2,100000000.0,21.0,B
orbdn_vol125_sh|E12|k2|N30|B,253,30,S,2.82,-18.18,51.8,61.5,0.73,-37.1,2.17,3.49,True,orbdn_vol125_sh,12:15,2,100000000.0,21.0,B
orbdn_vol125_lg|E12|k2|N30|B,253,30,L,-2.82,-23.82,48.2,61.5,-0.73,-45.4,-2.17,-3.49,True,orbdn_vol125_lg,12:15,2,100000000.0,21.0,B
orb_vol15|E12|k2|N30|B,316,30,L,7.51,-13.49,57.0,53.5,2.5,-29.1,7.53,7.5,True,orb_vol15,12:15,2,100000000.0,21.0,B
orb_vol15_sh|E12|k2|N30|B,316,30,S,-7.51,-28.51,43.0,53.5,-2.5,-51.5,-7.53,-7.5,True,orb_vol15_sh,12:15,2,100000000.0,21.0,B
orbdn_vol15_sh|E12|k2|N30|B,164,30,S,3.49,-17.51,51.8,61.8,0.72,-36.0,-2.31,9.43,False,orbdn_vol15_sh,12:15,2,100000000.0,21.0,B
orbdn_vol15_lg|E12|k2|N30|B,164,30,L,-3.49,-24.49,48.2,61.8,-0.72,-46.3,2.31,-9.43,False,orbdn_vol15_lg,12:15,2,100000000.0,21.0,B
orb_vol20|E12|k2|N30|B,207,30,L,6.12,-14.88,54.1,60.9,1.45,-31.6,11.59,0.59,True,orb_vol20,12:15,2,100000000.0,21.0,B
orb_vol20_sh|E12|k2|N30|B,207,30,S,-6.12,-27.12,45.9,60.9,-1.45,-49.8,-11.59,-0.59,True,orb_vol20_sh,12:15,2,100000000.0,21.0,B
orb_x_rvol|E12|k2|N30|B,480,30,L,-1.09,-22.09,51.2,52.9,-0.45,-42.9,-2.13,-0.04,True,orb_x_rvol,12:15,2,100000000.0,21.0,B
orb_x_rvol_sh|E12|k2|N30|B,480,30,S,1.09,-19.91,48.8,52.9,0.45,-39.7,2.13,0.04,True,orb_x_rvol_sh,12:15,2,100000000.0,21.0,B
orb_novol|E12|k2|N30|B,205,30,L,3.48,-17.52,59.0,50.0,1.0,-35.9,3.2,3.76,True,orb_novol,12:15,2,100000000.0,21.0,B
orb_novol_sh|E12|k2|N30|B,205,30,S,-3.48,-24.48,41.0,50.0,-1.0,-46.2,-3.2,-3.76,True,orb_novol_sh,12:15,2,100000000.0,21.0,B
orb_wideOR|E12|k2|N30|B,195,30,L,8.79,-12.21,59.5,57.6,2.13,-26.8,11.74,5.8,True,orb_wideOR,12:15,2,100000000.0,21.0,B
orb_wideOR_sh|E12|k2|N30|B,195,30,S,-8.79,-29.79,40.5,57.6,-2.13,-53.0,-11.74,-5.8,True,orb_wideOR_sh,12:15,2,100000000.0,21.0,B
orb_narrowOR|E12|k2|N30|B,231,30,L,3.74,-17.26,54.1,49.3,1.15,-35.5,1.21,6.29,True,orb_narrowOR,12:15,2,100000000.0,21.0,B
orb_narrowOR_sh|E12|k2|N30|B,231,30,S,-3.74,-24.74,45.9,49.3,-1.15,-46.6,-1.21,-6.29,True,orb_narrowOR_sh,12:15,2,100000000.0,21.0,B
orbdn_wideOR_sh|E12|k2|N30|B,160,30,S,7.54,-13.46,54.4,66.6,1.43,-29.2,12.63,2.33,True,orbdn_wideOR_sh,12:15,2,100000000.0,21.0,B
orbdn_narrowOR_sh|E12|k2|N30|B,299,30,S,6.92,-14.08,56.2,55.1,2.17,-30.2,8.89,4.94,True,orbdn_narrowOR_sh,12:15,2,100000000.0,21.0,B
orbdn_wideOR_lg|E12|k2|N30|B,160,30,L,-7.54,-28.54,45.6,66.6,-1.43,-51.6,-12.63,-2.33,True,orbdn_wideOR_lg,12:15,2,100000000.0,21.0,B
orbdn_narrowOR_lg|E12|k2|N30|B,299,30,L,-6.92,-27.92,43.8,55.1,-2.17,-50.8,-8.89,-4.94,True,orbdn_narrowOR_lg,12:15,2,100000000.0,21.0,B
orb_coiled|E12|k2|N30|B,235,30,L,3.73,-17.27,54.9,54.5,1.05,-35.6,0.08,7.41,True,orb_coiled,12:15,2,100000000.0,21.0,B
orb_coiled_sh|E12|k2|N30|B,235,30,S,-3.73,-24.73,45.1,54.5,-1.05,-46.6,-0.08,-7.41,True,orb_coiled_sh,12:15,2,100000000.0,21.0,B
orbdn_coiled_sh|E12|k2|N30|B,295,30,S,5.78,-15.22,55.9,54.7,1.81,-32.1,8.3,3.24,True,orbdn_coiled_sh,12:15,2,100000000.0,21.0,B
orb_gapup|E12|k2|N30|B,132,30,L,6.41,-14.59,57.6,63.6,1.16,-31.1,10.99,1.69,True,orb_gapup,12:15,2,100000000.0,21.0,B
orb_gapup_sh|E12|k2|N30|B,132,30,S,-6.41,-27.41,42.4,63.6,-1.16,-50.2,-10.99,-1.69,True,orb_gapup_sh,12:15,2,100000000.0,21.0,B
orb_nogap|E12|k2|N30|B,337,30,L,0.77,-20.23,53.7,48.0,0.3,-40.1,-4.77,6.35,False,orb_nogap,12:15,2,100000000.0,21.0,B
orb_nogap_sh|E12|k2|N30|B,337,30,S,-0.77,-21.77,46.3,48.0,-0.3,-42.4,4.77,-6.35,False,orb_nogap_sh,12:15,2,100000000.0,21.0,B
orbdn_gapup_sh|E12|k2|N30|B,176,30,S,7.37,-13.63,54.0,64.8,1.51,-29.5,10.2,4.48,True,orbdn_gapup_sh,12:15,2,100000000.0,21.0,B
gap_up|E12|k2|N30|B,480,30,L,-3.54,-24.54,49.2,57.3,-1.36,-46.4,-6.85,-0.21,True,gap_up,12:15,2,100000000.0,21.0,B
gap_up_sh|E12|k2|N30|B,480,30,S,3.54,-17.46,50.8,57.3,1.36,-35.9,6.85,0.21,True,gap_up_sh,12:15,2,100000000.0,21.0,B
gap_dn_lg|E12|k2|N30|B,480,30,L,1.2,-19.8,54.8,54.0,0.49,-39.5,2.87,-0.49,False,gap_dn_lg,12:15,2,100000000.0,21.0,B
gap_dn_sh|E12|k2|N30|B,480,30,S,-1.2,-22.2,45.2,54.0,-0.49,-43.1,-2.87,0.49,False,gap_dn_sh,12:15,2,100000000.0,21.0,B
orb_hivol|E12|k2|N30|B,159,30,L,10.32,-10.68,59.1,70.4,1.85,-24.1,13.88,6.73,True,orb_hivol,12:15,2,100000000.0,21.0,B
orb_hivol_sh|E12|k2|N30|B,159,30,S,-10.32,-31.32,40.9,70.4,-1.85,-54.9,-13.88,-6.73,True,orb_hivol_sh,12:15,2,100000000.0,21.0,B
orb_lovol|E12|k2|N30|B,219,30,L,4.26,-16.74,56.2,42.0,1.5,-34.6,3.53,5.0,True,orb_lovol,12:15,2,100000000.0,21.0,B
orb_lovol_sh|E12|k2|N30|B,219,30,S,-4.26,-25.26,43.8,42.0,-1.5,-47.2,-3.53,-5.0,True,orb_lovol_sh,12:15,2,100000000.0,21.0,B
orbdn_hivol_sh|E12|k2|N30|B,234,30,S,11.83,-9.17,58.1,73.2,2.47,-21.2,18.26,5.3,True,orbdn_hivol_sh,12:15,2,100000000.0,21.0,B
orbdn_lovol_sh|E12|k2|N30|B,229,30,S,4.57,-16.43,50.7,47.1,1.47,-34.1,5.79,3.34,True,orbdn_lovol_sh,12:15,2,100000000.0,21.0,B
posrange_hivol|E12|k2|N30|B,479,30,L,-1.74,-22.74,49.9,65.7,-0.58,-44.0,-4.49,1.02,False,posrange_hivol,12:15,2,100000000.0,21.0,B
posrange_lovol|E12|k2|N30|B,479,30,L,-1.12,-22.12,49.7,37.7,-0.65,-42.9,-2.49,0.26,False,posrange_lovol,12:15,2,100000000.0,21.0,B
posrange_hivol_sh|E12|k2|N30|B,479,30,S,1.74,-19.26,50.1,65.7,0.58,-38.8,4.49,-1.02,False,posrange_hivol_sh,12:15,2,100000000.0,21.0,B
posrange_lovol_sh|E12|k2|N30|B,479,30,S,1.12,-19.88,50.3,37.7,0.65,-39.5,2.49,-0.26,False,posrange_lovol_sh,12:15,2,100000000.0,21.0,B
orb_minus_width|E12|k2|N30|B,480,30,L,-1.74,-22.74,51.2,47.0,-0.81,-43.8,-4.57,1.11,False,orb_minus_width,12:15,2,100000000.0,21.0,B
orb_plus_width|E12|k2|N30|B,480,30,L,0.94,-20.06,54.2,54.2,0.38,-39.9,0.52,1.37,True,orb_plus_width,12:15,2,100000000.0,21.0,B
orb_plus_width_sh|E12|k2|N30|B,480,30,S,-0.94,-21.94,45.8,54.2,-0.38,-42.7,-0.52,-1.37,True,orb_plus_width_sh,12:15,2,100000000.0,21.0,B
orb_minus_width_sh|E12|k2|N30|B,480,30,S,1.74,-19.26,48.8,47.0,0.81,-38.6,4.57,-1.11,False,orb_minus_width_sh,12:15,2,100000000.0,21.0,B
orb_minus_d20|E12|k2|N30|B,469,30,L,0.92,-20.08,54.8,56.1,0.35,-40.0,-1.49,3.34,False,orb_minus_d20,12:15,2,100000000.0,21.0,B
orb_plus_d20|E12|k2|N30|B,469,30,L,-3.57,-24.57,49.5,54.8,-1.41,-46.4,-3.02,-4.12,True,orb_plus_d20,12:15,2,100000000.0,21.0,B
orb_plus_d20_sh|E12|k2|N30|B,469,30,S,3.57,-17.43,50.5,54.8,1.41,-35.8,3.02,4.12,True,orb_plus_d20_sh,12:15,2,100000000.0,21.0,B
orb_plus_pct52|E12|k2|N30|B,430,30,L,0.36,-20.64,55.3,44.9,0.17,-40.7,-2.33,3.08,False,orb_plus_pct52,12:15,2,100000000.0,21.0,B
orb_plus_pct52_sh|E12|k2|N30|B,430,30,S,-0.36,-21.36,44.7,44.9,-0.17,-41.8,2.33,-3.08,False,orb_plus_pct52_sh,12:15,2,100000000.0,21.0,B
compress_then_pos|E12|k2|N30|B,480,30,L,-1.74,-22.74,51.2,47.0,-0.81,-43.8,-4.57,1.11,False,compress_then_pos,12:15,2,100000000.0,21.0,B
compress_then_pos_sh|E12|k2|N30|B,480,30,S,1.74,-19.26,48.8,47.0,0.81,-38.6,4.57,-1.11,False,compress_then_pos_sh,12:15,2,100000000.0,21.0,B
expand_then_pos|E12|k2|N30|B,480,30,L,0.94,-20.06,54.2,54.2,0.38,-39.9,0.52,1.37,True,expand_then_pos,12:15,2,100000000.0,21.0,B
expand_then_pos_sh|E12|k2|N30|B,480,30,S,-0.94,-21.94,45.8,54.2,-0.38,-42.7,-0.52,-1.37,True,expand_then_pos_sh,12:15,2,100000000.0,21.0,B
orb_up|E13|k1|N5|A,480,5,L,-1.14,-39.14,48.3,71.3,-0.35,-63.0,-5.37,3.12,False,orb_up,13:15,1,10000000.0,38.0,A
orb_up_sh|E13|k1|N5|A,480,5,S,1.14,-36.86,51.7,71.3,0.35,-60.8,5.37,-3.12,False,orb_up_sh,13:15,1,10000000.0,38.0,A
orb_dn_sh|E13|k1|N5|A,480,5,S,-4.07,-42.07,46.2,59.4,-1.5,-65.6,-4.03,-4.1,True,orb_dn_sh,13:15,1,10000000.0,38.0,A
orb_dn_lg|E13|k1|N5|A,480,5,L,4.07,-33.93,53.8,59.4,1.5,-57.7,4.03,4.1,True,orb_dn_lg,13:15,1,10000000.0,38.0,A
orb_up_sig|E13|k1|N5|A,480,5,L,-1.33,-39.33,48.5,78.9,-0.37,-63.2,-8.16,5.56,False,orb_up_sig,13:15,1,10000000.0,38.0,A
orb_up_sig_sh|E13|k1|N5|A,480,5,S,1.33,-36.67,51.5,78.9,0.37,-60.7,8.16,-5.56,False,orb_up_sig_sh,13:15,1,10000000.0,38.0,A
orb_dn_sig_sh|E13|k1|N5|A,480,5,S,-4.65,-42.65,50.6,65.9,-1.55,-66.1,-3.75,-5.57,True,orb_dn_sig_sh,13:15,1,10000000.0,38.0,A
orb_dn_sig_lg|E13|k1|N5|A,480,5,L,4.65,-33.35,49.4,65.9,1.55,-57.1,3.75,5.57,True,orb_dn_sig_lg,13:15,1,10000000.0,38.0,A
pos_in_or|E13|k1|N5|A,480,5,L,-1.14,-39.14,48.3,71.3,-0.35,-63.0,-5.37,3.12,False,pos_in_or,13:15,1,10000000.0,38.0,A
pos_in_or_sh|E13|k1|N5|A,480,5,S,1.14,-36.86,51.7,71.3,0.35,-60.8,5.37,-3.12,False,pos_in_or_sh,13:15,1,10000000.0,38.0,A
pos_in_or_lo|E13|k1|N5|A,480,5,L,4.07,-33.93,53.8,59.4,1.5,-57.7,4.03,4.1,True,pos_in_or_lo,13:15,1,10000000.0,38.0,A
pos_in_or_lo_sh|E13|k1|N5|A,480,5,S,-4.07,-42.07,46.2,59.4,-1.5,-65.6,-4.03,-4.1,True,pos_in_or_lo_sh,13:15,1,10000000.0,38.0,A
or_close_pos|E13|k1|N5|A,480,5,L,-0.04,-38.04,50.4,44.2,-0.02,-61.8,1.65,-1.74,False,or_close_pos,13:15,1,10000000.0,38.0,A
or_close_pos_lo|E13|k1|N5|A,480,5,L,-0.48,-38.48,45.8,46.4,-0.23,-62.3,-2.48,1.53,False,or_close_pos_lo,13:15,1,10000000.0,38.0,A
or_close_pos_sh|E13|k1|N5|A,480,5,S,0.04,-37.96,49.6,44.2,0.02,-61.7,-1.65,1.74,False,or_close_pos_sh,13:15,1,10000000.0,38.0,A
posrange_hi|E13|k1|N5|A,480,5,L,2.51,-35.49,50.0,49.1,1.12,-59.3,-0.43,5.49,False,posrange_hi,13:15,1,10000000.0,38.0,A
posrange_hi_sh|E13|k1|N5|A,480,5,S,-2.51,-40.51,50.0,49.1,-1.12,-64.2,0.43,-5.49,False,posrange_hi_sh,13:15,1,10000000.0,38.0,A
posrange_lo|E13|k1|N5|A,480,5,L,5.66,-32.34,56.0,52.2,2.37,-55.9,4.46,6.87,True,posrange_lo,13:15,1,10000000.0,38.0,A
posrange_lo_sh|E13|k1|N5|A,480,5,S,-5.66,-43.66,44.0,52.2,-2.37,-66.9,-4.46,-6.87,True,posrange_lo_sh,13:15,1,10000000.0,38.0,A
today_sofar|E13|k1|N5|A,480,5,L,-0.53,-38.53,49.0,93.5,-0.12,-62.6,-6.92,5.91,False,today_sofar,13:15,1,10000000.0,38.0,A
today_sofar_sh|E13|k1|N5|A,480,5,S,0.53,-37.47,51.0,93.5,0.12,-61.6,6.92,-5.91,False,today_sofar_sh,13:15,1,10000000.0,38.0,A
today_sofar_lo|E13|k1|N5|A,480,5,L,-7.01,-45.01,41.5,79.8,-1.93,-68.2,-11.4,-2.58,True,today_sofar_lo,13:15,1,10000000.0,38.0,A
or_ret|E13|k1|N5|A,480,5,L,-2.9,-40.9,46.0,90.8,-0.7,-64.8,-2.45,-3.36,True,or_ret,13:15,1,10000000.0,38.0,A
or_ret_sh|E13|k1|N5|A,480,5,S,2.9,-35.1,54.0,90.8,0.7,-59.2,2.45,3.36,True,or_ret_sh,13:15,1,10000000.0,38.0,A
orbT_up|E13|k1|N5|A,477,5,L,-1.29,-39.29,48.2,71.4,-0.39,-63.2,-5.68,3.12,False,orbT_up,13:15,1,10000000.0,38.0,A
orbT_up_sh|E13|k1|N5|A,477,5,S,1.29,-36.71,51.8,71.4,0.39,-60.7,5.68,-3.12,False,orbT_up_sh,13:15,1,10000000.0,38.0,A
orbT_dn_sh|E13|k1|N5|A,480,5,S,-4.07,-42.07,46.2,59.4,-1.5,-65.6,-4.03,-4.1,True,orbT_dn_sh,13:15,1,10000000.0,38.0,A
orbT_dn_lg|E13|k1|N5|A,480,5,L,4.07,-33.93,53.8,59.4,1.5,-57.7,4.03,4.1,True,orbT_dn_lg,13:15,1,10000000.0,38.0,A
orbT_up_small|E13|k1|N5|A,477,5,L,1.53,-36.47,53.5,55.8,0.6,-60.3,0.27,2.79,True,orbT_up_small,13:15,1,10000000.0,38.0,A
orbT_up_small_sh|E13|k1|N5|A,477,5,S,-1.53,-39.53,46.5,55.8,-0.6,-63.3,-0.27,-2.79,True,orbT_up_small_sh,13:15,1,10000000.0,38.0,A
orbT_dn_small_sh|E13|k1|N5|A,480,5,S,5.39,-32.61,56.2,56.8,2.08,-56.3,7.24,3.52,True,orbT_dn_small_sh,13:15,1,10000000.0,38.0,A
orbT_dn_small_lg|E13|k1|N5|A,480,5,L,-5.39,-43.39,43.8,56.8,-2.08,-66.7,-7.24,-3.52,True,orbT_dn_small_lg,13:15,1,10000000.0,38.0,A
inside_posor|E13|k1|N5|A,480,5,L,-0.89,-38.89,52.3,44.0,-0.44,-62.6,0.52,-2.32,False,inside_posor,13:15,1,10000000.0,38.0,A
inside_posor_sh|E13|k1|N5|A,480,5,S,0.89,-37.11,47.7,44.0,0.44,-60.9,-0.52,2.32,False,inside_posor_sh,13:15,1,10000000.0,38.0,A
inside_posor_lo|E13|k1|N5|A,480,5,L,-5.29,-43.29,45.8,42.7,-2.71,-66.6,-9.01,-1.55,True,inside_posor_lo,13:15,1,10000000.0,38.0,A
or_wide|E13|k1|N5|A,480,5,L,-8.66,-46.66,45.2,67.9,-2.79,-69.4,-7.06,-10.27,True,or_wide,13:15,1,10000000.0,38.0,A
or_wide_sh|E13|k1|N5|A,480,5,S,8.66,-29.34,54.8,67.9,2.79,-52.6,7.06,10.27,True,or_wide_sh,13:15,1,10000000.0,38.0,A
or_narrow|E13|k1|N5|A,480,5,L,0.37,-37.63,48.8,41.8,0.19,-61.4,-2.72,3.49,False,or_narrow,13:15,1,10000000.0,38.0,A
or_narrow_sh|E13|k1|N5|A,480,5,S,-0.37,-38.37,51.2,41.8,-0.19,-62.1,2.72,-3.49,False,or_narrow_sh,13:15,1,10000000.0,38.0,A
or_wrel_hi|E13|k1|N5|A,480,5,L,-8.64,-46.64,45.0,73.0,-2.59,-69.4,-6.14,-11.16,True,or_wrel_hi,13:15,1,10000000.0,38.0,A
or_wrel_lo|E13|k1|N5|A,480,5,L,1.9,-36.1,51.0,52.9,0.79,-59.9,-0.88,4.7,False,or_wrel_lo,13:15,1,10000000.0,38.0,A
or_wrel_hi_sh|E13|k1|N5|A,480,5,S,8.64,-29.36,55.0,73.0,2.59,-52.7,6.14,11.16,True,or_wrel_hi_sh,13:15,1,10000000.0,38.0,A
or_wrel_lo_sh|E13|k1|N5|A,480,5,S,-1.9,-39.9,49.0,52.9,-0.79,-63.6,0.88,-4.7,False,or_wrel_lo_sh,13:15,1,10000000.0,38.0,A
rng_expand|E13|k1|N5|A,480,5,L,-7.11,-45.11,47.3,78.4,-1.99,-68.2,-12.38,-1.8,True,rng_expand,13:15,1,10000000.0,38.0,A
rng_expand_sh|E13|k1|N5|A,480,5,S,7.11,-30.89,52.7,78.4,1.99,-54.5,12.38,1.8,True,rng_expand_sh,13:15,1,10000000.0,38.0,A
rng_compress|E13|k1|N5|A,480,5,L,-2.45,-40.45,47.1,38.6,-1.39,-64.1,-4.07,-0.81,True,rng_compress,13:15,1,10000000.0,38.0,A
rng_compress_sh|E13|k1|N5|A,480,5,S,2.45,-35.55,52.9,38.6,1.39,-59.3,4.07,0.81,True,rng_compress_sh,13:15,1,10000000.0,38.0,A
vol20_hi|E13|k1|N5|A,479,5,L,-9.2,-47.2,45.7,83.3,-2.42,-69.9,-15.88,-2.5,True,vol20_hi,13:15,1,10000000.0,38.0,A
vol20_hi_sh|E13|k1|N5|A,479,5,S,9.2,-28.8,54.3,83.3,2.42,-52.1,15.88,2.5,True,vol20_hi_sh,13:15,1,10000000.0,38.0,A
vol20_lo|E13|k1|N5|A,479,5,L,-0.02,-38.02,35.9,2.1,-0.23,-61.7,-0.08,0.03,False,vol20_lo,13:15,1,10000000.0,38.0,A
vol20_lo_sh|E13|k1|N5|A,479,5,S,0.02,-37.98,63.5,2.1,0.23,-61.7,0.08,-0.03,False,vol20_lo_sh,13:15,1,10000000.0,38.0,A
atr_hi|E13|k1|N5|A,480,5,L,-8.34,-46.34,45.0,90.9,-2.01,-69.3,-10.68,-5.98,True,atr_hi,13:15,1,10000000.0,38.0,A
atr_lo|E13|k1|N5|A,480,5,L,0.05,-37.95,44.4,1.0,1.0,-61.6,0.04,0.05,True,atr_lo,13:15,1,10000000.0,38.0,A
atr_hi_sh|E13|k1|N5|A,480,5,S,8.34,-29.66,55.0,90.9,2.01,-53.2,10.68,5.98,True,atr_hi_sh,13:15,1,10000000.0,38.0,A
fail_up_sh|E13|k1|N5|A,480,5,S,2.14,-35.86,52.5,62.2,0.75,-59.8,2.33,1.94,True,fail_up_sh,13:15,1,10000000.0,38.0,A
fail_up_lg|E13|k1|N5|A,480,5,L,-2.14,-40.14,47.5,62.2,-0.75,-63.9,-2.33,-1.94,True,fail_up_lg,13:15,1,10000000.0,38.0,A
fail_dn_lg|E13|k1|N5|A,480,5,L,2.4,-35.6,51.0,61.5,0.86,-59.5,-1.37,6.21,False,fail_dn_lg,13:15,1,10000000.0,38.0,A
fail_dn_sh|E13|k1|N5|A,480,5,S,-2.4,-40.4,49.0,61.5,-0.86,-64.1,1.37,-6.21,False,fail_dn_sh,13:15,1,10000000.0,38.0,A
giveback_up_sh|E13|k1|N5|A,480,5,S,-2.76,-40.76,45.8,61.9,-0.98,-64.4,-3.58,-1.93,True,giveback_up_sh,13:15,1,10000000.0,38.0,A
giveback_up_lg|E13|k1|N5|A,480,5,L,2.76,-35.24,54.2,61.9,0.98,-59.1,3.58,1.93,True,giveback_up_lg,13:15,1,10000000.0,38.0,A
giveback_dn_lg|E13|k1|N5|A,480,5,L,-2.83,-40.83,48.5,66.6,-0.93,-64.5,-3.59,-2.07,True,giveback_dn_lg,13:15,1,10000000.0,38.0,A
giveback_dn_sh|E13|k1|N5|A,480,5,S,2.83,-35.17,51.5,66.6,0.93,-59.1,3.59,2.07,True,giveback_dn_sh,13:15,1,10000000.0,38.0,A
poke_up|E13|k1|N5|A,480,5,L,-3.42,-41.42,44.8,70.8,-1.06,-65.1,-6.19,-0.61,True,poke_up,13:15,1,10000000.0,38.0,A
poke_up_sh|E13|k1|N5|A,480,5,S,3.42,-34.58,55.2,70.8,1.06,-58.5,6.19,0.61,True,poke_up_sh,13:15,1,10000000.0,38.0,A
poke_dn_sh|E13|k1|N5|A,480,5,S,-2.22,-40.22,47.9,59.4,-0.82,-63.9,-4.22,-0.21,True,poke_dn_sh,13:15,1,10000000.0,38.0,A
poke_dn_lg|E13|k1|N5|A,480,5,L,2.22,-35.78,52.1,59.4,0.82,-59.7,4.22,0.21,True,poke_dn_lg,13:15,1,10000000.0,38.0,A
ext_up_sh|E13|k1|N5|A,480,5,S,-2.76,-40.76,45.8,61.9,-0.98,-64.4,-3.58,-1.93,True,ext_up_sh,13:15,1,10000000.0,38.0,A
ext_up_lg|E13|k1|N5|A,480,5,L,2.76,-35.24,54.2,61.9,0.98,-59.1,3.58,1.93,True,ext_up_lg,13:15,1,10000000.0,38.0,A
held_up|E13|k1|N5|A,477,5,L,-1.29,-39.29,48.2,71.4,-0.39,-63.2,-5.68,3.12,False,held_up,13:15,1,10000000.0,38.0,A
held_up_sh|E13|k1|N5|A,477,5,S,1.29,-36.71,51.8,71.4,0.39,-60.7,5.68,-3.12,False,held_up_sh,13:15,1,10000000.0,38.0,A
held_dn_sh|E13|k1|N5|A,480,5,S,-4.01,-42.01,46.2,59.3,-1.48,-65.5,-3.98,-4.04,True,held_dn_sh,13:15,1,10000000.0,38.0,A
held_dn_lg|E13|k1|N5|A,480,5,L,4.01,-33.99,53.8,59.3,1.48,-57.8,3.98,4.04,True,held_dn_lg,13:15,1,10000000.0,38.0,A
rvol_hi|E13|k1|N5|A,480,5,L,-11.78,-49.78,44.6,92.2,-2.8,-71.9,-13.56,-9.98,True,rvol_hi,13:15,1,10000000.0,38.0,A
rvol_hi_sh|E13|k1|N5|A,480,5,S,11.78,-26.22,55.4,92.2,2.8,-49.0,13.56,9.98,True,rvol_hi_sh,13:15,1,10000000.0,38.0,A
rvol_lo|E13|k1|N5|A,480,5,L,-2.07,-40.07,47.5,51.4,-0.88,-63.8,-1.05,-3.1,True,rvol_lo,13:15,1,10000000.0,38.0,A
rvol_lo_sh|E13|k1|N5|A,480,5,S,2.07,-35.93,52.5,51.4,0.88,-59.8,1.05,3.1,True,rvol_lo_sh,13:15,1,10000000.0,38.0,A
orb_vol125|E13|k1|N5|A,475,5,L,-0.1,-38.1,49.5,75.0,-0.03,-62.1,-2.96,2.77,False,orb_vol125,13:15,1,10000000.0,38.0,A
orb_vol125_sh|E13|k1|N5|A,475,5,S,0.1,-37.9,50.5,75.0,0.03,-61.9,2.96,-2.77,False,orb_vol125_sh,13:15,1,10000000.0,38.0,A
orbdn_vol125_sh|E13|k1|N5|A,477,5,S,-3.2,-41.2,47.8,63.8,-1.09,-64.8,-2.78,-3.61,True,orbdn_vol125_sh,13:15,1,10000000.0,38.0,A
orbdn_vol125_lg|E13|k1|N5|A,477,5,L,3.2,-34.8,52.2,63.8,1.09,-58.7,2.78,3.61,True,orbdn_vol125_lg,13:15,1,10000000.0,38.0,A
orb_vol15|E13|k1|N5|A,474,5,L,-1.74,-39.74,47.7,75.2,-0.5,-63.6,-5.32,1.87,False,orb_vol15,13:15,1,10000000.0,38.0,A
orb_vol15_sh|E13|k1|N5|A,474,5,S,1.74,-36.26,52.3,75.2,0.5,-60.2,5.32,-1.87,False,orb_vol15_sh,13:15,1,10000000.0,38.0,A
orbdn_vol15_sh|E13|k1|N5|A,473,5,S,-0.42,-38.42,49.9,64.9,-0.14,-62.3,0.32,-1.17,False,orbdn_vol15_sh,13:15,1,10000000.0,38.0,A
orbdn_vol15_lg|E13|k1|N5|A,473,5,L,0.42,-37.58,50.1,64.9,0.14,-61.5,-0.32,1.17,False,orbdn_vol15_lg,13:15,1,10000000.0,38.0,A
orb_vol20|E13|k1|N5|A,470,5,L,0.27,-37.73,47.7,83.0,0.07,-61.8,-2.39,2.95,False,orb_vol20,13:15,1,10000000.0,38.0,A
orb_vol20_sh|E13|k1|N5|A,470,5,S,-0.27,-38.27,52.3,83.0,-0.07,-62.3,2.39,-2.95,False,orb_vol20_sh,13:15,1,10000000.0,38.0,A
orbdn_vol20_sh|E13|k1|N5|A,445,5,S,1.8,-36.2,50.3,66.7,0.57,-60.1,1.29,2.32,True,orbdn_vol20_sh,13:15,1,10000000.0,38.0,A
orbdn_vol20_lg|E13|k1|N5|A,445,5,L,-1.8,-39.8,49.7,66.7,-0.57,-63.6,-1.29,-2.32,True,orbdn_vol20_lg,13:15,1,10000000.0,38.0,A
orb_x_rvol|E13|k1|N5|A,480,5,L,-11.6,-49.6,45.6,86.7,-2.93,-71.7,-15.18,-7.99,True,orb_x_rvol,13:15,1,10000000.0,38.0,A
orb_x_rvol_sh|E13|k1|N5|A,480,5,S,11.6,-26.4,54.4,86.7,2.93,-49.1,15.18,7.99,True,orb_x_rvol_sh,13:15,1,10000000.0,38.0,A
orb_novol|E13|k1|N5|A,439,5,L,0.81,-37.19,49.7,45.7,0.37,-61.0,0.85,0.77,True,orb_novol,13:15,1,10000000.0,38.0,A
orb_novol_sh|E13|k1|N5|A,439,5,S,-0.81,-38.81,50.3,45.7,-0.37,-62.6,-0.85,-0.77,True,orb_novol_sh,13:15,1,10000000.0,38.0,A
orb_wideOR|E13|k1|N5|A,447,5,L,4.92,-33.08,53.9,71.8,1.45,-56.9,-4.79,14.68,False,orb_wideOR,13:15,1,10000000.0,38.0,A
orb_wideOR_sh|E13|k1|N5|A,447,5,S,-4.92,-42.92,46.1,71.8,-1.45,-66.4,4.79,-14.68,False,orb_wideOR_sh,13:15,1,10000000.0,38.0,A
orb_narrowOR|E13|k1|N5|A,469,5,L,1.95,-36.05,51.4,64.4,0.66,-60.0,1.6,2.3,True,orb_narrowOR,13:15,1,10000000.0,38.0,A
orb_narrowOR_sh|E13|k1|N5|A,469,5,S,-1.95,-39.95,48.6,64.4,-0.66,-63.7,-1.6,-2.3,True,orb_narrowOR_sh,13:15,1,10000000.0,38.0,A
orbdn_wideOR_sh|E13|k1|N5|A,449,5,S,-2.33,-40.33,51.7,65.5,-0.75,-64.1,-1.97,-2.68,True,orbdn_wideOR_sh,13:15,1,10000000.0,38.0,A
orbdn_narrowOR_sh|E13|k1|N5|A,475,5,S,-3.59,-41.59,44.2,54.4,-1.44,-65.1,-1.71,-5.47,True,orbdn_narrowOR_sh,13:15,1,10000000.0,38.0,A
orbdn_wideOR_lg|E13|k1|N5|A,449,5,L,2.33,-35.67,48.3,65.5,0.75,-59.6,1.97,2.68,True,orbdn_wideOR_lg,13:15,1,10000000.0,38.0,A
orbdn_narrowOR_lg|E13|k1|N5|A,475,5,L,3.59,-34.41,55.8,54.4,1.44,-58.2,1.71,5.47,True,orbdn_narrowOR_lg,13:15,1,10000000.0,38.0,A
orb_coiled|E13|k1|N5|A,469,5,L,-0.68,-38.68,50.7,64.4,-0.23,-62.5,-4.25,2.9,False,orb_coiled,13:15,1,10000000.0,38.0,A
orb_coiled_sh|E13|k1|N5|A,469,5,S,0.68,-37.32,49.3,64.4,0.23,-61.2,4.25,-2.9,False,orb_coiled_sh,13:15,1,10000000.0,38.0,A
orbdn_coiled_sh|E13|k1|N5|A,475,5,S,-2.77,-40.77,45.3,56.0,-1.08,-64.4,-0.32,-5.24,True,orbdn_coiled_sh,13:15,1,10000000.0,38.0,A
orb_gapup|E13|k1|N5|A,407,5,L,6.48,-31.52,52.6,71.5,1.83,-55.2,5.39,7.57,True,orb_gapup,13:15,1,10000000.0,38.0,A
orb_gapup_sh|E13|k1|N5|A,407,5,S,-6.48,-44.48,47.4,71.5,-1.83,-67.7,-5.39,-7.57,True,orb_gapup_sh,13:15,1,10000000.0,38.0,A
orb_nogap|E13|k1|N5|A,465,5,L,-3.2,-41.2,50.8,61.0,-1.13,-64.8,-12.27,5.89,False,orb_nogap,13:15,1,10000000.0,38.0,A
orb_nogap_sh|E13|k1|N5|A,465,5,S,3.2,-34.8,49.2,61.0,1.13,-58.6,12.27,-5.89,False,orb_nogap_sh,13:15,1,10000000.0,38.0,A
orb_gapdn|E13|k1|N5|A,291,5,L,-1.67,-39.67,47.4,75.7,-0.38,-63.5,-1.85,-1.49,True,orb_gapdn,13:15,1,10000000.0,38.0,A
orb_gapdn_sh|E13|k1|N5|A,291,5,S,1.67,-36.33,52.6,75.7,0.38,-60.3,1.85,1.49,True,orb_gapdn_sh,13:15,1,10000000.0,38.0,A
orbdn_gapdn_sh|E13|k1|N5|A,309,5,S,-2.19,-40.19,51.1,70.6,-0.55,-64.0,-1.75,-2.64,True,orbdn_gapdn_sh,13:15,1,10000000.0,38.0,A
orbdn_gapdn_lg|E13|k1|N5|A,309,5,L,2.19,-35.81,48.9,70.6,0.55,-59.8,1.75,2.64,True,orbdn_gapdn_lg,13:15,1,10000000.0,38.0,A
orbdn_gapup_sh|E13|k1|N5|A,426,5,S,1.37,-36.63,50.9,60.2,0.47,-60.5,-0.04,2.79,False,orbdn_gapup_sh,13:15,1,10000000.0,38.0,A
gap_up|E13|k1|N5|A,480,5,L,2.34,-35.66,51.7,69.1,0.74,-59.6,-2.05,6.76,False,gap_up,13:15,1,10000000.0,38.0,A
gap_up_sh|E13|k1|N5|A,480,5,S,-2.34,-40.34,48.3,69.1,-0.74,-64.1,2.05,-6.76,False,gap_up_sh,13:15,1,10000000.0,38.0,A
gap_dn_lg|E13|k1|N5|A,480,5,L,-1.8,-39.8,49.8,74.2,-0.53,-63.6,-0.22,-3.39,True,gap_dn_lg,13:15,1,10000000.0,38.0,A
gap_dn_sh|E13|k1|N5|A,480,5,S,1.8,-36.2,50.2,74.2,0.53,-60.2,0.22,3.39,True,gap_dn_sh,13:15,1,10000000.0,38.0,A
orb_hivol|E13|k1|N5|A,463,5,L,3.37,-34.63,48.6,85.2,0.85,-58.7,0.82,5.93,True,orb_hivol,13:15,1,10000000.0,38.0,A
orb_hivol_sh|E13|k1|N5|A,463,5,S,-3.37,-41.37,51.4,85.2,-0.85,-65.1,-0.82,-5.93,True,orb_hivol_sh,13:15,1,10000000.0,38.0,A
orb_lovol|E13|k1|N5|A,458,5,L,-0.51,-38.51,49.3,44.3,-0.25,-62.3,-0.4,-0.63,True,orb_lovol,13:15,1,10000000.0,38.0,A
orb_lovol_sh|E13|k1|N5|A,458,5,S,0.51,-37.49,50.7,44.3,0.25,-61.3,0.4,0.63,True,orb_lovol_sh,13:15,1,10000000.0,38.0,A
orbdn_hivol_sh|E13|k1|N5|A,465,5,S,1.29,-36.71,52.3,71.1,0.39,-60.7,0.32,2.26,True,orbdn_hivol_sh,13:15,1,10000000.0,38.0,A
orbdn_lovol_sh|E13|k1|N5|A,470,5,S,-4.88,-42.88,42.3,45.3,-2.34,-66.2,-5.35,-4.41,True,orbdn_lovol_sh,13:15,1,10000000.0,38.0,A
posrange_hivol|E13|k1|N5|A,479,5,L,3.45,-34.55,51.6,76.7,0.98,-58.5,2.95,3.95,True,posrange_hivol,13:15,1,10000000.0,38.0,A
posrange_lovol|E13|k1|N5|A,479,5,L,-1.35,-39.35,47.2,35.4,-0.83,-63.0,-2.7,0.01,False,posrange_lovol,13:15,1,10000000.0,38.0,A
posrange_hivol_sh|E13|k1|N5|A,479,5,S,-3.45,-41.45,48.4,76.7,-0.98,-65.2,-2.95,-3.95,True,posrange_hivol_sh,13:15,1,10000000.0,38.0,A
posrange_lovol_sh|E13|k1|N5|A,479,5,S,1.35,-36.65,52.8,35.4,0.83,-60.4,2.7,-0.01,False,posrange_lovol_sh,13:15,1,10000000.0,38.0,A
orb_minus_width|E13|k1|N5|A,480,5,L,1.15,-36.85,50.4,65.1,0.39,-60.8,-1.36,3.67,False,orb_minus_width,13:15,1,10000000.0,38.0,A
orb_plus_width|E13|k1|N5|A,480,5,L,-4.97,-42.97,47.5,74.0,-1.47,-66.4,-6.04,-3.89,True,orb_plus_width,13:15,1,10000000.0,38.0,A
orb_plus_width_sh|E13|k1|N5|A,480,5,S,4.97,-33.03,52.5,74.0,1.47,-56.9,6.04,3.89,True,orb_plus_width_sh,13:15,1,10000000.0,38.0,A
orb_minus_width_sh|E13|k1|N5|A,480,5,S,-1.15,-39.15,49.6,65.1,-0.39,-63.0,1.36,-3.67,False,orb_minus_width_sh,13:15,1,10000000.0,38.0,A
orb_minus_d20|E13|k1|N5|A,469,5,L,-1.94,-39.94,47.1,70.9,-0.59,-63.8,-5.63,1.76,False,orb_minus_d20,13:15,1,10000000.0,38.0,A
orb_plus_d20|E13|k1|N5|A,469,5,L,-1.17,-39.17,50.5,87.0,-0.29,-63.2,0.59,-2.94,False,orb_plus_d20,13:15,1,10000000.0,38.0,A
orb_plus_d20_sh|E13|k1|N5|A,469,5,S,1.17,-36.83,49.5,87.0,0.29,-60.9,-0.59,2.94,False,orb_plus_d20_sh,13:15,1,10000000.0,38.0,A
orb_plus_pct52|E13|k1|N5|A,430,5,L,4.25,-33.75,53.5,62.3,1.42,-57.5,4.34,4.17,True,orb_plus_pct52,13:15,1,10000000.0,38.0,A
orb_plus_pct52_sh|E13|k1|N5|A,430,5,S,-4.25,-42.25,46.5,62.3,-1.42,-65.8,-4.34,-4.17,True,orb_plus_pct52_sh,13:15,1,10000000.0,38.0,A
compress_then_pos|E13|k1|N5|A,480,5,L,1.15,-36.85,50.4,65.1,0.39,-60.8,-1.36,3.67,False,compress_then_pos,13:15,1,10000000.0,38.0,A
compress_then_pos_sh|E13|k1|N5|A,480,5,S,-1.15,-39.15,49.6,65.1,-0.39,-63.0,1.36,-3.67,False,compress_then_pos_sh,13:15,1,10000000.0,38.0,A
expand_then_pos|E13|k1|N5|A,480,5,L,-4.97,-42.97,47.5,74.0,-1.47,-66.4,-6.04,-3.89,True,expand_then_pos,13:15,1,10000000.0,38.0,A
expand_then_pos_sh|E13|k1|N5|A,480,5,S,4.97,-33.03,52.5,74.0,1.47,-56.9,6.04,3.89,True,expand_then_pos_sh,13:15,1,10000000.0,38.0,A
orb_up|E13|k1|N10|A,480,10,L,1.28,-36.72,53.5,56.9,0.49,-60.6,-1.67,4.26,False,orb_up,13:15,1,10000000.0,38.0,A
orb_up_sh|E13|k1|N10|A,480,10,S,-1.28,-39.28,46.5,56.9,-0.49,-63.1,1.67,-4.26,False,orb_up_sh,13:15,1,10000000.0,38.0,A
orb_dn_sh|E13|k1|N10|A,480,10,S,-3.4,-41.4,47.1,48.8,-1.53,-65.0,-3.19,-3.6,True,orb_dn_sh,13:15,1,10000000.0,38.0,A
orb_dn_lg|E13|k1|N10|A,480,10,L,3.4,-34.6,52.9,48.8,1.53,-58.4,3.19,3.6,True,orb_dn_lg,13:15,1,10000000.0,38.0,A
orb_up_sig|E13|k1|N10|A,480,10,L,1.09,-36.91,50.0,59.0,0.41,-60.8,-2.81,5.02,False,orb_up_sig,13:15,1,10000000.0,38.0,A
orb_up_sig_sh|E13|k1|N10|A,480,10,S,-1.09,-39.09,50.0,59.0,-0.41,-62.9,2.81,-5.02,False,orb_up_sig_sh,13:15,1,10000000.0,38.0,A
orb_dn_sig_sh|E13|k1|N10|A,480,10,S,-3.23,-41.23,45.4,51.5,-1.37,-64.8,-1.83,-4.64,True,orb_dn_sig_sh,13:15,1,10000000.0,38.0,A
orb_dn_sig_lg|E13|k1|N10|A,480,10,L,3.23,-34.77,54.6,51.5,1.37,-58.6,1.83,4.64,True,orb_dn_sig_lg,13:15,1,10000000.0,38.0,A
pos_in_or|E13|k1|N10|A,480,10,L,1.28,-36.72,53.5,56.9,0.49,-60.6,-1.67,4.26,False,pos_in_or,13:15,1,10000000.0,38.0,A
pos_in_or_sh|E13|k1|N10|A,480,10,S,-1.28,-39.28,46.5,56.9,-0.49,-63.1,1.67,-4.26,False,pos_in_or_sh,13:15,1,10000000.0,38.0,A
pos_in_or_lo|E13|k1|N10|A,480,10,L,3.4,-34.6,52.9,48.8,1.53,-58.4,3.19,3.6,True,pos_in_or_lo,13:15,1,10000000.0,38.0,A
pos_in_or_lo_sh|E13|k1|N10|A,480,10,S,-3.4,-41.4,47.1,48.8,-1.53,-65.0,-3.19,-3.6,True,pos_in_or_lo_sh,13:15,1,10000000.0,38.0,A
or_close_pos|E13|k1|N10|A,480,10,L,1.38,-36.62,52.3,41.8,0.72,-60.4,1.15,1.6,True,or_close_pos,13:15,1,10000000.0,38.0,A
or_close_pos_lo|E13|k1|N10|A,480,10,L,-0.52,-38.52,50.6,44.0,-0.26,-62.3,-1.65,0.62,False,or_close_pos_lo,13:15,1,10000000.0,38.0,A
or_close_pos_sh|E13|k1|N10|A,480,10,S,-1.38,-39.38,47.7,41.8,-0.72,-63.1,-1.15,-1.6,True,or_close_pos_sh,13:15,1,10000000.0,38.0,A
posrange_hi|E13|k1|N10|A,480,10,L,0.93,-37.07,49.6,45.3,0.45,-60.9,-0.32,2.19,False,posrange_hi,13:15,1,10000000.0,38.0,A
posrange_hi_sh|E13|k1|N10|A,480,10,S,-0.93,-38.93,50.4,45.3,-0.45,-62.7,0.32,-2.19,False,posrange_hi_sh,13:15,1,10000000.0,38.0,A
posrange_lo|E13|k1|N10|A,480,10,L,2.29,-35.71,52.5,44.1,1.14,-59.5,1.75,2.83,True,posrange_lo,13:15,1,10000000.0,38.0,A
posrange_lo_sh|E13|k1|N10|A,480,10,S,-2.29,-40.29,47.5,44.1,-1.14,-63.9,-1.75,-2.83,True,posrange_lo_sh,13:15,1,10000000.0,38.0,A
today_sofar|E13|k1|N10|A,480,10,L,1.37,-36.63,50.6,66.8,0.45,-60.6,-2.58,5.35,False,today_sofar,13:15,1,10000000.0,38.0,A
today_sofar_sh|E13|k1|N10|A,480,10,S,-1.37,-39.37,49.4,66.8,-0.45,-63.2,2.58,-5.35,False,today_sofar_sh,13:15,1,10000000.0,38.0,A
today_sofar_lo|E13|k1|N10|A,480,10,L,-3.84,-41.84,44.4,62.4,-1.35,-65.4,-7.1,-0.54,True,today_sofar_lo,13:15,1,10000000.0,38.0,A
or_ret|E13|k1|N10|A,480,10,L,0.3,-37.7,49.4,64.6,0.1,-61.6,0.63,-0.03,False,or_ret,13:15,1,10000000.0,38.0,A
or_ret_sh|E13|k1|N10|A,480,10,S,-0.3,-38.3,50.6,64.6,-0.1,-62.2,-0.63,0.03,False,or_ret_sh,13:15,1,10000000.0,38.0,A
orbT_up|E13|k1|N10|A,477,10,L,1.2,-36.8,54.1,57.6,0.46,-60.7,-1.92,4.34,False,orbT_up,13:15,1,10000000.0,38.0,A
orbT_up_sh|E13|k1|N10|A,477,10,S,-1.2,-39.2,45.9,57.6,-0.46,-63.0,1.92,-4.34,False,orbT_up_sh,13:15,1,10000000.0,38.0,A
orbT_dn_sh|E13|k1|N10|A,480,10,S,-3.47,-41.47,47.1,49.0,-1.55,-65.0,-3.21,-3.72,True,orbT_dn_sh,13:15,1,10000000.0,38.0,A
orbT_dn_lg|E13|k1|N10|A,480,10,L,3.47,-34.53,52.9,49.0,1.55,-58.3,3.21,3.72,True,orbT_dn_lg,13:15,1,10000000.0,38.0,A
orbT_up_small|E13|k1|N10|A,477,10,L,0.97,-37.03,53.9,50.7,0.42,-60.9,-0.33,2.27,False,orbT_up_small,13:15,1,10000000.0,38.0,A
orbT_up_small_sh|E13|k1|N10|A,477,10,S,-0.97,-38.97,46.1,50.7,-0.42,-62.7,0.33,-2.27,False,orbT_up_small_sh,13:15,1,10000000.0,38.0,A
orbT_dn_small_sh|E13|k1|N10|A,480,10,S,4.41,-33.59,56.5,51.1,1.89,-57.3,5.67,3.13,True,orbT_dn_small_sh,13:15,1,10000000.0,38.0,A
orbT_dn_small_lg|E13|k1|N10|A,480,10,L,-4.41,-42.41,43.5,51.1,-1.89,-65.8,-5.67,-3.13,True,orbT_dn_small_lg,13:15,1,10000000.0,38.0,A
inside_posor|E13|k1|N10|A,480,10,L,-1.07,-39.07,51.2,41.2,-0.57,-62.8,-1.66,-0.47,True,inside_posor,13:15,1,10000000.0,38.0,A
inside_posor_sh|E13|k1|N10|A,480,10,S,1.07,-36.93,48.8,41.2,0.57,-60.7,1.66,0.47,True,inside_posor_sh,13:15,1,10000000.0,38.0,A
inside_posor_lo|E13|k1|N10|A,480,10,L,-2.62,-40.62,49.2,41.3,-1.39,-64.2,-6.65,1.44,False,inside_posor_lo,13:15,1,10000000.0,38.0,A
or_wide|E13|k1|N10|A,480,10,L,-4.16,-42.16,48.1,53.8,-1.69,-65.6,-5.17,-3.14,True,or_wide,13:15,1,10000000.0,38.0,A
or_wide_sh|E13|k1|N10|A,480,10,S,4.16,-33.84,51.9,53.8,1.69,-57.6,5.17,3.14,True,or_wide_sh,13:15,1,10000000.0,38.0,A
or_narrow|E13|k1|N10|A,480,10,L,0.04,-37.96,51.0,37.7,0.02,-61.7,-3.2,3.3,False,or_narrow,13:15,1,10000000.0,38.0,A
or_narrow_sh|E13|k1|N10|A,480,10,S,-0.04,-38.04,49.0,37.7,-0.02,-61.8,3.2,-3.3,False,or_narrow_sh,13:15,1,10000000.0,38.0,A
or_wrel_hi|E13|k1|N10|A,480,10,L,-5.83,-43.83,48.1,59.3,-2.15,-67.1,-5.5,-6.15,True,or_wrel_hi,13:15,1,10000000.0,38.0,A
or_wrel_lo|E13|k1|N10|A,480,10,L,0.65,-37.35,52.1,46.1,0.31,-61.2,-1.85,3.16,False,or_wrel_lo,13:15,1,10000000.0,38.0,A
or_wrel_hi_sh|E13|k1|N10|A,480,10,S,5.83,-32.17,51.9,59.3,2.15,-55.8,5.5,6.15,True,or_wrel_hi_sh,13:15,1,10000000.0,38.0,A
or_wrel_lo_sh|E13|k1|N10|A,480,10,S,-0.65,-38.65,47.9,46.1,-0.31,-62.4,1.85,-3.16,False,or_wrel_lo_sh,13:15,1,10000000.0,38.0,A
rng_expand|E13|k1|N10|A,480,10,L,-4.13,-42.13,48.1,59.3,-1.52,-65.6,-5.41,-2.84,True,rng_expand,13:15,1,10000000.0,38.0,A
rng_expand_sh|E13|k1|N10|A,480,10,S,4.13,-33.87,51.9,59.3,1.52,-57.7,5.41,2.84,True,rng_expand_sh,13:15,1,10000000.0,38.0,A
rng_compress|E13|k1|N10|A,480,10,L,-1.61,-39.61,48.3,37.6,-0.94,-63.3,-5.21,2.01,False,rng_compress,13:15,1,10000000.0,38.0,A
rng_compress_sh|E13|k1|N10|A,480,10,S,1.61,-36.39,51.7,37.6,0.94,-60.2,5.21,-2.01,False,rng_compress_sh,13:15,1,10000000.0,38.0,A
vol20_hi|E13|k1|N10|A,479,10,L,-9.9,-47.9,44.9,69.2,-3.13,-70.4,-14.52,-5.26,True,vol20_hi,13:15,1,10000000.0,38.0,A
vol20_hi_sh|E13|k1|N10|A,479,10,S,9.9,-28.1,55.1,69.2,3.13,-51.1,14.52,5.26,True,vol20_hi_sh,13:15,1,10000000.0,38.0,A
vol20_lo|E13|k1|N10|A,479,10,L,0.47,-37.53,51.8,13.1,0.78,-61.2,1.15,-0.22,False,vol20_lo,13:15,1,10000000.0,38.0,A
vol20_lo_sh|E13|k1|N10|A,479,10,S,-0.47,-38.47,48.2,13.1,-0.78,-62.1,-1.15,0.22,False,vol20_lo_sh,13:15,1,10000000.0,38.0,A
atr_hi|E13|k1|N10|A,480,10,L,-9.1,-47.1,44.0,73.5,-2.71,-69.8,-13.96,-4.2,True,atr_hi,13:15,1,10000000.0,38.0,A
atr_lo|E13|k1|N10|A,480,10,L,2.02,-35.98,60.4,11.8,3.75,-59.7,3.07,0.96,True,atr_lo,13:15,1,10000000.0,38.0,A
atr_hi_sh|E13|k1|N10|A,480,10,S,9.1,-28.9,56.0,73.5,2.71,-52.1,13.96,4.2,True,atr_hi_sh,13:15,1,10000000.0,38.0,A
fail_up_sh|E13|k1|N10|A,480,10,S,0.96,-37.04,48.8,51.4,0.41,-60.9,2.23,-0.32,False,fail_up_sh,13:15,1,10000000.0,38.0,A
fail_up_lg|E13|k1|N10|A,480,10,L,-0.96,-38.96,51.2,51.4,-0.41,-62.7,-2.23,0.32,False,fail_up_lg,13:15,1,10000000.0,38.0,A
fail_dn_lg|E13|k1|N10|A,480,10,L,1.36,-36.64,50.6,50.4,0.59,-60.5,-2.65,5.41,False,fail_dn_lg,13:15,1,10000000.0,38.0,A
fail_dn_sh|E13|k1|N10|A,480,10,S,-1.36,-39.36,49.4,50.4,-0.59,-63.1,2.65,-5.41,False,fail_dn_sh,13:15,1,10000000.0,38.0,A
giveback_up_sh|E13|k1|N10|A,480,10,S,-1.62,-39.62,46.2,50.8,-0.7,-63.3,-2.21,-1.03,True,giveback_up_sh,13:15,1,10000000.0,38.0,A
giveback_up_lg|E13|k1|N10|A,480,10,L,1.62,-36.38,53.8,50.8,0.7,-60.2,2.21,1.03,True,giveback_up_lg,13:15,1,10000000.0,38.0,A
giveback_dn_lg|E13|k1|N10|A,480,10,L,0.24,-37.76,51.7,53.6,0.1,-61.6,-1.97,2.46,False,giveback_dn_lg,13:15,1,10000000.0,38.0,A
giveback_dn_sh|E13|k1|N10|A,480,10,S,-0.24,-38.24,48.3,53.6,-0.1,-62.1,1.97,-2.46,False,giveback_dn_sh,13:15,1,10000000.0,38.0,A
poke_up|E13|k1|N10|A,480,10,L,-1.64,-39.64,48.5,54.9,-0.65,-63.4,-4.42,1.16,False,poke_up,13:15,1,10000000.0,38.0,A
poke_up_sh|E13|k1|N10|A,480,10,S,1.64,-36.36,51.5,54.9,0.65,-60.2,4.42,-1.16,False,poke_up_sh,13:15,1,10000000.0,38.0,A
poke_dn_sh|E13|k1|N10|A,480,10,S,-2.91,-40.91,45.0,47.9,-1.33,-64.5,-3.93,-1.89,True,poke_dn_sh,13:15,1,10000000.0,38.0,A
poke_dn_lg|E13|k1|N10|A,480,10,L,2.91,-35.09,55.0,47.9,1.33,-58.9,3.93,1.89,True,poke_dn_lg,13:15,1,10000000.0,38.0,A
ext_up_sh|E13|k1|N10|A,480,10,S,-1.62,-39.62,46.2,50.8,-0.7,-63.3,-2.21,-1.03,True,ext_up_sh,13:15,1,10000000.0,38.0,A
ext_up_lg|E13|k1|N10|A,480,10,L,1.62,-36.38,53.8,50.8,0.7,-60.2,2.21,1.03,True,ext_up_lg,13:15,1,10000000.0,38.0,A
held_up|E13|k1|N10|A,477,10,L,1.2,-36.8,54.1,57.6,0.46,-60.7,-1.92,4.34,False,held_up,13:15,1,10000000.0,38.0,A
held_up_sh|E13|k1|N10|A,477,10,S,-1.2,-39.2,45.9,57.6,-0.46,-63.0,1.92,-4.34,False,held_up_sh,13:15,1,10000000.0,38.0,A
held_dn_sh|E13|k1|N10|A,480,10,S,-3.46,-41.46,47.1,49.0,-1.55,-65.0,-3.24,-3.68,True,held_dn_sh,13:15,1,10000000.0,38.0,A
held_dn_lg|E13|k1|N10|A,480,10,L,3.46,-34.54,52.9,49.0,1.55,-58.3,3.24,3.68,True,held_dn_lg,13:15,1,10000000.0,38.0,A
rvol_hi|E13|k1|N10|A,480,10,L,-6.7,-44.7,44.6,64.1,-2.29,-67.8,-7.63,-5.75,True,rvol_hi,13:15,1,10000000.0,38.0,A
rvol_hi_sh|E13|k1|N10|A,480,10,S,6.7,-31.3,55.4,64.1,2.29,-54.9,7.63,5.75,True,rvol_hi_sh,13:15,1,10000000.0,38.0,A
rvol_lo|E13|k1|N10|A,480,10,L,-1.07,-39.07,48.5,44.3,-0.53,-62.8,-1.43,-0.71,True,rvol_lo,13:15,1,10000000.0,38.0,A
rvol_lo_sh|E13|k1|N10|A,480,10,S,1.07,-36.93,51.5,44.3,0.53,-60.7,1.43,0.71,True,rvol_lo_sh,13:15,1,10000000.0,38.0,A
orb_vol125|E13|k1|N10|A,475,10,L,1.94,-36.06,52.2,61.2,0.69,-60.0,-0.37,4.25,False,orb_vol125,13:15,1,10000000.0,38.0,A
orb_vol125_sh|E13|k1|N10|A,475,10,S,-1.94,-39.94,47.8,61.2,-0.69,-63.7,0.37,-4.25,False,orb_vol125_sh,13:15,1,10000000.0,38.0,A
orbdn_vol125_sh|E13|k1|N10|A,477,10,S,0.23,-37.77,50.1,53.4,0.09,-61.6,1.86,-1.42,False,orbdn_vol125_sh,13:15,1,10000000.0,38.0,A
orbdn_vol125_lg|E13|k1|N10|A,477,10,L,-0.23,-38.23,49.9,53.4,-0.09,-62.0,-1.86,1.42,False,orbdn_vol125_lg,13:15,1,10000000.0,38.0,A
orb_vol15|E13|k1|N10|A,474,10,L,2.19,-35.81,51.5,63.1,0.76,-59.7,-0.21,4.61,False,orb_vol15,13:15,1,10000000.0,38.0,A
orb_vol15_sh|E13|k1|N10|A,474,10,S,-2.19,-40.19,48.5,63.1,-0.76,-63.9,0.21,-4.61,False,orb_vol15_sh,13:15,1,10000000.0,38.0,A
orbdn_vol15_sh|E13|k1|N10|A,473,10,S,0.19,-37.81,51.8,54.3,0.08,-61.6,1.7,-1.32,False,orbdn_vol15_sh,13:15,1,10000000.0,38.0,A
orbdn_vol15_lg|E13|k1|N10|A,473,10,L,-0.19,-38.19,48.2,54.3,-0.08,-62.0,-1.7,1.32,False,orbdn_vol15_lg,13:15,1,10000000.0,38.0,A
orb_vol20|E13|k1|N10|A,470,10,L,2.14,-35.86,51.7,66.7,0.7,-59.8,-0.96,5.27,False,orb_vol20,13:15,1,10000000.0,38.0,A
orb_vol20_sh|E13|k1|N10|A,470,10,S,-2.14,-40.14,48.3,66.7,-0.7,-63.9,0.96,-5.27,False,orb_vol20_sh,13:15,1,10000000.0,38.0,A
orbdn_vol20_sh|E13|k1|N10|A,445,10,S,1.13,-36.87,52.6,60.2,0.4,-60.8,2.32,-0.07,False,orbdn_vol20_sh,13:15,1,10000000.0,38.0,A
orbdn_vol20_lg|E13|k1|N10|A,445,10,L,-1.13,-39.13,47.4,60.2,-0.4,-62.9,-2.32,0.07,False,orbdn_vol20_lg,13:15,1,10000000.0,38.0,A
orb_x_rvol|E13|k1|N10|A,480,10,L,-4.2,-42.2,48.8,63.3,-1.45,-65.7,-6.24,-2.15,True,orb_x_rvol,13:15,1,10000000.0,38.0,A
orb_x_rvol_sh|E13|k1|N10|A,480,10,S,4.2,-33.8,51.2,63.3,1.45,-57.6,6.24,2.15,True,orb_x_rvol_sh,13:15,1,10000000.0,38.0,A
orb_novol|E13|k1|N10|A,439,10,L,1.04,-36.96,52.4,42.9,0.51,-60.8,0.05,2.03,True,orb_novol,13:15,1,10000000.0,38.0,A
orb_novol_sh|E13|k1|N10|A,439,10,S,-1.04,-39.04,47.6,42.9,-0.51,-62.8,-0.05,-2.03,True,orb_novol_sh,13:15,1,10000000.0,38.0,A
orb_wideOR|E13|k1|N10|A,447,10,L,4.86,-33.14,55.5,57.0,1.8,-56.9,0.09,9.64,True,orb_wideOR,13:15,1,10000000.0,38.0,A
orb_wideOR_sh|E13|k1|N10|A,447,10,S,-4.86,-42.86,44.5,57.0,-1.8,-66.3,-0.09,-9.64,True,orb_wideOR_sh,13:15,1,10000000.0,38.0,A
orb_narrowOR|E13|k1|N10|A,469,10,L,1.1,-36.9,53.3,52.8,0.45,-60.8,0.83,1.37,True,orb_narrowOR,13:15,1,10000000.0,38.0,A
orb_narrowOR_sh|E13|k1|N10|A,469,10,S,-1.1,-39.1,46.7,52.8,-0.45,-62.9,-0.83,-1.37,True,orb_narrowOR_sh,13:15,1,10000000.0,38.0,A
orbdn_wideOR_sh|E13|k1|N10|A,449,10,S,0.12,-37.88,50.1,56.3,0.05,-61.7,1.58,-1.35,False,orbdn_wideOR_sh,13:15,1,10000000.0,38.0,A
orbdn_narrowOR_sh|E13|k1|N10|A,475,10,S,-0.7,-38.7,46.7,46.5,-0.33,-62.5,0.27,-1.68,False,orbdn_narrowOR_sh,13:15,1,10000000.0,38.0,A
orbdn_wideOR_lg|E13|k1|N10|A,449,10,L,-0.12,-38.12,49.9,56.3,-0.05,-62.0,-1.58,1.35,False,orbdn_wideOR_lg,13:15,1,10000000.0,38.0,A
orbdn_narrowOR_lg|E13|k1|N10|A,475,10,L,0.7,-37.3,53.3,46.5,0.33,-61.1,-0.27,1.68,False,orbdn_narrowOR_lg,13:15,1,10000000.0,38.0,A
orb_coiled|E13|k1|N10|A,469,10,L,-0.1,-38.1,51.0,53.8,-0.04,-61.9,-2.54,2.35,False,orb_coiled,13:15,1,10000000.0,38.0,A
orb_coiled_sh|E13|k1|N10|A,469,10,S,0.1,-37.9,49.0,53.8,0.04,-61.7,2.54,-2.35,False,orb_coiled_sh,13:15,1,10000000.0,38.0,A
orbdn_coiled_sh|E13|k1|N10|A,475,10,S,-1.87,-39.87,45.7,47.5,-0.86,-63.6,-1.06,-2.69,True,orbdn_coiled_sh,13:15,1,10000000.0,38.0,A
orb_gapup|E13|k1|N10|A,407,10,L,4.48,-33.52,52.1,61.5,1.47,-57.3,5.03,3.94,True,orb_gapup,13:15,1,10000000.0,38.0,A
orb_gapup_sh|E13|k1|N10|A,407,10,S,-4.48,-42.48,47.9,61.5,-1.47,-66.0,-5.03,-3.94,True,orb_gapup_sh,13:15,1,10000000.0,38.0,A
orb_nogap|E13|k1|N10|A,465,10,L,-2.61,-40.61,52.9,49.0,-1.15,-64.2,-8.31,3.11,False,orb_nogap,13:15,1,10000000.0,38.0,A
orb_nogap_sh|E13|k1|N10|A,465,10,S,2.61,-35.39,47.1,49.0,1.15,-59.2,8.31,-3.11,False,orb_nogap_sh,13:15,1,10000000.0,38.0,A
orb_gapdn|E13|k1|N10|A,291,10,L,-2.12,-40.12,48.8,69.0,-0.52,-63.9,-1.81,-2.43,True,orb_gapdn,13:15,1,10000000.0,38.0,A
orb_gapdn_sh|E13|k1|N10|A,291,10,S,2.12,-35.88,51.2,69.0,0.52,-59.8,1.81,2.43,True,orb_gapdn_sh,13:15,1,10000000.0,38.0,A
orbdn_gapdn_sh|E13|k1|N10|A,309,10,S,-0.8,-38.8,49.2,60.9,-0.23,-62.6,2.12,-3.74,False,orbdn_gapdn_sh,13:15,1,10000000.0,38.0,A
orbdn_gapdn_lg|E13|k1|N10|A,309,10,L,0.8,-37.2,50.8,60.9,0.23,-61.1,-2.12,3.74,False,orbdn_gapdn_lg,13:15,1,10000000.0,38.0,A
orbdn_gapup_sh|E13|k1|N10|A,426,10,S,3.86,-34.14,53.3,57.5,1.39,-57.9,3.68,4.05,True,orbdn_gapup_sh,13:15,1,10000000.0,38.0,A
gap_up|E13|k1|N10|A,480,10,L,-0.33,-38.33,51.7,53.2,-0.14,-62.1,-5.08,4.46,False,gap_up,13:15,1,10000000.0,38.0,A
gap_up_sh|E13|k1|N10|A,480,10,S,0.33,-37.67,48.3,53.2,0.14,-61.5,5.08,-4.46,False,gap_up_sh,13:15,1,10000000.0,38.0,A
gap_dn_lg|E13|k1|N10|A,480,10,L,-1.09,-39.09,49.6,56.0,-0.43,-62.9,0.1,-2.29,False,gap_dn_lg,13:15,1,10000000.0,38.0,A
gap_dn_sh|E13|k1|N10|A,480,10,S,1.09,-36.91,50.4,56.0,0.43,-60.8,-0.1,2.29,False,gap_dn_sh,13:15,1,10000000.0,38.0,A
orb_hivol|E13|k1|N10|A,463,10,L,3.45,-34.55,53.3,69.9,1.06,-58.5,1.98,4.92,True,orb_hivol,13:15,1,10000000.0,38.0,A
orb_hivol_sh|E13|k1|N10|A,463,10,S,-3.45,-41.45,46.7,69.9,-1.06,-65.1,-1.98,-4.92,True,orb_hivol_sh,13:15,1,10000000.0,38.0,A
orb_lovol|E13|k1|N10|A,458,10,L,-0.13,-38.13,51.5,38.5,-0.07,-61.9,-0.98,0.73,False,orb_lovol,13:15,1,10000000.0,38.0,A
orb_lovol_sh|E13|k1|N10|A,458,10,S,0.13,-37.87,48.5,38.5,0.07,-61.6,0.98,-0.73,False,orb_lovol_sh,13:15,1,10000000.0,38.0,A
orbdn_hivol_sh|E13|k1|N10|A,465,10,S,0.88,-37.12,51.4,63.8,0.3,-61.0,1.62,0.13,True,orbdn_hivol_sh,13:15,1,10000000.0,38.0,A
orbdn_lovol_sh|E13|k1|N10|A,470,10,S,-2.75,-40.75,42.3,39.2,-1.52,-64.3,-2.1,-3.41,True,orbdn_lovol_sh,13:15,1,10000000.0,38.0,A
posrange_hivol|E13|k1|N10|A,479,10,L,2.76,-35.24,54.7,63.6,0.95,-59.1,0.8,4.74,True,posrange_hivol,13:15,1,10000000.0,38.0,A
posrange_lovol|E13|k1|N10|A,479,10,L,-0.61,-38.61,49.9,32.2,-0.41,-62.3,-1.72,0.51,False,posrange_lovol,13:15,1,10000000.0,38.0,A
posrange_hivol_sh|E13|k1|N10|A,479,10,S,-2.76,-40.76,45.3,63.6,-0.95,-64.5,-0.8,-4.74,True,posrange_hivol_sh,13:15,1,10000000.0,38.0,A
posrange_lovol_sh|E13|k1|N10|A,479,10,S,0.61,-37.39,50.1,32.2,0.41,-61.1,1.72,-0.51,False,posrange_lovol_sh,13:15,1,10000000.0,38.0,A
orb_minus_width|E13|k1|N10|A,480,10,L,0.03,-37.97,50.0,51.2,0.01,-61.8,-2.09,2.18,False,orb_minus_width,13:15,1,10000000.0,38.0,A
orb_plus_width|E13|k1|N10|A,480,10,L,-1.54,-39.54,51.5,58.8,-0.57,-63.3,-1.73,-1.35,True,orb_plus_width,13:15,1,10000000.0,38.0,A
orb_plus_width_sh|E13|k1|N10|A,480,10,S,1.54,-36.46,48.5,58.8,0.57,-60.3,1.73,1.35,True,orb_plus_width_sh,13:15,1,10000000.0,38.0,A
orb_minus_width_sh|E13|k1|N10|A,480,10,S,-0.03,-38.03,50.0,51.2,-0.01,-61.8,2.09,-2.18,False,orb_minus_width_sh,13:15,1,10000000.0,38.0,A
orb_minus_d20|E13|k1|N10|A,469,10,L,-1.26,-39.26,52.0,57.8,-0.47,-63.0,-4.99,2.49,False,orb_minus_d20,13:15,1,10000000.0,38.0,A
orb_plus_d20|E13|k1|N10|A,469,10,L,-1.59,-39.59,53.9,64.6,-0.53,-63.4,-0.83,-2.35,True,orb_plus_d20,13:15,1,10000000.0,38.0,A
orb_plus_d20_sh|E13|k1|N10|A,469,10,S,1.59,-36.41,46.1,64.6,0.53,-60.3,0.83,2.35,True,orb_plus_d20_sh,13:15,1,10000000.0,38.0,A
orb_plus_pct52|E13|k1|N10|A,430,10,L,1.39,-36.61,52.3,47.3,0.61,-60.4,1.98,0.8,True,orb_plus_pct52,13:15,1,10000000.0,38.0,A
orb_plus_pct52_sh|E13|k1|N10|A,430,10,S,-1.39,-39.39,47.7,47.3,-0.61,-63.1,-1.98,-0.8,True,orb_plus_pct52_sh,13:15,1,10000000.0,38.0,A
compress_then_pos|E13|k1|N10|A,480,10,L,0.03,-37.97,50.0,51.2,0.01,-61.8,-2.09,2.18,False,compress_then_pos,13:15,1,10000000.0,38.0,A
compress_then_pos_sh|E13|k1|N10|A,480,10,S,-0.03,-38.03,50.0,51.2,-0.01,-61.8,2.09,-2.18,False,compress_then_pos_sh,13:15,1,10000000.0,38.0,A
expand_then_pos|E13|k1|N10|A,480,10,L,-1.54,-39.54,51.5,58.8,-0.57,-63.3,-1.73,-1.35,True,expand_then_pos,13:15,1,10000000.0,38.0,A
expand_then_pos_sh|E13|k1|N10|A,480,10,S,1.54,-36.46,48.5,58.8,0.57,-60.3,1.73,1.35,True,expand_then_pos_sh,13:15,1,10000000.0,38.0,A
orb_up|E13|k1|N20|A,480,20,L,1.34,-36.66,53.5,47.5,0.62,-60.5,-1.35,4.06,False,orb_up,13:15,1,10000000.0,38.0,A
orb_up_sh|E13|k1|N20|A,480,20,S,-1.34,-39.34,46.5,47.5,-0.62,-63.1,1.35,-4.06,False,orb_up_sh,13:15,1,10000000.0,38.0,A
orb_dn_sh|E13|k1|N20|A,480,20,S,-1.81,-39.81,47.3,44.1,-0.9,-63.5,-0.05,-3.59,True,orb_dn_sh,13:15,1,10000000.0,38.0,A
orb_dn_lg|E13|k1|N20|A,480,20,L,1.81,-36.19,52.7,44.1,0.9,-60.0,0.05,3.59,True,orb_dn_lg,13:15,1,10000000.0,38.0,A
orb_up_sig|E13|k1|N20|A,480,20,L,2.51,-35.49,54.8,48.1,1.14,-59.3,0.35,4.69,True,orb_up_sig,13:15,1,10000000.0,38.0,A
orb_up_sig_sh|E13|k1|N20|A,480,20,S,-2.51,-40.51,45.2,48.1,-1.14,-64.2,-0.35,-4.69,True,orb_up_sig_sh,13:15,1,10000000.0,38.0,A
orb_dn_sig_sh|E13|k1|N20|A,480,20,S,-1.62,-39.62,48.3,44.6,-0.8,-63.3,-0.31,-2.95,True,orb_dn_sig_sh,13:15,1,10000000.0,38.0,A
orb_dn_sig_lg|E13|k1|N20|A,480,20,L,1.62,-36.38,51.7,44.6,0.8,-60.2,0.31,2.95,True,orb_dn_sig_lg,13:15,1,10000000.0,38.0,A
pos_in_or|E13|k1|N20|A,480,20,L,1.34,-36.66,53.5,47.5,0.62,-60.5,-1.35,4.06,False,pos_in_or,13:15,1,10000000.0,38.0,A
pos_in_or_sh|E13|k1|N20|A,480,20,S,-1.34,-39.34,46.5,47.5,-0.62,-63.1,1.35,-4.06,False,pos_in_or_sh,13:15,1,10000000.0,38.0,A
pos_in_or_lo|E13|k1|N20|A,480,20,L,1.81,-36.19,52.7,44.1,0.9,-60.0,0.05,3.59,True,pos_in_or_lo,13:15,1,10000000.0,38.0,A
pos_in_or_lo_sh|E13|k1|N20|A,480,20,S,-1.81,-39.81,47.3,44.1,-0.9,-63.5,-0.05,-3.59,True,pos_in_or_lo_sh,13:15,1,10000000.0,38.0,A
or_close_pos|E13|k1|N20|A,480,20,L,-0.05,-38.05,53.8,41.0,-0.02,-61.8,0.06,-0.15,False,or_close_pos,13:15,1,10000000.0,38.0,A
or_close_pos_lo|E13|k1|N20|A,480,20,L,-1.81,-39.81,50.4,41.6,-0.95,-63.5,-3.29,-0.31,True,or_close_pos_lo,13:15,1,10000000.0,38.0,A
or_close_pos_sh|E13|k1|N20|A,480,20,S,0.05,-37.95,46.2,41.0,0.02,-61.7,-0.06,0.15,False,or_close_pos_sh,13:15,1,10000000.0,38.0,A
posrange_hi|E13|k1|N20|A,480,20,L,1.53,-36.47,54.2,42.7,0.78,-60.3,-0.55,3.62,False,posrange_hi,13:15,1,10000000.0,38.0,A
posrange_hi_sh|E13|k1|N20|A,480,20,S,-1.53,-39.53,45.8,42.7,-0.78,-63.2,0.55,-3.62,False,posrange_hi_sh,13:15,1,10000000.0,38.0,A
posrange_lo|E13|k1|N20|A,480,20,L,0.35,-37.65,51.0,42.9,0.18,-61.4,-2.45,3.17,False,posrange_lo,13:15,1,10000000.0,38.0,A
posrange_lo_sh|E13|k1|N20|A,480,20,S,-0.35,-38.35,49.0,42.9,-0.18,-62.1,2.45,-3.17,False,posrange_lo_sh,13:15,1,10000000.0,38.0,A
today_sofar|E13|k1|N20|A,480,20,L,1.94,-36.06,52.9,55.9,0.76,-59.9,-0.7,4.61,False,today_sofar,13:15,1,10000000.0,38.0,A
today_sofar_sh|E13|k1|N20|A,480,20,S,-1.94,-39.94,47.1,55.9,-0.76,-63.7,0.7,-4.61,False,today_sofar_sh,13:15,1,10000000.0,38.0,A
today_sofar_lo|E13|k1|N20|A,480,20,L,-3.8,-41.8,44.8,53.1,-1.57,-65.3,-7.05,-0.52,True,today_sofar_lo,13:15,1,10000000.0,38.0,A
or_ret|E13|k1|N20|A,480,20,L,-0.74,-38.74,51.0,52.8,-0.31,-62.5,-1.58,0.1,False,or_ret,13:15,1,10000000.0,38.0,A
or_ret_sh|E13|k1|N20|A,480,20,S,0.74,-37.26,49.0,52.8,0.31,-61.1,1.58,-0.1,False,or_ret_sh,13:15,1,10000000.0,38.0,A
orbT_up|E13|k1|N20|A,474,20,L,1.3,-36.7,54.4,49.6,0.57,-60.5,-1.17,3.79,False,orbT_up,13:15,1,10000000.0,38.0,A
orbT_up_sh|E13|k1|N20|A,474,20,S,-1.3,-39.3,45.6,49.6,-0.57,-63.0,1.17,-3.79,False,orbT_up_sh,13:15,1,10000000.0,38.0,A
orbT_dn_sh|E13|k1|N20|A,480,20,S,-1.76,-39.76,47.7,44.7,-0.86,-63.4,0.36,-3.89,False,orbT_dn_sh,13:15,1,10000000.0,38.0,A
orbT_dn_lg|E13|k1|N20|A,480,20,L,1.76,-36.24,52.3,44.7,0.86,-60.0,-0.36,3.89,False,orbT_dn_lg,13:15,1,10000000.0,38.0,A
orbT_up_small|E13|k1|N20|A,474,20,L,1.58,-36.42,55.3,46.5,0.74,-60.2,-0.6,3.78,False,orbT_up_small,13:15,1,10000000.0,38.0,A
orbT_up_small_sh|E13|k1|N20|A,474,20,S,-1.58,-39.58,44.7,46.5,-0.74,-63.3,0.6,-3.78,False,orbT_up_small_sh,13:15,1,10000000.0,38.0,A
orbT_dn_small_sh|E13|k1|N20|A,480,20,S,3.81,-34.19,54.0,46.0,1.81,-57.9,5.05,2.56,True,orbT_dn_small_sh,13:15,1,10000000.0,38.0,A
orbT_dn_small_lg|E13|k1|N20|A,480,20,L,-3.81,-41.81,46.0,46.0,-1.81,-65.3,-5.05,-2.56,True,orbT_dn_small_lg,13:15,1,10000000.0,38.0,A
inside_posor|E13|k1|N20|A,480,20,L,0.68,-37.32,52.7,40.9,0.36,-61.1,-1.19,2.56,False,inside_posor,13:15,1,10000000.0,38.0,A
inside_posor_sh|E13|k1|N20|A,480,20,S,-0.68,-38.68,47.3,40.9,-0.36,-62.4,1.19,-2.56,False,inside_posor_sh,13:15,1,10000000.0,38.0,A
inside_posor_lo|E13|k1|N20|A,480,20,L,-4.43,-42.43,47.9,41.7,-2.32,-65.8,-7.93,-0.89,True,inside_posor_lo,13:15,1,10000000.0,38.0,A
or_wide|E13|k1|N20|A,480,20,L,-3.13,-41.13,46.2,46.9,-1.46,-64.7,-3.23,-3.03,True,or_wide,13:15,1,10000000.0,38.0,A
or_wide_sh|E13|k1|N20|A,480,20,S,3.13,-34.87,53.8,46.9,1.46,-58.6,3.23,3.03,True,or_wide_sh,13:15,1,10000000.0,38.0,A
or_narrow|E13|k1|N20|A,480,20,L,-0.7,-38.7,50.4,37.7,-0.41,-62.4,-2.47,1.08,False,or_narrow,13:15,1,10000000.0,38.0,A
or_narrow_sh|E13|k1|N20|A,480,20,S,0.7,-37.3,49.6,37.7,0.41,-61.1,2.47,-1.08,False,or_narrow_sh,13:15,1,10000000.0,38.0,A
or_wrel_hi|E13|k1|N20|A,480,20,L,-3.26,-41.26,49.6,49.7,-1.44,-64.8,-3.89,-2.63,True,or_wrel_hi,13:15,1,10000000.0,38.0,A
or_wrel_lo|E13|k1|N20|A,480,20,L,0.23,-37.77,52.1,43.9,0.11,-61.6,-2.87,3.36,False,or_wrel_lo,13:15,1,10000000.0,38.0,A
or_wrel_hi_sh|E13|k1|N20|A,480,20,S,3.26,-34.74,50.4,49.7,1.44,-58.5,3.89,2.63,True,or_wrel_hi_sh,13:15,1,10000000.0,38.0,A
or_wrel_lo_sh|E13|k1|N20|A,480,20,S,-0.23,-38.23,47.9,43.9,-0.11,-62.0,2.87,-3.36,False,or_wrel_lo_sh,13:15,1,10000000.0,38.0,A
rng_expand|E13|k1|N20|A,480,20,L,-1.71,-39.71,50.6,47.5,-0.79,-63.4,-2.73,-0.67,True,rng_expand,13:15,1,10000000.0,38.0,A
rng_expand_sh|E13|k1|N20|A,480,20,S,1.71,-36.29,49.4,47.5,0.79,-60.1,2.73,0.67,True,rng_expand_sh,13:15,1,10000000.0,38.0,A
rng_compress|E13|k1|N20|A,480,20,L,-2.03,-40.03,47.7,38.0,-1.17,-63.7,-5.18,1.15,False,rng_compress,13:15,1,10000000.0,38.0,A
rng_compress_sh|E13|k1|N20|A,480,20,S,2.03,-35.97,52.3,38.0,1.17,-59.7,5.18,-1.15,False,rng_compress_sh,13:15,1,10000000.0,38.0,A
vol20_hi|E13|k1|N20|A,479,20,L,-7.89,-45.89,46.6,61.6,-2.8,-68.8,-12.29,-3.46,True,vol20_hi,13:15,1,10000000.0,38.0,A
vol20_hi_sh|E13|k1|N20|A,479,20,S,7.89,-30.11,53.4,61.6,2.8,-53.5,12.29,3.46,True,vol20_hi_sh,13:15,1,10000000.0,38.0,A
vol20_lo|E13|k1|N20|A,479,20,L,-0.02,-38.02,52.0,20.9,-0.02,-61.7,0.44,-0.48,False,vol20_lo,13:15,1,10000000.0,38.0,A
vol20_lo_sh|E13|k1|N20|A,479,20,S,0.02,-37.98,48.0,20.9,0.02,-61.7,-0.44,0.48,False,vol20_lo_sh,13:15,1,10000000.0,38.0,A
atr_hi|E13|k1|N20|A,480,20,L,-8.09,-46.09,43.3,62.8,-2.82,-68.9,-12.31,-3.84,True,atr_hi,13:15,1,10000000.0,38.0,A
atr_lo|E13|k1|N20|A,480,20,L,1.54,-36.46,57.7,18.9,1.79,-60.2,2.09,0.99,True,atr_lo,13:15,1,10000000.0,38.0,A
atr_hi_sh|E13|k1|N20|A,480,20,S,8.09,-29.91,56.7,62.8,2.82,-53.2,12.31,3.84,True,atr_hi_sh,13:15,1,10000000.0,38.0,A
fail_up_sh|E13|k1|N20|A,480,20,S,2.04,-35.96,51.0,47.0,0.95,-59.8,3.6,0.47,True,fail_up_sh,13:15,1,10000000.0,38.0,A
fail_up_lg|E13|k1|N20|A,480,20,L,-2.04,-40.04,49.0,47.0,-0.95,-63.7,-3.6,-0.47,True,fail_up_lg,13:15,1,10000000.0,38.0,A
fail_dn_lg|E13|k1|N20|A,480,20,L,0.8,-37.2,51.7,44.9,0.39,-61.0,-2.24,3.87,False,fail_dn_lg,13:15,1,10000000.0,38.0,A
fail_dn_sh|E13|k1|N20|A,480,20,S,-0.8,-38.8,48.3,44.9,-0.39,-62.6,2.24,-3.87,False,fail_dn_sh,13:15,1,10000000.0,38.0,A
giveback_up_sh|E13|k1|N20|A,480,20,S,-1.44,-39.44,45.8,44.7,-0.71,-63.2,-0.66,-2.23,True,giveback_up_sh,13:15,1,10000000.0,38.0,A
giveback_up_lg|E13|k1|N20|A,480,20,L,1.44,-36.56,54.2,44.7,0.71,-60.4,0.66,2.23,True,giveback_up_lg,13:15,1,10000000.0,38.0,A
giveback_dn_lg|E13|k1|N20|A,480,20,L,0.23,-37.77,52.3,46.1,0.11,-61.6,-2.14,2.62,False,giveback_dn_lg,13:15,1,10000000.0,38.0,A
giveback_dn_sh|E13|k1|N20|A,480,20,S,-0.23,-38.23,47.7,46.1,-0.11,-62.0,2.14,-2.62,False,giveback_dn_sh,13:15,1,10000000.0,38.0,A
poke_up|E13|k1|N20|A,480,20,L,-0.25,-38.25,51.0,48.6,-0.11,-62.0,-3.09,2.61,False,poke_up,13:15,1,10000000.0,38.0,A
poke_up_sh|E13|k1|N20|A,480,20,S,0.25,-37.75,49.0,48.6,0.11,-61.6,3.09,-2.61,False,poke_up_sh,13:15,1,10000000.0,38.0,A
poke_dn_sh|E13|k1|N20|A,480,20,S,-2.12,-40.12,46.2,44.7,-1.04,-63.8,-0.32,-3.94,True,poke_dn_sh,13:15,1,10000000.0,38.0,A
poke_dn_lg|E13|k1|N20|A,480,20,L,2.12,-35.88,53.8,44.7,1.04,-59.7,0.32,3.94,True,poke_dn_lg,13:15,1,10000000.0,38.0,A
ext_up_sh|E13|k1|N20|A,480,20,S,-1.44,-39.44,45.8,44.7,-0.71,-63.2,-0.66,-2.23,True,ext_up_sh,13:15,1,10000000.0,38.0,A
ext_up_lg|E13|k1|N20|A,480,20,L,1.44,-36.56,54.2,44.7,0.71,-60.4,0.66,2.23,True,ext_up_lg,13:15,1,10000000.0,38.0,A
held_up|E13|k1|N20|A,474,20,L,1.3,-36.7,54.4,49.6,0.57,-60.5,-1.18,3.79,False,held_up,13:15,1,10000000.0,38.0,A
held_up_sh|E13|k1|N20|A,474,20,S,-1.3,-39.3,45.6,49.6,-0.57,-63.0,1.18,-3.79,False,held_up_sh,13:15,1,10000000.0,38.0,A
held_dn_sh|E13|k1|N20|A,480,20,S,-1.74,-39.74,47.7,44.7,-0.85,-63.4,0.37,-3.86,False,held_dn_sh,13:15,1,10000000.0,38.0,A
held_dn_lg|E13|k1|N20|A,480,20,L,1.74,-36.26,52.3,44.7,0.85,-60.1,-0.37,3.86,False,held_dn_lg,13:15,1,10000000.0,38.0,A
rvol_hi|E13|k1|N20|A,480,20,L,-3.8,-41.8,48.5,51.0,-1.63,-65.3,-5.89,-1.7,True,rvol_hi,13:15,1,10000000.0,38.0,A
rvol_hi_sh|E13|k1|N20|A,480,20,S,3.8,-34.2,51.5,51.0,1.63,-58.0,5.89,1.7,True,rvol_hi_sh,13:15,1,10000000.0,38.0,A
rvol_lo|E13|k1|N20|A,480,20,L,-1.93,-39.93,49.4,42.2,-1.0,-63.6,-3.55,-0.29,True,rvol_lo,13:15,1,10000000.0,38.0,A
rvol_lo_sh|E13|k1|N20|A,480,20,S,1.93,-36.07,50.6,42.2,1.0,-59.9,3.55,0.29,True,rvol_lo_sh,13:15,1,10000000.0,38.0,A
orb_vol125|E13|k1|N20|A,470,20,L,2.34,-35.66,54.9,53.1,0.95,-59.5,-0.09,4.78,False,orb_vol125,13:15,1,10000000.0,38.0,A
orb_vol125_sh|E13|k1|N20|A,470,20,S,-2.34,-40.34,45.1,53.1,-0.95,-64.0,0.09,-4.78,False,orb_vol125_sh,13:15,1,10000000.0,38.0,A
orbdn_vol125_sh|E13|k1|N20|A,466,20,S,0.05,-37.95,51.3,46.5,0.02,-61.7,2.48,-2.4,False,orbdn_vol125_sh,13:15,1,10000000.0,38.0,A
orbdn_vol125_lg|E13|k1|N20|A,466,20,L,-0.05,-38.05,48.7,46.5,-0.02,-61.8,-2.48,2.4,False,orbdn_vol125_lg,13:15,1,10000000.0,38.0,A
orb_vol15|E13|k1|N20|A,465,20,L,3.35,-34.65,55.1,53.4,1.35,-58.4,1.64,5.08,True,orb_vol15,13:15,1,10000000.0,38.0,A
orb_vol15_sh|E13|k1|N20|A,465,20,S,-3.35,-41.35,44.9,53.4,-1.35,-64.9,-1.64,-5.08,True,orb_vol15_sh,13:15,1,10000000.0,38.0,A
orbdn_vol15_sh|E13|k1|N20|A,437,20,S,1.23,-36.77,50.6,47.9,0.54,-60.6,2.95,-0.49,False,orbdn_vol15_sh,13:15,1,10000000.0,38.0,A
orbdn_vol15_lg|E13|k1|N20|A,437,20,L,-1.23,-39.23,49.4,47.9,-0.54,-63.0,-2.95,0.49,False,orbdn_vol15_lg,13:15,1,10000000.0,38.0,A
orb_vol20|E13|k1|N20|A,442,20,L,1.14,-36.86,53.8,55.2,0.43,-60.7,-1.76,4.06,False,orb_vol20,13:15,1,10000000.0,38.0,A
orb_vol20_sh|E13|k1|N20|A,442,20,S,-1.14,-39.14,46.2,55.2,-0.43,-62.9,1.76,-4.06,False,orb_vol20_sh,13:15,1,10000000.0,38.0,A
orbdn_vol20_sh|E13|k1|N20|A,339,20,S,3.3,-34.7,53.1,58.2,1.04,-58.5,5.21,1.37,True,orbdn_vol20_sh,13:15,1,10000000.0,38.0,A
orbdn_vol20_lg|E13|k1|N20|A,339,20,L,-3.3,-41.3,46.9,58.2,-1.04,-64.9,-5.21,-1.37,True,orbdn_vol20_lg,13:15,1,10000000.0,38.0,A
orb_x_rvol|E13|k1|N20|A,480,20,L,-1.44,-39.44,50.6,49.4,-0.64,-63.2,-3.61,0.75,False,orb_x_rvol,13:15,1,10000000.0,38.0,A
orb_x_rvol_sh|E13|k1|N20|A,480,20,S,1.44,-36.56,49.4,49.4,0.64,-60.4,3.61,-0.75,False,orb_x_rvol_sh,13:15,1,10000000.0,38.0,A
orb_novol|E13|k1|N20|A,412,20,L,1.61,-36.39,54.4,40.9,0.8,-60.2,1.01,2.23,True,orb_novol,13:15,1,10000000.0,38.0,A
orb_novol_sh|E13|k1|N20|A,412,20,S,-1.61,-39.61,45.6,40.9,-0.8,-63.3,-1.01,-2.23,True,orb_novol_sh,13:15,1,10000000.0,38.0,A
orb_wideOR|E13|k1|N20|A,410,20,L,7.0,-31.0,60.5,51.0,2.78,-54.4,4.45,9.59,True,orb_wideOR,13:15,1,10000000.0,38.0,A
orb_wideOR_sh|E13|k1|N20|A,410,20,S,-7.0,-45.0,39.5,51.0,-2.78,-68.0,-4.45,-9.59,True,orb_wideOR_sh,13:15,1,10000000.0,38.0,A
orb_narrowOR|E13|k1|N20|A,446,20,L,2.04,-35.96,57.4,46.2,0.93,-59.8,1.86,2.21,True,orb_narrowOR,13:15,1,10000000.0,38.0,A
orb_narrowOR_sh|E13|k1|N20|A,446,20,S,-2.04,-40.04,42.6,46.2,-0.93,-63.7,-1.86,-2.21,True,orb_narrowOR_sh,13:15,1,10000000.0,38.0,A
orbdn_wideOR_sh|E13|k1|N20|A,398,20,S,3.72,-34.28,54.5,50.4,1.47,-58.0,5.66,1.75,True,orbdn_wideOR_sh,13:15,1,10000000.0,38.0,A
orbdn_narrowOR_sh|E13|k1|N20|A,467,20,S,0.71,-37.29,48.2,44.4,0.34,-61.1,0.87,0.54,True,orbdn_narrowOR_sh,13:15,1,10000000.0,38.0,A
orbdn_wideOR_lg|E13|k1|N20|A,398,20,L,-3.72,-41.72,45.5,50.4,-1.47,-65.2,-5.66,-1.75,True,orbdn_wideOR_lg,13:15,1,10000000.0,38.0,A
orbdn_narrowOR_lg|E13|k1|N20|A,467,20,L,-0.71,-38.71,51.8,44.4,-0.34,-62.5,-0.87,-0.54,True,orbdn_narrowOR_lg,13:15,1,10000000.0,38.0,A
orb_coiled|E13|k1|N20|A,444,20,L,2.42,-35.58,55.2,46.6,1.1,-59.4,1.33,3.52,True,orb_coiled,13:15,1,10000000.0,38.0,A
orb_coiled_sh|E13|k1|N20|A,444,20,S,-2.42,-40.42,44.8,46.6,-1.1,-64.1,-1.33,-3.52,True,orb_coiled_sh,13:15,1,10000000.0,38.0,A
orbdn_coiled_sh|E13|k1|N20|A,464,20,S,-0.06,-38.06,50.0,45.5,-0.03,-61.9,-0.37,0.24,False,orbdn_coiled_sh,13:15,1,10000000.0,38.0,A
orb_gapup|E13|k1|N20|A,333,20,L,5.53,-32.47,56.2,53.5,1.89,-56.1,3.54,7.52,True,orb_gapup,13:15,1,10000000.0,38.0,A
orb_gapup_sh|E13|k1|N20|A,333,20,S,-5.53,-43.53,43.8,53.5,-1.89,-66.8,-3.54,-7.52,True,orb_gapup_sh,13:15,1,10000000.0,38.0,A
orb_nogap|E13|k1|N20|A,445,20,L,-0.58,-38.58,55.3,43.1,-0.28,-62.3,-5.11,3.98,False,orb_nogap,13:15,1,10000000.0,38.0,A
orb_nogap_sh|E13|k1|N20|A,445,20,S,0.58,-37.42,44.7,43.1,0.28,-61.2,5.11,-3.98,False,orb_nogap_sh,13:15,1,10000000.0,38.0,A
orb_gapdn|E13|k1|N20|A,178,20,L,5.89,-32.11,55.6,58.1,1.35,-55.7,11.24,0.42,True,orb_gapdn,13:15,1,10000000.0,38.0,A
orb_gapdn_sh|E13|k1|N20|A,178,20,S,-5.89,-43.89,44.4,58.1,-1.35,-67.1,-11.24,-0.42,True,orb_gapdn_sh,13:15,1,10000000.0,38.0,A
orbdn_gapdn_sh|E13|k1|N20|A,206,20,S,-1.73,-39.73,50.5,60.7,-0.41,-63.5,-0.99,-2.49,True,orbdn_gapdn_sh,13:15,1,10000000.0,38.0,A
orbdn_gapdn_lg|E13|k1|N20|A,206,20,L,1.73,-36.27,49.5,60.7,0.41,-60.2,0.99,2.49,True,orbdn_gapdn_lg,13:15,1,10000000.0,38.0,A
orbdn_gapup_sh|E13|k1|N20|A,381,20,S,5.19,-32.81,54.1,50.4,2.01,-56.5,8.34,2.02,True,orbdn_gapup_sh,13:15,1,10000000.0,38.0,A
gap_up|E13|k1|N20|A,480,20,L,-1.99,-39.99,51.2,47.8,-0.91,-63.7,-5.73,1.78,False,gap_up,13:15,1,10000000.0,38.0,A
gap_up_sh|E13|k1|N20|A,480,20,S,1.99,-36.01,48.8,47.8,0.91,-59.8,5.73,-1.78,False,gap_up_sh,13:15,1,10000000.0,38.0,A
gap_dn_lg|E13|k1|N20|A,480,20,L,0.01,-37.99,51.7,49.4,0.0,-61.8,1.41,-1.41,False,gap_dn_lg,13:15,1,10000000.0,38.0,A
gap_dn_sh|E13|k1|N20|A,480,20,S,-0.01,-38.01,48.3,49.4,-0.0,-61.8,-1.41,1.41,False,gap_dn_sh,13:15,1,10000000.0,38.0,A
orb_hivol|E13|k1|N20|A,424,20,L,5.96,-32.04,56.6,59.3,2.07,-55.7,7.17,4.75,True,orb_hivol,13:15,1,10000000.0,38.0,A
orb_hivol_sh|E13|k1|N20|A,424,20,S,-5.96,-43.96,43.4,59.3,-2.07,-67.2,-7.17,-4.75,True,orb_hivol_sh,13:15,1,10000000.0,38.0,A
orb_lovol|E13|k1|N20|A,424,20,L,1.79,-36.21,54.0,34.1,1.08,-60.0,-0.3,3.9,False,orb_lovol,13:15,1,10000000.0,38.0,A
orb_lovol_sh|E13|k1|N20|A,424,20,S,-1.79,-39.79,46.0,34.1,-1.08,-63.4,0.3,-3.9,False,orb_lovol_sh,13:15,1,10000000.0,38.0,A
orbdn_hivol_sh|E13|k1|N20|A,436,20,S,3.31,-34.69,53.7,55.9,1.24,-58.5,5.24,1.36,True,orbdn_hivol_sh,13:15,1,10000000.0,38.0,A
orbdn_lovol_sh|E13|k1|N20|A,442,20,S,-0.7,-38.7,46.8,36.5,-0.4,-62.4,0.1,-1.51,False,orbdn_lovol_sh,13:15,1,10000000.0,38.0,A
posrange_hivol|E13|k1|N20|A,479,20,L,0.84,-37.16,53.2,57.2,0.32,-61.0,-0.69,2.39,False,posrange_hivol,13:15,1,10000000.0,38.0,A
posrange_lovol|E13|k1|N20|A,479,20,L,-0.4,-38.4,51.6,31.9,-0.27,-62.1,-2.63,1.85,False,posrange_lovol,13:15,1,10000000.0,38.0,A
posrange_hivol_sh|E13|k1|N20|A,479,20,S,-0.84,-38.84,46.8,57.2,-0.32,-62.7,0.69,-2.39,False,posrange_hivol_sh,13:15,1,10000000.0,38.0,A
posrange_lovol_sh|E13|k1|N20|A,479,20,S,0.4,-37.6,48.4,31.9,0.27,-61.4,2.63,-1.85,False,posrange_lovol_sh,13:15,1,10000000.0,38.0,A
orb_minus_width|E13|k1|N20|A,480,20,L,0.97,-37.03,52.9,45.6,0.47,-60.8,-0.76,2.72,False,orb_minus_width,13:15,1,10000000.0,38.0,A
orb_plus_width|E13|k1|N20|A,480,20,L,-0.62,-38.62,51.5,47.9,-0.28,-62.4,-2.04,0.81,False,orb_plus_width,13:15,1,10000000.0,38.0,A
orb_plus_width_sh|E13|k1|N20|A,480,20,S,0.62,-37.38,48.5,47.9,0.28,-61.2,2.04,-0.81,False,orb_plus_width_sh,13:15,1,10000000.0,38.0,A
orb_minus_width_sh|E13|k1|N20|A,480,20,S,-0.97,-38.97,47.1,45.6,-0.47,-62.7,0.76,-2.72,False,orb_minus_width_sh,13:15,1,10000000.0,38.0,A
orb_minus_d20|E13|k1|N20|A,469,20,L,0.24,-37.76,53.7,51.9,0.1,-61.6,-3.34,3.84,False,orb_minus_d20,13:15,1,10000000.0,38.0,A
orb_plus_d20|E13|k1|N20|A,469,20,L,-0.88,-38.88,50.1,53.6,-0.36,-62.7,-1.39,-0.37,True,orb_plus_d20,13:15,1,10000000.0,38.0,A
orb_plus_d20_sh|E13|k1|N20|A,469,20,S,0.88,-37.12,49.9,53.6,0.36,-61.0,1.39,0.37,True,orb_plus_d20_sh,13:15,1,10000000.0,38.0,A
orb_plus_pct52|E13|k1|N20|A,430,20,L,1.84,-36.16,54.9,40.9,0.93,-59.9,2.39,1.29,True,orb_plus_pct52,13:15,1,10000000.0,38.0,A
orb_plus_pct52_sh|E13|k1|N20|A,430,20,S,-1.84,-39.84,45.1,40.9,-0.93,-63.5,-2.39,-1.29,True,orb_plus_pct52_sh,13:15,1,10000000.0,38.0,A
compress_then_pos|E13|k1|N20|A,480,20,L,0.97,-37.03,52.9,45.6,0.47,-60.8,-0.76,2.72,False,compress_then_pos,13:15,1,10000000.0,38.0,A
compress_then_pos_sh|E13|k1|N20|A,480,20,S,-0.97,-38.97,47.1,45.6,-0.47,-62.7,0.76,-2.72,False,compress_then_pos_sh,13:15,1,10000000.0,38.0,A
expand_then_pos|E13|k1|N20|A,480,20,L,-0.62,-38.62,51.5,47.9,-0.28,-62.4,-2.04,0.81,False,expand_then_pos,13:15,1,10000000.0,38.0,A
expand_then_pos_sh|E13|k1|N20|A,480,20,S,0.62,-37.38,48.5,47.9,0.28,-61.2,2.04,-0.81,False,expand_then_pos_sh,13:15,1,10000000.0,38.0,A
orb_up|E13|k1|N30|A,480,30,L,1.25,-36.75,54.4,44.4,0.62,-60.6,-0.88,3.39,False,orb_up,13:15,1,10000000.0,38.0,A
orb_up_sh|E13|k1|N30|A,480,30,S,-1.25,-39.25,45.6,44.4,-0.62,-63.0,0.88,-3.39,False,orb_up_sh,13:15,1,10000000.0,38.0,A
orb_dn_sh|E13|k1|N30|A,480,30,S,-0.63,-38.63,46.7,43.8,-0.32,-62.4,1.01,-2.29,False,orb_dn_sh,13:15,1,10000000.0,38.0,A
orb_dn_lg|E13|k1|N30|A,480,30,L,0.63,-37.37,53.3,43.8,0.32,-61.2,-1.01,2.29,False,orb_dn_lg,13:15,1,10000000.0,38.0,A
orb_up_sig|E13|k1|N30|A,480,30,L,1.87,-36.13,53.8,44.6,0.92,-59.9,-0.05,3.8,False,orb_up_sig,13:15,1,10000000.0,38.0,A
orb_up_sig_sh|E13|k1|N30|A,480,30,S,-1.87,-39.87,46.2,44.6,-0.92,-63.5,0.05,-3.8,False,orb_up_sig_sh,13:15,1,10000000.0,38.0,A
orb_dn_sig_sh|E13|k1|N30|A,480,30,S,-0.71,-38.71,47.3,42.9,-0.36,-62.5,0.91,-2.34,False,orb_dn_sig_sh,13:15,1,10000000.0,38.0,A
orb_dn_sig_lg|E13|k1|N30|A,480,30,L,0.71,-37.29,52.7,42.9,0.36,-61.1,-0.91,2.34,False,orb_dn_sig_lg,13:15,1,10000000.0,38.0,A
pos_in_or|E13|k1|N30|A,480,30,L,1.25,-36.75,54.4,44.4,0.62,-60.6,-0.88,3.39,False,pos_in_or,13:15,1,10000000.0,38.0,A
pos_in_or_sh|E13|k1|N30|A,480,30,S,-1.25,-39.25,45.6,44.4,-0.62,-63.0,0.88,-3.39,False,pos_in_or_sh,13:15,1,10000000.0,38.0,A
pos_in_or_lo|E13|k1|N30|A,480,30,L,0.63,-37.37,53.3,43.8,0.32,-61.2,-1.01,2.29,False,pos_in_or_lo,13:15,1,10000000.0,38.0,A
pos_in_or_lo_sh|E13|k1|N30|A,480,30,S,-0.63,-38.63,46.7,43.8,-0.32,-62.4,1.01,-2.29,False,pos_in_or_lo_sh,13:15,1,10000000.0,38.0,A
or_close_pos|E13|k1|N30|A,480,30,L,0.25,-37.75,54.8,40.8,0.13,-61.5,-0.1,0.6,False,or_close_pos,13:15,1,10000000.0,38.0,A
or_close_pos_lo|E13|k1|N30|A,480,30,L,-2.47,-40.47,48.1,40.9,-1.32,-64.1,-3.96,-0.97,True,or_close_pos_lo,13:15,1,10000000.0,38.0,A
or_close_pos_sh|E13|k1|N30|A,480,30,S,-0.25,-38.25,45.2,40.8,-0.13,-62.0,0.1,-0.6,False,or_close_pos_sh,13:15,1,10000000.0,38.0,A
posrange_hi|E13|k1|N30|A,480,30,L,1.41,-36.59,54.4,41.7,0.74,-60.4,-0.99,3.83,False,posrange_hi,13:15,1,10000000.0,38.0,A
posrange_hi_sh|E13|k1|N30|A,480,30,S,-1.41,-39.41,45.6,41.7,-0.74,-63.1,0.99,-3.83,False,posrange_hi_sh,13:15,1,10000000.0,38.0,A
posrange_lo|E13|k1|N30|A,480,30,L,-0.58,-38.58,52.1,42.0,-0.3,-62.3,-3.08,1.94,False,posrange_lo,13:15,1,10000000.0,38.0,A
posrange_lo_sh|E13|k1|N30|A,480,30,S,0.58,-37.42,47.9,42.0,0.3,-61.2,3.08,-1.94,False,posrange_lo_sh,13:15,1,10000000.0,38.0,A
today_sofar|E13|k1|N30|A,480,30,L,1.19,-36.81,51.5,51.1,0.51,-60.7,-0.47,2.85,False,today_sofar,13:15,1,10000000.0,38.0,A
today_sofar_sh|E13|k1|N30|A,480,30,S,-1.19,-39.19,48.5,51.1,-0.51,-62.9,0.47,-2.85,False,today_sofar_sh,13:15,1,10000000.0,38.0,A
today_sofar_lo|E13|k1|N30|A,480,30,L,-3.17,-41.17,46.5,49.9,-1.39,-64.7,-5.51,-0.81,True,today_sofar_lo,13:15,1,10000000.0,38.0,A
or_ret|E13|k1|N30|A,480,30,L,-0.25,-38.25,53.5,49.5,-0.11,-62.1,-0.41,-0.1,True,or_ret,13:15,1,10000000.0,38.0,A
or_ret_sh|E13|k1|N30|A,480,30,S,0.25,-37.75,46.5,49.5,0.11,-61.6,0.41,0.1,True,or_ret_sh,13:15,1,10000000.0,38.0,A
orbT_up|E13|k1|N30|A,463,30,L,2.88,-35.12,56.2,45.5,1.36,-58.9,1.42,4.34,True,orbT_up,13:15,1,10000000.0,38.0,A
orbT_up_sh|E13|k1|N30|A,463,30,S,-2.88,-40.88,43.8,45.5,-1.36,-64.5,-1.42,-4.34,True,orbT_up_sh,13:15,1,10000000.0,38.0,A
orbT_dn_sh|E13|k1|N30|A,473,30,S,-0.33,-38.33,48.0,44.3,-0.16,-62.1,1.52,-2.18,False,orbT_dn_sh,13:15,1,10000000.0,38.0,A
orbT_dn_lg|E13|k1|N30|A,473,30,L,0.33,-37.67,52.0,44.3,0.16,-61.5,-1.52,2.18,False,orbT_dn_lg,13:15,1,10000000.0,38.0,A
orbT_up_small|E13|k1|N30|A,463,30,L,2.74,-35.26,55.5,44.0,1.34,-59.0,1.46,4.03,True,orbT_up_small,13:15,1,10000000.0,38.0,A
orbT_up_small_sh|E13|k1|N30|A,463,30,S,-2.74,-40.74,44.5,44.0,-1.34,-64.3,-1.46,-4.03,True,orbT_up_small_sh,13:15,1,10000000.0,38.0,A
orbT_dn_small_sh|E13|k1|N30|A,473,30,S,4.18,-33.82,55.0,45.0,2.02,-57.5,5.41,2.94,True,orbT_dn_small_sh,13:15,1,10000000.0,38.0,A
orbT_dn_small_lg|E13|k1|N30|A,473,30,L,-4.18,-42.18,45.0,45.0,-2.02,-65.6,-5.41,-2.94,True,orbT_dn_small_lg,13:15,1,10000000.0,38.0,A
inside_posor|E13|k1|N30|A,480,30,L,0.25,-37.75,51.5,40.6,0.13,-61.5,-1.08,1.58,False,inside_posor,13:15,1,10000000.0,38.0,A
inside_posor_sh|E13|k1|N30|A,480,30,S,-0.25,-38.25,48.5,40.6,-0.13,-62.0,1.08,-1.58,False,inside_posor_sh,13:15,1,10000000.0,38.0,A
inside_posor_lo|E13|k1|N30|A,480,30,L,-4.31,-42.31,48.1,41.5,-2.28,-65.7,-7.37,-1.23,True,inside_posor_lo,13:15,1,10000000.0,38.0,A
or_wide|E13|k1|N30|A,480,30,L,-2.77,-40.77,47.3,43.7,-1.39,-64.4,-2.97,-2.57,True,or_wide,13:15,1,10000000.0,38.0,A
or_wide_sh|E13|k1|N30|A,480,30,S,2.77,-35.23,52.7,43.7,1.39,-59.0,2.97,2.57,True,or_wide_sh,13:15,1,10000000.0,38.0,A
or_narrow|E13|k1|N30|A,480,30,L,-0.7,-38.7,51.9,39.2,-0.39,-62.4,-2.11,0.73,False,or_narrow,13:15,1,10000000.0,38.0,A
or_narrow_sh|E13|k1|N30|A,480,30,S,0.7,-37.3,48.1,39.2,0.39,-61.1,2.11,-0.73,False,or_narrow_sh,13:15,1,10000000.0,38.0,A
or_wrel_hi|E13|k1|N30|A,480,30,L,-2.21,-40.21,50.8,45.4,-1.07,-63.9,-3.39,-1.02,True,or_wrel_hi,13:15,1,10000000.0,38.0,A
or_wrel_lo|E13|k1|N30|A,480,30,L,-0.52,-38.52,51.9,42.7,-0.27,-62.3,-2.53,1.5,False,or_wrel_lo,13:15,1,10000000.0,38.0,A
or_wrel_hi_sh|E13|k1|N30|A,480,30,S,2.21,-35.79,49.2,45.4,1.07,-59.6,3.39,1.02,True,or_wrel_hi_sh,13:15,1,10000000.0,38.0,A
or_wrel_lo_sh|E13|k1|N30|A,480,30,S,0.52,-37.48,48.1,42.7,0.27,-61.3,2.53,-1.5,False,or_wrel_lo_sh,13:15,1,10000000.0,38.0,A
rng_expand|E13|k1|N30|A,480,30,L,-1.3,-39.3,51.0,44.8,-0.63,-63.0,-3.08,0.5,False,rng_expand,13:15,1,10000000.0,38.0,A
rng_expand_sh|E13|k1|N30|A,480,30,S,1.3,-36.7,49.0,44.8,0.63,-60.5,3.08,-0.5,False,rng_expand_sh,13:15,1,10000000.0,38.0,A
rng_compress|E13|k1|N30|A,480,30,L,-1.55,-39.55,49.6,40.0,-0.85,-63.2,-4.48,1.41,False,rng_compress,13:15,1,10000000.0,38.0,A
rng_compress_sh|E13|k1|N30|A,480,30,S,1.55,-36.45,50.4,40.0,0.85,-60.2,4.48,-1.41,False,rng_compress_sh,13:15,1,10000000.0,38.0,A
vol20_hi|E13|k1|N30|A,479,30,L,-6.85,-44.85,45.5,58.5,-2.56,-67.9,-10.22,-3.47,True,vol20_hi,13:15,1,10000000.0,38.0,A
vol20_hi_sh|E13|k1|N30|A,479,30,S,6.85,-31.15,54.5,58.5,2.56,-54.6,10.22,3.47,True,vol20_hi_sh,13:15,1,10000000.0,38.0,A
vol20_lo|E13|k1|N30|A,479,30,L,0.15,-37.85,52.8,23.6,0.14,-61.6,0.13,0.16,True,vol20_lo,13:15,1,10000000.0,38.0,A
vol20_lo_sh|E13|k1|N30|A,479,30,S,-0.15,-38.15,47.2,23.6,-0.14,-61.9,-0.13,-0.16,True,vol20_lo_sh,13:15,1,10000000.0,38.0,A
atr_hi|E13|k1|N30|A,480,30,L,-6.4,-44.4,44.8,59.7,-2.35,-67.6,-9.52,-3.26,True,atr_hi,13:15,1,10000000.0,38.0,A
atr_lo|E13|k1|N30|A,480,30,L,0.45,-37.55,51.9,22.3,0.44,-61.3,0.78,0.11,True,atr_lo,13:15,1,10000000.0,38.0,A
atr_hi_sh|E13|k1|N30|A,480,30,S,6.4,-31.6,55.2,59.7,2.35,-55.2,9.52,3.26,True,atr_hi_sh,13:15,1,10000000.0,38.0,A
fail_up_sh|E13|k1|N30|A,478,30,S,1.74,-36.26,50.0,45.1,0.84,-60.1,3.07,0.39,True,fail_up_sh,13:15,1,10000000.0,38.0,A
fail_up_lg|E13|k1|N30|A,478,30,L,-1.74,-39.74,50.0,45.1,-0.84,-63.4,-3.07,-0.39,True,fail_up_lg,13:15,1,10000000.0,38.0,A
fail_dn_lg|E13|k1|N30|A,480,30,L,0.34,-37.66,52.1,43.6,0.17,-61.4,-2.14,2.84,False,fail_dn_lg,13:15,1,10000000.0,38.0,A
fail_dn_sh|E13|k1|N30|A,480,30,S,-0.34,-38.34,47.9,43.6,-0.17,-62.1,2.14,-2.84,False,fail_dn_sh,13:15,1,10000000.0,38.0,A
giveback_up_sh|E13|k1|N30|A,480,30,S,-0.93,-38.93,47.3,43.2,-0.47,-62.7,0.19,-2.07,False,giveback_up_sh,13:15,1,10000000.0,38.0,A
giveback_up_lg|E13|k1|N30|A,480,30,L,0.93,-37.07,52.7,43.2,0.47,-60.9,-0.19,2.07,False,giveback_up_lg,13:15,1,10000000.0,38.0,A
giveback_dn_lg|E13|k1|N30|A,480,30,L,0.43,-37.57,55.2,43.4,0.22,-61.4,-2.04,2.92,False,giveback_dn_lg,13:15,1,10000000.0,38.0,A
giveback_dn_sh|E13|k1|N30|A,480,30,S,-0.43,-38.43,44.8,43.4,-0.22,-62.2,2.04,-2.92,False,giveback_dn_sh,13:15,1,10000000.0,38.0,A
poke_up|E13|k1|N30|A,480,30,L,-0.5,-38.5,53.3,45.3,-0.24,-62.3,-3.34,2.36,False,poke_up,13:15,1,10000000.0,38.0,A
poke_up_sh|E13|k1|N30|A,480,30,S,0.5,-37.5,46.7,45.3,0.24,-61.3,3.34,-2.36,False,poke_up_sh,13:15,1,10000000.0,38.0,A
poke_dn_sh|E13|k1|N30|A,480,30,S,-1.27,-39.27,45.4,42.9,-0.65,-63.0,0.5,-3.06,False,poke_dn_sh,13:15,1,10000000.0,38.0,A
poke_dn_lg|E13|k1|N30|A,480,30,L,1.27,-36.73,54.6,42.9,0.65,-60.5,-0.5,3.06,False,poke_dn_lg,13:15,1,10000000.0,38.0,A
ext_up_sh|E13|k1|N30|A,480,30,S,-0.93,-38.93,47.3,43.2,-0.47,-62.7,0.19,-2.07,False,ext_up_sh,13:15,1,10000000.0,38.0,A
ext_up_lg|E13|k1|N30|A,480,30,L,0.93,-37.07,52.7,43.2,0.47,-60.9,-0.19,2.07,False,ext_up_lg,13:15,1,10000000.0,38.0,A
held_up|E13|k1|N30|A,463,30,L,2.86,-35.14,56.2,45.5,1.35,-58.9,1.38,4.34,True,held_up,13:15,1,10000000.0,38.0,A
held_up_sh|E13|k1|N30|A,463,30,S,-2.86,-40.86,43.8,45.5,-1.35,-64.5,-1.38,-4.34,True,held_up_sh,13:15,1,10000000.0,38.0,A
held_dn_sh|E13|k1|N30|A,473,30,S,-0.32,-38.32,48.0,44.3,-0.16,-62.1,1.52,-2.17,False,held_dn_sh,13:15,1,10000000.0,38.0,A
held_dn_lg|E13|k1|N30|A,473,30,L,0.32,-37.68,52.0,44.3,0.16,-61.5,-1.52,2.17,False,held_dn_lg,13:15,1,10000000.0,38.0,A
rvol_hi|E13|k1|N30|A,480,30,L,-2.57,-40.57,52.1,46.4,-1.21,-64.2,-4.14,-0.98,True,rvol_hi,13:15,1,10000000.0,38.0,A
rvol_hi_sh|E13|k1|N30|A,480,30,S,2.57,-35.43,47.9,46.4,1.21,-59.2,4.14,0.98,True,rvol_hi_sh,13:15,1,10000000.0,38.0,A
rvol_lo|E13|k1|N30|A,480,30,L,-1.58,-39.58,49.6,41.7,-0.83,-63.3,-2.67,-0.48,True,rvol_lo,13:15,1,10000000.0,38.0,A
rvol_lo_sh|E13|k1|N30|A,480,30,S,1.58,-36.42,50.4,41.7,0.83,-60.2,2.67,0.48,True,rvol_lo_sh,13:15,1,10000000.0,38.0,A
orb_vol125|E13|k1|N30|A,439,30,L,3.02,-34.98,55.4,48.1,1.32,-58.8,0.89,5.16,True,orb_vol125,13:15,1,10000000.0,38.0,A
orb_vol125_sh|E13|k1|N30|A,439,30,S,-3.02,-41.02,44.6,48.1,-1.32,-64.6,-0.89,-5.16,True,orb_vol125_sh,13:15,1,10000000.0,38.0,A
orbdn_vol125_sh|E13|k1|N30|A,414,30,S,1.03,-36.97,50.7,45.0,0.47,-60.8,3.68,-1.64,False,orbdn_vol125_sh,13:15,1,10000000.0,38.0,A
orbdn_vol125_lg|E13|k1|N30|A,414,30,L,-1.03,-39.03,49.3,45.0,-0.47,-62.8,-3.68,1.64,False,orbdn_vol125_lg,13:15,1,10000000.0,38.0,A
orb_vol15|E13|k1|N30|A,432,30,L,3.26,-34.74,55.8,49.1,1.38,-58.5,1.41,5.13,True,orb_vol15,13:15,1,10000000.0,38.0,A
orb_vol15_sh|E13|k1|N30|A,432,30,S,-3.26,-41.26,44.2,49.1,-1.38,-64.8,-1.41,-5.13,True,orb_vol15_sh,13:15,1,10000000.0,38.0,A
orbdn_vol15_sh|E13|k1|N30|A,346,30,S,0.96,-37.04,49.7,48.5,0.37,-60.9,3.54,-1.65,False,orbdn_vol15_sh,13:15,1,10000000.0,38.0,A
orbdn_vol15_lg|E13|k1|N30|A,346,30,L,-0.96,-38.96,50.3,48.5,-0.37,-62.7,-3.54,1.65,False,orbdn_vol15_lg,13:15,1,10000000.0,38.0,A
orb_vol20|E13|k1|N30|A,384,30,L,4.54,-33.46,57.3,49.7,1.79,-57.2,2.42,6.68,True,orb_vol20,13:15,1,10000000.0,38.0,A
orb_vol20_sh|E13|k1|N30|A,384,30,S,-4.54,-42.54,42.7,49.7,-1.79,-66.0,-2.42,-6.68,True,orb_vol20_sh,13:15,1,10000000.0,38.0,A
orbdn_vol20_sh|E13|k1|N30|A,197,30,S,6.17,-31.83,53.8,55.4,1.56,-55.4,6.23,6.1,True,orbdn_vol20_sh,13:15,1,10000000.0,38.0,A
orbdn_vol20_lg|E13|k1|N30|A,197,30,L,-6.17,-44.17,46.2,55.4,-1.56,-67.4,-6.23,-6.1,True,orbdn_vol20_lg,13:15,1,10000000.0,38.0,A
orb_x_rvol|E13|k1|N30|A,480,30,L,-0.87,-38.87,51.2,46.2,-0.41,-62.6,-2.3,0.58,False,orb_x_rvol,13:15,1,10000000.0,38.0,A
orb_x_rvol_sh|E13|k1|N30|A,480,30,S,0.87,-37.13,48.8,46.2,0.41,-60.9,2.3,-0.58,False,orb_x_rvol_sh,13:15,1,10000000.0,38.0,A
orb_novol|E13|k1|N30|A,354,30,L,2.57,-35.43,54.5,39.9,1.21,-59.2,2.21,2.93,True,orb_novol,13:15,1,10000000.0,38.0,A
orb_novol_sh|E13|k1|N30|A,354,30,S,-2.57,-40.57,45.5,39.9,-1.21,-64.2,-2.21,-2.93,True,orb_novol_sh,13:15,1,10000000.0,38.0,A
orb_wideOR|E13|k1|N30|A,344,30,L,6.14,-31.86,58.7,45.7,2.49,-55.4,3.45,8.86,True,orb_wideOR,13:15,1,10000000.0,38.0,A
orb_wideOR_sh|E13|k1|N30|A,344,30,S,-6.14,-44.14,41.3,45.7,-2.49,-67.3,-3.45,-8.86,True,orb_wideOR_sh,13:15,1,10000000.0,38.0,A
orb_narrowOR|E13|k1|N30|A,403,30,L,3.46,-34.54,57.1,43.3,1.6,-58.3,2.71,4.22,True,orb_narrowOR,13:15,1,10000000.0,38.0,A
orb_narrowOR_sh|E13|k1|N30|A,403,30,S,-3.46,-41.46,42.9,43.3,-1.6,-65.0,-2.71,-4.22,True,orb_narrowOR_sh,13:15,1,10000000.0,38.0,A
orbdn_wideOR_sh|E13|k1|N30|A,312,30,S,6.02,-31.98,54.2,49.8,2.14,-55.5,9.89,2.1,True,orbdn_wideOR_sh,13:15,1,10000000.0,38.0,A
orbdn_narrowOR_sh|E13|k1|N30|A,432,30,S,1.8,-36.2,50.0,43.6,0.86,-60.0,1.46,2.14,True,orbdn_narrowOR_sh,13:15,1,10000000.0,38.0,A
orbdn_wideOR_lg|E13|k1|N30|A,312,30,L,-6.02,-44.02,45.8,49.8,-2.14,-67.2,-9.89,-2.1,True,orbdn_wideOR_lg,13:15,1,10000000.0,38.0,A
orbdn_narrowOR_lg|E13|k1|N30|A,432,30,L,-1.8,-39.8,50.0,43.6,-0.86,-63.5,-1.46,-2.14,True,orbdn_narrowOR_lg,13:15,1,10000000.0,38.0,A
orb_coiled|E13|k1|N30|A,398,30,L,3.94,-34.06,57.5,42.3,1.86,-57.8,3.32,4.57,True,orb_coiled,13:15,1,10000000.0,38.0,A
orb_coiled_sh|E13|k1|N30|A,398,30,S,-3.94,-41.94,42.5,42.3,-1.86,-65.4,-3.32,-4.57,True,orb_coiled_sh,13:15,1,10000000.0,38.0,A
orbdn_coiled_sh|E13|k1|N30|A,433,30,S,2.27,-35.73,51.5,44.4,1.07,-59.5,1.81,2.73,True,orbdn_coiled_sh,13:15,1,10000000.0,38.0,A
orb_gapup|E13|k1|N30|A,252,30,L,8.01,-29.99,60.3,51.6,2.46,-53.2,5.7,10.35,True,orb_gapup,13:15,1,10000000.0,38.0,A
orb_gapup_sh|E13|k1|N30|A,252,30,S,-8.01,-46.01,39.7,51.6,-2.46,-68.8,-5.7,-10.35,True,orb_gapup_sh,13:15,1,10000000.0,38.0,A
orb_nogap|E13|k1|N30|A,410,30,L,1.28,-36.72,54.9,39.6,0.65,-60.5,-3.27,5.87,False,orb_nogap,13:15,1,10000000.0,38.0,A
orb_nogap_sh|E13|k1|N30|A,410,30,S,-1.28,-39.28,45.1,39.6,-0.65,-63.0,3.27,-5.87,False,orb_nogap_sh,13:15,1,10000000.0,38.0,A
orbdn_gapdn_sh|E13|k1|N30|A,136,30,S,-3.56,-41.56,50.0,63.6,-0.65,-65.2,-7.73,0.74,False,orbdn_gapdn_sh,13:15,1,10000000.0,38.0,A
orbdn_gapdn_lg|E13|k1|N30|A,136,30,L,3.56,-34.44,50.0,63.6,0.65,-58.3,7.73,-0.74,False,orbdn_gapdn_lg,13:15,1,10000000.0,38.0,A
orbdn_gapup_sh|E13|k1|N30|A,306,30,S,5.15,-32.85,52.6,49.0,1.84,-56.5,7.41,2.85,True,orbdn_gapup_sh,13:15,1,10000000.0,38.0,A
gap_up|E13|k1|N30|A,480,30,L,-2.27,-40.27,51.2,45.9,-1.08,-63.9,-5.29,0.78,False,gap_up,13:15,1,10000000.0,38.0,A
gap_up_sh|E13|k1|N30|A,480,30,S,2.27,-35.73,48.8,45.9,1.08,-59.5,5.29,-0.78,False,gap_up_sh,13:15,1,10000000.0,38.0,A
gap_dn_lg|E13|k1|N30|A,480,30,L,0.63,-37.37,51.5,46.5,0.3,-61.2,1.81,-0.56,False,gap_dn_lg,13:15,1,10000000.0,38.0,A
gap_dn_sh|E13|k1|N30|A,480,30,S,-0.63,-38.63,48.5,46.5,-0.3,-62.4,-1.81,0.56,False,gap_dn_sh,13:15,1,10000000.0,38.0,A
orb_hivol|E13|k1|N30|A,370,30,L,6.47,-31.53,57.8,52.8,2.36,-55.0,5.14,7.81,True,orb_hivol,13:15,1,10000000.0,38.0,A
orb_hivol_sh|E13|k1|N30|A,370,30,S,-6.47,-44.47,42.2,52.8,-2.36,-67.6,-5.14,-7.81,True,orb_hivol_sh,13:15,1,10000000.0,38.0,A
orb_lovol|E13|k1|N30|A,366,30,L,1.53,-36.47,55.2,32.7,0.89,-60.2,0.15,2.92,True,orb_lovol,13:15,1,10000000.0,38.0,A
orb_lovol_sh|E13|k1|N30|A,366,30,S,-1.53,-39.53,44.8,32.7,-0.89,-63.2,-0.15,-2.92,True,orb_lovol_sh,13:15,1,10000000.0,38.0,A
orbdn_hivol_sh|E13|k1|N30|A,388,30,S,5.55,-32.45,55.2,54.4,2.01,-56.1,8.59,2.48,True,orbdn_hivol_sh,13:15,1,10000000.0,38.0,A
orbdn_lovol_sh|E13|k1|N30|A,377,30,S,0.39,-37.61,49.1,37.1,0.2,-61.4,1.86,-1.09,False,orbdn_lovol_sh,13:15,1,10000000.0,38.0,A
posrange_hivol|E13|k1|N30|A,479,30,L,-0.34,-38.34,52.6,54.5,-0.14,-62.2,-2.31,1.65,False,posrange_hivol,13:15,1,10000000.0,38.0,A
posrange_lovol|E13|k1|N30|A,479,30,L,-0.65,-38.65,51.6,31.6,-0.45,-62.4,-1.92,0.62,False,posrange_lovol,13:15,1,10000000.0,38.0,A
posrange_hivol_sh|E13|k1|N30|A,479,30,S,0.34,-37.66,47.4,54.5,0.14,-61.5,2.31,-1.65,False,posrange_hivol_sh,13:15,1,10000000.0,38.0,A
posrange_lovol_sh|E13|k1|N30|A,479,30,S,0.65,-37.35,48.4,31.6,0.45,-61.1,1.92,-0.62,False,posrange_lovol_sh,13:15,1,10000000.0,38.0,A
orb_minus_width|E13|k1|N30|A,480,30,L,0.5,-37.5,53.8,42.5,0.26,-61.3,-1.28,2.29,False,orb_minus_width,13:15,1,10000000.0,38.0,A
orb_plus_width|E13|k1|N30|A,480,30,L,-1.05,-39.05,52.7,44.6,-0.51,-62.8,-2.05,-0.03,True,orb_plus_width,13:15,1,10000000.0,38.0,A
orb_plus_width_sh|E13|k1|N30|A,480,30,S,1.05,-36.95,47.3,44.6,0.51,-60.8,2.05,0.03,True,orb_plus_width_sh,13:15,1,10000000.0,38.0,A
orb_minus_width_sh|E13|k1|N30|A,480,30,S,-0.5,-38.5,46.2,42.5,-0.26,-62.3,1.28,-2.29,False,orb_minus_width_sh,13:15,1,10000000.0,38.0,A
orb_minus_d20|E13|k1|N30|A,469,30,L,1.25,-36.75,53.3,49.5,0.55,-60.6,-1.91,4.41,False,orb_minus_d20,13:15,1,10000000.0,38.0,A
orb_plus_d20|E13|k1|N30|A,469,30,L,-0.81,-38.81,51.6,48.0,-0.36,-62.6,-1.07,-0.55,True,orb_plus_d20,13:15,1,10000000.0,38.0,A
orb_plus_d20_sh|E13|k1|N30|A,469,30,S,0.81,-37.19,48.4,48.0,0.36,-61.0,1.07,0.55,True,orb_plus_d20_sh,13:15,1,10000000.0,38.0,A
orb_plus_pct52|E13|k1|N30|A,430,30,L,2.13,-35.87,57.7,37.9,1.17,-59.6,2.11,2.16,True,orb_plus_pct52,13:15,1,10000000.0,38.0,A
orb_plus_pct52_sh|E13|k1|N30|A,430,30,S,-2.13,-40.13,42.3,37.9,-1.17,-63.8,-2.11,-2.16,True,orb_plus_pct52_sh,13:15,1,10000000.0,38.0,A
compress_then_pos|E13|k1|N30|A,480,30,L,0.5,-37.5,53.8,42.5,0.26,-61.3,-1.28,2.29,False,compress_then_pos,13:15,1,10000000.0,38.0,A
compress_then_pos_sh|E13|k1|N30|A,480,30,S,-0.5,-38.5,46.2,42.5,-0.26,-62.3,1.28,-2.29,False,compress_then_pos_sh,13:15,1,10000000.0,38.0,A
expand_then_pos|E13|k1|N30|A,480,30,L,-1.05,-39.05,52.7,44.6,-0.51,-62.8,-2.05,-0.03,True,expand_then_pos,13:15,1,10000000.0,38.0,A
expand_then_pos_sh|E13|k1|N30|A,480,30,S,1.05,-36.95,47.3,44.6,0.51,-60.8,2.05,0.03,True,expand_then_pos_sh,13:15,1,10000000.0,38.0,A
orb_up|E13|k1|N5|B,480,5,L,0.05,-20.95,48.8,68.9,0.01,-41.4,-3.52,3.64,False,orb_up,13:15,1,100000000.0,21.0,B
orb_up_sh|E13|k1|N5|B,480,5,S,-0.05,-21.05,51.2,68.9,-0.01,-41.5,3.52,-3.64,False,orb_up_sh,13:15,1,100000000.0,21.0,B
orb_dn_sh|E13|k1|N5|B,480,5,S,-3.65,-24.65,46.7,58.6,-1.36,-46.5,-4.08,-3.21,True,orb_dn_sh,13:15,1,100000000.0,21.0,B
orb_dn_lg|E13|k1|N5|B,480,5,L,3.65,-17.35,53.3,58.6,1.36,-35.7,4.08,3.21,True,orb_dn_lg,13:15,1,100000000.0,21.0,B
orb_up_sig|E13|k1|N5|B,480,5,L,-1.28,-22.28,49.4,75.7,-0.37,-43.4,-8.71,6.22,False,orb_up_sig,13:15,1,100000000.0,21.0,B
orb_up_sig_sh|E13|k1|N5|B,480,5,S,1.28,-19.72,50.6,75.7,0.37,-39.6,8.71,-6.22,False,orb_up_sig_sh,13:15,1,100000000.0,21.0,B
orb_dn_sig_sh|E13|k1|N5|B,480,5,S,-4.96,-25.96,48.8,66.6,-1.63,-48.3,-4.32,-5.6,True,orb_dn_sig_sh,13:15,1,100000000.0,21.0,B
orb_dn_sig_lg|E13|k1|N5|B,480,5,L,4.96,-16.04,51.2,66.6,1.63,-33.6,4.32,5.6,True,orb_dn_sig_lg,13:15,1,100000000.0,21.0,B
pos_in_or|E13|k1|N5|B,480,5,L,0.05,-20.95,48.8,68.9,0.01,-41.4,-3.52,3.64,False,pos_in_or,13:15,1,100000000.0,21.0,B
pos_in_or_sh|E13|k1|N5|B,480,5,S,-0.05,-21.05,51.2,68.9,-0.01,-41.5,3.52,-3.64,False,pos_in_or_sh,13:15,1,100000000.0,21.0,B
pos_in_or_lo|E13|k1|N5|B,480,5,L,3.65,-17.35,53.3,58.6,1.36,-35.7,4.08,3.21,True,pos_in_or_lo,13:15,1,100000000.0,21.0,B
pos_in_or_lo_sh|E13|k1|N5|B,480,5,S,-3.65,-24.65,46.7,58.6,-1.36,-46.5,-4.08,-3.21,True,pos_in_or_lo_sh,13:15,1,100000000.0,21.0,B
or_close_pos|E13|k1|N5|B,480,5,L,1.5,-19.5,51.2,43.3,0.76,-39.0,3.09,-0.1,False,or_close_pos,13:15,1,100000000.0,21.0,B
or_close_pos_lo|E13|k1|N5|B,480,5,L,-0.68,-21.68,46.7,45.8,-0.33,-42.3,-2.24,0.89,False,or_close_pos_lo,13:15,1,100000000.0,21.0,B
or_close_pos_sh|E13|k1|N5|B,480,5,S,-1.5,-22.5,48.8,43.3,-0.76,-43.4,-3.09,0.1,False,or_close_pos_sh,13:15,1,100000000.0,21.0,B
posrange_hi|E13|k1|N5|B,480,5,L,2.6,-18.4,50.0,49.4,1.15,-37.3,0.17,5.05,True,posrange_hi,13:15,1,100000000.0,21.0,B
posrange_hi_sh|E13|k1|N5|B,480,5,S,-2.6,-23.6,50.0,49.4,-1.15,-45.0,-0.17,-5.05,True,posrange_hi_sh,13:15,1,100000000.0,21.0,B
posrange_lo|E13|k1|N5|B,480,5,L,4.66,-16.34,54.6,49.6,2.06,-34.0,3.32,6.01,True,posrange_lo,13:15,1,100000000.0,21.0,B
posrange_lo_sh|E13|k1|N5|B,480,5,S,-4.66,-25.66,45.4,49.6,-2.06,-47.8,-3.32,-6.01,True,posrange_lo_sh,13:15,1,100000000.0,21.0,B
today_sofar|E13|k1|N5|B,480,5,L,-0.25,-21.25,49.4,91.6,-0.06,-42.1,-5.77,5.32,False,today_sofar,13:15,1,100000000.0,21.0,B
today_sofar_sh|E13|k1|N5|B,480,5,S,0.25,-20.75,50.6,91.6,0.06,-41.4,5.77,-5.32,False,today_sofar_sh,13:15,1,100000000.0,21.0,B
today_sofar_lo|E13|k1|N5|B,480,5,L,-5.85,-26.85,43.5,78.6,-1.63,-49.6,-10.01,-1.64,True,today_sofar_lo,13:15,1,100000000.0,21.0,B
or_ret|E13|k1|N5|B,480,5,L,-0.86,-21.86,47.1,90.8,-0.21,-43.0,1.1,-2.83,False,or_ret,13:15,1,100000000.0,21.0,B
or_ret_sh|E13|k1|N5|B,480,5,S,0.86,-20.14,52.9,90.8,0.21,-40.5,-1.1,2.83,False,or_ret_sh,13:15,1,100000000.0,21.0,B
orbT_up|E13|k1|N5|B,477,5,L,-0.08,-21.08,48.6,69.1,-0.03,-41.6,-3.75,3.6,False,orbT_up,13:15,1,100000000.0,21.0,B
orbT_up_sh|E13|k1|N5|B,477,5,S,0.08,-20.92,51.4,69.1,0.03,-41.4,3.75,-3.6,False,orbT_up_sh,13:15,1,100000000.0,21.0,B
orbT_dn_sh|E13|k1|N5|B,480,5,S,-3.65,-24.65,46.7,58.6,-1.36,-46.5,-4.08,-3.21,True,orbT_dn_sh,13:15,1,100000000.0,21.0,B
orbT_dn_lg|E13|k1|N5|B,480,5,L,3.65,-17.35,53.3,58.6,1.36,-35.7,4.08,3.21,True,orbT_dn_lg,13:15,1,100000000.0,21.0,B
orbT_up_small|E13|k1|N5|B,477,5,L,2.02,-18.98,54.5,55.5,0.8,-38.3,1.48,2.58,True,orbT_up_small,13:15,1,100000000.0,21.0,B
orbT_up_small_sh|E13|k1|N5|B,477,5,S,-2.02,-23.02,45.5,55.5,-0.8,-44.3,-1.48,-2.58,True,orbT_up_small_sh,13:15,1,100000000.0,21.0,B
orbT_dn_small_sh|E13|k1|N5|B,480,5,S,4.69,-16.31,55.0,56.7,1.81,-34.0,5.96,3.4,True,orbT_dn_small_sh,13:15,1,100000000.0,21.0,B
orbT_dn_small_lg|E13|k1|N5|B,480,5,L,-4.69,-25.69,45.0,56.7,-1.81,-47.9,-5.96,-3.4,True,orbT_dn_small_lg,13:15,1,100000000.0,21.0,B
inside_posor|E13|k1|N5|B,480,5,L,-1.36,-22.36,50.0,44.2,-0.67,-43.2,0.37,-3.09,False,inside_posor,13:15,1,100000000.0,21.0,B
inside_posor_sh|E13|k1|N5|B,480,5,S,1.36,-19.64,50.0,44.2,0.67,-39.2,-0.37,3.09,False,inside_posor_sh,13:15,1,100000000.0,21.0,B
inside_posor_lo|E13|k1|N5|B,480,5,L,-4.12,-25.12,47.5,42.6,-2.12,-47.1,-7.45,-0.76,True,inside_posor_lo,13:15,1,100000000.0,21.0,B
or_wide|E13|k1|N5|B,480,5,L,-6.21,-27.21,45.6,65.6,-2.07,-49.9,-3.43,-9.01,True,or_wide,13:15,1,100000000.0,21.0,B
or_wide_sh|E13|k1|N5|B,480,5,S,6.21,-14.79,54.4,65.6,2.07,-31.5,3.43,9.01,True,or_wide_sh,13:15,1,100000000.0,21.0,B
or_narrow|E13|k1|N5|B,480,5,L,0.29,-20.71,48.3,42.1,0.15,-40.8,-1.43,2.02,False,or_narrow,13:15,1,100000000.0,21.0,B
or_narrow_sh|E13|k1|N5|B,480,5,S,-0.29,-21.29,51.5,42.1,-0.15,-41.7,1.43,-2.02,False,or_narrow_sh,13:15,1,100000000.0,21.0,B
or_wrel_hi|E13|k1|N5|B,480,5,L,-7.6,-28.6,45.0,72.2,-2.31,-51.7,-5.08,-10.15,True,or_wrel_hi,13:15,1,100000000.0,21.0,B
or_wrel_lo|E13|k1|N5|B,480,5,L,0.85,-20.15,50.0,53.0,0.35,-40.1,-0.71,2.43,False,or_wrel_lo,13:15,1,100000000.0,21.0,B
or_wrel_hi_sh|E13|k1|N5|B,480,5,S,7.6,-13.4,55.0,72.2,2.31,-29.1,5.08,10.15,True,or_wrel_hi_sh,13:15,1,100000000.0,21.0,B
or_wrel_lo_sh|E13|k1|N5|B,480,5,S,-0.85,-21.85,50.0,53.0,-0.35,-42.6,0.71,-2.43,False,or_wrel_lo_sh,13:15,1,100000000.0,21.0,B
rng_expand|E13|k1|N5|B,480,5,L,-6.13,-27.13,47.5,76.3,-1.76,-49.9,-9.04,-3.19,True,rng_expand,13:15,1,100000000.0,21.0,B
rng_expand_sh|E13|k1|N5|B,480,5,S,6.13,-14.87,52.5,76.3,1.76,-31.8,9.04,3.19,True,rng_expand_sh,13:15,1,100000000.0,21.0,B
rng_compress|E13|k1|N5|B,480,5,L,-2.06,-23.06,49.2,40.3,-1.12,-44.2,-3.64,-0.46,True,rng_compress,13:15,1,100000000.0,21.0,B
rng_compress_sh|E13|k1|N5|B,480,5,S,2.06,-18.94,50.6,40.3,1.12,-38.1,3.64,0.46,True,rng_compress_sh,13:15,1,100000000.0,21.0,B
vol20_hi|E13|k1|N5|B,479,5,L,-8.66,-29.66,45.7,83.8,-2.26,-53.1,-14.39,-2.91,True,vol20_hi,13:15,1,100000000.0,21.0,B
vol20_hi_sh|E13|k1|N5|B,479,5,S,8.66,-12.34,54.3,83.8,2.26,-27.4,14.39,2.91,True,vol20_hi_sh,13:15,1,100000000.0,21.0,B
vol20_lo|E13|k1|N5|B,479,5,L,0.08,-20.92,40.1,2.7,0.67,-41.0,0.14,0.03,True,vol20_lo,13:15,1,100000000.0,21.0,B
vol20_lo_sh|E13|k1|N5|B,479,5,S,-0.08,-21.08,59.3,2.7,-0.67,-41.2,-0.14,-0.03,True,vol20_lo_sh,13:15,1,100000000.0,21.0,B
atr_hi|E13|k1|N5|B,480,5,L,-7.44,-28.44,45.6,91.2,-1.79,-51.7,-8.28,-6.58,True,atr_hi,13:15,1,100000000.0,21.0,B
atr_lo|E13|k1|N5|B,480,5,L,0.11,-20.89,47.3,1.5,1.61,-41.0,0.17,0.05,True,atr_lo,13:15,1,100000000.0,21.0,B
atr_hi_sh|E13|k1|N5|B,480,5,S,7.44,-13.56,54.4,91.2,1.79,-29.7,8.28,6.58,True,atr_hi_sh,13:15,1,100000000.0,21.0,B
fail_up_sh|E13|k1|N5|B,480,5,S,2.17,-18.83,50.4,61.1,0.78,-38.1,1.52,2.84,True,fail_up_sh,13:15,1,100000000.0,21.0,B
fail_up_lg|E13|k1|N5|B,480,5,L,-2.17,-23.17,49.6,61.1,-0.78,-44.5,-1.52,-2.84,True,fail_up_lg,13:15,1,100000000.0,21.0,B
fail_dn_lg|E13|k1|N5|B,480,5,L,4.0,-17.0,52.5,60.8,1.44,-35.2,1.3,6.73,True,fail_dn_lg,13:15,1,100000000.0,21.0,B
fail_dn_sh|E13|k1|N5|B,480,5,S,-4.0,-25.0,47.5,60.8,-1.44,-47.0,-1.3,-6.73,True,fail_dn_sh,13:15,1,100000000.0,21.0,B
giveback_up_sh|E13|k1|N5|B,480,5,S,-3.34,-24.34,46.0,60.1,-1.22,-46.1,-4.73,-1.95,True,giveback_up_sh,13:15,1,100000000.0,21.0,B
giveback_up_lg|E13|k1|N5|B,480,5,L,3.34,-17.66,54.0,60.1,1.22,-36.2,4.73,1.95,True,giveback_up_lg,13:15,1,100000000.0,21.0,B
giveback_dn_lg|E13|k1|N5|B,480,5,L,-2.18,-23.18,48.5,66.5,-0.72,-44.6,-3.7,-0.66,True,giveback_dn_lg,13:15,1,100000000.0,21.0,B
giveback_dn_sh|E13|k1|N5|B,480,5,S,2.18,-18.82,51.5,66.5,0.72,-38.1,3.7,0.66,True,giveback_dn_sh,13:15,1,100000000.0,21.0,B
poke_up|E13|k1|N5|B,480,5,L,-2.13,-23.13,45.8,70.0,-0.67,-44.5,-6.58,2.37,False,poke_up,13:15,1,100000000.0,21.0,B
poke_up_sh|E13|k1|N5|B,480,5,S,2.13,-18.87,54.2,70.0,0.67,-38.3,6.58,-2.37,False,poke_up_sh,13:15,1,100000000.0,21.0,B
poke_dn_sh|E13|k1|N5|B,480,5,S,-1.98,-22.98,47.5,59.0,-0.74,-44.2,-3.62,-0.33,True,poke_dn_sh,13:15,1,100000000.0,21.0,B
poke_dn_lg|E13|k1|N5|B,480,5,L,1.98,-19.02,52.5,59.0,0.74,-38.4,3.62,0.33,True,poke_dn_lg,13:15,1,100000000.0,21.0,B
ext_up_sh|E13|k1|N5|B,480,5,S,-3.34,-24.34,46.0,60.1,-1.22,-46.1,-4.73,-1.95,True,ext_up_sh,13:15,1,100000000.0,21.0,B
ext_up_lg|E13|k1|N5|B,480,5,L,3.34,-17.66,54.0,60.1,1.22,-36.2,4.73,1.95,True,ext_up_lg,13:15,1,100000000.0,21.0,B
held_up|E13|k1|N5|B,477,5,L,-0.08,-21.08,48.6,69.1,-0.03,-41.6,-3.75,3.6,False,held_up,13:15,1,100000000.0,21.0,B
held_up_sh|E13|k1|N5|B,477,5,S,0.08,-20.92,51.4,69.1,0.03,-41.4,3.75,-3.6,False,held_up_sh,13:15,1,100000000.0,21.0,B
held_dn_sh|E13|k1|N5|B,480,5,S,-3.59,-24.59,46.7,58.5,-1.34,-46.5,-4.04,-3.14,True,held_dn_sh,13:15,1,100000000.0,21.0,B
held_dn_lg|E13|k1|N5|B,480,5,L,3.59,-17.41,53.3,58.5,1.34,-35.8,4.04,3.14,True,held_dn_lg,13:15,1,100000000.0,21.0,B
rvol_hi|E13|k1|N5|B,480,5,L,-10.43,-31.43,46.9,85.0,-2.69,-55.2,-10.28,-10.57,True,rvol_hi,13:15,1,100000000.0,21.0,B
rvol_hi_sh|E13|k1|N5|B,480,5,S,10.43,-10.57,53.1,85.0,2.69,-24.1,10.28,10.57,True,rvol_hi_sh,13:15,1,100000000.0,21.0,B
rvol_lo|E13|k1|N5|B,480,5,L,-1.82,-22.82,46.7,51.2,-0.78,-44.0,-1.09,-2.57,True,rvol_lo,13:15,1,100000000.0,21.0,B
rvol_lo_sh|E13|k1|N5|B,480,5,S,1.82,-19.18,53.3,51.2,0.78,-38.6,1.09,2.57,True,rvol_lo_sh,13:15,1,100000000.0,21.0,B
orb_vol125|E13|k1|N5|B,475,5,L,0.08,-20.92,50.3,72.9,0.02,-41.4,-3.1,3.28,False,orb_vol125,13:15,1,100000000.0,21.0,B
orb_vol125_sh|E13|k1|N5|B,475,5,S,-0.08,-21.08,49.7,72.9,-0.02,-41.6,3.1,-3.28,False,orb_vol125_sh,13:15,1,100000000.0,21.0,B
orbdn_vol125_sh|E13|k1|N5|B,475,5,S,-3.47,-24.47,47.8,62.7,-1.21,-46.3,-2.02,-4.92,True,orbdn_vol125_sh,13:15,1,100000000.0,21.0,B
orbdn_vol125_lg|E13|k1|N5|B,475,5,L,3.47,-17.53,52.2,62.7,1.21,-36.1,2.02,4.92,True,orbdn_vol125_lg,13:15,1,100000000.0,21.0,B
orb_vol15|E13|k1|N5|B,474,5,L,-1.68,-22.68,47.9,73.8,-0.5,-44.0,-4.91,1.58,False,orb_vol15,13:15,1,100000000.0,21.0,B
orb_vol15_sh|E13|k1|N5|B,474,5,S,1.68,-19.32,52.1,73.8,0.5,-39.0,4.91,-1.58,False,orb_vol15_sh,13:15,1,100000000.0,21.0,B
orbdn_vol15_sh|E13|k1|N5|B,472,5,S,-0.71,-21.71,50.0,64.6,-0.24,-42.5,0.95,-2.38,False,orbdn_vol15_sh,13:15,1,100000000.0,21.0,B
orbdn_vol15_lg|E13|k1|N5|B,472,5,L,0.71,-20.29,50.0,64.6,0.24,-40.4,-0.95,2.38,False,orbdn_vol15_lg,13:15,1,100000000.0,21.0,B
orb_vol20|E13|k1|N5|B,469,5,L,-1.36,-22.36,46.7,79.3,-0.37,-43.6,-4.31,1.6,False,orb_vol20,13:15,1,100000000.0,21.0,B
orb_vol20_sh|E13|k1|N5|B,469,5,S,1.36,-19.64,53.3,79.3,0.37,-39.6,4.31,-1.6,False,orb_vol20_sh,13:15,1,100000000.0,21.0,B
orbdn_vol20_sh|E13|k1|N5|B,439,5,S,1.25,-19.75,49.9,66.9,0.39,-39.6,-0.05,2.56,False,orbdn_vol20_sh,13:15,1,100000000.0,21.0,B
orbdn_vol20_lg|E13|k1|N5|B,439,5,L,-1.25,-22.25,50.1,66.9,-0.39,-43.3,0.05,-2.56,False,orbdn_vol20_lg,13:15,1,100000000.0,21.0,B
orb_x_rvol|E13|k1|N5|B,480,5,L,-8.65,-29.65,46.0,80.8,-2.34,-53.1,-10.58,-6.69,True,orb_x_rvol,13:15,1,100000000.0,21.0,B
orb_x_rvol_sh|E13|k1|N5|B,480,5,S,8.65,-12.35,54.0,80.8,2.34,-27.4,10.58,6.69,True,orb_x_rvol_sh,13:15,1,100000000.0,21.0,B
orb_novol|E13|k1|N5|B,437,5,L,0.56,-20.44,48.5,46.3,0.25,-40.4,0.22,0.91,True,orb_novol,13:15,1,100000000.0,21.0,B
orb_novol_sh|E13|k1|N5|B,437,5,S,-0.56,-21.56,51.5,46.3,-0.25,-42.1,-0.22,-0.91,True,orb_novol_sh,13:15,1,100000000.0,21.0,B
orb_wideOR|E13|k1|N5|B,445,5,L,4.65,-16.35,53.7,70.1,1.4,-34.2,-4.61,13.94,False,orb_wideOR,13:15,1,100000000.0,21.0,B
orb_wideOR_sh|E13|k1|N5|B,445,5,S,-4.65,-25.65,46.3,70.1,-1.4,-48.0,4.61,-13.94,False,orb_wideOR_sh,13:15,1,100000000.0,21.0,B
orb_narrowOR|E13|k1|N5|B,466,5,L,1.9,-19.1,50.9,64.6,0.64,-38.6,1.68,2.13,True,orb_narrowOR,13:15,1,100000000.0,21.0,B
orb_narrowOR_sh|E13|k1|N5|B,466,5,S,-1.9,-22.9,49.1,64.6,-0.64,-44.2,-1.68,-2.13,True,orb_narrowOR_sh,13:15,1,100000000.0,21.0,B
orbdn_wideOR_sh|E13|k1|N5|B,446,5,S,-1.76,-22.76,51.8,63.0,-0.59,-44.0,-0.69,-2.83,True,orbdn_wideOR_sh,13:15,1,100000000.0,21.0,B
orbdn_narrowOR_sh|E13|k1|N5|B,475,5,S,-3.47,-24.47,44.4,54.1,-1.4,-46.3,-2.1,-4.85,True,orbdn_narrowOR_sh,13:15,1,100000000.0,21.0,B
orbdn_wideOR_lg|E13|k1|N5|B,446,5,L,1.76,-19.24,48.2,63.0,0.59,-38.8,0.69,2.83,True,orbdn_wideOR_lg,13:15,1,100000000.0,21.0,B
orbdn_narrowOR_lg|E13|k1|N5|B,475,5,L,3.47,-17.53,55.6,54.1,1.4,-36.0,2.1,4.85,True,orbdn_narrowOR_lg,13:15,1,100000000.0,21.0,B
orb_coiled|E13|k1|N5|B,466,5,L,-0.61,-21.61,51.1,63.3,-0.21,-42.3,-2.85,1.64,False,orb_coiled,13:15,1,100000000.0,21.0,B
orb_coiled_sh|E13|k1|N5|B,466,5,S,0.61,-20.39,48.9,63.3,0.21,-40.5,2.85,-1.64,False,orb_coiled_sh,13:15,1,100000000.0,21.0,B
orbdn_coiled_sh|E13|k1|N5|B,475,5,S,-2.99,-23.99,45.3,55.2,-1.18,-45.6,-1.69,-4.3,True,orbdn_coiled_sh,13:15,1,100000000.0,21.0,B
orb_gapup|E13|k1|N5|B,398,5,L,6.69,-14.31,53.5,70.0,1.91,-30.7,3.6,9.81,True,orb_gapup,13:15,1,100000000.0,21.0,B
orb_gapup_sh|E13|k1|N5|B,398,5,S,-6.69,-27.69,46.5,70.0,-1.91,-50.6,-3.6,-9.81,True,orb_gapup_sh,13:15,1,100000000.0,21.0,B
orb_nogap|E13|k1|N5|B,464,5,L,-1.61,-22.61,51.5,60.6,-0.57,-43.7,-9.45,6.3,False,orb_nogap,13:15,1,100000000.0,21.0,B
orb_nogap_sh|E13|k1|N5|B,464,5,S,1.61,-19.39,48.5,60.6,0.57,-39.0,9.45,-6.3,False,orb_nogap_sh,13:15,1,100000000.0,21.0,B
orb_gapdn|E13|k1|N5|B,284,5,L,-0.37,-21.37,47.9,76.2,-0.08,-42.1,1.6,-2.37,False,orb_gapdn,13:15,1,100000000.0,21.0,B
orb_gapdn_sh|E13|k1|N5|B,284,5,S,0.37,-20.63,52.1,76.2,0.08,-41.0,-1.6,2.37,False,orb_gapdn_sh,13:15,1,100000000.0,21.0,B
orbdn_gapdn_sh|E13|k1|N5|B,303,5,S,-0.86,-21.86,50.5,67.5,-0.22,-42.7,-1.39,-0.32,True,orbdn_gapdn_sh,13:15,1,100000000.0,21.0,B
orbdn_gapdn_lg|E13|k1|N5|B,303,5,L,0.86,-20.14,49.5,67.5,0.22,-40.2,1.39,0.32,True,orbdn_gapdn_lg,13:15,1,100000000.0,21.0,B
orbdn_gapup_sh|E13|k1|N5|B,424,5,S,3.62,-17.38,51.4,63.4,1.18,-35.8,4.68,2.55,True,orbdn_gapup_sh,13:15,1,100000000.0,21.0,B
gap_up|E13|k1|N5|B,480,5,L,-0.32,-21.32,50.2,69.2,-0.1,-41.9,-6.84,6.26,False,gap_up,13:15,1,100000000.0,21.0,B
gap_up_sh|E13|k1|N5|B,480,5,S,0.32,-20.68,49.8,69.2,0.1,-41.0,6.84,-6.26,False,gap_up_sh,13:15,1,100000000.0,21.0,B
gap_dn_lg|E13|k1|N5|B,480,5,L,-3.32,-24.32,47.3,71.6,-1.02,-46.2,-1.99,-4.66,True,gap_dn_lg,13:15,1,100000000.0,21.0,B
gap_dn_sh|E13|k1|N5|B,480,5,S,3.32,-17.68,52.7,71.6,1.02,-36.4,1.99,4.66,True,gap_dn_sh,13:15,1,100000000.0,21.0,B
orb_hivol|E13|k1|N5|B,461,5,L,3.46,-17.54,48.6,82.3,0.9,-36.3,-0.38,7.32,False,orb_hivol,13:15,1,100000000.0,21.0,B
orb_hivol_sh|E13|k1|N5|B,461,5,S,-3.46,-24.46,51.4,82.3,-0.9,-46.5,0.38,-7.32,False,orb_hivol_sh,13:15,1,100000000.0,21.0,B
orb_lovol|E13|k1|N5|B,456,5,L,-0.96,-21.96,49.3,43.5,-0.47,-42.7,-0.29,-1.64,True,orb_lovol,13:15,1,100000000.0,21.0,B
orb_lovol_sh|E13|k1|N5|B,456,5,S,0.96,-20.04,50.7,43.5,0.47,-39.8,0.29,1.64,True,orb_lovol_sh,13:15,1,100000000.0,21.0,B
orbdn_hivol_sh|E13|k1|N5|B,462,5,S,1.86,-19.14,52.2,71.3,0.56,-38.7,1.63,2.09,True,orbdn_hivol_sh,13:15,1,100000000.0,21.0,B
orbdn_lovol_sh|E13|k1|N5|B,470,5,S,-5.07,-26.07,41.7,44.1,-2.49,-48.3,-6.06,-4.08,True,orbdn_lovol_sh,13:15,1,100000000.0,21.0,B
posrange_hivol|E13|k1|N5|B,479,5,L,4.42,-16.58,50.9,75.4,1.28,-34.6,4.66,4.19,True,posrange_hivol,13:15,1,100000000.0,21.0,B
posrange_lovol|E13|k1|N5|B,479,5,L,-1.58,-22.58,46.3,36.1,-0.96,-43.5,-3.23,0.08,False,posrange_lovol,13:15,1,100000000.0,21.0,B
posrange_hivol_sh|E13|k1|N5|B,479,5,S,-4.42,-25.42,49.1,75.4,-1.28,-47.7,-4.66,-4.19,True,posrange_hivol_sh,13:15,1,100000000.0,21.0,B
posrange_lovol_sh|E13|k1|N5|B,479,5,S,1.58,-19.42,53.7,36.1,0.96,-38.8,3.23,-0.08,False,posrange_lovol_sh,13:15,1,100000000.0,21.0,B
orb_minus_width|E13|k1|N5|B,480,5,L,0.65,-20.35,50.0,63.3,0.23,-40.4,-2.62,3.95,False,orb_minus_width,13:15,1,100000000.0,21.0,B
orb_plus_width|E13|k1|N5|B,480,5,L,-3.71,-24.71,46.2,73.0,-1.11,-46.8,-3.33,-4.1,True,orb_plus_width,13:15,1,100000000.0,21.0,B
orb_plus_width_sh|E13|k1|N5|B,480,5,S,3.71,-17.29,53.8,73.0,1.11,-35.8,3.33,4.1,True,orb_plus_width_sh,13:15,1,100000000.0,21.0,B
orb_minus_width_sh|E13|k1|N5|B,480,5,S,-0.65,-21.65,50.0,63.3,-0.23,-42.4,2.62,-3.95,False,orb_minus_width_sh,13:15,1,100000000.0,21.0,B
orb_minus_d20|E13|k1|N5|B,469,5,L,-1.32,-22.32,48.2,69.2,-0.41,-43.4,-4.17,1.53,False,orb_minus_d20,13:15,1,100000000.0,21.0,B
orb_plus_d20|E13|k1|N5|B,469,5,L,-1.69,-22.69,49.0,84.7,-0.43,-44.1,0.65,-4.04,False,orb_plus_d20,13:15,1,100000000.0,21.0,B
orb_plus_d20_sh|E13|k1|N5|B,469,5,S,1.69,-19.31,51.0,84.7,0.43,-39.1,-0.65,4.04,False,orb_plus_d20_sh,13:15,1,100000000.0,21.0,B
orb_plus_pct52|E13|k1|N5|B,430,5,L,2.93,-18.07,53.3,58.9,1.03,-36.9,0.42,5.47,True,orb_plus_pct52,13:15,1,100000000.0,21.0,B
orb_plus_pct52_sh|E13|k1|N5|B,430,5,S,-2.93,-23.93,46.7,58.9,-1.03,-45.6,-0.42,-5.47,True,orb_plus_pct52_sh,13:15,1,100000000.0,21.0,B
compress_then_pos|E13|k1|N5|B,480,5,L,0.65,-20.35,50.0,63.3,0.23,-40.4,-2.62,3.95,False,compress_then_pos,13:15,1,100000000.0,21.0,B
compress_then_pos_sh|E13|k1|N5|B,480,5,S,-0.65,-21.65,50.0,63.3,-0.23,-42.4,2.62,-3.95,False,compress_then_pos_sh,13:15,1,100000000.0,21.0,B
expand_then_pos|E13|k1|N5|B,480,5,L,-3.71,-24.71,46.2,73.0,-1.11,-46.8,-3.33,-4.1,True,expand_then_pos,13:15,1,100000000.0,21.0,B
expand_then_pos_sh|E13|k1|N5|B,480,5,S,3.71,-17.29,53.8,73.0,1.11,-35.8,3.33,4.1,True,expand_then_pos_sh,13:15,1,100000000.0,21.0,B
orb_up|E13|k1|N10|B,480,10,L,0.7,-20.3,52.7,55.4,0.27,-40.3,-2.48,3.9,False,orb_up,13:15,1,100000000.0,21.0,B
orb_up_sh|E13|k1|N10|B,480,10,S,-0.7,-21.7,47.3,55.4,-0.27,-42.4,2.48,-3.9,False,orb_up_sh,13:15,1,100000000.0,21.0,B
orb_dn_sh|E13|k1|N10|B,480,10,S,-3.02,-24.02,46.9,48.1,-1.38,-45.6,-2.84,-3.21,True,orb_dn_sh,13:15,1,100000000.0,21.0,B
orb_dn_lg|E13|k1|N10|B,480,10,L,3.02,-17.98,53.1,48.1,1.38,-36.6,2.84,3.21,True,orb_dn_lg,13:15,1,100000000.0,21.0,B
orb_up_sig|E13|k1|N10|B,480,10,L,1.43,-19.57,50.0,58.2,0.54,-39.2,-2.38,5.27,False,orb_up_sig,13:15,1,100000000.0,21.0,B
orb_up_sig_sh|E13|k1|N10|B,480,10,S,-1.43,-22.43,50.0,58.2,-0.54,-43.5,2.38,-5.27,False,orb_up_sig_sh,13:15,1,100000000.0,21.0,B
orb_dn_sig_sh|E13|k1|N10|B,480,10,S,-3.01,-24.01,45.2,51.1,-1.29,-45.6,-1.81,-4.22,True,orb_dn_sig_sh,13:15,1,100000000.0,21.0,B
orb_dn_sig_lg|E13|k1|N10|B,480,10,L,3.01,-17.99,54.8,51.1,1.29,-36.7,1.81,4.22,True,orb_dn_sig_lg,13:15,1,100000000.0,21.0,B
pos_in_or|E13|k1|N10|B,480,10,L,0.7,-20.3,52.7,55.4,0.27,-40.3,-2.48,3.9,False,pos_in_or,13:15,1,100000000.0,21.0,B
pos_in_or_sh|E13|k1|N10|B,480,10,S,-0.7,-21.7,47.3,55.4,-0.27,-42.4,2.48,-3.9,False,pos_in_or_sh,13:15,1,100000000.0,21.0,B
pos_in_or_lo|E13|k1|N10|B,480,10,L,3.02,-17.98,53.1,48.1,1.38,-36.6,2.84,3.21,True,pos_in_or_lo,13:15,1,100000000.0,21.0,B
pos_in_or_lo_sh|E13|k1|N10|B,480,10,S,-3.02,-24.02,46.9,48.1,-1.38,-45.6,-2.84,-3.21,True,pos_in_or_lo_sh,13:15,1,100000000.0,21.0,B
or_close_pos|E13|k1|N10|B,480,10,L,1.03,-19.97,52.7,41.0,0.55,-39.7,1.55,0.5,True,or_close_pos,13:15,1,100000000.0,21.0,B
or_close_pos_lo|E13|k1|N10|B,480,10,L,-1.77,-22.77,49.2,42.7,-0.91,-43.8,-3.59,0.06,False,or_close_pos_lo,13:15,1,100000000.0,21.0,B
or_close_pos_sh|E13|k1|N10|B,480,10,S,-1.03,-22.03,47.3,41.0,-0.55,-42.8,-1.55,-0.5,True,or_close_pos_sh,13:15,1,100000000.0,21.0,B
posrange_hi|E13|k1|N10|B,480,10,L,-0.03,-21.03,49.8,45.8,-0.02,-41.3,-1.6,1.55,False,posrange_hi,13:15,1,100000000.0,21.0,B
posrange_hi_sh|E13|k1|N10|B,480,10,S,0.03,-20.97,50.2,45.8,0.02,-41.2,1.6,-1.55,False,posrange_hi_sh,13:15,1,100000000.0,21.0,B
posrange_lo|E13|k1|N10|B,480,10,L,2.05,-18.95,54.2,43.4,1.04,-38.1,0.68,3.44,True,posrange_lo,13:15,1,100000000.0,21.0,B
posrange_lo_sh|E13|k1|N10|B,480,10,S,-2.05,-23.05,45.8,43.4,-1.04,-44.2,-0.68,-3.44,True,posrange_lo_sh,13:15,1,100000000.0,21.0,B
today_sofar|E13|k1|N10|B,480,10,L,2.02,-18.98,51.5,66.0,0.67,-38.4,-1.51,5.59,False,today_sofar,13:15,1,100000000.0,21.0,B
today_sofar_sh|E13|k1|N10|B,480,10,S,-2.02,-23.02,48.5,66.0,-0.67,-44.4,1.51,-5.59,False,today_sofar_sh,13:15,1,100000000.0,21.0,B
today_sofar_lo|E13|k1|N10|B,480,10,L,-4.84,-25.84,45.6,62.0,-1.71,-48.2,-8.27,-1.39,True,today_sofar_lo,13:15,1,100000000.0,21.0,B
or_ret|E13|k1|N10|B,480,10,L,0.76,-20.24,49.4,63.9,0.26,-40.3,0.94,0.58,True,or_ret,13:15,1,100000000.0,21.0,B
or_ret_sh|E13|k1|N10|B,480,10,S,-0.76,-21.76,50.6,63.9,-0.26,-42.5,-0.94,-0.58,True,or_ret_sh,13:15,1,100000000.0,21.0,B
orbT_up|E13|k1|N10|B,477,10,L,0.69,-20.31,53.0,55.8,0.27,-40.3,-2.51,3.91,False,orbT_up,13:15,1,100000000.0,21.0,B
orbT_up_sh|E13|k1|N10|B,477,10,S,-0.69,-21.69,47.0,55.8,-0.27,-42.4,2.51,-3.91,False,orbT_up_sh,13:15,1,100000000.0,21.0,B
orbT_dn_sh|E13|k1|N10|B,480,10,S,-3.07,-24.07,46.9,48.3,-1.4,-45.7,-2.82,-3.33,True,orbT_dn_sh,13:15,1,100000000.0,21.0,B
orbT_dn_lg|E13|k1|N10|B,480,10,L,3.07,-17.93,53.1,48.3,1.4,-36.6,2.82,3.33,True,orbT_dn_lg,13:15,1,100000000.0,21.0,B
orbT_up_small|E13|k1|N10|B,477,10,L,1.11,-19.89,52.8,50.3,0.48,-39.7,-0.22,2.44,False,orbT_up_small,13:15,1,100000000.0,21.0,B
orbT_up_small_sh|E13|k1|N10|B,477,10,S,-1.11,-22.11,47.2,50.3,-0.48,-42.9,0.22,-2.44,False,orbT_up_small_sh,13:15,1,100000000.0,21.0,B
orbT_dn_small_sh|E13|k1|N10|B,480,10,S,4.36,-16.64,56.2,51.4,1.86,-34.5,5.39,3.33,True,orbT_dn_small_sh,13:15,1,100000000.0,21.0,B
orbT_dn_small_lg|E13|k1|N10|B,480,10,L,-4.36,-25.36,43.8,51.4,-1.86,-47.4,-5.39,-3.33,True,orbT_dn_small_lg,13:15,1,100000000.0,21.0,B
inside_posor|E13|k1|N10|B,480,10,L,-1.75,-22.75,50.8,41.3,-0.93,-43.8,-2.52,-0.98,True,inside_posor,13:15,1,100000000.0,21.0,B
inside_posor_sh|E13|k1|N10|B,480,10,S,1.75,-19.25,49.2,41.3,0.93,-38.6,2.52,0.98,True,inside_posor_sh,13:15,1,100000000.0,21.0,B
inside_posor_lo|E13|k1|N10|B,480,10,L,-3.26,-24.26,49.2,41.5,-1.72,-45.9,-7.76,1.28,False,inside_posor_lo,13:15,1,100000000.0,21.0,B
or_wide|E13|k1|N10|B,480,10,L,-4.03,-25.03,48.3,53.0,-1.67,-47.0,-4.31,-3.75,True,or_wide,13:15,1,100000000.0,21.0,B
or_wide_sh|E13|k1|N10|B,480,10,S,4.03,-16.97,51.7,53.0,1.67,-35.0,4.31,3.75,True,or_wide_sh,13:15,1,100000000.0,21.0,B
or_narrow|E13|k1|N10|B,480,10,L,-0.02,-21.02,49.6,38.0,-0.01,-41.3,-2.31,2.29,False,or_narrow,13:15,1,100000000.0,21.0,B
or_narrow_sh|E13|k1|N10|B,480,10,S,0.02,-20.98,50.4,38.0,0.01,-41.2,2.31,-2.29,False,or_narrow_sh,13:15,1,100000000.0,21.0,B
or_wrel_hi|E13|k1|N10|B,480,10,L,-6.57,-27.57,46.7,57.4,-2.51,-50.3,-5.58,-7.56,True,or_wrel_hi,13:15,1,100000000.0,21.0,B
or_wrel_lo|E13|k1|N10|B,480,10,L,0.64,-20.36,52.3,45.9,0.31,-40.3,-0.99,2.29,False,or_wrel_lo,13:15,1,100000000.0,21.0,B
or_wrel_hi_sh|E13|k1|N10|B,480,10,S,6.57,-14.43,53.3,57.4,2.51,-30.8,5.58,7.56,True,or_wrel_hi_sh,13:15,1,100000000.0,21.0,B
or_wrel_lo_sh|E13|k1|N10|B,480,10,S,-0.64,-21.64,47.7,45.9,-0.31,-42.2,0.99,-2.29,False,or_wrel_lo_sh,13:15,1,100000000.0,21.0,B
rng_expand|E13|k1|N10|B,480,10,L,-3.05,-24.05,49.6,58.7,-1.14,-45.7,-4.17,-1.93,True,rng_expand,13:15,1,100000000.0,21.0,B
rng_expand_sh|E13|k1|N10|B,480,10,S,3.05,-17.95,50.4,58.7,1.14,-36.7,4.17,1.93,True,rng_expand_sh,13:15,1,100000000.0,21.0,B
rng_compress|E13|k1|N10|B,480,10,L,-1.7,-22.7,48.3,37.6,-0.99,-43.7,-5.09,1.72,False,rng_compress,13:15,1,100000000.0,21.0,B
rng_compress_sh|E13|k1|N10|B,480,10,S,1.7,-19.3,51.7,37.6,0.99,-38.7,5.09,-1.72,False,rng_compress_sh,13:15,1,100000000.0,21.0,B
vol20_hi|E13|k1|N10|B,479,10,L,-10.24,-31.24,43.6,69.2,-3.24,-54.8,-13.86,-6.61,True,vol20_hi,13:15,1,100000000.0,21.0,B
vol20_hi_sh|E13|k1|N10|B,479,10,S,10.24,-10.76,56.4,69.2,3.24,-24.2,13.86,6.61,True,vol20_hi_sh,13:15,1,100000000.0,21.0,B
vol20_lo|E13|k1|N10|B,479,10,L,-0.2,-21.2,49.7,13.9,-0.31,-41.4,0.16,-0.55,False,vol20_lo,13:15,1,100000000.0,21.0,B
vol20_lo_sh|E13|k1|N10|B,479,10,S,0.2,-20.8,50.3,13.9,0.31,-40.8,-0.16,0.55,False,vol20_lo_sh,13:15,1,100000000.0,21.0,B
atr_hi|E13|k1|N10|B,480,10,L,-8.39,-29.39,44.8,73.0,-2.52,-52.7,-12.19,-4.56,True,atr_hi,13:15,1,100000000.0,21.0,B
atr_lo|E13|k1|N10|B,480,10,L,1.95,-19.05,58.8,12.3,3.49,-38.2,2.88,1.02,True,atr_lo,13:15,1,100000000.0,21.0,B
atr_hi_sh|E13|k1|N10|B,480,10,S,8.39,-12.61,55.2,73.0,2.52,-27.7,12.19,4.56,True,atr_hi_sh,13:15,1,100000000.0,21.0,B
fail_up_sh|E13|k1|N10|B,480,10,S,1.25,-19.75,50.2,50.8,0.54,-39.4,2.45,0.04,True,fail_up_sh,13:15,1,100000000.0,21.0,B
fail_up_lg|E13|k1|N10|B,480,10,L,-1.25,-22.25,49.8,50.8,-0.54,-43.1,-2.45,-0.04,True,fail_up_lg,13:15,1,100000000.0,21.0,B
fail_dn_lg|E13|k1|N10|B,480,10,L,1.77,-19.23,51.0,50.4,0.77,-38.6,-1.45,5.02,False,fail_dn_lg,13:15,1,100000000.0,21.0,B
fail_dn_sh|E13|k1|N10|B,480,10,S,-1.77,-22.77,49.0,50.4,-0.77,-43.9,1.45,-5.02,False,fail_dn_sh,13:15,1,100000000.0,21.0,B
giveback_up_sh|E13|k1|N10|B,480,10,S,-1.35,-22.35,46.2,50.7,-0.58,-43.3,-2.19,-0.5,True,giveback_up_sh,13:15,1,100000000.0,21.0,B
giveback_up_lg|E13|k1|N10|B,480,10,L,1.35,-19.65,53.8,50.7,0.58,-39.3,2.19,0.5,True,giveback_up_lg,13:15,1,100000000.0,21.0,B
giveback_dn_lg|E13|k1|N10|B,480,10,L,0.24,-20.76,51.9,52.7,0.1,-41.0,-1.97,2.47,False,giveback_dn_lg,13:15,1,100000000.0,21.0,B
giveback_dn_sh|E13|k1|N10|B,480,10,S,-0.24,-21.24,48.1,52.7,-0.1,-41.7,1.97,-2.47,False,giveback_dn_sh,13:15,1,100000000.0,21.0,B
poke_up|E13|k1|N10|B,480,10,L,-0.79,-21.79,49.4,54.9,-0.32,-42.5,-3.66,2.1,False,poke_up,13:15,1,100000000.0,21.0,B
poke_up_sh|E13|k1|N10|B,480,10,S,0.79,-20.21,50.6,54.9,0.32,-40.2,3.66,-2.1,False,poke_up_sh,13:15,1,100000000.0,21.0,B
poke_dn_sh|E13|k1|N10|B,480,10,S,-2.53,-23.53,44.2,47.7,-1.16,-44.9,-2.91,-2.15,True,poke_dn_sh,13:15,1,100000000.0,21.0,B
poke_dn_lg|E13|k1|N10|B,480,10,L,2.53,-18.47,55.8,47.7,1.16,-37.4,2.91,2.15,True,poke_dn_lg,13:15,1,100000000.0,21.0,B
ext_up_sh|E13|k1|N10|B,480,10,S,-1.35,-22.35,46.2,50.7,-0.58,-43.3,-2.19,-0.5,True,ext_up_sh,13:15,1,100000000.0,21.0,B
ext_up_lg|E13|k1|N10|B,480,10,L,1.35,-19.65,53.8,50.7,0.58,-39.3,2.19,0.5,True,ext_up_lg,13:15,1,100000000.0,21.0,B
held_up|E13|k1|N10|B,477,10,L,0.69,-20.31,53.0,55.8,0.27,-40.3,-2.51,3.91,False,held_up,13:15,1,100000000.0,21.0,B
held_up_sh|E13|k1|N10|B,477,10,S,-0.69,-21.69,47.0,55.8,-0.27,-42.4,2.51,-3.91,False,held_up_sh,13:15,1,100000000.0,21.0,B
held_dn_sh|E13|k1|N10|B,480,10,S,-3.07,-24.07,46.9,48.3,-1.4,-45.7,-2.84,-3.31,True,held_dn_sh,13:15,1,100000000.0,21.0,B
held_dn_lg|E13|k1|N10|B,480,10,L,3.07,-17.93,53.1,48.3,1.4,-36.6,2.84,3.31,True,held_dn_lg,13:15,1,100000000.0,21.0,B
rvol_hi|E13|k1|N10|B,480,10,L,-6.72,-27.72,46.5,61.3,-2.4,-50.5,-8.2,-5.22,True,rvol_hi,13:15,1,100000000.0,21.0,B
rvol_hi_sh|E13|k1|N10|B,480,10,S,6.72,-14.28,53.5,61.3,2.4,-30.6,8.2,5.22,True,rvol_hi_sh,13:15,1,100000000.0,21.0,B
rvol_lo|E13|k1|N10|B,480,10,L,-1.17,-22.17,48.8,45.2,-0.57,-43.0,-1.93,-0.39,True,rvol_lo,13:15,1,100000000.0,21.0,B
rvol_lo_sh|E13|k1|N10|B,480,10,S,1.17,-19.83,51.2,45.2,0.57,-39.5,1.93,0.39,True,rvol_lo_sh,13:15,1,100000000.0,21.0,B
orb_vol125|E13|k1|N10|B,475,10,L,1.94,-19.06,53.5,60.3,0.7,-38.5,-0.34,4.23,False,orb_vol125,13:15,1,100000000.0,21.0,B
orb_vol125_sh|E13|k1|N10|B,475,10,S,-1.94,-22.94,46.5,60.3,-0.7,-44.2,0.34,-4.23,False,orb_vol125_sh,13:15,1,100000000.0,21.0,B
orbdn_vol125_sh|E13|k1|N10|B,475,10,S,-0.48,-21.48,49.5,53.2,-0.2,-42.0,1.96,-2.94,False,orbdn_vol125_sh,13:15,1,100000000.0,21.0,B
orbdn_vol125_lg|E13|k1|N10|B,475,10,L,0.48,-20.52,50.5,53.2,0.2,-40.6,-1.96,2.94,False,orbdn_vol125_lg,13:15,1,100000000.0,21.0,B
orb_vol15|E13|k1|N10|B,474,10,L,1.49,-19.51,51.5,62.6,0.52,-39.2,-1.22,4.23,False,orb_vol15,13:15,1,100000000.0,21.0,B
orb_vol15_sh|E13|k1|N10|B,474,10,S,-1.49,-22.49,48.5,62.6,-0.52,-43.6,1.22,-4.23,False,orb_vol15_sh,13:15,1,100000000.0,21.0,B
orbdn_vol15_sh|E13|k1|N10|B,472,10,S,-0.21,-21.21,52.3,54.4,-0.08,-41.7,1.93,-2.37,False,orbdn_vol15_sh,13:15,1,100000000.0,21.0,B
orbdn_vol15_lg|E13|k1|N10|B,472,10,L,0.21,-20.79,47.7,54.4,0.08,-41.0,-1.93,2.37,False,orbdn_vol15_lg,13:15,1,100000000.0,21.0,B
orb_vol20|E13|k1|N10|B,469,10,L,2.22,-18.78,53.1,66.4,0.72,-38.1,-1.81,6.28,False,orb_vol20,13:15,1,100000000.0,21.0,B
orb_vol20_sh|E13|k1|N10|B,469,10,S,-2.22,-23.22,46.9,66.4,-0.72,-44.7,1.81,-6.28,False,orb_vol20_sh,13:15,1,100000000.0,21.0,B
orbdn_vol20_sh|E13|k1|N10|B,439,10,S,0.66,-20.34,51.7,59.6,0.23,-40.4,2.12,-0.8,False,orbdn_vol20_sh,13:15,1,100000000.0,21.0,B
orbdn_vol20_lg|E13|k1|N10|B,439,10,L,-0.66,-21.66,48.3,59.6,-0.23,-42.4,-2.12,0.8,False,orbdn_vol20_lg,13:15,1,100000000.0,21.0,B
orb_x_rvol|E13|k1|N10|B,480,10,L,-2.73,-23.73,49.4,61.0,-0.98,-45.3,-4.96,-0.48,True,orb_x_rvol,13:15,1,100000000.0,21.0,B
orb_x_rvol_sh|E13|k1|N10|B,480,10,S,2.73,-18.27,50.6,61.0,0.98,-37.2,4.96,0.48,True,orb_x_rvol_sh,13:15,1,100000000.0,21.0,B
orb_novol|E13|k1|N10|B,437,10,L,0.98,-20.02,51.5,42.9,0.48,-39.8,-0.01,1.98,False,orb_novol,13:15,1,100000000.0,21.0,B
orb_novol_sh|E13|k1|N10|B,437,10,S,-0.98,-21.98,48.5,42.9,-0.48,-42.7,0.01,-1.98,False,orb_novol_sh,13:15,1,100000000.0,21.0,B
orb_wideOR|E13|k1|N10|B,445,10,L,5.85,-15.15,56.9,57.8,2.14,-32.0,0.94,10.79,True,orb_wideOR,13:15,1,100000000.0,21.0,B
orb_wideOR_sh|E13|k1|N10|B,445,10,S,-5.85,-26.85,43.1,57.8,-2.14,-49.4,-0.94,-10.79,True,orb_wideOR_sh,13:15,1,100000000.0,21.0,B
orb_narrowOR|E13|k1|N10|B,466,10,L,1.04,-19.96,53.2,51.9,0.43,-39.8,0.24,1.85,True,orb_narrowOR,13:15,1,100000000.0,21.0,B
orb_narrowOR_sh|E13|k1|N10|B,466,10,S,-1.04,-22.04,46.8,51.9,-0.43,-42.8,-0.24,-1.85,True,orb_narrowOR_sh,13:15,1,100000000.0,21.0,B
orbdn_wideOR_sh|E13|k1|N10|B,446,10,S,0.71,-20.29,49.8,55.3,0.27,-40.3,2.55,-1.14,False,orbdn_wideOR_sh,13:15,1,100000000.0,21.0,B
orbdn_narrowOR_sh|E13|k1|N10|B,475,10,S,-0.47,-21.47,46.9,46.4,-0.22,-42.0,0.06,-1.0,False,orbdn_narrowOR_sh,13:15,1,100000000.0,21.0,B
orbdn_wideOR_lg|E13|k1|N10|B,446,10,L,-0.71,-21.71,50.2,55.3,-0.27,-42.4,-2.55,1.14,False,orbdn_wideOR_lg,13:15,1,100000000.0,21.0,B
orbdn_narrowOR_lg|E13|k1|N10|B,475,10,L,0.47,-20.53,53.1,46.4,0.22,-40.6,-0.06,1.0,False,orbdn_narrowOR_lg,13:15,1,100000000.0,21.0,B
orb_coiled|E13|k1|N10|B,466,10,L,0.01,-20.99,51.3,53.7,0.0,-41.3,-1.69,1.72,False,orb_coiled,13:15,1,100000000.0,21.0,B
orb_coiled_sh|E13|k1|N10|B,466,10,S,-0.01,-21.01,48.7,53.7,-0.0,-41.4,1.69,-1.72,False,orb_coiled_sh,13:15,1,100000000.0,21.0,B
orbdn_coiled_sh|E13|k1|N10|B,475,10,S,-1.44,-22.44,45.7,47.8,-0.66,-43.4,-0.95,-1.94,True,orbdn_coiled_sh,13:15,1,100000000.0,21.0,B
orb_gapup|E13|k1|N10|B,398,10,L,5.11,-15.89,54.5,60.8,1.68,-33.3,4.11,6.12,True,orb_gapup,13:15,1,100000000.0,21.0,B
orb_gapup_sh|E13|k1|N10|B,398,10,S,-5.11,-26.11,45.5,60.8,-1.68,-48.5,-4.11,-6.12,True,orb_gapup_sh,13:15,1,100000000.0,21.0,B
orb_nogap|E13|k1|N10|B,464,10,L,-2.04,-23.04,53.7,49.5,-0.89,-44.3,-7.33,3.28,False,orb_nogap,13:15,1,100000000.0,21.0,B
orb_nogap_sh|E13|k1|N10|B,464,10,S,2.04,-18.96,46.3,49.5,0.89,-38.2,7.33,-3.28,False,orb_nogap_sh,13:15,1,100000000.0,21.0,B
orb_gapdn|E13|k1|N10|B,284,10,L,-1.74,-22.74,47.9,68.9,-0.43,-44.0,-1.28,-2.2,True,orb_gapdn,13:15,1,100000000.0,21.0,B
orb_gapdn_sh|E13|k1|N10|B,284,10,S,1.74,-19.26,52.1,68.9,0.43,-38.8,1.28,2.2,True,orb_gapdn_sh,13:15,1,100000000.0,21.0,B
orbdn_gapdn_sh|E13|k1|N10|B,303,10,S,-0.4,-21.4,48.2,60.0,-0.12,-42.0,1.13,-1.95,False,orbdn_gapdn_sh,13:15,1,100000000.0,21.0,B
orbdn_gapdn_lg|E13|k1|N10|B,303,10,L,0.4,-20.6,51.8,60.0,0.12,-40.8,-1.13,1.95,False,orbdn_gapdn_lg,13:15,1,100000000.0,21.0,B
orbdn_gapup_sh|E13|k1|N10|B,424,10,S,4.47,-16.53,53.1,57.3,1.6,-34.4,5.69,3.23,True,orbdn_gapup_sh,13:15,1,100000000.0,21.0,B
gap_up|E13|k1|N10|B,480,10,L,-1.66,-22.66,51.2,53.7,-0.68,-43.7,-8.13,4.87,False,gap_up,13:15,1,100000000.0,21.0,B
gap_up_sh|E13|k1|N10|B,480,10,S,1.66,-19.34,48.8,53.7,0.68,-38.8,8.13,-4.87,False,gap_up_sh,13:15,1,100000000.0,21.0,B
gap_dn_lg|E13|k1|N10|B,480,10,L,-0.45,-21.45,50.6,55.5,-0.18,-42.0,1.39,-2.31,False,gap_dn_lg,13:15,1,100000000.0,21.0,B
gap_dn_sh|E13|k1|N10|B,480,10,S,0.45,-20.55,49.4,55.5,0.18,-40.7,-1.39,2.31,False,gap_dn_sh,13:15,1,100000000.0,21.0,B
orb_hivol|E13|k1|N10|B,461,10,L,3.71,-17.29,53.4,68.7,1.16,-35.7,1.41,6.02,True,orb_hivol,13:15,1,100000000.0,21.0,B
orb_hivol_sh|E13|k1|N10|B,461,10,S,-3.71,-24.71,46.6,68.7,-1.16,-46.7,-1.41,-6.02,True,orb_hivol_sh,13:15,1,100000000.0,21.0,B
orb_lovol|E13|k1|N10|B,456,10,L,-0.49,-21.49,50.9,38.5,-0.27,-42.0,-1.27,0.3,False,orb_lovol,13:15,1,100000000.0,21.0,B
orb_lovol_sh|E13|k1|N10|B,456,10,S,0.49,-20.51,49.1,38.5,0.27,-40.5,1.27,-0.3,False,orb_lovol_sh,13:15,1,100000000.0,21.0,B
orbdn_hivol_sh|E13|k1|N10|B,462,10,S,2.67,-18.33,51.5,63.9,0.9,-37.3,4.57,0.76,True,orbdn_hivol_sh,13:15,1,100000000.0,21.0,B
orbdn_lovol_sh|E13|k1|N10|B,470,10,S,-2.82,-23.82,43.0,38.8,-1.57,-45.3,-2.23,-3.41,True,orbdn_lovol_sh,13:15,1,100000000.0,21.0,B
posrange_hivol|E13|k1|N10|B,479,10,L,2.13,-18.87,52.6,63.5,0.73,-38.2,0.1,4.16,True,posrange_hivol,13:15,1,100000000.0,21.0,B
posrange_lovol|E13|k1|N10|B,479,10,L,-0.82,-21.82,49.9,32.3,-0.56,-42.4,-1.82,0.18,False,posrange_lovol,13:15,1,100000000.0,21.0,B
posrange_hivol_sh|E13|k1|N10|B,479,10,S,-2.13,-23.13,47.4,63.5,-0.73,-44.5,-0.1,-4.16,True,posrange_hivol_sh,13:15,1,100000000.0,21.0,B
posrange_lovol_sh|E13|k1|N10|B,479,10,S,0.82,-20.18,50.1,32.3,0.56,-40.0,1.82,-0.18,False,posrange_lovol_sh,13:15,1,100000000.0,21.0,B
orb_minus_width|E13|k1|N10|B,480,10,L,0.07,-20.93,50.8,50.3,0.03,-41.2,-2.49,2.64,False,orb_minus_width,13:15,1,100000000.0,21.0,B
orb_plus_width|E13|k1|N10|B,480,10,L,-0.9,-21.9,51.0,58.1,-0.34,-42.7,-1.54,-0.25,True,orb_plus_width,13:15,1,100000000.0,21.0,B
orb_plus_width_sh|E13|k1|N10|B,480,10,S,0.9,-20.1,49.0,58.1,0.34,-40.0,1.54,0.25,True,orb_plus_width_sh,13:15,1,100000000.0,21.0,B
orb_minus_width_sh|E13|k1|N10|B,480,10,S,-0.07,-21.07,49.2,50.3,-0.03,-41.4,2.49,-2.64,False,orb_minus_width_sh,13:15,1,100000000.0,21.0,B
orb_minus_d20|E13|k1|N10|B,469,10,L,-1.27,-22.27,51.0,57.9,-0.48,-43.2,-3.8,1.27,False,orb_minus_d20,13:15,1,100000000.0,21.0,B
orb_plus_d20|E13|k1|N10|B,469,10,L,-2.03,-23.03,53.9,63.4,-0.69,-44.3,-1.51,-2.55,True,orb_plus_d20,13:15,1,100000000.0,21.0,B
orb_plus_d20_sh|E13|k1|N10|B,469,10,S,2.03,-18.97,46.1,63.4,0.69,-38.3,1.51,2.55,True,orb_plus_d20_sh,13:15,1,100000000.0,21.0,B
orb_plus_pct52|E13|k1|N10|B,430,10,L,0.96,-20.04,53.7,45.4,0.44,-39.8,0.67,1.26,True,orb_plus_pct52,13:15,1,100000000.0,21.0,B
orb_plus_pct52_sh|E13|k1|N10|B,430,10,S,-0.96,-21.96,46.3,45.4,-0.44,-42.7,-0.67,-1.26,True,orb_plus_pct52_sh,13:15,1,100000000.0,21.0,B
compress_then_pos|E13|k1|N10|B,480,10,L,0.07,-20.93,50.8,50.3,0.03,-41.2,-2.49,2.64,False,compress_then_pos,13:15,1,100000000.0,21.0,B
compress_then_pos_sh|E13|k1|N10|B,480,10,S,-0.07,-21.07,49.2,50.3,-0.03,-41.4,2.49,-2.64,False,compress_then_pos_sh,13:15,1,100000000.0,21.0,B
expand_then_pos|E13|k1|N10|B,480,10,L,-0.9,-21.9,51.0,58.1,-0.34,-42.7,-1.54,-0.25,True,expand_then_pos,13:15,1,100000000.0,21.0,B
expand_then_pos_sh|E13|k1|N10|B,480,10,S,0.9,-20.1,49.0,58.1,0.34,-40.0,1.54,0.25,True,expand_then_pos_sh,13:15,1,100000000.0,21.0,B
orb_up|E13|k1|N20|B,480,20,L,1.43,-19.57,53.5,47.4,0.66,-39.1,-0.97,3.85,False,orb_up,13:15,1,100000000.0,21.0,B
orb_up_sh|E13|k1|N20|B,480,20,S,-1.43,-22.43,46.5,47.4,-0.66,-43.4,0.97,-3.85,False,orb_up_sh,13:15,1,100000000.0,21.0,B
orb_dn_sh|E13|k1|N20|B,480,20,S,-1.55,-22.55,47.3,43.1,-0.79,-43.5,0.32,-3.44,False,orb_dn_sh,13:15,1,100000000.0,21.0,B
orb_dn_lg|E13|k1|N20|B,480,20,L,1.55,-19.45,52.7,43.1,0.79,-38.9,-0.32,3.44,False,orb_dn_lg,13:15,1,100000000.0,21.0,B
orb_up_sig|E13|k1|N20|B,480,20,L,2.68,-18.32,54.6,48.2,1.22,-37.2,0.34,5.05,True,orb_up_sig,13:15,1,100000000.0,21.0,B
orb_up_sig_sh|E13|k1|N20|B,480,20,S,-2.68,-23.68,45.4,48.2,-1.22,-45.1,-0.34,-5.05,True,orb_up_sig_sh,13:15,1,100000000.0,21.0,B
orb_dn_sig_sh|E13|k1|N20|B,480,20,S,-1.52,-22.52,47.1,44.3,-0.75,-43.5,-0.27,-2.79,True,orb_dn_sig_sh,13:15,1,100000000.0,21.0,B
orb_dn_sig_lg|E13|k1|N20|B,480,20,L,1.52,-19.48,52.9,44.3,0.75,-39.0,0.27,2.79,True,orb_dn_sig_lg,13:15,1,100000000.0,21.0,B
pos_in_or|E13|k1|N20|B,480,20,L,1.43,-19.57,53.5,47.4,0.66,-39.1,-0.97,3.85,False,pos_in_or,13:15,1,100000000.0,21.0,B
pos_in_or_sh|E13|k1|N20|B,480,20,S,-1.43,-22.43,46.5,47.4,-0.66,-43.4,0.97,-3.85,False,pos_in_or_sh,13:15,1,100000000.0,21.0,B
pos_in_or_lo|E13|k1|N20|B,480,20,L,1.55,-19.45,52.7,43.1,0.79,-38.9,-0.32,3.44,False,pos_in_or_lo,13:15,1,100000000.0,21.0,B
pos_in_or_lo_sh|E13|k1|N20|B,480,20,S,-1.55,-22.55,47.3,43.1,-0.79,-43.5,0.32,-3.44,False,pos_in_or_lo_sh,13:15,1,100000000.0,21.0,B
or_close_pos|E13|k1|N20|B,480,20,L,-0.27,-21.27,52.9,40.6,-0.15,-41.6,0.58,-1.12,False,or_close_pos,13:15,1,100000000.0,21.0,B
or_close_pos_lo|E13|k1|N20|B,480,20,L,-2.36,-23.36,49.6,41.4,-1.25,-44.6,-4.26,-0.44,True,or_close_pos_lo,13:15,1,100000000.0,21.0,B
or_close_pos_sh|E13|k1|N20|B,480,20,S,0.27,-20.73,47.1,40.6,0.15,-40.8,-0.58,1.12,False,or_close_pos_sh,13:15,1,100000000.0,21.0,B
posrange_hi|E13|k1|N20|B,480,20,L,1.21,-19.79,55.6,42.2,0.63,-39.4,-0.74,3.17,False,posrange_hi,13:15,1,100000000.0,21.0,B
posrange_hi_sh|E13|k1|N20|B,480,20,S,-1.21,-22.21,44.4,42.2,-0.63,-43.0,0.74,-3.17,False,posrange_hi_sh,13:15,1,100000000.0,21.0,B
posrange_lo|E13|k1|N20|B,480,20,L,0.42,-20.58,51.2,42.6,0.22,-40.6,-2.4,3.26,False,posrange_lo,13:15,1,100000000.0,21.0,B
posrange_lo_sh|E13|k1|N20|B,480,20,S,-0.42,-21.42,48.8,42.6,-0.22,-41.9,2.4,-3.26,False,posrange_lo_sh,13:15,1,100000000.0,21.0,B
today_sofar|E13|k1|N20|B,480,20,L,2.27,-18.73,53.1,55.8,0.89,-37.9,-0.14,4.7,False,today_sofar,13:15,1,100000000.0,21.0,B
today_sofar_sh|E13|k1|N20|B,480,20,S,-2.27,-23.27,46.9,55.8,-0.89,-44.6,0.14,-4.7,False,today_sofar_sh,13:15,1,100000000.0,21.0,B
today_sofar_lo|E13|k1|N20|B,480,20,L,-4.0,-25.0,46.0,53.6,-1.63,-47.0,-7.26,-0.7,True,today_sofar_lo,13:15,1,100000000.0,21.0,B
or_ret|E13|k1|N20|B,480,20,L,0.0,-21.0,51.9,53.3,0.0,-41.3,-0.56,0.57,False,or_ret,13:15,1,100000000.0,21.0,B
or_ret_sh|E13|k1|N20|B,480,20,S,-0.0,-21.0,48.1,53.3,-0.0,-41.3,0.56,-0.57,False,or_ret_sh,13:15,1,100000000.0,21.0,B
orbT_up|E13|k1|N20|B,472,20,L,1.8,-19.2,54.7,49.1,0.8,-38.6,-0.08,3.7,False,orbT_up,13:15,1,100000000.0,21.0,B
orbT_up_sh|E13|k1|N20|B,472,20,S,-1.8,-22.8,45.3,49.1,-0.8,-43.9,0.08,-3.7,False,orbT_up_sh,13:15,1,100000000.0,21.0,B
orbT_dn_sh|E13|k1|N20|B,479,20,S,-1.48,-22.48,47.8,43.7,-0.74,-43.4,0.72,-3.69,False,orbT_dn_sh,13:15,1,100000000.0,21.0,B
orbT_dn_lg|E13|k1|N20|B,479,20,L,1.48,-19.52,52.2,43.7,0.74,-39.0,-0.72,3.69,False,orbT_dn_lg,13:15,1,100000000.0,21.0,B
orbT_up_small|E13|k1|N20|B,472,20,L,1.94,-19.06,54.0,46.1,0.91,-38.3,0.33,3.56,True,orbT_up_small,13:15,1,100000000.0,21.0,B
orbT_up_small_sh|E13|k1|N20|B,472,20,S,-1.94,-22.94,46.0,46.1,-0.91,-44.1,-0.33,-3.56,True,orbT_up_small_sh,13:15,1,100000000.0,21.0,B
orbT_dn_small_sh|E13|k1|N20|B,479,20,S,3.56,-17.44,53.7,46.2,1.69,-35.8,4.57,2.55,True,orbT_dn_small_sh,13:15,1,100000000.0,21.0,B
orbT_dn_small_lg|E13|k1|N20|B,479,20,L,-3.56,-24.56,46.3,46.2,-1.69,-46.3,-4.57,-2.55,True,orbT_dn_small_lg,13:15,1,100000000.0,21.0,B
inside_posor|E13|k1|N20|B,480,20,L,0.73,-20.27,53.5,40.7,0.39,-40.2,-1.17,2.65,False,inside_posor,13:15,1,100000000.0,21.0,B
inside_posor_sh|E13|k1|N20|B,480,20,S,-0.73,-21.73,46.5,40.7,-0.39,-42.3,1.17,-2.65,False,inside_posor_sh,13:15,1,100000000.0,21.0,B
inside_posor_lo|E13|k1|N20|B,480,20,L,-3.85,-24.85,49.2,41.8,-2.02,-46.7,-7.26,-0.42,True,inside_posor_lo,13:15,1,100000000.0,21.0,B
or_wide|E13|k1|N20|B,480,20,L,-2.43,-23.43,47.1,47.0,-1.14,-44.8,-2.01,-2.86,True,or_wide,13:15,1,100000000.0,21.0,B
or_wide_sh|E13|k1|N20|B,480,20,S,2.43,-18.57,52.9,47.0,1.14,-37.6,2.01,2.86,True,or_wide_sh,13:15,1,100000000.0,21.0,B
or_narrow|E13|k1|N20|B,480,20,L,-0.4,-21.4,48.8,38.2,-0.23,-41.8,-1.64,0.86,False,or_narrow,13:15,1,100000000.0,21.0,B
or_narrow_sh|E13|k1|N20|B,480,20,S,0.4,-20.6,51.2,38.2,0.23,-40.6,1.64,-0.86,False,or_narrow_sh,13:15,1,100000000.0,21.0,B
or_wrel_hi|E13|k1|N20|B,480,20,L,-3.21,-24.21,49.4,48.8,-1.44,-45.9,-4.1,-2.31,True,or_wrel_hi,13:15,1,100000000.0,21.0,B
or_wrel_lo|E13|k1|N20|B,480,20,L,0.54,-20.46,51.5,43.5,0.27,-40.5,-1.53,2.62,False,or_wrel_lo,13:15,1,100000000.0,21.0,B
or_wrel_hi_sh|E13|k1|N20|B,480,20,S,3.21,-17.79,50.6,48.8,1.44,-36.3,4.1,2.31,True,or_wrel_hi_sh,13:15,1,100000000.0,21.0,B
or_wrel_lo_sh|E13|k1|N20|B,480,20,S,-0.54,-21.54,48.5,43.5,-0.27,-42.1,1.53,-2.62,False,or_wrel_lo_sh,13:15,1,100000000.0,21.0,B
rng_expand|E13|k1|N20|B,480,20,L,-1.34,-22.34,51.5,48.2,-0.61,-43.3,-2.5,-0.17,True,rng_expand,13:15,1,100000000.0,21.0,B
rng_expand_sh|E13|k1|N20|B,480,20,S,1.34,-19.66,48.5,48.2,0.61,-39.3,2.5,0.17,True,rng_expand_sh,13:15,1,100000000.0,21.0,B
rng_compress|E13|k1|N20|B,480,20,L,-1.56,-22.56,47.7,38.6,-0.88,-43.5,-4.32,1.23,False,rng_compress,13:15,1,100000000.0,21.0,B
rng_compress_sh|E13|k1|N20|B,480,20,S,1.56,-19.44,52.3,38.6,0.88,-38.9,4.32,-1.23,False,rng_compress_sh,13:15,1,100000000.0,21.0,B
vol20_hi|E13|k1|N20|B,479,20,L,-7.97,-28.97,46.1,61.6,-2.83,-52.1,-11.85,-4.08,True,vol20_hi,13:15,1,100000000.0,21.0,B
vol20_hi_sh|E13|k1|N20|B,479,20,S,7.97,-13.03,53.9,61.6,2.83,-28.3,11.85,4.08,True,vol20_hi_sh,13:15,1,100000000.0,21.0,B
vol20_lo|E13|k1|N20|B,479,20,L,-0.15,-21.15,51.6,21.2,-0.16,-41.4,0.12,-0.42,False,vol20_lo,13:15,1,100000000.0,21.0,B
vol20_lo_sh|E13|k1|N20|B,479,20,S,0.15,-20.85,48.4,21.2,0.16,-40.9,-0.12,0.42,False,vol20_lo_sh,13:15,1,100000000.0,21.0,B
atr_hi|E13|k1|N20|B,480,20,L,-8.25,-29.25,42.7,64.4,-2.81,-52.4,-12.46,-4.0,True,atr_hi,13:15,1,100000000.0,21.0,B
atr_lo|E13|k1|N20|B,480,20,L,1.33,-19.67,57.1,18.9,1.54,-39.1,1.7,0.95,True,atr_lo,13:15,1,100000000.0,21.0,B
atr_hi_sh|E13|k1|N20|B,480,20,S,8.25,-12.75,57.3,64.4,2.81,-27.9,12.46,4.0,True,atr_hi_sh,13:15,1,100000000.0,21.0,B
fail_up_sh|E13|k1|N20|B,479,20,S,2.61,-18.39,51.4,46.5,1.23,-37.3,4.23,0.98,True,fail_up_sh,13:15,1,100000000.0,21.0,B
fail_up_lg|E13|k1|N20|B,479,20,L,-2.61,-23.61,48.6,46.5,-1.23,-45.0,-4.23,-0.98,True,fail_up_lg,13:15,1,100000000.0,21.0,B
fail_dn_lg|E13|k1|N20|B,480,20,L,0.95,-20.05,52.1,45.1,0.46,-39.8,-1.6,3.52,False,fail_dn_lg,13:15,1,100000000.0,21.0,B
fail_dn_sh|E13|k1|N20|B,480,20,S,-0.95,-21.95,47.9,45.1,-0.46,-42.7,1.6,-3.52,False,fail_dn_sh,13:15,1,100000000.0,21.0,B
giveback_up_sh|E13|k1|N20|B,480,20,S,-1.32,-22.32,45.4,44.1,-0.66,-43.2,-0.6,-2.05,True,giveback_up_sh,13:15,1,100000000.0,21.0,B
giveback_up_lg|E13|k1|N20|B,480,20,L,1.32,-19.68,54.6,44.1,0.66,-39.3,0.6,2.05,True,giveback_up_lg,13:15,1,100000000.0,21.0,B
giveback_dn_lg|E13|k1|N20|B,480,20,L,0.7,-20.3,52.7,45.8,0.33,-40.2,-1.16,2.57,False,giveback_dn_lg,13:15,1,100000000.0,21.0,B
giveback_dn_sh|E13|k1|N20|B,480,20,S,-0.7,-21.7,47.3,45.8,-0.33,-42.3,1.16,-2.57,False,giveback_dn_sh,13:15,1,100000000.0,21.0,B
poke_up|E13|k1|N20|B,480,20,L,-0.22,-21.22,53.1,48.0,-0.1,-41.6,-3.07,2.66,False,poke_up,13:15,1,100000000.0,21.0,B
poke_up_sh|E13|k1|N20|B,480,20,S,0.22,-20.78,46.9,48.0,0.1,-41.0,3.07,-2.66,False,poke_up_sh,13:15,1,100000000.0,21.0,B
poke_dn_sh|E13|k1|N20|B,480,20,S,-1.98,-22.98,46.7,44.2,-0.98,-44.1,0.09,-4.07,False,poke_dn_sh,13:15,1,100000000.0,21.0,B
poke_dn_lg|E13|k1|N20|B,480,20,L,1.98,-19.02,53.3,44.2,0.98,-38.3,-0.09,4.07,False,poke_dn_lg,13:15,1,100000000.0,21.0,B
ext_up_sh|E13|k1|N20|B,480,20,S,-1.32,-22.32,45.4,44.1,-0.66,-43.2,-0.6,-2.05,True,ext_up_sh,13:15,1,100000000.0,21.0,B
ext_up_lg|E13|k1|N20|B,480,20,L,1.32,-19.68,54.6,44.1,0.66,-39.3,0.6,2.05,True,ext_up_lg,13:15,1,100000000.0,21.0,B
held_up|E13|k1|N20|B,472,20,L,1.79,-19.21,54.7,49.1,0.79,-38.6,-0.11,3.7,False,held_up,13:15,1,100000000.0,21.0,B
held_up_sh|E13|k1|N20|B,472,20,S,-1.79,-22.79,45.3,49.1,-0.79,-43.9,0.11,-3.7,False,held_up_sh,13:15,1,100000000.0,21.0,B
held_dn_sh|E13|k1|N20|B,479,20,S,-1.48,-22.48,47.8,43.7,-0.74,-43.4,0.71,-3.68,False,held_dn_sh,13:15,1,100000000.0,21.0,B
held_dn_lg|E13|k1|N20|B,479,20,L,1.48,-19.52,52.2,43.7,0.74,-39.0,-0.71,3.68,False,held_dn_lg,13:15,1,100000000.0,21.0,B
rvol_hi|E13|k1|N20|B,480,20,L,-3.41,-24.41,48.3,50.0,-1.49,-46.2,-5.46,-1.34,True,rvol_hi,13:15,1,100000000.0,21.0,B
rvol_hi_sh|E13|k1|N20|B,480,20,S,3.41,-17.59,51.7,50.0,1.49,-36.0,5.46,1.34,True,rvol_hi_sh,13:15,1,100000000.0,21.0,B
rvol_lo|E13|k1|N20|B,480,20,L,-1.9,-22.9,50.0,42.9,-0.97,-44.0,-3.92,0.13,False,rvol_lo,13:15,1,100000000.0,21.0,B
rvol_lo_sh|E13|k1|N20|B,480,20,S,1.9,-19.1,50.0,42.9,0.97,-38.4,3.92,-0.13,False,rvol_lo_sh,13:15,1,100000000.0,21.0,B
orb_vol125|E13|k1|N20|B,466,20,L,2.86,-18.14,56.0,52.6,1.17,-36.9,0.47,5.27,True,orb_vol125,13:15,1,100000000.0,21.0,B
orb_vol125_sh|E13|k1|N20|B,466,20,S,-2.86,-23.86,44.0,52.6,-1.17,-45.4,-0.47,-5.27,True,orb_vol125_sh,13:15,1,100000000.0,21.0,B
orbdn_vol125_sh|E13|k1|N20|B,461,20,S,-0.35,-21.35,51.4,46.6,-0.16,-41.8,2.37,-3.08,False,orbdn_vol125_sh,13:15,1,100000000.0,21.0,B
orbdn_vol125_lg|E13|k1|N20|B,461,20,L,0.35,-20.65,48.6,46.6,0.16,-40.8,-2.37,3.08,False,orbdn_vol125_lg,13:15,1,100000000.0,21.0,B
orb_vol15|E13|k1|N20|B,458,20,L,2.65,-18.35,55.0,51.4,1.1,-37.3,-0.36,5.69,False,orb_vol15,13:15,1,100000000.0,21.0,B
orb_vol15_sh|E13|k1|N20|B,458,20,S,-2.65,-23.65,45.0,51.4,-1.1,-45.1,0.36,-5.69,False,orb_vol15_sh,13:15,1,100000000.0,21.0,B
orbdn_vol15_sh|E13|k1|N20|B,433,20,S,1.29,-19.71,49.4,48.4,0.56,-39.4,3.66,-1.09,False,orbdn_vol15_sh,13:15,1,100000000.0,21.0,B
orbdn_vol15_lg|E13|k1|N20|B,433,20,L,-1.29,-22.29,50.6,48.4,-0.56,-43.2,-3.66,1.09,False,orbdn_vol15_lg,13:15,1,100000000.0,21.0,B
orb_vol20|E13|k1|N20|B,439,20,L,1.87,-19.13,54.0,55.2,0.71,-38.5,-1.27,5.01,False,orb_vol20,13:15,1,100000000.0,21.0,B
orb_vol20_sh|E13|k1|N20|B,439,20,S,-1.87,-22.87,46.0,55.2,-0.71,-44.0,1.27,-5.01,False,orb_vol20_sh,13:15,1,100000000.0,21.0,B
orbdn_vol20_sh|E13|k1|N20|B,326,20,S,1.89,-19.11,52.8,58.5,0.58,-38.5,4.3,-0.55,False,orbdn_vol20_sh,13:15,1,100000000.0,21.0,B
orbdn_vol20_lg|E13|k1|N20|B,326,20,L,-1.89,-22.89,47.2,58.5,-0.58,-44.1,-4.3,0.55,False,orbdn_vol20_lg,13:15,1,100000000.0,21.0,B
orb_x_rvol|E13|k1|N20|B,480,20,L,-1.21,-22.21,50.2,49.0,-0.54,-43.1,-3.47,1.06,False,orb_x_rvol,13:15,1,100000000.0,21.0,B
orb_x_rvol_sh|E13|k1|N20|B,480,20,S,1.21,-19.79,49.8,49.0,0.54,-39.5,3.47,-1.06,False,orb_x_rvol_sh,13:15,1,100000000.0,21.0,B
orb_novol|E13|k1|N20|B,409,20,L,1.64,-19.36,54.5,41.2,0.81,-38.8,1.02,2.27,True,orb_novol,13:15,1,100000000.0,21.0,B
orb_novol_sh|E13|k1|N20|B,409,20,S,-1.64,-22.64,45.5,41.2,-0.81,-43.6,-1.02,-2.27,True,orb_novol_sh,13:15,1,100000000.0,21.0,B
orb_wideOR|E13|k1|N20|B,403,20,L,6.96,-14.04,60.0,51.3,2.72,-30.1,4.46,9.47,True,orb_wideOR,13:15,1,100000000.0,21.0,B
orb_wideOR_sh|E13|k1|N20|B,403,20,S,-6.96,-27.96,40.0,51.3,-2.72,-50.8,-4.46,-9.47,True,orb_wideOR_sh,13:15,1,100000000.0,21.0,B
orb_narrowOR|E13|k1|N20|B,443,20,L,1.84,-19.16,55.5,46.4,0.83,-38.5,1.63,2.05,True,orb_narrowOR,13:15,1,100000000.0,21.0,B
orb_narrowOR_sh|E13|k1|N20|B,443,20,S,-1.84,-22.84,44.5,46.4,-0.83,-43.9,-1.63,-2.05,True,orb_narrowOR_sh,13:15,1,100000000.0,21.0,B
orbdn_wideOR_sh|E13|k1|N20|B,392,20,S,4.63,-16.37,53.3,50.5,1.82,-34.0,6.82,2.41,True,orbdn_wideOR_sh,13:15,1,100000000.0,21.0,B
orbdn_narrowOR_sh|E13|k1|N20|B,466,20,S,0.71,-20.29,49.6,44.0,0.35,-40.2,0.55,0.88,True,orbdn_narrowOR_sh,13:15,1,100000000.0,21.0,B
orbdn_wideOR_lg|E13|k1|N20|B,392,20,L,-4.63,-25.63,46.7,50.5,-1.82,-47.8,-6.82,-2.41,True,orbdn_wideOR_lg,13:15,1,100000000.0,21.0,B
orbdn_narrowOR_lg|E13|k1|N20|B,466,20,L,-0.71,-21.71,50.4,44.0,-0.35,-42.3,-0.55,-0.88,True,orbdn_narrowOR_lg,13:15,1,100000000.0,21.0,B
orb_coiled|E13|k1|N20|B,441,20,L,2.85,-18.15,55.3,46.6,1.29,-36.9,2.19,3.52,True,orb_coiled,13:15,1,100000000.0,21.0,B
orb_coiled_sh|E13|k1|N20|B,441,20,S,-2.85,-23.85,44.7,46.6,-1.29,-45.4,-2.19,-3.52,True,orb_coiled_sh,13:15,1,100000000.0,21.0,B
orbdn_coiled_sh|E13|k1|N20|B,463,20,S,0.38,-20.62,50.5,45.2,0.18,-40.7,0.25,0.51,True,orbdn_coiled_sh,13:15,1,100000000.0,21.0,B
orb_gapup|E13|k1|N20|B,322,20,L,6.52,-14.48,57.5,53.7,2.18,-30.8,4.87,8.19,True,orb_gapup,13:15,1,100000000.0,21.0,B
orb_gapup_sh|E13|k1|N20|B,322,20,S,-6.52,-27.52,42.5,53.7,-2.18,-50.2,-4.87,-8.19,True,orb_gapup_sh,13:15,1,100000000.0,21.0,B
orb_nogap|E13|k1|N20|B,441,20,L,-0.72,-21.72,54.0,43.2,-0.35,-42.3,-5.68,4.25,False,orb_nogap,13:15,1,100000000.0,21.0,B
orb_nogap_sh|E13|k1|N20|B,441,20,S,0.72,-20.28,46.0,43.2,0.35,-40.2,5.68,-4.25,False,orb_nogap_sh,13:15,1,100000000.0,21.0,B
orb_gapdn|E13|k1|N20|B,166,20,L,6.67,-14.33,56.6,59.1,1.45,-30.6,13.11,0.07,True,orb_gapdn,13:15,1,100000000.0,21.0,B
orb_gapdn_sh|E13|k1|N20|B,166,20,S,-6.67,-27.67,43.4,59.1,-1.45,-50.5,-13.11,-0.07,True,orb_gapdn_sh,13:15,1,100000000.0,21.0,B
orbdn_gapdn_sh|E13|k1|N20|B,201,20,S,-1.8,-22.8,50.7,58.5,-0.44,-44.0,-0.58,-3.02,True,orbdn_gapdn_sh,13:15,1,100000000.0,21.0,B
orbdn_gapdn_lg|E13|k1|N20|B,201,20,L,1.8,-19.2,49.3,58.5,0.44,-38.7,0.58,3.02,True,orbdn_gapdn_lg,13:15,1,100000000.0,21.0,B
orbdn_gapup_sh|E13|k1|N20|B,371,20,S,5.9,-15.1,53.9,50.0,2.28,-31.9,9.09,2.7,True,orbdn_gapup_sh,13:15,1,100000000.0,21.0,B
gap_up|E13|k1|N20|B,480,20,L,-2.64,-23.64,50.8,48.3,-1.2,-45.1,-6.55,1.3,False,gap_up,13:15,1,100000000.0,21.0,B
gap_up_sh|E13|k1|N20|B,480,20,S,2.64,-18.36,49.2,48.3,1.2,-37.3,6.55,-1.3,False,gap_up_sh,13:15,1,100000000.0,21.0,B
gap_dn_lg|E13|k1|N20|B,480,20,L,0.08,-20.92,51.9,48.7,0.03,-41.2,1.95,-1.82,False,gap_dn_lg,13:15,1,100000000.0,21.0,B
gap_dn_sh|E13|k1|N20|B,480,20,S,-0.08,-21.08,48.1,48.7,-0.03,-41.4,-1.95,1.82,False,gap_dn_sh,13:15,1,100000000.0,21.0,B
orb_hivol|E13|k1|N20|B,421,20,L,5.34,-15.66,56.1,59.3,1.85,-32.9,5.36,5.32,True,orb_hivol,13:15,1,100000000.0,21.0,B
orb_hivol_sh|E13|k1|N20|B,421,20,S,-5.34,-26.34,43.9,59.3,-1.85,-48.8,-5.36,-5.32,True,orb_hivol_sh,13:15,1,100000000.0,21.0,B
orb_lovol|E13|k1|N20|B,422,20,L,1.65,-19.35,53.1,34.1,1.0,-38.7,-0.35,3.67,False,orb_lovol,13:15,1,100000000.0,21.0,B
orb_lovol_sh|E13|k1|N20|B,422,20,S,-1.65,-22.65,46.9,34.1,-1.0,-43.6,0.35,-3.67,False,orb_lovol_sh,13:15,1,100000000.0,21.0,B
orbdn_hivol_sh|E13|k1|N20|B,431,20,S,5.21,-15.79,55.0,55.3,1.95,-33.1,8.65,1.76,True,orbdn_hivol_sh,13:15,1,100000000.0,21.0,B
orbdn_lovol_sh|E13|k1|N20|B,442,20,S,-0.8,-21.8,46.4,36.3,-0.46,-42.4,-0.23,-1.37,True,orbdn_lovol_sh,13:15,1,100000000.0,21.0,B
posrange_hivol|E13|k1|N20|B,479,20,L,1.18,-19.82,52.6,57.6,0.45,-39.6,-0.31,2.68,False,posrange_hivol,13:15,1,100000000.0,21.0,B
posrange_lovol|E13|k1|N20|B,479,20,L,-0.36,-21.36,51.1,32.0,-0.25,-41.7,-2.25,1.54,False,posrange_lovol,13:15,1,100000000.0,21.0,B
posrange_hivol_sh|E13|k1|N20|B,479,20,S,-1.18,-22.18,47.4,57.6,-0.45,-43.1,0.31,-2.68,False,posrange_hivol_sh,13:15,1,100000000.0,21.0,B
posrange_lovol_sh|E13|k1|N20|B,479,20,S,0.36,-20.64,48.9,32.0,0.25,-40.7,2.25,-1.54,False,posrange_lovol_sh,13:15,1,100000000.0,21.0,B
orb_minus_width|E13|k1|N20|B,480,20,L,1.18,-19.82,54.0,45.3,0.57,-39.5,-0.9,3.28,False,orb_minus_width,13:15,1,100000000.0,21.0,B
orb_plus_width|E13|k1|N20|B,480,20,L,-1.04,-22.04,51.9,47.2,-0.48,-42.8,-2.28,0.21,False,orb_plus_width,13:15,1,100000000.0,21.0,B
orb_plus_width_sh|E13|k1|N20|B,480,20,S,1.04,-19.96,48.1,47.2,0.48,-39.7,2.28,-0.21,False,orb_plus_width_sh,13:15,1,100000000.0,21.0,B
orb_minus_width_sh|E13|k1|N20|B,480,20,S,-1.18,-22.18,46.0,45.3,-0.57,-43.0,0.9,-3.28,False,orb_minus_width_sh,13:15,1,100000000.0,21.0,B
orb_minus_d20|E13|k1|N20|B,469,20,L,0.3,-20.7,52.9,51.5,0.12,-40.9,-3.07,3.68,False,orb_minus_d20,13:15,1,100000000.0,21.0,B
orb_plus_d20|E13|k1|N20|B,469,20,L,-0.65,-21.65,52.9,52.3,-0.27,-42.3,-1.05,-0.25,True,orb_plus_d20,13:15,1,100000000.0,21.0,B
orb_plus_d20_sh|E13|k1|N20|B,469,20,S,0.65,-20.35,47.1,52.3,0.27,-40.4,1.05,0.25,True,orb_plus_d20_sh,13:15,1,100000000.0,21.0,B
orb_plus_pct52|E13|k1|N20|B,430,20,L,1.7,-19.3,54.9,40.2,0.88,-38.7,1.66,1.74,True,orb_plus_pct52,13:15,1,100000000.0,21.0,B
orb_plus_pct52_sh|E13|k1|N20|B,430,20,S,-1.7,-22.7,45.1,40.2,-0.88,-43.7,-1.66,-1.74,True,orb_plus_pct52_sh,13:15,1,100000000.0,21.0,B
compress_then_pos|E13|k1|N20|B,480,20,L,1.18,-19.82,54.0,45.3,0.57,-39.5,-0.9,3.28,False,compress_then_pos,13:15,1,100000000.0,21.0,B
compress_then_pos_sh|E13|k1|N20|B,480,20,S,-1.18,-22.18,46.0,45.3,-0.57,-43.0,0.9,-3.28,False,compress_then_pos_sh,13:15,1,100000000.0,21.0,B
expand_then_pos|E13|k1|N20|B,480,20,L,-1.04,-22.04,51.9,47.2,-0.48,-42.8,-2.28,0.21,False,expand_then_pos,13:15,1,100000000.0,21.0,B
expand_then_pos_sh|E13|k1|N20|B,480,20,S,1.04,-19.96,48.1,47.2,0.48,-39.7,2.28,-0.21,False,expand_then_pos_sh,13:15,1,100000000.0,21.0,B
orb_up|E13|k1|N30|B,480,30,L,1.08,-19.92,54.2,44.1,0.54,-39.6,-1.09,3.27,False,orb_up,13:15,1,100000000.0,21.0,B
orb_up_sh|E13|k1|N30|B,480,30,S,-1.08,-22.08,45.8,44.1,-0.54,-42.9,1.09,-3.27,False,orb_up_sh,13:15,1,100000000.0,21.0,B
orb_dn_sh|E13|k1|N30|B,480,30,S,-0.33,-21.33,46.7,43.1,-0.17,-41.8,1.32,-1.99,False,orb_dn_sh,13:15,1,100000000.0,21.0,B
orb_dn_lg|E13|k1|N30|B,480,30,L,0.33,-20.67,53.3,43.1,0.17,-40.8,-1.32,1.99,False,orb_dn_lg,13:15,1,100000000.0,21.0,B
orb_up_sig|E13|k1|N30|B,480,30,L,1.96,-19.04,55.0,44.5,0.96,-38.3,-0.18,4.11,False,orb_up_sig,13:15,1,100000000.0,21.0,B
orb_up_sig_sh|E13|k1|N30|B,480,30,S,-1.96,-22.96,45.0,44.5,-0.96,-44.1,0.18,-4.11,False,orb_up_sig_sh,13:15,1,100000000.0,21.0,B
orb_dn_sig_sh|E13|k1|N30|B,480,30,S,-0.39,-21.39,46.5,42.4,-0.2,-41.8,1.4,-2.18,False,orb_dn_sig_sh,13:15,1,100000000.0,21.0,B
orb_dn_sig_lg|E13|k1|N30|B,480,30,L,0.39,-20.61,53.5,42.4,0.2,-40.7,-1.4,2.18,False,orb_dn_sig_lg,13:15,1,100000000.0,21.0,B
pos_in_or|E13|k1|N30|B,480,30,L,1.08,-19.92,54.2,44.1,0.54,-39.6,-1.09,3.27,False,pos_in_or,13:15,1,100000000.0,21.0,B
pos_in_or_sh|E13|k1|N30|B,480,30,S,-1.08,-22.08,45.8,44.1,-0.54,-42.9,1.09,-3.27,False,pos_in_or_sh,13:15,1,100000000.0,21.0,B
pos_in_or_lo|E13|k1|N30|B,480,30,L,0.33,-20.67,53.3,43.1,0.17,-40.8,-1.32,1.99,False,pos_in_or_lo,13:15,1,100000000.0,21.0,B
pos_in_or_lo_sh|E13|k1|N30|B,480,30,S,-0.33,-21.33,46.7,43.1,-0.17,-41.8,1.32,-1.99,False,pos_in_or_lo_sh,13:15,1,100000000.0,21.0,B
or_close_pos|E13|k1|N30|B,480,30,L,0.37,-20.63,55.4,40.5,0.2,-40.7,0.13,0.61,True,or_close_pos,13:15,1,100000000.0,21.0,B
or_close_pos_lo|E13|k1|N30|B,480,30,L,-2.77,-23.77,47.9,40.8,-1.49,-45.2,-4.48,-1.05,True,or_close_pos_lo,13:15,1,100000000.0,21.0,B
or_close_pos_sh|E13|k1|N30|B,480,30,S,-0.37,-21.37,44.6,40.5,-0.2,-41.8,-0.13,-0.61,True,or_close_pos_sh,13:15,1,100000000.0,21.0,B
posrange_hi|E13|k1|N30|B,480,30,L,1.36,-19.64,55.6,41.9,0.71,-39.2,-0.59,3.32,False,posrange_hi,13:15,1,100000000.0,21.0,B
posrange_hi_sh|E13|k1|N30|B,480,30,S,-1.36,-22.36,44.4,41.9,-0.71,-43.2,0.59,-3.32,False,posrange_hi_sh,13:15,1,100000000.0,21.0,B
posrange_lo|E13|k1|N30|B,480,30,L,-0.62,-21.62,51.2,42.4,-0.32,-42.2,-3.12,1.91,False,posrange_lo,13:15,1,100000000.0,21.0,B
posrange_lo_sh|E13|k1|N30|B,480,30,S,0.62,-20.38,48.8,42.4,0.32,-40.3,3.12,-1.91,False,posrange_lo_sh,13:15,1,100000000.0,21.0,B
today_sofar|E13|k1|N30|B,480,30,L,1.62,-19.38,52.7,51.1,0.69,-38.9,0.02,3.22,True,today_sofar,13:15,1,100000000.0,21.0,B
today_sofar_sh|E13|k1|N30|B,480,30,S,-1.62,-22.62,47.3,51.1,-0.69,-43.7,-0.02,-3.22,True,today_sofar_sh,13:15,1,100000000.0,21.0,B
today_sofar_lo|E13|k1|N30|B,480,30,L,-3.24,-24.24,48.8,50.4,-1.41,-45.9,-6.09,-0.36,True,today_sofar_lo,13:15,1,100000000.0,21.0,B
or_ret|E13|k1|N30|B,480,30,L,-0.16,-21.16,53.1,49.9,-0.07,-41.5,-0.57,0.26,False,or_ret,13:15,1,100000000.0,21.0,B
or_ret_sh|E13|k1|N30|B,480,30,S,0.16,-20.84,46.9,49.9,0.07,-41.1,0.57,-0.26,False,or_ret_sh,13:15,1,100000000.0,21.0,B
orbT_up|E13|k1|N30|B,461,30,L,2.45,-18.55,56.2,45.4,1.16,-37.5,0.74,4.17,True,orbT_up,13:15,1,100000000.0,21.0,B
orbT_up_sh|E13|k1|N30|B,461,30,S,-2.45,-23.45,43.8,45.4,-1.16,-44.8,-0.74,-4.17,True,orbT_up_sh,13:15,1,100000000.0,21.0,B
orbT_dn_sh|E13|k1|N30|B,473,30,S,-0.03,-21.03,48.0,43.5,-0.02,-41.3,1.88,-1.95,False,orbT_dn_sh,13:15,1,100000000.0,21.0,B
orbT_dn_lg|E13|k1|N30|B,473,30,L,0.03,-20.97,52.0,43.5,0.02,-41.2,-1.88,1.95,False,orbT_dn_lg,13:15,1,100000000.0,21.0,B
orbT_up_small|E13|k1|N30|B,461,30,L,2.59,-18.41,56.0,44.5,1.25,-37.3,1.32,3.86,True,orbT_up_small,13:15,1,100000000.0,21.0,B
orbT_up_small_sh|E13|k1|N30|B,461,30,S,-2.59,-23.59,44.0,44.5,-1.25,-45.0,-1.32,-3.86,True,orbT_up_small_sh,13:15,1,100000000.0,21.0,B
orbT_dn_small_sh|E13|k1|N30|B,473,30,S,4.01,-16.99,55.2,45.1,1.94,-35.0,5.43,2.58,True,orbT_dn_small_sh,13:15,1,100000000.0,21.0,B
orbT_dn_small_lg|E13|k1|N30|B,473,30,L,-4.01,-25.01,44.8,45.1,-1.94,-46.9,-5.43,-2.58,True,orbT_dn_small_lg,13:15,1,100000000.0,21.0,B
inside_posor|E13|k1|N30|B,480,30,L,-0.22,-21.22,51.9,40.6,-0.12,-41.6,-1.2,0.78,False,inside_posor,13:15,1,100000000.0,21.0,B
inside_posor_sh|E13|k1|N30|B,480,30,S,0.22,-20.78,48.1,40.6,0.12,-40.9,1.2,-0.78,False,inside_posor_sh,13:15,1,100000000.0,21.0,B
inside_posor_lo|E13|k1|N30|B,480,30,L,-3.97,-24.97,48.8,41.8,-2.08,-46.9,-7.11,-0.8,True,inside_posor_lo,13:15,1,100000000.0,21.0,B
or_wide|E13|k1|N30|B,480,30,L,-2.88,-23.88,47.5,43.8,-1.44,-45.4,-3.31,-2.45,True,or_wide,13:15,1,100000000.0,21.0,B
or_wide_sh|E13|k1|N30|B,480,30,S,2.88,-18.12,52.5,43.8,1.44,-36.8,3.31,2.45,True,or_wide_sh,13:15,1,100000000.0,21.0,B
or_narrow|E13|k1|N30|B,480,30,L,-0.91,-21.91,51.0,39.6,-0.51,-42.6,-2.07,0.25,False,or_narrow,13:15,1,100000000.0,21.0,B
or_narrow_sh|E13|k1|N30|B,480,30,S,0.91,-20.09,49.0,39.6,0.51,-39.9,2.07,-0.25,False,or_narrow_sh,13:15,1,100000000.0,21.0,B
or_wrel_hi|E13|k1|N30|B,480,30,L,-2.34,-23.34,50.0,45.3,-1.13,-44.7,-3.16,-1.52,True,or_wrel_hi,13:15,1,100000000.0,21.0,B
or_wrel_lo|E13|k1|N30|B,480,30,L,-0.32,-21.32,52.1,42.7,-0.17,-41.7,-1.77,1.13,False,or_wrel_lo,13:15,1,100000000.0,21.0,B
or_wrel_hi_sh|E13|k1|N30|B,480,30,S,2.34,-18.66,50.0,45.3,1.13,-37.7,3.16,1.52,True,or_wrel_hi_sh,13:15,1,100000000.0,21.0,B
or_wrel_lo_sh|E13|k1|N30|B,480,30,S,0.32,-20.68,47.9,42.7,0.17,-40.8,1.77,-1.13,False,or_wrel_lo_sh,13:15,1,100000000.0,21.0,B
rng_expand|E13|k1|N30|B,480,30,L,-1.1,-22.1,51.2,45.3,-0.53,-42.9,-2.66,0.48,False,rng_expand,13:15,1,100000000.0,21.0,B
rng_expand_sh|E13|k1|N30|B,480,30,S,1.1,-19.9,48.8,45.3,0.53,-39.6,2.66,-0.48,False,rng_expand_sh,13:15,1,100000000.0,21.0,B
rng_compress|E13|k1|N30|B,480,30,L,-1.46,-22.46,49.6,40.0,-0.8,-43.4,-4.41,1.52,False,rng_compress,13:15,1,100000000.0,21.0,B
rng_compress_sh|E13|k1|N30|B,480,30,S,1.46,-19.54,50.4,40.0,0.8,-39.0,4.41,-1.52,False,rng_compress_sh,13:15,1,100000000.0,21.0,B
vol20_hi|E13|k1|N30|B,479,30,L,-6.86,-27.86,42.8,59.1,-2.54,-50.7,-9.67,-4.03,True,vol20_hi,13:15,1,100000000.0,21.0,B
vol20_hi_sh|E13|k1|N30|B,479,30,S,6.86,-14.14,57.2,59.1,2.54,-30.3,9.67,4.03,True,vol20_hi_sh,13:15,1,100000000.0,21.0,B
vol20_lo|E13|k1|N30|B,479,30,L,-0.01,-21.01,52.0,23.9,-0.0,-41.2,-0.27,0.26,False,vol20_lo,13:15,1,100000000.0,21.0,B
vol20_lo_sh|E13|k1|N30|B,479,30,S,0.01,-20.99,48.0,23.9,0.0,-41.2,0.27,-0.26,False,vol20_lo_sh,13:15,1,100000000.0,21.0,B
atr_hi|E13|k1|N30|B,480,30,L,-6.85,-27.85,45.2,60.0,-2.5,-50.7,-10.25,-3.41,True,atr_hi,13:15,1,100000000.0,21.0,B
atr_lo|E13|k1|N30|B,480,30,L,0.29,-20.71,51.5,22.5,0.28,-40.7,0.58,-0.0,False,atr_lo,13:15,1,100000000.0,21.0,B
atr_hi_sh|E13|k1|N30|B,480,30,S,6.85,-14.15,54.8,60.0,2.5,-30.3,10.25,3.41,True,atr_hi_sh,13:15,1,100000000.0,21.0,B
fail_up_sh|E13|k1|N30|B,477,30,S,2.11,-18.89,49.7,44.6,1.03,-38.1,3.32,0.89,True,fail_up_sh,13:15,1,100000000.0,21.0,B
fail_up_lg|E13|k1|N30|B,477,30,L,-2.11,-23.11,50.3,44.6,-1.03,-44.3,-3.32,-0.89,True,fail_up_lg,13:15,1,100000000.0,21.0,B
fail_dn_lg|E13|k1|N30|B,480,30,L,0.31,-20.69,52.1,44.0,0.15,-40.8,-2.07,2.71,False,fail_dn_lg,13:15,1,100000000.0,21.0,B
fail_dn_sh|E13|k1|N30|B,480,30,S,-0.31,-21.31,47.9,44.0,-0.15,-41.7,2.07,-2.71,False,fail_dn_sh,13:15,1,100000000.0,21.0,B
giveback_up_sh|E13|k1|N30|B,480,30,S,-0.73,-21.73,47.1,42.8,-0.38,-42.3,0.48,-1.95,False,giveback_up_sh,13:15,1,100000000.0,21.0,B
giveback_up_lg|E13|k1|N30|B,480,30,L,0.73,-20.27,52.9,42.8,0.38,-40.2,-0.48,1.95,False,giveback_up_lg,13:15,1,100000000.0,21.0,B
giveback_dn_lg|E13|k1|N30|B,480,30,L,0.59,-20.41,53.5,43.1,0.3,-40.4,-1.46,2.65,False,giveback_dn_lg,13:15,1,100000000.0,21.0,B
giveback_dn_sh|E13|k1|N30|B,480,30,S,-0.59,-21.59,46.5,43.1,-0.3,-42.1,1.46,-2.65,False,giveback_dn_sh,13:15,1,100000000.0,21.0,B
poke_up|E13|k1|N30|B,480,30,L,-0.54,-21.54,53.8,45.4,-0.26,-42.1,-3.17,2.12,False,poke_up,13:15,1,100000000.0,21.0,B
poke_up_sh|E13|k1|N30|B,480,30,S,0.54,-20.46,46.2,45.4,0.26,-40.5,3.17,-2.12,False,poke_up_sh,13:15,1,100000000.0,21.0,B
poke_dn_sh|E13|k1|N30|B,480,30,S,-1.22,-22.22,45.0,42.5,-0.63,-43.0,0.85,-3.3,False,poke_dn_sh,13:15,1,100000000.0,21.0,B
poke_dn_lg|E13|k1|N30|B,480,30,L,1.22,-19.78,55.0,42.5,0.63,-39.4,-0.85,3.3,False,poke_dn_lg,13:15,1,100000000.0,21.0,B
ext_up_sh|E13|k1|N30|B,480,30,S,-0.73,-21.73,47.1,42.8,-0.37,-42.3,0.48,-1.95,False,ext_up_sh,13:15,1,100000000.0,21.0,B
ext_up_lg|E13|k1|N30|B,480,30,L,0.73,-20.27,52.9,42.8,0.37,-40.2,-0.48,1.95,False,ext_up_lg,13:15,1,100000000.0,21.0,B
held_up|E13|k1|N30|B,461,30,L,2.43,-18.57,56.2,45.4,1.15,-37.6,0.7,4.17,True,held_up,13:15,1,100000000.0,21.0,B
held_up_sh|E13|k1|N30|B,461,30,S,-2.43,-23.43,43.8,45.4,-1.15,-44.8,-0.7,-4.17,True,held_up_sh,13:15,1,100000000.0,21.0,B
held_dn_sh|E13|k1|N30|B,473,30,S,-0.02,-21.02,48.0,43.5,-0.01,-41.3,1.88,-1.93,False,held_dn_sh,13:15,1,100000000.0,21.0,B
held_dn_lg|E13|k1|N30|B,473,30,L,0.02,-20.98,52.0,43.5,0.01,-41.2,-1.88,1.93,False,held_dn_lg,13:15,1,100000000.0,21.0,B
rvol_hi|E13|k1|N30|B,480,30,L,-2.05,-23.05,51.2,46.3,-0.97,-44.2,-3.62,-0.46,True,rvol_hi,13:15,1,100000000.0,21.0,B
rvol_hi_sh|E13|k1|N30|B,480,30,S,2.05,-18.95,48.8,46.3,0.97,-38.2,3.62,0.46,True,rvol_hi_sh,13:15,1,100000000.0,21.0,B
rvol_lo|E13|k1|N30|B,480,30,L,-1.61,-22.61,49.6,42.0,-0.84,-43.6,-2.76,-0.44,True,rvol_lo,13:15,1,100000000.0,21.0,B
rvol_lo_sh|E13|k1|N30|B,480,30,S,1.61,-19.39,50.4,42.0,0.84,-38.8,2.76,0.44,True,rvol_lo_sh,13:15,1,100000000.0,21.0,B
orb_vol125|E13|k1|N30|B,438,30,L,3.31,-17.69,57.1,48.1,1.44,-36.2,1.01,5.63,True,orb_vol125,13:15,1,100000000.0,21.0,B
orb_vol125_sh|E13|k1|N30|B,438,30,S,-3.31,-24.31,42.9,48.1,-1.44,-46.0,-1.01,-5.63,True,orb_vol125_sh,13:15,1,100000000.0,21.0,B
orbdn_vol125_sh|E13|k1|N30|B,402,30,S,0.51,-20.49,48.8,45.1,0.23,-40.5,3.11,-2.12,False,orbdn_vol125_sh,13:15,1,100000000.0,21.0,B
orbdn_vol125_lg|E13|k1|N30|B,402,30,L,-0.51,-21.51,51.2,45.1,-0.23,-42.0,-3.11,2.12,False,orbdn_vol125_lg,13:15,1,100000000.0,21.0,B
orb_vol15|E13|k1|N30|B,427,30,L,3.81,-17.19,56.4,48.5,1.63,-35.4,1.83,5.8,True,orb_vol15,13:15,1,100000000.0,21.0,B
orb_vol15_sh|E13|k1|N30|B,427,30,S,-3.81,-24.81,43.6,48.5,-1.63,-46.7,-1.83,-5.8,True,orb_vol15_sh,13:15,1,100000000.0,21.0,B
orbdn_vol15_sh|E13|k1|N30|B,326,30,S,-0.02,-21.02,48.2,48.8,-0.01,-41.3,3.85,-3.94,False,orbdn_vol15_sh,13:15,1,100000000.0,21.0,B
orbdn_vol15_lg|E13|k1|N30|B,326,30,L,0.02,-20.98,51.8,48.8,0.01,-41.3,-3.85,3.94,False,orbdn_vol15_lg,13:15,1,100000000.0,21.0,B
orb_vol20|E13|k1|N30|B,372,30,L,5.19,-15.81,57.0,49.9,2.01,-33.1,3.3,7.1,True,orb_vol20,13:15,1,100000000.0,21.0,B
orb_vol20_sh|E13|k1|N30|B,372,30,S,-5.19,-26.19,43.0,49.9,-2.01,-48.5,-3.3,-7.1,True,orb_vol20_sh,13:15,1,100000000.0,21.0,B
orbdn_vol20_sh|E13|k1|N30|B,171,30,S,5.44,-15.56,54.4,56.0,1.27,-32.7,7.67,3.19,True,orbdn_vol20_sh,13:15,1,100000000.0,21.0,B
orbdn_vol20_lg|E13|k1|N30|B,171,30,L,-5.44,-26.44,45.6,56.0,-1.27,-48.9,-7.67,-3.19,True,orbdn_vol20_lg,13:15,1,100000000.0,21.0,B
orb_x_rvol|E13|k1|N30|B,480,30,L,-0.28,-21.28,50.8,45.4,-0.14,-41.7,-1.54,0.99,False,orb_x_rvol,13:15,1,100000000.0,21.0,B
orb_x_rvol_sh|E13|k1|N30|B,480,30,S,0.28,-20.72,49.2,45.4,0.14,-40.9,1.54,-0.99,False,orb_x_rvol_sh,13:15,1,100000000.0,21.0,B
orb_novol|E13|k1|N30|B,352,30,L,2.4,-18.6,54.3,40.2,1.12,-37.6,2.51,2.3,True,orb_novol,13:15,1,100000000.0,21.0,B
orb_novol_sh|E13|k1|N30|B,352,30,S,-2.4,-23.4,45.7,40.2,-1.12,-44.7,-2.51,-2.3,True,orb_novol_sh,13:15,1,100000000.0,21.0,B
orb_wideOR|E13|k1|N30|B,336,30,L,6.87,-14.13,59.8,46.7,2.7,-30.2,4.38,9.39,True,orb_wideOR,13:15,1,100000000.0,21.0,B
orb_wideOR_sh|E13|k1|N30|B,336,30,S,-6.87,-27.87,40.2,46.7,-2.7,-50.6,-4.38,-9.39,True,orb_wideOR_sh,13:15,1,100000000.0,21.0,B
orb_narrowOR|E13|k1|N30|B,398,30,L,4.89,-16.11,57.8,40.3,2.42,-33.5,6.07,3.69,True,orb_narrowOR,13:15,1,100000000.0,21.0,B
orb_narrowOR_sh|E13|k1|N30|B,398,30,S,-4.89,-25.89,42.2,40.3,-2.42,-48.1,-6.07,-3.69,True,orb_narrowOR_sh,13:15,1,100000000.0,21.0,B
orbdn_wideOR_sh|E13|k1|N30|B,301,30,S,5.61,-15.39,52.5,50.4,1.93,-32.4,9.92,1.27,True,orbdn_wideOR_sh,13:15,1,100000000.0,21.0,B
orbdn_narrowOR_sh|E13|k1|N30|B,426,30,S,1.97,-19.03,50.7,43.3,0.94,-38.3,1.85,2.09,True,orbdn_narrowOR_sh,13:15,1,100000000.0,21.0,B
orbdn_wideOR_lg|E13|k1|N30|B,301,30,L,-5.61,-26.61,47.5,50.4,-1.93,-49.1,-9.92,-1.27,True,orbdn_wideOR_lg,13:15,1,100000000.0,21.0,B
orbdn_narrowOR_lg|E13|k1|N30|B,426,30,L,-1.97,-22.97,49.3,43.3,-0.94,-44.1,-1.85,-2.09,True,orbdn_narrowOR_lg,13:15,1,100000000.0,21.0,B
orb_coiled|E13|k1|N30|B,394,30,L,4.11,-16.89,57.9,42.1,1.94,-34.8,3.59,4.65,True,orb_coiled,13:15,1,100000000.0,21.0,B
orb_coiled_sh|E13|k1|N30|B,394,30,S,-4.11,-25.11,42.1,42.1,-1.94,-47.1,-3.59,-4.65,True,orb_coiled_sh,13:15,1,100000000.0,21.0,B
orbdn_coiled_sh|E13|k1|N30|B,425,30,S,2.78,-18.22,52.2,44.1,1.3,-37.0,2.54,3.02,True,orbdn_coiled_sh,13:15,1,100000000.0,21.0,B
orb_gapup|E13|k1|N30|B,235,30,L,10.48,-10.52,61.7,46.4,3.46,-23.5,10.58,10.39,True,orb_gapup,13:15,1,100000000.0,21.0,B
orb_gapup_sh|E13|k1|N30|B,235,30,S,-10.48,-31.48,38.3,46.4,-3.46,-54.9,-10.58,-10.39,True,orb_gapup_sh,13:15,1,100000000.0,21.0,B
orb_nogap|E13|k1|N30|B,406,30,L,1.28,-19.72,56.4,39.6,0.65,-39.3,-3.29,5.9,False,orb_nogap,13:15,1,100000000.0,21.0,B
orb_nogap_sh|E13|k1|N30|B,406,30,S,-1.28,-22.28,43.6,39.6,-0.65,-43.1,3.29,-5.9,False,orb_nogap_sh,13:15,1,100000000.0,21.0,B
orbdn_gapdn_sh|E13|k1|N30|B,128,30,S,-2.18,-23.18,51.6,61.5,-0.4,-44.5,-2.96,-1.38,True,orbdn_gapdn_sh,13:15,1,100000000.0,21.0,B
orbdn_gapdn_lg|E13|k1|N30|B,128,30,L,2.18,-18.82,48.4,61.5,0.4,-38.1,2.96,1.38,True,orbdn_gapdn_lg,13:15,1,100000000.0,21.0,B
orbdn_gapup_sh|E13|k1|N30|B,293,30,S,6.3,-14.7,53.2,50.8,2.12,-31.2,10.44,2.14,True,orbdn_gapup_sh,13:15,1,100000000.0,21.0,B
gap_up|E13|k1|N30|B,480,30,L,-2.87,-23.87,50.0,46.2,-1.36,-45.4,-6.31,0.59,False,gap_up,13:15,1,100000000.0,21.0,B
gap_up_sh|E13|k1|N30|B,480,30,S,2.87,-18.13,50.0,46.2,1.36,-36.9,6.31,-0.59,False,gap_up_sh,13:15,1,100000000.0,21.0,B
gap_dn_lg|E13|k1|N30|B,480,30,L,0.6,-20.4,52.1,46.1,0.28,-40.4,1.61,-0.42,False,gap_dn_lg,13:15,1,100000000.0,21.0,B
gap_dn_sh|E13|k1|N30|B,480,30,S,-0.6,-21.6,47.9,46.1,-0.28,-42.2,-1.61,0.42,False,gap_dn_sh,13:15,1,100000000.0,21.0,B
orb_hivol|E13|k1|N30|B,357,30,L,6.61,-14.39,58.8,54.7,2.29,-30.7,6.12,7.11,True,orb_hivol,13:15,1,100000000.0,21.0,B
orb_hivol_sh|E13|k1|N30|B,357,30,S,-6.61,-27.61,41.2,54.7,-2.29,-50.4,-6.12,-7.11,True,orb_hivol_sh,13:15,1,100000000.0,21.0,B
orb_lovol|E13|k1|N30|B,364,30,L,1.63,-19.37,54.7,32.8,0.95,-38.7,0.76,2.51,True,orb_lovol,13:15,1,100000000.0,21.0,B
orb_lovol_sh|E13|k1|N30|B,364,30,S,-1.63,-22.63,45.3,32.8,-0.95,-43.6,-0.76,-2.51,True,orb_lovol_sh,13:15,1,100000000.0,21.0,B
orbdn_hivol_sh|E13|k1|N30|B,381,30,S,6.73,-14.27,55.9,54.4,2.41,-30.5,10.83,2.6,True,orbdn_hivol_sh,13:15,1,100000000.0,21.0,B
orbdn_lovol_sh|E13|k1|N30|B,374,30,S,0.49,-20.51,48.9,37.0,0.26,-40.5,1.78,-0.81,False,orbdn_lovol_sh,13:15,1,100000000.0,21.0,B
posrange_hivol|E13|k1|N30|B,479,30,L,-0.09,-21.09,52.8,55.1,-0.04,-41.5,-2.34,2.16,False,posrange_hivol,13:15,1,100000000.0,21.0,B
posrange_lovol|E13|k1|N30|B,479,30,L,-0.68,-21.68,52.0,31.8,-0.47,-42.2,-1.84,0.49,False,posrange_lovol,13:15,1,100000000.0,21.0,B
posrange_hivol_sh|E13|k1|N30|B,479,30,S,0.09,-20.91,47.2,55.1,0.04,-41.2,2.34,-2.16,False,posrange_hivol_sh,13:15,1,100000000.0,21.0,B
posrange_lovol_sh|E13|k1|N30|B,479,30,S,0.68,-20.32,48.0,31.8,0.47,-40.2,1.84,-0.49,False,posrange_lovol_sh,13:15,1,100000000.0,21.0,B
orb_minus_width|E13|k1|N30|B,480,30,L,0.45,-20.55,53.5,42.3,0.23,-40.6,-1.5,2.41,False,orb_minus_width,13:15,1,100000000.0,21.0,B
orb_plus_width|E13|k1|N30|B,480,30,L,-0.85,-21.85,52.1,44.2,-0.42,-42.5,-1.74,0.04,False,orb_plus_width,13:15,1,100000000.0,21.0,B
orb_plus_width_sh|E13|k1|N30|B,480,30,S,0.85,-20.15,47.9,44.2,0.42,-40.0,1.74,-0.04,False,orb_plus_width_sh,13:15,1,100000000.0,21.0,B
orb_minus_width_sh|E13|k1|N30|B,480,30,S,-0.45,-21.45,46.5,42.3,-0.23,-41.9,1.5,-2.41,False,orb_minus_width_sh,13:15,1,100000000.0,21.0,B
orb_minus_d20|E13|k1|N30|B,469,30,L,1.27,-19.73,54.4,49.5,0.56,-39.4,-1.43,3.98,False,orb_minus_d20,13:15,1,100000000.0,21.0,B
orb_plus_d20|E13|k1|N30|B,469,30,L,-0.63,-21.63,52.9,47.6,-0.29,-42.2,-0.99,-0.27,True,orb_plus_d20,13:15,1,100000000.0,21.0,B
orb_plus_d20_sh|E13|k1|N30|B,469,30,S,0.63,-20.37,47.1,47.6,0.29,-40.4,0.99,0.27,True,orb_plus_d20_sh,13:15,1,100000000.0,21.0,B
orb_plus_pct52|E13|k1|N30|B,430,30,L,2.08,-18.92,57.7,37.6,1.15,-38.1,1.75,2.42,True,orb_plus_pct52,13:15,1,100000000.0,21.0,B
orb_plus_pct52_sh|E13|k1|N30|B,430,30,S,-2.08,-23.08,42.3,37.6,-1.15,-44.2,-1.75,-2.42,True,orb_plus_pct52_sh,13:15,1,100000000.0,21.0,B
compress_then_pos|E13|k1|N30|B,480,30,L,0.45,-20.55,53.5,42.3,0.23,-40.6,-1.5,2.41,False,compress_then_pos,13:15,1,100000000.0,21.0,B
compress_then_pos_sh|E13|k1|N30|B,480,30,S,-0.45,-21.45,46.5,42.3,-0.23,-41.9,1.5,-2.41,False,compress_then_pos_sh,13:15,1,100000000.0,21.0,B
expand_then_pos|E13|k1|N30|B,480,30,L,-0.85,-21.85,52.1,44.2,-0.42,-42.5,-1.74,0.04,False,expand_then_pos,13:15,1,100000000.0,21.0,B
expand_then_pos_sh|E13|k1|N30|B,480,30,S,0.85,-20.15,47.9,44.2,0.42,-40.0,1.74,-0.04,False,expand_then_pos_sh,13:15,1,100000000.0,21.0,B
orb_up|E13|k2|N5|A,480,5,L,-1.23,-39.23,50.4,70.4,-0.38,-63.1,-2.11,-0.35,True,orb_up,13:15,2,10000000.0,38.0,A
orb_up_sh|E13|k2|N5|A,480,5,S,1.23,-36.77,49.6,70.4,0.38,-60.7,2.11,0.35,True,orb_up_sh,13:15,2,10000000.0,38.0,A
orb_dn_sh|E13|k2|N5|A,480,5,S,-3.3,-41.3,48.1,62.4,-1.16,-64.9,-1.83,-4.79,True,orb_dn_sh,13:15,2,10000000.0,38.0,A
orb_dn_lg|E13|k2|N5|A,480,5,L,3.3,-34.7,51.9,62.4,1.16,-58.6,1.83,4.79,True,orb_dn_lg,13:15,2,10000000.0,38.0,A
orb_up_sig|E13|k2|N5|A,480,5,L,1.58,-36.42,48.5,75.9,0.46,-60.4,-2.75,5.95,False,orb_up_sig,13:15,2,10000000.0,38.0,A
orb_up_sig_sh|E13|k2|N5|A,480,5,S,-1.58,-39.58,51.5,75.9,-0.46,-63.5,2.75,-5.95,False,orb_up_sig_sh,13:15,2,10000000.0,38.0,A
orb_dn_sig_sh|E13|k2|N5|A,480,5,S,-3.74,-41.74,46.9,65.8,-1.25,-65.3,-2.29,-5.2,True,orb_dn_sig_sh,13:15,2,10000000.0,38.0,A
orb_dn_sig_lg|E13|k2|N5|A,480,5,L,3.74,-34.26,53.1,65.8,1.25,-58.1,2.29,5.2,True,orb_dn_sig_lg,13:15,2,10000000.0,38.0,A
pos_in_or|E13|k2|N5|A,480,5,L,-1.23,-39.23,50.4,70.4,-0.38,-63.1,-2.11,-0.35,True,pos_in_or,13:15,2,10000000.0,38.0,A
pos_in_or_sh|E13|k2|N5|A,480,5,S,1.23,-36.77,49.6,70.4,0.38,-60.7,2.11,0.35,True,pos_in_or_sh,13:15,2,10000000.0,38.0,A
pos_in_or_lo|E13|k2|N5|A,480,5,L,3.3,-34.7,51.9,62.4,1.16,-58.6,1.83,4.79,True,pos_in_or_lo,13:15,2,10000000.0,38.0,A
pos_in_or_lo_sh|E13|k2|N5|A,480,5,S,-3.3,-41.3,48.1,62.4,-1.16,-64.9,-1.83,-4.79,True,pos_in_or_lo_sh,13:15,2,10000000.0,38.0,A
or_close_pos|E13|k2|N5|A,480,5,L,1.82,-36.18,49.2,51.3,0.78,-60.0,1.05,2.6,True,or_close_pos,13:15,2,10000000.0,38.0,A
or_close_pos_lo|E13|k2|N5|A,480,5,L,2.77,-35.23,51.9,41.0,1.48,-59.0,2.0,3.54,True,or_close_pos_lo,13:15,2,10000000.0,38.0,A
or_close_pos_sh|E13|k2|N5|A,480,5,S,-1.82,-39.82,50.4,51.3,-0.78,-63.5,-1.05,-2.6,True,or_close_pos_sh,13:15,2,10000000.0,38.0,A
posrange_hi|E13|k2|N5|A,480,5,L,2.51,-35.49,50.0,49.1,1.12,-59.3,-0.43,5.49,False,posrange_hi,13:15,2,10000000.0,38.0,A
posrange_hi_sh|E13|k2|N5|A,480,5,S,-2.51,-40.51,50.0,49.1,-1.12,-64.2,0.43,-5.49,False,posrange_hi_sh,13:15,2,10000000.0,38.0,A
posrange_lo|E13|k2|N5|A,480,5,L,5.66,-32.34,56.0,52.2,2.37,-55.9,4.46,6.87,True,posrange_lo,13:15,2,10000000.0,38.0,A
posrange_lo_sh|E13|k2|N5|A,480,5,S,-5.66,-43.66,44.0,52.2,-2.37,-66.9,-4.46,-6.87,True,posrange_lo_sh,13:15,2,10000000.0,38.0,A
today_sofar|E13|k2|N5|A,480,5,L,-0.53,-38.53,49.0,93.5,-0.12,-62.6,-6.92,5.91,False,today_sofar,13:15,2,10000000.0,38.0,A
today_sofar_sh|E13|k2|N5|A,480,5,S,0.53,-37.47,51.0,93.5,0.12,-61.6,6.92,-5.91,False,today_sofar_sh,13:15,2,10000000.0,38.0,A
today_sofar_lo|E13|k2|N5|A,480,5,L,-7.01,-45.01,41.5,79.8,-1.93,-68.2,-11.4,-2.58,True,today_sofar_lo,13:15,2,10000000.0,38.0,A
or_ret|E13|k2|N5|A,480,5,L,0.47,-37.53,47.3,85.3,0.12,-61.6,-4.17,5.15,False,or_ret,13:15,2,10000000.0,38.0,A
or_ret_sh|E13|k2|N5|A,480,5,S,-0.47,-38.47,52.7,85.3,-0.12,-62.5,4.17,-5.15,False,or_ret_sh,13:15,2,10000000.0,38.0,A
orbT_up|E13|k2|N5|A,473,5,L,-1.58,-39.58,50.3,71.3,-0.48,-63.4,-2.37,-0.79,True,orbT_up,13:15,2,10000000.0,38.0,A
orbT_up_sh|E13|k2|N5|A,473,5,S,1.58,-36.42,49.7,71.3,0.48,-60.4,2.37,0.79,True,orbT_up_sh,13:15,2,10000000.0,38.0,A
orbT_dn_sh|E13|k2|N5|A,476,5,S,-3.23,-41.23,48.3,62.6,-1.13,-64.9,-1.81,-4.67,True,orbT_dn_sh,13:15,2,10000000.0,38.0,A
orbT_dn_lg|E13|k2|N5|A,476,5,L,3.23,-34.77,51.7,62.6,1.13,-58.6,1.81,4.67,True,orbT_dn_lg,13:15,2,10000000.0,38.0,A
orbT_up_small|E13|k2|N5|A,473,5,L,1.97,-36.03,51.8,57.6,0.74,-59.9,1.7,2.24,True,orbT_up_small,13:15,2,10000000.0,38.0,A
orbT_up_small_sh|E13|k2|N5|A,473,5,S,-1.97,-39.97,48.2,57.6,-0.74,-63.7,-1.7,-2.24,True,orbT_up_small_sh,13:15,2,10000000.0,38.0,A
orbT_dn_small_sh|E13|k2|N5|A,476,5,S,4.03,-33.97,54.2,57.2,1.54,-57.8,3.85,4.22,True,orbT_dn_small_sh,13:15,2,10000000.0,38.0,A
orbT_dn_small_lg|E13|k2|N5|A,476,5,L,-4.03,-42.03,45.8,57.2,-1.54,-65.5,-3.85,-4.22,True,orbT_dn_small_lg,13:15,2,10000000.0,38.0,A
inside_posor|E13|k2|N5|A,480,5,L,0.48,-37.52,50.0,41.7,0.25,-61.3,0.69,0.27,True,inside_posor,13:15,2,10000000.0,38.0,A
inside_posor_sh|E13|k2|N5|A,480,5,S,-0.48,-38.48,50.0,41.7,-0.25,-62.2,-0.69,-0.27,True,inside_posor_sh,13:15,2,10000000.0,38.0,A
inside_posor_lo|E13|k2|N5|A,480,5,L,-3.85,-41.85,46.9,43.6,-1.93,-65.3,-6.85,-0.82,True,inside_posor_lo,13:15,2,10000000.0,38.0,A
or_wide|E13|k2|N5|A,480,5,L,-6.34,-44.34,50.8,74.1,-1.87,-67.6,-9.17,-3.49,True,or_wide,13:15,2,10000000.0,38.0,A
or_wide_sh|E13|k2|N5|A,480,5,S,6.34,-31.66,49.2,74.1,1.87,-55.3,9.17,3.49,True,or_wide_sh,13:15,2,10000000.0,38.0,A
or_narrow|E13|k2|N5|A,480,5,L,-0.37,-38.37,47.1,41.7,-0.2,-62.1,-3.5,2.78,False,or_narrow,13:15,2,10000000.0,38.0,A
or_narrow_sh|E13|k2|N5|A,480,5,S,0.37,-37.63,52.9,41.7,0.2,-61.4,3.5,-2.78,False,or_narrow_sh,13:15,2,10000000.0,38.0,A
or_wrel_hi|E13|k2|N5|A,480,5,L,-7.24,-45.24,47.9,75.3,-2.11,-68.3,-7.91,-6.57,True,or_wrel_hi,13:15,2,10000000.0,38.0,A
or_wrel_lo|E13|k2|N5|A,480,5,L,0.9,-37.1,48.5,54.0,0.37,-61.0,-3.1,4.94,False,or_wrel_lo,13:15,2,10000000.0,38.0,A
or_wrel_hi_sh|E13|k2|N5|A,480,5,S,7.24,-30.76,52.1,75.3,2.11,-54.3,7.91,6.57,True,or_wrel_hi_sh,13:15,2,10000000.0,38.0,A
or_wrel_lo_sh|E13|k2|N5|A,480,5,S,-0.9,-38.9,51.5,54.0,-0.37,-62.7,3.1,-4.94,False,or_wrel_lo_sh,13:15,2,10000000.0,38.0,A
rng_expand|E13|k2|N5|A,480,5,L,-7.11,-45.11,47.3,78.4,-1.99,-68.2,-12.38,-1.8,True,rng_expand,13:15,2,10000000.0,38.0,A
rng_expand_sh|E13|k2|N5|A,480,5,S,7.11,-30.89,52.7,78.4,1.99,-54.5,12.38,1.8,True,rng_expand_sh,13:15,2,10000000.0,38.0,A
rng_compress|E13|k2|N5|A,480,5,L,-2.45,-40.45,47.1,38.6,-1.39,-64.1,-4.07,-0.81,True,rng_compress,13:15,2,10000000.0,38.0,A
rng_compress_sh|E13|k2|N5|A,480,5,S,2.45,-35.55,52.9,38.6,1.39,-59.3,4.07,0.81,True,rng_compress_sh,13:15,2,10000000.0,38.0,A
vol20_hi|E13|k2|N5|A,479,5,L,-9.2,-47.2,45.7,83.3,-2.42,-69.9,-15.88,-2.5,True,vol20_hi,13:15,2,10000000.0,38.0,A
vol20_hi_sh|E13|k2|N5|A,479,5,S,9.2,-28.8,54.3,83.3,2.42,-52.1,15.88,2.5,True,vol20_hi_sh,13:15,2,10000000.0,38.0,A
vol20_lo|E13|k2|N5|A,479,5,L,-0.02,-38.02,35.9,2.1,-0.23,-61.7,-0.08,0.03,False,vol20_lo,13:15,2,10000000.0,38.0,A
vol20_lo_sh|E13|k2|N5|A,479,5,S,0.02,-37.98,63.5,2.1,0.23,-61.7,0.08,-0.03,False,vol20_lo_sh,13:15,2,10000000.0,38.0,A
atr_hi|E13|k2|N5|A,480,5,L,-8.34,-46.34,45.0,90.9,-2.01,-69.3,-10.68,-5.98,True,atr_hi,13:15,2,10000000.0,38.0,A
atr_lo|E13|k2|N5|A,480,5,L,0.05,-37.95,44.4,1.0,1.0,-61.6,0.04,0.05,True,atr_lo,13:15,2,10000000.0,38.0,A
atr_hi_sh|E13|k2|N5|A,480,5,S,8.34,-29.66,55.0,90.9,2.01,-53.2,10.68,5.98,True,atr_hi_sh,13:15,2,10000000.0,38.0,A
fail_up_sh|E13|k2|N5|A,479,5,S,2.74,-35.26,52.8,60.7,0.99,-59.1,5.77,-0.29,False,fail_up_sh,13:15,2,10000000.0,38.0,A
fail_up_lg|E13|k2|N5|A,479,5,L,-2.74,-40.74,47.2,60.7,-0.99,-64.4,-5.77,0.29,False,fail_up_lg,13:15,2,10000000.0,38.0,A
fail_dn_lg|E13|k2|N5|A,480,5,L,1.08,-36.92,48.1,58.3,0.4,-60.8,-2.43,4.61,False,fail_dn_lg,13:15,2,10000000.0,38.0,A
fail_dn_sh|E13|k2|N5|A,480,5,S,-1.08,-39.08,51.9,58.3,-0.4,-62.9,2.43,-4.61,False,fail_dn_sh,13:15,2,10000000.0,38.0,A
giveback_up_sh|E13|k2|N5|A,480,5,S,-1.08,-39.08,46.9,61.0,-0.39,-62.9,0.14,-2.3,False,giveback_up_sh,13:15,2,10000000.0,38.0,A
giveback_up_lg|E13|k2|N5|A,480,5,L,1.08,-36.92,53.1,61.0,0.39,-60.8,-0.14,2.3,False,giveback_up_lg,13:15,2,10000000.0,38.0,A
giveback_dn_lg|E13|k2|N5|A,480,5,L,-2.27,-40.27,46.0,68.7,-0.72,-64.0,-5.41,0.9,False,giveback_dn_lg,13:15,2,10000000.0,38.0,A
giveback_dn_sh|E13|k2|N5|A,480,5,S,2.27,-35.73,54.0,68.7,0.72,-59.7,5.41,-0.9,False,giveback_dn_sh,13:15,2,10000000.0,38.0,A
poke_up|E13|k2|N5|A,480,5,L,-1.91,-39.91,45.0,70.5,-0.59,-63.7,-4.65,0.86,False,poke_up,13:15,2,10000000.0,38.0,A
poke_up_sh|E13|k2|N5|A,480,5,S,1.91,-36.09,55.0,70.5,0.59,-60.0,4.65,-0.86,False,poke_up_sh,13:15,2,10000000.0,38.0,A
poke_dn_sh|E13|k2|N5|A,480,5,S,-1.62,-39.62,48.8,62.3,-0.57,-63.4,-3.48,0.25,False,poke_dn_sh,13:15,2,10000000.0,38.0,A
poke_dn_lg|E13|k2|N5|A,480,5,L,1.62,-36.38,51.2,62.3,0.57,-60.3,3.48,-0.25,False,poke_dn_lg,13:15,2,10000000.0,38.0,A
ext_up_sh|E13|k2|N5|A,480,5,S,-1.08,-39.08,46.9,61.0,-0.39,-62.9,0.14,-2.3,False,ext_up_sh,13:15,2,10000000.0,38.0,A
ext_up_lg|E13|k2|N5|A,480,5,L,1.08,-36.92,53.1,61.0,0.39,-60.8,-0.14,2.3,False,ext_up_lg,13:15,2,10000000.0,38.0,A
held_up|E13|k2|N5|A,473,5,L,-1.58,-39.58,50.3,71.3,-0.48,-63.4,-2.37,-0.79,True,held_up,13:15,2,10000000.0,38.0,A
held_up_sh|E13|k2|N5|A,473,5,S,1.58,-36.42,49.7,71.3,0.48,-60.4,2.37,0.79,True,held_up_sh,13:15,2,10000000.0,38.0,A
held_dn_sh|E13|k2|N5|A,476,5,S,-3.16,-41.16,48.3,62.6,-1.1,-64.8,-1.76,-4.58,True,held_dn_sh,13:15,2,10000000.0,38.0,A
held_dn_lg|E13|k2|N5|A,476,5,L,3.16,-34.84,51.7,62.6,1.1,-58.7,1.76,4.58,True,held_dn_lg,13:15,2,10000000.0,38.0,A
rvol_hi|E13|k2|N5|A,480,5,L,-11.78,-49.78,44.6,92.2,-2.8,-71.9,-13.56,-9.98,True,rvol_hi,13:15,2,10000000.0,38.0,A
rvol_hi_sh|E13|k2|N5|A,480,5,S,11.78,-26.22,55.4,92.2,2.8,-49.0,13.56,9.98,True,rvol_hi_sh,13:15,2,10000000.0,38.0,A
rvol_lo|E13|k2|N5|A,480,5,L,-2.07,-40.07,47.5,51.4,-0.88,-63.8,-1.05,-3.1,True,rvol_lo,13:15,2,10000000.0,38.0,A
rvol_lo_sh|E13|k2|N5|A,480,5,S,2.07,-35.93,52.5,51.4,0.88,-59.8,1.05,3.1,True,rvol_lo_sh,13:15,2,10000000.0,38.0,A
orb_vol125|E13|k2|N5|A,468,5,L,1.86,-36.14,49.4,75.2,0.53,-60.1,-0.91,4.65,False,orb_vol125,13:15,2,10000000.0,38.0,A
orb_vol125_sh|E13|k2|N5|A,468,5,S,-1.86,-39.86,50.6,75.2,-0.53,-63.7,0.91,-4.65,False,orb_vol125_sh,13:15,2,10000000.0,38.0,A
orbdn_vol125_sh|E13|k2|N5|A,471,5,S,-0.8,-38.8,48.6,65.8,-0.27,-62.7,1.14,-2.76,False,orbdn_vol125_sh,13:15,2,10000000.0,38.0,A
orbdn_vol125_lg|E13|k2|N5|A,471,5,L,0.8,-37.2,51.4,65.8,0.27,-61.1,-1.14,2.76,False,orbdn_vol125_lg,13:15,2,10000000.0,38.0,A
orb_vol15|E13|k2|N5|A,460,5,L,2.42,-35.58,47.2,78.2,0.66,-59.6,-1.78,6.66,False,orb_vol15,13:15,2,10000000.0,38.0,A
orb_vol15_sh|E13|k2|N5|A,460,5,S,-2.42,-40.42,52.8,78.2,-0.66,-64.2,1.78,-6.66,False,orb_vol15_sh,13:15,2,10000000.0,38.0,A
orbdn_vol15_sh|E13|k2|N5|A,456,5,S,-2.26,-40.26,47.4,64.8,-0.74,-64.0,-3.04,-1.47,True,orbdn_vol15_sh,13:15,2,10000000.0,38.0,A
orbdn_vol15_lg|E13|k2|N5|A,456,5,L,2.26,-35.74,52.6,64.8,0.74,-59.7,3.04,1.47,True,orbdn_vol15_lg,13:15,2,10000000.0,38.0,A
orb_vol20|E13|k2|N5|A,450,5,L,0.51,-37.49,46.9,86.7,0.12,-61.6,-6.19,7.27,False,orb_vol20,13:15,2,10000000.0,38.0,A
orb_vol20_sh|E13|k2|N5|A,450,5,S,-0.51,-38.51,53.1,86.7,-0.12,-62.5,6.19,-7.27,False,orb_vol20_sh,13:15,2,10000000.0,38.0,A
orbdn_vol20_sh|E13|k2|N5|A,397,5,S,-0.19,-38.19,49.1,72.4,-0.05,-62.1,1.05,-1.44,False,orbdn_vol20_sh,13:15,2,10000000.0,38.0,A
orbdn_vol20_lg|E13|k2|N5|A,397,5,L,0.19,-37.81,50.9,72.4,0.05,-61.8,-1.05,1.44,False,orbdn_vol20_lg,13:15,2,10000000.0,38.0,A
orb_x_rvol|E13|k2|N5|A,480,5,L,-10.62,-48.62,46.2,88.1,-2.64,-71.0,-13.74,-7.46,True,orb_x_rvol,13:15,2,10000000.0,38.0,A
orb_x_rvol_sh|E13|k2|N5|A,480,5,S,10.62,-27.38,53.8,88.1,2.64,-50.4,13.74,7.46,True,orb_x_rvol_sh,13:15,2,10000000.0,38.0,A
orb_novol|E13|k2|N5|A,418,5,L,1.06,-36.94,52.6,49.2,0.44,-60.8,-0.38,2.51,False,orb_novol,13:15,2,10000000.0,38.0,A
orb_novol_sh|E13|k2|N5|A,418,5,S,-1.06,-39.06,47.4,49.2,-0.44,-62.8,0.38,-2.51,False,orb_novol_sh,13:15,2,10000000.0,38.0,A
orb_wideOR|E13|k2|N5|A,424,5,L,6.28,-31.72,52.6,74.6,1.73,-55.4,-0.2,12.82,False,orb_wideOR,13:15,2,10000000.0,38.0,A
orb_wideOR_sh|E13|k2|N5|A,424,5,S,-6.28,-44.28,47.4,74.6,-1.73,-67.5,0.2,-12.82,False,orb_wideOR_sh,13:15,2,10000000.0,38.0,A
orb_narrowOR|E13|k2|N5|A,457,5,L,0.07,-37.93,51.6,62.2,0.02,-61.8,2.94,-2.81,False,orb_narrowOR,13:15,2,10000000.0,38.0,A
orb_narrowOR_sh|E13|k2|N5|A,457,5,S,-0.07,-38.07,48.4,62.2,-0.02,-61.9,-2.94,2.81,False,orb_narrowOR_sh,13:15,2,10000000.0,38.0,A
orbdn_wideOR_sh|E13|k2|N5|A,411,5,S,-1.02,-39.02,49.9,70.8,-0.29,-62.9,3.37,-5.43,False,orbdn_wideOR_sh,13:15,2,10000000.0,38.0,A
orbdn_narrowOR_sh|E13|k2|N5|A,468,5,S,-3.39,-41.39,47.2,60.5,-1.21,-65.0,-1.44,-5.36,True,orbdn_narrowOR_sh,13:15,2,10000000.0,38.0,A
orbdn_wideOR_lg|E13|k2|N5|A,411,5,L,1.02,-36.98,50.1,70.8,0.29,-60.9,-3.37,5.43,False,orbdn_wideOR_lg,13:15,2,10000000.0,38.0,A
orbdn_narrowOR_lg|E13|k2|N5|A,468,5,L,3.39,-34.61,52.8,60.5,1.21,-58.5,1.44,5.36,True,orbdn_narrowOR_lg,13:15,2,10000000.0,38.0,A
orb_coiled|E13|k2|N5|A,458,5,L,1.42,-36.58,52.2,62.4,0.49,-60.5,0.8,2.05,True,orb_coiled,13:15,2,10000000.0,38.0,A
orb_coiled_sh|E13|k2|N5|A,458,5,S,-1.42,-39.42,47.8,62.4,-0.49,-63.2,-0.8,-2.05,True,orb_coiled_sh,13:15,2,10000000.0,38.0,A
orbdn_coiled_sh|E13|k2|N5|A,466,5,S,-1.16,-39.16,48.1,59.1,-0.42,-63.0,-0.09,-2.24,True,orbdn_coiled_sh,13:15,2,10000000.0,38.0,A
orb_gapup|E13|k2|N5|A,366,5,L,6.27,-31.73,50.0,74.5,1.61,-55.4,3.6,8.97,True,orb_gapup,13:15,2,10000000.0,38.0,A
orb_gapup_sh|E13|k2|N5|A,366,5,S,-6.27,-44.27,50.0,74.5,-1.61,-67.5,-3.6,-8.97,True,orb_gapup_sh,13:15,2,10000000.0,38.0,A
orb_nogap|E13|k2|N5|A,451,5,L,-2.96,-40.96,49.7,61.3,-1.02,-64.6,-11.29,5.41,False,orb_nogap,13:15,2,10000000.0,38.0,A
orb_nogap_sh|E13|k2|N5|A,451,5,S,2.96,-35.04,50.3,61.3,1.02,-58.9,11.29,-5.41,False,orb_nogap_sh,13:15,2,10000000.0,38.0,A
orb_gapdn|E13|k2|N5|A,228,5,L,0.55,-37.45,48.7,74.7,0.11,-61.4,2.79,-1.73,False,orb_gapdn,13:15,2,10000000.0,38.0,A
orb_gapdn_sh|E13|k2|N5|A,228,5,S,-0.55,-38.55,51.3,74.7,-0.11,-62.5,-2.79,1.73,False,orb_gapdn_sh,13:15,2,10000000.0,38.0,A
orbdn_gapdn_sh|E13|k2|N5|A,261,5,S,-0.9,-38.9,51.3,72.9,-0.2,-62.8,2.32,-4.15,False,orbdn_gapdn_sh,13:15,2,10000000.0,38.0,A
orbdn_gapdn_lg|E13|k2|N5|A,261,5,L,0.9,-37.1,48.7,72.9,0.2,-61.1,-2.32,4.15,False,orbdn_gapdn_lg,13:15,2,10000000.0,38.0,A
orbdn_gapup_sh|E13|k2|N5|A,406,5,S,1.68,-36.32,50.0,68.2,0.5,-60.3,1.55,1.82,True,orbdn_gapup_sh,13:15,2,10000000.0,38.0,A
gap_up|E13|k2|N5|A,480,5,L,2.34,-35.66,51.7,69.1,0.74,-59.6,-2.05,6.76,False,gap_up,13:15,2,10000000.0,38.0,A
gap_up_sh|E13|k2|N5|A,480,5,S,-2.34,-40.34,48.3,69.1,-0.74,-64.1,2.05,-6.76,False,gap_up_sh,13:15,2,10000000.0,38.0,A
gap_dn_lg|E13|k2|N5|A,480,5,L,-1.8,-39.8,49.8,74.2,-0.53,-63.6,-0.22,-3.39,True,gap_dn_lg,13:15,2,10000000.0,38.0,A
gap_dn_sh|E13|k2|N5|A,480,5,S,1.8,-36.2,50.2,74.2,0.53,-60.2,0.22,3.39,True,gap_dn_sh,13:15,2,10000000.0,38.0,A
orb_hivol|E13|k2|N5|A,442,5,L,5.17,-32.83,49.8,84.8,1.28,-56.7,5.7,4.62,True,orb_hivol,13:15,2,10000000.0,38.0,A
orb_hivol_sh|E13|k2|N5|A,442,5,S,-5.17,-43.17,50.2,84.8,-1.28,-66.7,-5.7,-4.62,True,orb_hivol_sh,13:15,2,10000000.0,38.0,A
orb_lovol|E13|k2|N5|A,442,5,L,0.36,-37.64,50.7,43.3,0.18,-61.4,-1.58,2.32,False,orb_lovol,13:15,2,10000000.0,38.0,A
orb_lovol_sh|E13|k2|N5|A,442,5,S,-0.36,-38.36,49.3,43.3,-0.18,-62.1,1.58,-2.32,False,orb_lovol_sh,13:15,2,10000000.0,38.0,A
orbdn_hivol_sh|E13|k2|N5|A,448,5,S,-3.31,-41.31,51.1,76.1,-0.92,-65.0,-3.53,-3.1,True,orbdn_hivol_sh,13:15,2,10000000.0,38.0,A
orbdn_lovol_sh|E13|k2|N5|A,450,5,S,-2.01,-40.01,47.1,46.7,-0.91,-63.7,-3.21,-0.8,True,orbdn_lovol_sh,13:15,2,10000000.0,38.0,A
posrange_hivol|E13|k2|N5|A,479,5,L,3.45,-34.55,51.6,76.7,0.98,-58.5,2.95,3.95,True,posrange_hivol,13:15,2,10000000.0,38.0,A
posrange_lovol|E13|k2|N5|A,479,5,L,-1.35,-39.35,47.2,35.4,-0.83,-63.0,-2.7,0.01,False,posrange_lovol,13:15,2,10000000.0,38.0,A
posrange_hivol_sh|E13|k2|N5|A,479,5,S,-3.45,-41.45,48.4,76.7,-0.98,-65.2,-2.95,-3.95,True,posrange_hivol_sh,13:15,2,10000000.0,38.0,A
posrange_lovol_sh|E13|k2|N5|A,479,5,S,1.35,-36.65,52.8,35.4,0.83,-60.4,2.7,-0.01,False,posrange_lovol_sh,13:15,2,10000000.0,38.0,A
orb_minus_width|E13|k2|N5|A,480,5,L,0.37,-37.63,49.2,62.6,0.13,-61.5,1.19,-0.47,False,orb_minus_width,13:15,2,10000000.0,38.0,A
orb_plus_width|E13|k2|N5|A,480,5,L,-4.48,-42.48,47.9,80.5,-1.22,-66.1,-7.36,-1.59,True,orb_plus_width,13:15,2,10000000.0,38.0,A
orb_plus_width_sh|E13|k2|N5|A,480,5,S,4.48,-33.52,52.1,80.5,1.22,-57.4,7.36,1.59,True,orb_plus_width_sh,13:15,2,10000000.0,38.0,A
orb_minus_width_sh|E13|k2|N5|A,480,5,S,-0.37,-38.37,50.8,62.6,-0.13,-62.2,-1.19,0.47,False,orb_minus_width_sh,13:15,2,10000000.0,38.0,A
orb_minus_d20|E13|k2|N5|A,469,5,L,-0.55,-38.55,47.5,70.2,-0.17,-62.5,-6.58,5.5,False,orb_minus_d20,13:15,2,10000000.0,38.0,A
orb_plus_d20|E13|k2|N5|A,469,5,L,-2.69,-40.69,51.0,86.9,-0.67,-64.6,-0.06,-5.33,True,orb_plus_d20,13:15,2,10000000.0,38.0,A
orb_plus_d20_sh|E13|k2|N5|A,469,5,S,2.69,-35.31,49.0,86.9,0.67,-59.4,0.06,5.33,True,orb_plus_d20_sh,13:15,2,10000000.0,38.0,A
orb_plus_pct52|E13|k2|N5|A,430,5,L,2.5,-35.5,51.9,60.7,0.85,-59.4,2.01,3.0,True,orb_plus_pct52,13:15,2,10000000.0,38.0,A
orb_plus_pct52_sh|E13|k2|N5|A,430,5,S,-2.5,-40.5,48.1,60.7,-0.85,-64.2,-2.01,-3.0,True,orb_plus_pct52_sh,13:15,2,10000000.0,38.0,A
compress_then_pos|E13|k2|N5|A,480,5,L,0.37,-37.63,49.2,62.6,0.13,-61.5,1.19,-0.47,False,compress_then_pos,13:15,2,10000000.0,38.0,A
compress_then_pos_sh|E13|k2|N5|A,480,5,S,-0.37,-38.37,50.8,62.6,-0.13,-62.2,-1.19,0.47,False,compress_then_pos_sh,13:15,2,10000000.0,38.0,A
expand_then_pos|E13|k2|N5|A,480,5,L,-4.48,-42.48,47.9,80.5,-1.22,-66.1,-7.36,-1.59,True,expand_then_pos,13:15,2,10000000.0,38.0,A
expand_then_pos_sh|E13|k2|N5|A,480,5,S,4.48,-33.52,52.1,80.5,1.22,-57.4,7.36,1.59,True,expand_then_pos_sh,13:15,2,10000000.0,38.0,A
orb_up|E13|k2|N10|A,480,10,L,1.0,-37.0,49.8,55.1,0.4,-60.9,-1.41,3.43,False,orb_up,13:15,2,10000000.0,38.0,A
orb_up_sh|E13|k2|N10|A,480,10,S,-1.0,-39.0,50.2,55.1,-0.4,-62.8,1.41,-3.43,False,orb_up_sh,13:15,2,10000000.0,38.0,A
orb_dn_sh|E13|k2|N10|A,480,10,S,-2.73,-40.73,47.1,52.0,-1.15,-64.4,-0.76,-4.7,True,orb_dn_sh,13:15,2,10000000.0,38.0,A
orb_dn_lg|E13|k2|N10|A,480,10,L,2.73,-35.27,52.9,52.0,1.15,-59.1,0.76,4.7,True,orb_dn_lg,13:15,2,10000000.0,38.0,A
orb_up_sig|E13|k2|N10|A,480,10,L,1.77,-36.23,51.2,57.9,0.67,-60.1,-1.9,5.48,False,orb_up_sig,13:15,2,10000000.0,38.0,A
orb_up_sig_sh|E13|k2|N10|A,480,10,S,-1.77,-39.77,48.8,57.9,-0.67,-63.5,1.9,-5.48,False,orb_up_sig_sh,13:15,2,10000000.0,38.0,A
orb_dn_sig_sh|E13|k2|N10|A,480,10,S,-2.5,-40.5,47.1,54.6,-1.0,-64.2,0.73,-5.75,False,orb_dn_sig_sh,13:15,2,10000000.0,38.0,A
orb_dn_sig_lg|E13|k2|N10|A,480,10,L,2.5,-35.5,52.9,54.6,1.0,-59.3,-0.73,5.75,False,orb_dn_sig_lg,13:15,2,10000000.0,38.0,A
pos_in_or|E13|k2|N10|A,480,10,L,1.0,-37.0,49.8,55.1,0.4,-60.9,-1.41,3.43,False,pos_in_or,13:15,2,10000000.0,38.0,A
pos_in_or_sh|E13|k2|N10|A,480,10,S,-1.0,-39.0,50.2,55.1,-0.4,-62.8,1.41,-3.43,False,pos_in_or_sh,13:15,2,10000000.0,38.0,A
pos_in_or_lo|E13|k2|N10|A,480,10,L,2.73,-35.27,52.9,52.0,1.15,-59.1,0.76,4.7,True,pos_in_or_lo,13:15,2,10000000.0,38.0,A
pos_in_or_lo_sh|E13|k2|N10|A,480,10,S,-2.73,-40.73,47.1,52.0,-1.15,-64.4,-0.76,-4.7,True,pos_in_or_lo_sh,13:15,2,10000000.0,38.0,A
or_close_pos|E13|k2|N10|A,480,10,L,0.38,-37.62,50.8,46.2,0.18,-61.4,-1.89,2.68,False,or_close_pos,13:15,2,10000000.0,38.0,A
or_close_pos_lo|E13|k2|N10|A,480,10,L,0.91,-37.09,50.6,40.9,0.49,-60.9,-0.76,2.59,False,or_close_pos_lo,13:15,2,10000000.0,38.0,A
or_close_pos_sh|E13|k2|N10|A,480,10,S,-0.38,-38.38,49.2,46.2,-0.18,-62.2,1.89,-2.68,False,or_close_pos_sh,13:15,2,10000000.0,38.0,A
posrange_hi|E13|k2|N10|A,480,10,L,0.93,-37.07,49.6,45.3,0.45,-60.9,-0.32,2.19,False,posrange_hi,13:15,2,10000000.0,38.0,A
posrange_hi_sh|E13|k2|N10|A,480,10,S,-0.93,-38.93,50.4,45.3,-0.45,-62.7,0.32,-2.19,False,posrange_hi_sh,13:15,2,10000000.0,38.0,A
posrange_lo|E13|k2|N10|A,480,10,L,2.29,-35.71,52.5,44.1,1.14,-59.5,1.75,2.83,True,posrange_lo,13:15,2,10000000.0,38.0,A
posrange_lo_sh|E13|k2|N10|A,480,10,S,-2.29,-40.29,47.5,44.1,-1.14,-63.9,-1.75,-2.83,True,posrange_lo_sh,13:15,2,10000000.0,38.0,A
today_sofar|E13|k2|N10|A,480,10,L,1.37,-36.63,50.6,66.8,0.45,-60.6,-2.58,5.35,False,today_sofar,13:15,2,10000000.0,38.0,A
today_sofar_sh|E13|k2|N10|A,480,10,S,-1.37,-39.37,49.4,66.8,-0.45,-63.2,2.58,-5.35,False,today_sofar_sh,13:15,2,10000000.0,38.0,A
today_sofar_lo|E13|k2|N10|A,480,10,L,-3.84,-41.84,44.4,62.4,-1.35,-65.4,-7.1,-0.54,True,today_sofar_lo,13:15,2,10000000.0,38.0,A
or_ret|E13|k2|N10|A,480,10,L,2.53,-35.47,52.9,66.4,0.84,-59.4,1.14,3.94,True,or_ret,13:15,2,10000000.0,38.0,A
or_ret_sh|E13|k2|N10|A,480,10,S,-2.53,-40.53,47.1,66.4,-0.84,-64.3,-1.14,-3.94,True,or_ret_sh,13:15,2,10000000.0,38.0,A
orbT_up|E13|k2|N10|A,473,10,L,1.21,-36.79,50.3,56.7,0.47,-60.7,-0.45,2.88,False,orbT_up,13:15,2,10000000.0,38.0,A
orbT_up_sh|E13|k2|N10|A,473,10,S,-1.21,-39.21,49.7,56.7,-0.47,-63.0,0.45,-2.88,False,orbT_up_sh,13:15,2,10000000.0,38.0,A
orbT_dn_sh|E13|k2|N10|A,476,10,S,-2.9,-40.9,47.1,52.2,-1.21,-64.5,-1.15,-4.67,True,orbT_dn_sh,13:15,2,10000000.0,38.0,A
orbT_dn_lg|E13|k2|N10|A,476,10,L,2.9,-35.1,52.9,52.2,1.21,-58.9,1.15,4.67,True,orbT_dn_lg,13:15,2,10000000.0,38.0,A
orbT_up_small|E13|k2|N10|A,473,10,L,1.59,-36.41,52.2,53.1,0.65,-60.3,0.62,2.55,True,orbT_up_small,13:15,2,10000000.0,38.0,A
orbT_up_small_sh|E13|k2|N10|A,473,10,S,-1.59,-39.59,47.8,53.1,-0.65,-63.3,-0.62,-2.55,True,orbT_up_small_sh,13:15,2,10000000.0,38.0,A
orbT_dn_small_sh|E13|k2|N10|A,476,10,S,3.68,-34.32,53.4,51.5,1.56,-58.1,5.58,1.76,True,orbT_dn_small_sh,13:15,2,10000000.0,38.0,A
orbT_dn_small_lg|E13|k2|N10|A,476,10,L,-3.68,-41.68,46.6,51.5,-1.56,-65.2,-5.58,-1.76,True,orbT_dn_small_lg,13:15,2,10000000.0,38.0,A
inside_posor|E13|k2|N10|A,480,10,L,1.4,-36.6,51.0,41.9,0.73,-60.4,2.35,0.44,True,inside_posor,13:15,2,10000000.0,38.0,A
inside_posor_sh|E13|k2|N10|A,480,10,S,-1.4,-39.4,49.0,41.9,-0.73,-63.1,-2.35,-0.44,True,inside_posor_sh,13:15,2,10000000.0,38.0,A
inside_posor_lo|E13|k2|N10|A,480,10,L,-4.71,-42.71,45.6,40.8,-2.53,-66.1,-7.02,-2.38,True,inside_posor_lo,13:15,2,10000000.0,38.0,A
or_wide|E13|k2|N10|A,480,10,L,-4.0,-42.0,49.0,55.6,-1.58,-65.5,-3.39,-4.62,True,or_wide,13:15,2,10000000.0,38.0,A
or_wide_sh|E13|k2|N10|A,480,10,S,4.0,-34.0,51.0,55.6,1.58,-57.8,3.39,4.62,True,or_wide_sh,13:15,2,10000000.0,38.0,A
or_narrow|E13|k2|N10|A,480,10,L,0.12,-37.88,48.3,38.6,0.07,-61.6,-2.55,2.82,False,or_narrow,13:15,2,10000000.0,38.0,A
or_narrow_sh|E13|k2|N10|A,480,10,S,-0.12,-38.12,51.7,38.6,-0.07,-61.9,2.55,-2.82,False,or_narrow_sh,13:15,2,10000000.0,38.0,A
or_wrel_hi|E13|k2|N10|A,480,10,L,-3.53,-41.53,51.0,58.8,-1.31,-65.1,-3.75,-3.3,True,or_wrel_hi,13:15,2,10000000.0,38.0,A
or_wrel_lo|E13|k2|N10|A,480,10,L,-0.9,-38.9,48.5,47.3,-0.42,-62.7,-3.01,1.23,False,or_wrel_lo,13:15,2,10000000.0,38.0,A
or_wrel_hi_sh|E13|k2|N10|A,480,10,S,3.53,-34.47,49.0,58.8,1.31,-58.3,3.75,3.3,True,or_wrel_hi_sh,13:15,2,10000000.0,38.0,A
or_wrel_lo_sh|E13|k2|N10|A,480,10,S,0.9,-37.1,51.5,47.3,0.42,-60.9,3.01,-1.23,False,or_wrel_lo_sh,13:15,2,10000000.0,38.0,A
rng_expand|E13|k2|N10|A,480,10,L,-4.13,-42.13,48.1,59.3,-1.52,-65.6,-5.41,-2.84,True,rng_expand,13:15,2,10000000.0,38.0,A
rng_expand_sh|E13|k2|N10|A,480,10,S,4.13,-33.87,51.9,59.3,1.52,-57.7,5.41,2.84,True,rng_expand_sh,13:15,2,10000000.0,38.0,A
rng_compress|E13|k2|N10|A,480,10,L,-1.61,-39.61,48.3,37.6,-0.94,-63.3,-5.21,2.01,False,rng_compress,13:15,2,10000000.0,38.0,A
rng_compress_sh|E13|k2|N10|A,480,10,S,1.61,-36.39,51.7,37.6,0.94,-60.2,5.21,-2.01,False,rng_compress_sh,13:15,2,10000000.0,38.0,A
vol20_hi|E13|k2|N10|A,479,10,L,-9.9,-47.9,44.9,69.2,-3.13,-70.4,-14.52,-5.26,True,vol20_hi,13:15,2,10000000.0,38.0,A
vol20_hi_sh|E13|k2|N10|A,479,10,S,9.9,-28.1,55.1,69.2,3.13,-51.1,14.52,5.26,True,vol20_hi_sh,13:15,2,10000000.0,38.0,A
vol20_lo|E13|k2|N10|A,479,10,L,0.47,-37.53,51.8,13.1,0.78,-61.2,1.15,-0.22,False,vol20_lo,13:15,2,10000000.0,38.0,A
vol20_lo_sh|E13|k2|N10|A,479,10,S,-0.47,-38.47,48.2,13.1,-0.78,-62.1,-1.15,0.22,False,vol20_lo_sh,13:15,2,10000000.0,38.0,A
atr_hi|E13|k2|N10|A,480,10,L,-9.1,-47.1,44.0,73.5,-2.71,-69.8,-13.96,-4.2,True,atr_hi,13:15,2,10000000.0,38.0,A
atr_lo|E13|k2|N10|A,480,10,L,2.02,-35.98,60.4,11.8,3.75,-59.7,3.07,0.96,True,atr_lo,13:15,2,10000000.0,38.0,A
atr_hi_sh|E13|k2|N10|A,480,10,S,9.1,-28.9,56.0,73.5,2.71,-52.1,13.96,4.2,True,atr_hi_sh,13:15,2,10000000.0,38.0,A
fail_up_sh|E13|k2|N10|A,479,10,S,3.01,-34.99,52.0,51.6,1.28,-58.8,6.25,-0.25,False,fail_up_sh,13:15,2,10000000.0,38.0,A
fail_up_lg|E13|k2|N10|A,479,10,L,-3.01,-41.01,48.0,51.6,-1.28,-64.6,-6.25,0.25,False,fail_up_lg,13:15,2,10000000.0,38.0,A
fail_dn_lg|E13|k2|N10|A,480,10,L,1.8,-36.2,51.0,47.4,0.83,-60.0,-1.75,5.39,False,fail_dn_lg,13:15,2,10000000.0,38.0,A
fail_dn_sh|E13|k2|N10|A,480,10,S,-1.8,-39.8,49.0,47.4,-0.83,-63.5,1.75,-5.39,False,fail_dn_sh,13:15,2,10000000.0,38.0,A
giveback_up_sh|E13|k2|N10|A,480,10,S,-1.26,-39.26,46.5,50.2,-0.55,-63.0,-0.29,-2.24,True,giveback_up_sh,13:15,2,10000000.0,38.0,A
giveback_up_lg|E13|k2|N10|A,480,10,L,1.26,-36.74,53.5,50.2,0.55,-60.6,0.29,2.24,True,giveback_up_lg,13:15,2,10000000.0,38.0,A
giveback_dn_lg|E13|k2|N10|A,480,10,L,-1.83,-39.83,48.1,52.0,-0.77,-63.5,-5.95,2.33,False,giveback_dn_lg,13:15,2,10000000.0,38.0,A
giveback_dn_sh|E13|k2|N10|A,480,10,S,1.83,-36.17,51.9,52.0,0.77,-60.0,5.95,-2.33,False,giveback_dn_sh,13:15,2,10000000.0,38.0,A
poke_up|E13|k2|N10|A,480,10,L,-1.12,-39.12,48.1,55.2,-0.45,-62.9,-4.6,2.38,False,poke_up,13:15,2,10000000.0,38.0,A
poke_up_sh|E13|k2|N10|A,480,10,S,1.12,-36.88,51.9,55.2,0.45,-60.7,4.6,-2.38,False,poke_up_sh,13:15,2,10000000.0,38.0,A
poke_dn_sh|E13|k2|N10|A,480,10,S,-1.78,-39.78,46.2,51.5,-0.75,-63.5,-1.27,-2.29,True,poke_dn_sh,13:15,2,10000000.0,38.0,A
poke_dn_lg|E13|k2|N10|A,480,10,L,1.78,-36.22,53.8,51.5,0.75,-60.1,1.27,2.29,True,poke_dn_lg,13:15,2,10000000.0,38.0,A
ext_up_sh|E13|k2|N10|A,480,10,S,-1.29,-39.29,46.2,50.2,-0.56,-63.0,-0.34,-2.24,True,ext_up_sh,13:15,2,10000000.0,38.0,A
ext_up_lg|E13|k2|N10|A,480,10,L,1.29,-36.71,53.8,50.2,0.56,-60.5,0.34,2.24,True,ext_up_lg,13:15,2,10000000.0,38.0,A
held_up|E13|k2|N10|A,473,10,L,1.2,-36.8,50.3,56.7,0.46,-60.7,-0.47,2.88,False,held_up,13:15,2,10000000.0,38.0,A
held_up_sh|E13|k2|N10|A,473,10,S,-1.2,-39.2,49.7,56.7,-0.46,-63.0,0.47,-2.88,False,held_up_sh,13:15,2,10000000.0,38.0,A
held_dn_sh|E13|k2|N10|A,476,10,S,-2.89,-40.89,47.1,52.3,-1.21,-64.5,-1.17,-4.63,True,held_dn_sh,13:15,2,10000000.0,38.0,A
held_dn_lg|E13|k2|N10|A,476,10,L,2.89,-35.11,52.9,52.3,1.21,-58.9,1.17,4.63,True,held_dn_lg,13:15,2,10000000.0,38.0,A
rvol_hi|E13|k2|N10|A,480,10,L,-6.7,-44.7,44.6,64.1,-2.29,-67.8,-7.63,-5.75,True,rvol_hi,13:15,2,10000000.0,38.0,A
rvol_hi_sh|E13|k2|N10|A,480,10,S,6.7,-31.3,55.4,64.1,2.29,-54.9,7.63,5.75,True,rvol_hi_sh,13:15,2,10000000.0,38.0,A
rvol_lo|E13|k2|N10|A,480,10,L,-1.07,-39.07,48.5,44.3,-0.53,-62.8,-1.43,-0.71,True,rvol_lo,13:15,2,10000000.0,38.0,A
rvol_lo_sh|E13|k2|N10|A,480,10,S,1.07,-36.93,51.5,44.3,0.53,-60.7,1.43,0.71,True,rvol_lo_sh,13:15,2,10000000.0,38.0,A
orb_vol125|E13|k2|N10|A,468,10,L,1.58,-36.42,48.5,63.0,0.54,-60.3,-0.25,3.43,False,orb_vol125,13:15,2,10000000.0,38.0,A
orb_vol125_sh|E13|k2|N10|A,468,10,S,-1.58,-39.58,51.5,63.0,-0.54,-63.4,0.25,-3.43,False,orb_vol125_sh,13:15,2,10000000.0,38.0,A
orbdn_vol125_sh|E13|k2|N10|A,471,10,S,-1.18,-39.18,49.9,53.2,-0.48,-62.9,1.31,-3.67,False,orbdn_vol125_sh,13:15,2,10000000.0,38.0,A
orbdn_vol125_lg|E13|k2|N10|A,471,10,L,1.18,-36.82,50.1,53.2,0.48,-60.7,-1.31,3.67,False,orbdn_vol125_lg,13:15,2,10000000.0,38.0,A
orb_vol15|E13|k2|N10|A,460,10,L,2.18,-35.82,51.5,64.7,0.72,-59.7,-0.6,4.99,False,orb_vol15,13:15,2,10000000.0,38.0,A
orb_vol15_sh|E13|k2|N10|A,460,10,S,-2.18,-40.18,48.5,64.7,-0.72,-63.9,0.6,-4.99,False,orb_vol15_sh,13:15,2,10000000.0,38.0,A
orbdn_vol15_sh|E13|k2|N10|A,456,10,S,-1.35,-39.35,47.8,55.8,-0.52,-63.1,0.51,-3.23,False,orbdn_vol15_sh,13:15,2,10000000.0,38.0,A
orbdn_vol15_lg|E13|k2|N10|A,456,10,L,1.35,-36.65,52.2,55.8,0.52,-60.5,-0.51,3.23,False,orbdn_vol15_lg,13:15,2,10000000.0,38.0,A
orb_vol20|E13|k2|N10|A,450,10,L,3.14,-34.86,51.6,72.0,0.93,-58.8,-0.31,6.63,False,orb_vol20,13:15,2,10000000.0,38.0,A
orb_vol20_sh|E13|k2|N10|A,450,10,S,-3.14,-41.14,48.4,72.0,-0.93,-64.8,0.31,-6.63,False,orb_vol20_sh,13:15,2,10000000.0,38.0,A
orbdn_vol20_sh|E13|k2|N10|A,397,10,S,-0.74,-38.74,50.1,63.9,-0.23,-62.6,1.52,-3.02,False,orbdn_vol20_sh,13:15,2,10000000.0,38.0,A
orbdn_vol20_lg|E13|k2|N10|A,397,10,L,0.74,-37.26,49.9,63.9,0.23,-61.2,-1.52,3.02,False,orbdn_vol20_lg,13:15,2,10000000.0,38.0,A
orb_x_rvol|E13|k2|N10|A,480,10,L,-5.58,-43.58,46.2,63.1,-1.94,-66.9,-8.37,-2.76,True,orb_x_rvol,13:15,2,10000000.0,38.0,A
orb_x_rvol_sh|E13|k2|N10|A,480,10,S,5.58,-32.42,53.8,63.1,1.94,-56.1,8.37,2.76,True,orb_x_rvol_sh,13:15,2,10000000.0,38.0,A
orb_novol|E13|k2|N10|A,418,10,L,2.55,-35.45,53.3,46.2,1.13,-59.2,1.02,4.1,True,orb_novol,13:15,2,10000000.0,38.0,A
orb_novol_sh|E13|k2|N10|A,418,10,S,-2.55,-40.55,46.7,46.2,-1.13,-64.2,-1.02,-4.1,True,orb_novol_sh,13:15,2,10000000.0,38.0,A
orb_wideOR|E13|k2|N10|A,424,10,L,7.12,-30.88,56.4,63.2,2.32,-54.4,2.0,12.3,True,orb_wideOR,13:15,2,10000000.0,38.0,A
orb_wideOR_sh|E13|k2|N10|A,424,10,S,-7.12,-45.12,43.6,63.2,-2.32,-68.2,-2.0,-12.3,True,orb_wideOR_sh,13:15,2,10000000.0,38.0,A
orb_narrowOR|E13|k2|N10|A,457,10,L,0.44,-37.56,52.1,53.0,0.18,-61.4,0.71,0.17,True,orb_narrowOR,13:15,2,10000000.0,38.0,A
orb_narrowOR_sh|E13|k2|N10|A,457,10,S,-0.44,-38.44,47.9,53.0,-0.18,-62.2,-0.71,-0.17,True,orb_narrowOR_sh,13:15,2,10000000.0,38.0,A
orbdn_wideOR_sh|E13|k2|N10|A,411,10,S,0.46,-37.54,50.4,59.3,0.16,-61.4,5.16,-4.26,False,orbdn_wideOR_sh,13:15,2,10000000.0,38.0,A
orbdn_narrowOR_sh|E13|k2|N10|A,468,10,S,-1.35,-39.35,47.9,51.2,-0.57,-63.1,-0.43,-2.28,True,orbdn_narrowOR_sh,13:15,2,10000000.0,38.0,A
orbdn_wideOR_lg|E13|k2|N10|A,411,10,L,-0.46,-38.46,49.6,59.3,-0.16,-62.3,-5.16,4.26,False,orbdn_wideOR_lg,13:15,2,10000000.0,38.0,A
orbdn_narrowOR_lg|E13|k2|N10|A,468,10,L,1.35,-36.65,52.1,51.2,0.57,-60.5,0.43,2.28,True,orbdn_narrowOR_lg,13:15,2,10000000.0,38.0,A
orb_coiled|E13|k2|N10|A,458,10,L,1.42,-36.58,53.1,55.1,0.55,-60.4,0.26,2.58,True,orb_coiled,13:15,2,10000000.0,38.0,A
orb_coiled_sh|E13|k2|N10|A,458,10,S,-1.42,-39.42,46.9,55.1,-0.55,-63.2,-0.26,-2.58,True,orb_coiled_sh,13:15,2,10000000.0,38.0,A
orbdn_coiled_sh|E13|k2|N10|A,466,10,S,-0.56,-38.56,48.7,51.2,-0.24,-62.4,0.73,-1.87,False,orbdn_coiled_sh,13:15,2,10000000.0,38.0,A
orb_gapup|E13|k2|N10|A,366,10,L,7.51,-30.49,54.4,64.2,2.24,-53.9,4.96,10.08,True,orb_gapup,13:15,2,10000000.0,38.0,A
orb_gapup_sh|E13|k2|N10|A,366,10,S,-7.51,-45.51,45.6,64.2,-2.24,-68.5,-4.96,-10.08,True,orb_gapup_sh,13:15,2,10000000.0,38.0,A
orb_nogap|E13|k2|N10|A,451,10,L,-1.08,-39.08,51.4,51.9,-0.44,-62.8,-8.22,6.1,False,orb_nogap,13:15,2,10000000.0,38.0,A
orb_nogap_sh|E13|k2|N10|A,451,10,S,1.08,-36.92,48.6,51.9,0.44,-60.8,8.22,-6.1,False,orb_nogap_sh,13:15,2,10000000.0,38.0,A
orb_gapdn|E13|k2|N10|A,228,10,L,2.34,-35.66,50.4,66.9,0.53,-59.6,4.11,0.53,True,orb_gapdn,13:15,2,10000000.0,38.0,A
orb_gapdn_sh|E13|k2|N10|A,228,10,S,-2.34,-40.34,49.6,66.9,-0.53,-64.1,-4.11,-0.53,True,orb_gapdn_sh,13:15,2,10000000.0,38.0,A
orbdn_gapdn_sh|E13|k2|N10|A,261,10,S,-0.23,-38.23,52.5,66.9,-0.05,-62.1,4.16,-4.65,False,orbdn_gapdn_sh,13:15,2,10000000.0,38.0,A
orbdn_gapdn_lg|E13|k2|N10|A,261,10,L,0.23,-37.77,47.5,66.9,0.05,-61.7,-4.16,4.65,False,orbdn_gapdn_lg,13:15,2,10000000.0,38.0,A
orbdn_gapup_sh|E13|k2|N10|A,406,10,S,1.7,-36.3,54.2,60.1,0.57,-60.2,2.62,0.77,True,orbdn_gapup_sh,13:15,2,10000000.0,38.0,A
gap_up|E13|k2|N10|A,480,10,L,-0.33,-38.33,51.7,53.2,-0.14,-62.1,-5.08,4.46,False,gap_up,13:15,2,10000000.0,38.0,A
gap_up_sh|E13|k2|N10|A,480,10,S,0.33,-37.67,48.3,53.2,0.14,-61.5,5.08,-4.46,False,gap_up_sh,13:15,2,10000000.0,38.0,A
gap_dn_lg|E13|k2|N10|A,480,10,L,-1.09,-39.09,49.6,56.0,-0.43,-62.9,0.1,-2.29,False,gap_dn_lg,13:15,2,10000000.0,38.0,A
gap_dn_sh|E13|k2|N10|A,480,10,S,1.09,-36.91,50.4,56.0,0.43,-60.8,-0.1,2.29,False,gap_dn_sh,13:15,2,10000000.0,38.0,A
orb_hivol|E13|k2|N10|A,442,10,L,7.64,-30.36,52.5,75.5,2.13,-53.9,9.25,6.01,True,orb_hivol,13:15,2,10000000.0,38.0,A
orb_hivol_sh|E13|k2|N10|A,442,10,S,-7.64,-45.64,47.5,75.5,-2.13,-68.6,-9.25,-6.01,True,orb_hivol_sh,13:15,2,10000000.0,38.0,A
orb_lovol|E13|k2|N10|A,442,10,L,1.98,-36.02,53.4,38.1,1.09,-59.8,0.35,3.63,True,orb_lovol,13:15,2,10000000.0,38.0,A
orb_lovol_sh|E13|k2|N10|A,442,10,S,-1.98,-39.98,46.6,38.1,-1.09,-63.6,-0.35,-3.63,True,orb_lovol_sh,13:15,2,10000000.0,38.0,A
orbdn_hivol_sh|E13|k2|N10|A,448,10,S,-1.43,-39.43,51.3,63.8,-0.47,-63.2,-2.45,-0.4,True,orbdn_hivol_sh,13:15,2,10000000.0,38.0,A
orbdn_lovol_sh|E13|k2|N10|A,450,10,S,-1.49,-39.49,45.6,42.3,-0.74,-63.2,-1.18,-1.8,True,orbdn_lovol_sh,13:15,2,10000000.0,38.0,A
posrange_hivol|E13|k2|N10|A,479,10,L,2.76,-35.24,54.7,63.6,0.95,-59.1,0.8,4.74,True,posrange_hivol,13:15,2,10000000.0,38.0,A
posrange_lovol|E13|k2|N10|A,479,10,L,-0.61,-38.61,49.9,32.2,-0.41,-62.3,-1.72,0.51,False,posrange_lovol,13:15,2,10000000.0,38.0,A
posrange_hivol_sh|E13|k2|N10|A,479,10,S,-2.76,-40.76,45.3,63.6,-0.95,-64.5,-0.8,-4.74,True,posrange_hivol_sh,13:15,2,10000000.0,38.0,A
posrange_lovol_sh|E13|k2|N10|A,479,10,S,0.61,-37.39,50.1,32.2,0.41,-61.1,1.72,-0.51,False,posrange_lovol_sh,13:15,2,10000000.0,38.0,A
orb_minus_width|E13|k2|N10|A,480,10,L,1.59,-36.41,51.5,51.0,0.68,-60.2,0.77,2.42,True,orb_minus_width,13:15,2,10000000.0,38.0,A
orb_plus_width|E13|k2|N10|A,480,10,L,-0.18,-38.18,50.4,60.8,-0.06,-62.0,-1.32,0.97,False,orb_plus_width,13:15,2,10000000.0,38.0,A
orb_plus_width_sh|E13|k2|N10|A,480,10,S,0.18,-37.82,49.6,60.8,0.06,-61.7,1.32,-0.97,False,orb_plus_width_sh,13:15,2,10000000.0,38.0,A
orb_minus_width_sh|E13|k2|N10|A,480,10,S,-1.59,-39.59,48.5,51.0,-0.68,-63.3,-0.77,-2.42,True,orb_minus_width_sh,13:15,2,10000000.0,38.0,A
orb_minus_d20|E13|k2|N10|A,469,10,L,-0.18,-38.18,50.7,60.3,-0.07,-62.0,-5.11,4.77,False,orb_minus_d20,13:15,2,10000000.0,38.0,A
orb_plus_d20|E13|k2|N10|A,469,10,L,-1.56,-39.56,50.3,63.6,-0.53,-63.4,-1.09,-2.03,True,orb_plus_d20,13:15,2,10000000.0,38.0,A
orb_plus_d20_sh|E13|k2|N10|A,469,10,S,1.56,-36.44,49.7,63.6,0.53,-60.3,1.09,2.03,True,orb_plus_d20_sh,13:15,2,10000000.0,38.0,A
orb_plus_pct52|E13|k2|N10|A,430,10,L,1.14,-36.86,50.5,46.0,0.51,-60.7,0.52,1.76,True,orb_plus_pct52,13:15,2,10000000.0,38.0,A
orb_plus_pct52_sh|E13|k2|N10|A,430,10,S,-1.14,-39.14,49.5,46.0,-0.51,-62.9,-0.52,-1.76,True,orb_plus_pct52_sh,13:15,2,10000000.0,38.0,A
compress_then_pos|E13|k2|N10|A,480,10,L,1.59,-36.41,51.5,51.0,0.68,-60.2,0.77,2.42,True,compress_then_pos,13:15,2,10000000.0,38.0,A
compress_then_pos_sh|E13|k2|N10|A,480,10,S,-1.59,-39.59,48.5,51.0,-0.68,-63.3,-0.77,-2.42,True,compress_then_pos_sh,13:15,2,10000000.0,38.0,A
expand_then_pos|E13|k2|N10|A,480,10,L,-0.18,-38.18,50.4,60.8,-0.06,-62.0,-1.32,0.97,False,expand_then_pos,13:15,2,10000000.0,38.0,A
expand_then_pos_sh|E13|k2|N10|A,480,10,S,0.18,-37.82,49.6,60.8,0.06,-61.7,1.32,-0.97,False,expand_then_pos_sh,13:15,2,10000000.0,38.0,A
orb_up|E13|k2|N20|A,480,20,L,1.47,-36.53,50.8,47.2,0.68,-60.4,-1.69,4.65,False,orb_up,13:15,2,10000000.0,38.0,A
orb_up_sh|E13|k2|N20|A,480,20,S,-1.47,-39.47,49.2,47.2,-0.68,-63.2,1.69,-4.65,False,orb_up_sh,13:15,2,10000000.0,38.0,A
orb_dn_sh|E13|k2|N20|A,480,20,S,-1.75,-39.75,45.0,45.9,-0.83,-63.4,0.62,-4.14,False,orb_dn_sh,13:15,2,10000000.0,38.0,A
orb_dn_lg|E13|k2|N20|A,480,20,L,1.75,-36.25,55.0,45.9,0.83,-60.1,-0.62,4.14,False,orb_dn_lg,13:15,2,10000000.0,38.0,A
orb_up_sig|E13|k2|N20|A,480,20,L,1.55,-36.45,52.9,46.3,0.73,-60.3,-1.39,4.51,False,orb_up_sig,13:15,2,10000000.0,38.0,A
orb_up_sig_sh|E13|k2|N20|A,480,20,S,-1.55,-39.55,47.1,46.3,-0.73,-63.3,1.39,-4.51,False,orb_up_sig_sh,13:15,2,10000000.0,38.0,A
orb_dn_sig_sh|E13|k2|N20|A,480,20,S,-1.97,-39.97,48.1,45.8,-0.94,-63.6,0.12,-4.07,False,orb_dn_sig_sh,13:15,2,10000000.0,38.0,A
orb_dn_sig_lg|E13|k2|N20|A,480,20,L,1.97,-36.03,51.9,45.8,0.94,-59.8,-0.12,4.07,False,orb_dn_sig_lg,13:15,2,10000000.0,38.0,A
pos_in_or|E13|k2|N20|A,480,20,L,1.47,-36.53,50.8,47.2,0.68,-60.4,-1.69,4.65,False,pos_in_or,13:15,2,10000000.0,38.0,A
pos_in_or_sh|E13|k2|N20|A,480,20,S,-1.47,-39.47,49.2,47.2,-0.68,-63.2,1.69,-4.65,False,pos_in_or_sh,13:15,2,10000000.0,38.0,A
pos_in_or_lo|E13|k2|N20|A,480,20,L,1.75,-36.25,55.0,45.9,0.83,-60.1,-0.62,4.14,False,pos_in_or_lo,13:15,2,10000000.0,38.0,A
pos_in_or_lo_sh|E13|k2|N20|A,480,20,S,-1.75,-39.75,45.0,45.9,-0.83,-63.4,0.62,-4.14,False,pos_in_or_lo_sh,13:15,2,10000000.0,38.0,A
or_close_pos|E13|k2|N20|A,480,20,L,1.81,-36.19,54.0,41.9,0.94,-60.0,-1.27,4.9,False,or_close_pos,13:15,2,10000000.0,38.0,A
or_close_pos_lo|E13|k2|N20|A,480,20,L,-0.24,-38.24,52.3,40.1,-0.13,-62.0,-2.76,2.3,False,or_close_pos_lo,13:15,2,10000000.0,38.0,A
or_close_pos_sh|E13|k2|N20|A,480,20,S,-1.81,-39.81,46.0,41.9,-0.94,-63.5,1.27,-4.9,False,or_close_pos_sh,13:15,2,10000000.0,38.0,A
posrange_hi|E13|k2|N20|A,480,20,L,1.53,-36.47,54.2,42.7,0.78,-60.3,-0.55,3.62,False,posrange_hi,13:15,2,10000000.0,38.0,A
posrange_hi_sh|E13|k2|N20|A,480,20,S,-1.53,-39.53,45.8,42.7,-0.78,-63.2,0.55,-3.62,False,posrange_hi_sh,13:15,2,10000000.0,38.0,A
posrange_lo|E13|k2|N20|A,480,20,L,0.35,-37.65,51.0,42.9,0.18,-61.4,-2.45,3.17,False,posrange_lo,13:15,2,10000000.0,38.0,A
posrange_lo_sh|E13|k2|N20|A,480,20,S,-0.35,-38.35,49.0,42.9,-0.18,-62.1,2.45,-3.17,False,posrange_lo_sh,13:15,2,10000000.0,38.0,A
today_sofar|E13|k2|N20|A,480,20,L,1.94,-36.06,52.9,55.9,0.76,-59.9,-0.7,4.61,False,today_sofar,13:15,2,10000000.0,38.0,A
today_sofar_sh|E13|k2|N20|A,480,20,S,-1.94,-39.94,47.1,55.9,-0.76,-63.7,0.7,-4.61,False,today_sofar_sh,13:15,2,10000000.0,38.0,A
today_sofar_lo|E13|k2|N20|A,480,20,L,-3.8,-41.8,44.8,53.1,-1.57,-65.3,-7.05,-0.52,True,today_sofar_lo,13:15,2,10000000.0,38.0,A
or_ret|E13|k2|N20|A,480,20,L,1.17,-36.83,51.9,53.9,0.47,-60.7,-0.76,3.11,False,or_ret,13:15,2,10000000.0,38.0,A
or_ret_sh|E13|k2|N20|A,480,20,S,-1.17,-39.17,48.1,53.9,-0.47,-62.9,0.76,-3.11,False,or_ret_sh,13:15,2,10000000.0,38.0,A
orbT_up|E13|k2|N20|A,460,20,L,3.49,-34.51,52.4,49.6,1.51,-58.3,1.19,5.81,True,orbT_up,13:15,2,10000000.0,38.0,A
orbT_up_sh|E13|k2|N20|A,460,20,S,-3.49,-41.49,47.6,49.6,-1.51,-65.0,-1.19,-5.81,True,orbT_up_sh,13:15,2,10000000.0,38.0,A
orbT_dn_sh|E13|k2|N20|A,471,20,S,-1.71,-39.71,45.2,46.7,-0.79,-63.4,0.37,-3.79,False,orbT_dn_sh,13:15,2,10000000.0,38.0,A
orbT_dn_lg|E13|k2|N20|A,471,20,L,1.71,-36.29,54.8,46.7,0.79,-60.1,-0.37,3.79,False,orbT_dn_lg,13:15,2,10000000.0,38.0,A
orbT_up_small|E13|k2|N20|A,460,20,L,3.94,-34.06,55.9,46.9,1.8,-57.8,2.55,5.34,True,orbT_up_small,13:15,2,10000000.0,38.0,A
orbT_up_small_sh|E13|k2|N20|A,460,20,S,-3.94,-41.94,44.1,46.9,-1.8,-65.4,-2.55,-5.34,True,orbT_up_small_sh,13:15,2,10000000.0,38.0,A
orbT_dn_small_sh|E13|k2|N20|A,471,20,S,3.42,-34.58,52.2,46.7,1.59,-58.3,4.92,1.91,True,orbT_dn_small_sh,13:15,2,10000000.0,38.0,A
orbT_dn_small_lg|E13|k2|N20|A,471,20,L,-3.42,-41.42,47.8,46.7,-1.59,-65.0,-4.92,-1.91,True,orbT_dn_small_lg,13:15,2,10000000.0,38.0,A
inside_posor|E13|k2|N20|A,480,20,L,1.57,-36.43,53.3,40.3,0.85,-60.2,0.34,2.81,True,inside_posor,13:15,2,10000000.0,38.0,A
inside_posor_sh|E13|k2|N20|A,480,20,S,-1.57,-39.57,46.7,40.3,-0.85,-63.3,-0.34,-2.81,True,inside_posor_sh,13:15,2,10000000.0,38.0,A
inside_posor_lo|E13|k2|N20|A,480,20,L,-5.49,-43.49,45.4,40.8,-2.95,-66.7,-7.95,-3.01,True,inside_posor_lo,13:15,2,10000000.0,38.0,A
or_wide|E13|k2|N20|A,480,20,L,-2.1,-40.1,49.2,46.6,-0.98,-63.8,-2.04,-2.15,True,or_wide,13:15,2,10000000.0,38.0,A
or_wide_sh|E13|k2|N20|A,480,20,S,2.1,-35.9,50.8,46.6,0.98,-59.7,2.04,2.15,True,or_wide_sh,13:15,2,10000000.0,38.0,A
or_narrow|E13|k2|N20|A,480,20,L,-1.21,-39.21,49.2,39.8,-0.66,-62.9,-3.52,1.13,False,or_narrow,13:15,2,10000000.0,38.0,A
or_narrow_sh|E13|k2|N20|A,480,20,S,1.21,-36.79,50.8,39.8,0.66,-60.6,3.52,-1.13,False,or_narrow_sh,13:15,2,10000000.0,38.0,A
or_wrel_hi|E13|k2|N20|A,480,20,L,-2.08,-40.08,50.4,48.8,-0.93,-63.8,-2.05,-2.11,True,or_wrel_hi,13:15,2,10000000.0,38.0,A
or_wrel_lo|E13|k2|N20|A,480,20,L,-0.71,-38.71,49.2,43.9,-0.36,-62.5,-3.52,2.11,False,or_wrel_lo,13:15,2,10000000.0,38.0,A
or_wrel_hi_sh|E13|k2|N20|A,480,20,S,2.08,-35.92,49.6,48.8,0.93,-59.7,2.05,2.11,True,or_wrel_hi_sh,13:15,2,10000000.0,38.0,A
or_wrel_lo_sh|E13|k2|N20|A,480,20,S,0.71,-37.29,50.8,43.9,0.36,-61.1,3.52,-2.11,False,or_wrel_lo_sh,13:15,2,10000000.0,38.0,A
rng_expand|E13|k2|N20|A,480,20,L,-1.71,-39.71,50.6,47.5,-0.79,-63.4,-2.73,-0.67,True,rng_expand,13:15,2,10000000.0,38.0,A
rng_expand_sh|E13|k2|N20|A,480,20,S,1.71,-36.29,49.4,47.5,0.79,-60.1,2.73,0.67,True,rng_expand_sh,13:15,2,10000000.0,38.0,A
rng_compress|E13|k2|N20|A,480,20,L,-2.03,-40.03,47.7,38.0,-1.17,-63.7,-5.18,1.15,False,rng_compress,13:15,2,10000000.0,38.0,A
rng_compress_sh|E13|k2|N20|A,480,20,S,2.03,-35.97,52.3,38.0,1.17,-59.7,5.18,-1.15,False,rng_compress_sh,13:15,2,10000000.0,38.0,A
vol20_hi|E13|k2|N20|A,479,20,L,-7.89,-45.89,46.6,61.6,-2.8,-68.8,-12.29,-3.46,True,vol20_hi,13:15,2,10000000.0,38.0,A
vol20_hi_sh|E13|k2|N20|A,479,20,S,7.89,-30.11,53.4,61.6,2.8,-53.5,12.29,3.46,True,vol20_hi_sh,13:15,2,10000000.0,38.0,A
vol20_lo|E13|k2|N20|A,479,20,L,-0.02,-38.02,52.0,20.9,-0.02,-61.7,0.44,-0.48,False,vol20_lo,13:15,2,10000000.0,38.0,A
vol20_lo_sh|E13|k2|N20|A,479,20,S,0.02,-37.98,48.0,20.9,0.02,-61.7,-0.44,0.48,False,vol20_lo_sh,13:15,2,10000000.0,38.0,A
atr_hi|E13|k2|N20|A,480,20,L,-8.09,-46.09,43.3,62.8,-2.82,-68.9,-12.31,-3.84,True,atr_hi,13:15,2,10000000.0,38.0,A
atr_lo|E13|k2|N20|A,480,20,L,1.54,-36.46,57.7,18.9,1.79,-60.2,2.09,0.99,True,atr_lo,13:15,2,10000000.0,38.0,A
atr_hi_sh|E13|k2|N20|A,480,20,S,8.09,-29.91,56.7,62.8,2.82,-53.2,12.31,3.84,True,atr_hi_sh,13:15,2,10000000.0,38.0,A
fail_up_sh|E13|k2|N20|A,476,20,S,0.41,-37.59,48.9,45.8,0.2,-61.4,2.81,-2.01,False,fail_up_sh,13:15,2,10000000.0,38.0,A
fail_up_lg|E13|k2|N20|A,476,20,L,-0.41,-38.41,51.1,45.8,-0.2,-62.2,-2.81,2.01,False,fail_up_lg,13:15,2,10000000.0,38.0,A
fail_dn_lg|E13|k2|N20|A,479,20,L,0.15,-37.85,50.3,44.4,0.07,-61.6,-2.77,3.08,False,fail_dn_lg,13:15,2,10000000.0,38.0,A
fail_dn_sh|E13|k2|N20|A,479,20,S,-0.15,-38.15,49.7,44.4,-0.07,-61.9,2.77,-3.08,False,fail_dn_sh,13:15,2,10000000.0,38.0,A
giveback_up_sh|E13|k2|N20|A,480,20,S,-1.51,-39.51,46.2,44.0,-0.75,-63.2,-0.37,-2.66,True,giveback_up_sh,13:15,2,10000000.0,38.0,A
giveback_up_lg|E13|k2|N20|A,480,20,L,1.51,-36.49,53.8,44.0,0.75,-60.3,0.37,2.66,True,giveback_up_lg,13:15,2,10000000.0,38.0,A
giveback_dn_lg|E13|k2|N20|A,480,20,L,-0.14,-38.14,50.4,44.0,-0.07,-61.9,-3.17,2.92,False,giveback_dn_lg,13:15,2,10000000.0,38.0,A
giveback_dn_sh|E13|k2|N20|A,480,20,S,0.14,-37.86,49.6,44.0,0.07,-61.7,3.17,-2.92,False,giveback_dn_sh,13:15,2,10000000.0,38.0,A
poke_up|E13|k2|N20|A,480,20,L,-0.16,-38.16,51.2,48.1,-0.07,-62.0,-3.79,3.51,False,poke_up,13:15,2,10000000.0,38.0,A
poke_up_sh|E13|k2|N20|A,480,20,S,0.16,-37.84,48.8,48.1,0.07,-61.6,3.79,-3.51,False,poke_up_sh,13:15,2,10000000.0,38.0,A
poke_dn_sh|E13|k2|N20|A,480,20,S,-1.42,-39.42,49.6,45.8,-0.68,-63.1,0.58,-3.44,False,poke_dn_sh,13:15,2,10000000.0,38.0,A
poke_dn_lg|E13|k2|N20|A,480,20,L,1.42,-36.58,50.4,45.8,0.68,-60.4,-0.58,3.44,False,poke_dn_lg,13:15,2,10000000.0,38.0,A
ext_up_sh|E13|k2|N20|A,480,20,S,-1.5,-39.5,46.2,44.0,-0.75,-63.2,-0.37,-2.65,True,ext_up_sh,13:15,2,10000000.0,38.0,A
ext_up_lg|E13|k2|N20|A,480,20,L,1.5,-36.5,53.8,44.0,0.75,-60.3,0.37,2.65,True,ext_up_lg,13:15,2,10000000.0,38.0,A
held_up|E13|k2|N20|A,460,20,L,3.47,-34.53,52.4,49.6,1.5,-58.3,1.14,5.81,True,held_up,13:15,2,10000000.0,38.0,A
held_up_sh|E13|k2|N20|A,460,20,S,-3.47,-41.47,47.6,49.6,-1.5,-65.0,-1.14,-5.81,True,held_up_sh,13:15,2,10000000.0,38.0,A
held_dn_sh|E13|k2|N20|A,471,20,S,-1.69,-39.69,45.2,46.7,-0.79,-63.4,0.38,-3.77,False,held_dn_sh,13:15,2,10000000.0,38.0,A
held_dn_lg|E13|k2|N20|A,471,20,L,1.69,-36.31,54.8,46.7,0.79,-60.1,-0.38,3.77,False,held_dn_lg,13:15,2,10000000.0,38.0,A
rvol_hi|E13|k2|N20|A,480,20,L,-3.8,-41.8,48.5,51.0,-1.63,-65.3,-5.89,-1.7,True,rvol_hi,13:15,2,10000000.0,38.0,A
rvol_hi_sh|E13|k2|N20|A,480,20,S,3.8,-34.2,51.5,51.0,1.63,-58.0,5.89,1.7,True,rvol_hi_sh,13:15,2,10000000.0,38.0,A
rvol_lo|E13|k2|N20|A,480,20,L,-1.93,-39.93,49.4,42.2,-1.0,-63.6,-3.55,-0.29,True,rvol_lo,13:15,2,10000000.0,38.0,A
rvol_lo_sh|E13|k2|N20|A,480,20,S,1.93,-36.07,50.6,42.2,1.0,-59.9,3.55,0.29,True,rvol_lo_sh,13:15,2,10000000.0,38.0,A
orb_vol125|E13|k2|N20|A,446,20,L,3.02,-34.98,52.7,53.1,1.2,-58.8,0.26,5.81,True,orb_vol125,13:15,2,10000000.0,38.0,A
orb_vol125_sh|E13|k2|N20|A,446,20,S,-3.02,-41.02,47.3,53.1,-1.2,-64.6,-0.26,-5.81,True,orb_vol125_sh,13:15,2,10000000.0,38.0,A
orbdn_vol125_sh|E13|k2|N20|A,420,20,S,-0.46,-38.46,50.2,49.9,-0.19,-62.2,1.58,-2.51,False,orbdn_vol125_sh,13:15,2,10000000.0,38.0,A
orbdn_vol125_lg|E13|k2|N20|A,420,20,L,0.46,-37.54,49.8,49.9,0.19,-61.4,-1.58,2.51,False,orbdn_vol125_lg,13:15,2,10000000.0,38.0,A
orb_vol15|E13|k2|N20|A,433,20,L,3.6,-34.4,53.6,55.4,1.35,-58.2,-0.04,7.25,False,orb_vol15,13:15,2,10000000.0,38.0,A
orb_vol15_sh|E13|k2|N20|A,433,20,S,-3.6,-41.6,46.4,55.4,-1.35,-65.2,0.04,-7.25,False,orb_vol15_sh,13:15,2,10000000.0,38.0,A
orbdn_vol15_sh|E13|k2|N20|A,364,20,S,-1.71,-39.71,48.9,52.5,-0.62,-63.4,-0.51,-2.93,True,orbdn_vol15_sh,13:15,2,10000000.0,38.0,A
orbdn_vol15_lg|E13|k2|N20|A,364,20,L,1.71,-36.29,51.1,52.5,0.62,-60.1,0.51,2.93,True,orbdn_vol15_lg,13:15,2,10000000.0,38.0,A
orb_vol20|E13|k2|N20|A,386,20,L,2.91,-35.09,54.4,56.1,1.02,-58.9,-1.8,7.68,False,orb_vol20,13:15,2,10000000.0,38.0,A
orb_vol20_sh|E13|k2|N20|A,386,20,S,-2.91,-40.91,45.6,56.1,-1.02,-64.6,1.8,-7.68,False,orb_vol20_sh,13:15,2,10000000.0,38.0,A
orbdn_vol20_sh|E13|k2|N20|A,240,20,S,-0.12,-38.12,51.7,64.2,-0.03,-62.0,4.06,-4.37,False,orbdn_vol20_sh,13:15,2,10000000.0,38.0,A
orbdn_vol20_lg|E13|k2|N20|A,240,20,L,0.12,-37.88,48.3,64.2,0.03,-61.8,-4.06,4.37,False,orbdn_vol20_lg,13:15,2,10000000.0,38.0,A
orb_x_rvol|E13|k2|N20|A,480,20,L,-1.85,-39.85,47.5,49.8,-0.81,-63.6,-3.86,0.18,False,orb_x_rvol,13:15,2,10000000.0,38.0,A
orb_x_rvol_sh|E13|k2|N20|A,480,20,S,1.85,-36.15,52.5,49.8,0.81,-60.0,3.86,-0.18,False,orb_x_rvol_sh,13:15,2,10000000.0,38.0,A
orb_novol|E13|k2|N20|A,363,20,L,1.26,-36.74,54.0,42.9,0.56,-60.5,-0.31,2.83,False,orb_novol,13:15,2,10000000.0,38.0,A
orb_novol_sh|E13|k2|N20|A,363,20,S,-1.26,-39.26,46.0,42.9,-0.56,-63.0,0.31,-2.83,False,orb_novol_sh,13:15,2,10000000.0,38.0,A
orb_wideOR|E13|k2|N20|A,364,20,L,5.11,-32.89,57.1,52.0,1.87,-56.6,1.78,8.48,True,orb_wideOR,13:15,2,10000000.0,38.0,A
orb_wideOR_sh|E13|k2|N20|A,364,20,S,-5.11,-43.11,42.9,52.0,-1.87,-66.5,-1.78,-8.48,True,orb_wideOR_sh,13:15,2,10000000.0,38.0,A
orb_narrowOR|E13|k2|N20|A,400,20,L,1.87,-36.13,54.8,45.1,0.83,-59.9,-0.15,3.92,False,orb_narrowOR,13:15,2,10000000.0,38.0,A
orb_narrowOR_sh|E13|k2|N20|A,400,20,S,-1.87,-39.87,45.2,45.1,-0.83,-63.6,0.15,-3.92,False,orb_narrowOR_sh,13:15,2,10000000.0,38.0,A
orbdn_wideOR_sh|E13|k2|N20|A,331,20,S,3.0,-35.0,51.1,55.4,0.98,-58.8,6.4,-0.42,False,orbdn_wideOR_sh,13:15,2,10000000.0,38.0,A
orbdn_narrowOR_sh|E13|k2|N20|A,440,20,S,0.42,-37.58,47.0,47.2,0.19,-61.4,0.07,0.77,True,orbdn_narrowOR_sh,13:15,2,10000000.0,38.0,A
orbdn_wideOR_lg|E13|k2|N20|A,331,20,L,-3.0,-41.0,48.9,55.4,-0.98,-64.6,-6.4,0.42,False,orbdn_wideOR_lg,13:15,2,10000000.0,38.0,A
orbdn_narrowOR_lg|E13|k2|N20|A,440,20,L,-0.42,-38.42,53.0,47.2,-0.19,-62.2,-0.07,-0.77,True,orbdn_narrowOR_lg,13:15,2,10000000.0,38.0,A
orb_coiled|E13|k2|N20|A,407,20,L,3.56,-34.44,55.8,44.6,1.61,-58.2,0.69,6.44,True,orb_coiled,13:15,2,10000000.0,38.0,A
orb_coiled_sh|E13|k2|N20|A,407,20,S,-3.56,-41.56,44.2,44.6,-1.61,-65.1,-0.69,-6.44,True,orb_coiled_sh,13:15,2,10000000.0,38.0,A
orbdn_coiled_sh|E13|k2|N20|A,434,20,S,0.66,-37.34,48.8,47.9,0.29,-61.2,0.78,0.55,True,orbdn_coiled_sh,13:15,2,10000000.0,38.0,A
orb_gapup|E13|k2|N20|A,265,20,L,7.98,-30.02,57.4,56.4,2.3,-53.3,3.66,12.33,True,orb_gapup,13:15,2,10000000.0,38.0,A
orb_gapup_sh|E13|k2|N20|A,265,20,S,-7.98,-45.98,42.6,56.4,-2.3,-68.8,-3.66,-12.33,True,orb_gapup_sh,13:15,2,10000000.0,38.0,A
orb_nogap|E13|k2|N20|A,412,20,L,0.97,-37.03,54.1,43.5,0.45,-60.8,-4.63,6.63,False,orb_nogap,13:15,2,10000000.0,38.0,A
orb_nogap_sh|E13|k2|N20|A,412,20,S,-0.97,-38.97,45.9,43.5,-0.45,-62.7,4.63,-6.63,False,orb_nogap_sh,13:15,2,10000000.0,38.0,A
orb_gapdn|E13|k2|N20|A,134,20,L,4.43,-33.57,54.5,60.6,0.85,-57.3,11.14,-2.5,False,orb_gapdn,13:15,2,10000000.0,38.0,A
orb_gapdn_sh|E13|k2|N20|A,134,20,S,-4.43,-42.43,45.5,60.6,-0.85,-65.9,-11.14,2.5,False,orb_gapdn_sh,13:15,2,10000000.0,38.0,A
orbdn_gapdn_sh|E13|k2|N20|A,159,20,S,-3.18,-41.18,53.5,65.9,-0.61,-64.8,-7.41,1.1,False,orbdn_gapdn_sh,13:15,2,10000000.0,38.0,A
orbdn_gapdn_lg|E13|k2|N20|A,159,20,L,3.18,-34.82,46.5,65.9,0.61,-58.7,7.41,-1.1,False,orbdn_gapdn_lg,13:15,2,10000000.0,38.0,A
orbdn_gapup_sh|E13|k2|N20|A,328,20,S,3.08,-34.92,53.4,53.7,1.04,-58.7,6.71,-0.59,False,orbdn_gapup_sh,13:15,2,10000000.0,38.0,A
gap_up|E13|k2|N20|A,480,20,L,-1.99,-39.99,51.2,47.8,-0.91,-63.7,-5.73,1.78,False,gap_up,13:15,2,10000000.0,38.0,A
gap_up_sh|E13|k2|N20|A,480,20,S,1.99,-36.01,48.8,47.8,0.91,-59.8,5.73,-1.78,False,gap_up_sh,13:15,2,10000000.0,38.0,A
gap_dn_lg|E13|k2|N20|A,480,20,L,0.01,-37.99,51.7,49.4,0.0,-61.8,1.41,-1.41,False,gap_dn_lg,13:15,2,10000000.0,38.0,A
gap_dn_sh|E13|k2|N20|A,480,20,S,-0.01,-38.01,48.3,49.4,-0.0,-61.8,-1.41,1.41,False,gap_dn_sh,13:15,2,10000000.0,38.0,A
orb_hivol|E13|k2|N20|A,379,20,L,6.13,-31.87,54.4,59.9,1.99,-55.5,5.38,6.89,True,orb_hivol,13:15,2,10000000.0,38.0,A
orb_hivol_sh|E13|k2|N20|A,379,20,S,-6.13,-44.13,45.6,59.9,-1.99,-67.3,-5.38,-6.89,True,orb_hivol_sh,13:15,2,10000000.0,38.0,A
orb_lovol|E13|k2|N20|A,379,20,L,1.55,-36.45,55.7,34.6,0.87,-60.2,-0.25,3.35,False,orb_lovol,13:15,2,10000000.0,38.0,A
orb_lovol_sh|E13|k2|N20|A,379,20,S,-1.55,-39.55,44.3,34.6,-0.87,-63.2,0.25,-3.35,False,orb_lovol_sh,13:15,2,10000000.0,38.0,A
orbdn_hivol_sh|E13|k2|N20|A,398,20,S,1.61,-36.39,54.3,59.9,0.54,-60.3,3.1,0.1,True,orbdn_hivol_sh,13:15,2,10000000.0,38.0,A
orbdn_lovol_sh|E13|k2|N20|A,394,20,S,0.15,-37.85,48.2,40.1,0.07,-61.6,0.49,-0.2,False,orbdn_lovol_sh,13:15,2,10000000.0,38.0,A
posrange_hivol|E13|k2|N20|A,479,20,L,0.84,-37.16,53.2,57.2,0.32,-61.0,-0.69,2.39,False,posrange_hivol,13:15,2,10000000.0,38.0,A
posrange_lovol|E13|k2|N20|A,479,20,L,-0.4,-38.4,51.6,31.9,-0.27,-62.1,-2.63,1.85,False,posrange_lovol,13:15,2,10000000.0,38.0,A
posrange_hivol_sh|E13|k2|N20|A,479,20,S,-0.84,-38.84,46.8,57.2,-0.32,-62.7,0.69,-2.39,False,posrange_hivol_sh,13:15,2,10000000.0,38.0,A
posrange_lovol_sh|E13|k2|N20|A,479,20,S,0.4,-37.6,48.4,31.9,0.27,-61.4,2.63,-1.85,False,posrange_lovol_sh,13:15,2,10000000.0,38.0,A
orb_minus_width|E13|k2|N20|A,480,20,L,0.38,-37.62,51.0,43.4,0.19,-61.4,-1.87,2.65,False,orb_minus_width,13:15,2,10000000.0,38.0,A
orb_plus_width|E13|k2|N20|A,480,20,L,-0.45,-38.45,54.4,47.9,-0.2,-62.2,-2.59,1.71,False,orb_plus_width,13:15,2,10000000.0,38.0,A
orb_plus_width_sh|E13|k2|N20|A,480,20,S,0.45,-37.55,45.6,47.9,0.2,-61.4,2.59,-1.71,False,orb_plus_width_sh,13:15,2,10000000.0,38.0,A
orb_minus_width_sh|E13|k2|N20|A,480,20,S,-0.38,-38.38,49.0,43.4,-0.19,-62.1,1.87,-2.65,False,orb_minus_width_sh,13:15,2,10000000.0,38.0,A
orb_minus_d20|E13|k2|N20|A,469,20,L,0.89,-37.11,53.9,52.0,0.37,-60.9,-3.25,5.06,False,orb_minus_d20,13:15,2,10000000.0,38.0,A
orb_plus_d20|E13|k2|N20|A,469,20,L,-1.0,-39.0,51.6,52.2,-0.41,-62.8,-2.01,0.01,False,orb_plus_d20,13:15,2,10000000.0,38.0,A
orb_plus_d20_sh|E13|k2|N20|A,469,20,S,1.0,-37.0,48.4,52.2,0.41,-60.8,2.01,-0.01,False,orb_plus_d20_sh,13:15,2,10000000.0,38.0,A
orb_plus_pct52|E13|k2|N20|A,430,20,L,1.73,-36.27,55.8,39.7,0.9,-60.1,1.5,1.96,True,orb_plus_pct52,13:15,2,10000000.0,38.0,A
orb_plus_pct52_sh|E13|k2|N20|A,430,20,S,-1.73,-39.73,44.2,39.7,-0.9,-63.4,-1.5,-1.96,True,orb_plus_pct52_sh,13:15,2,10000000.0,38.0,A
compress_then_pos|E13|k2|N20|A,480,20,L,0.38,-37.62,51.0,43.4,0.19,-61.4,-1.87,2.65,False,compress_then_pos,13:15,2,10000000.0,38.0,A
compress_then_pos_sh|E13|k2|N20|A,480,20,S,-0.38,-38.38,49.0,43.4,-0.19,-62.1,1.87,-2.65,False,compress_then_pos_sh,13:15,2,10000000.0,38.0,A
expand_then_pos|E13|k2|N20|A,480,20,L,-0.45,-38.45,54.4,47.9,-0.2,-62.2,-2.59,1.71,False,expand_then_pos,13:15,2,10000000.0,38.0,A
expand_then_pos_sh|E13|k2|N20|A,480,20,S,0.45,-37.55,45.6,47.9,0.2,-61.4,2.59,-1.71,False,expand_then_pos_sh,13:15,2,10000000.0,38.0,A
orb_up|E13|k2|N30|A,480,30,L,1.35,-36.65,54.0,44.1,0.67,-60.5,-1.35,4.08,False,orb_up,13:15,2,10000000.0,38.0,A
orb_up_sh|E13|k2|N30|A,480,30,S,-1.35,-39.35,46.0,44.1,-0.67,-63.1,1.35,-4.08,False,orb_up_sh,13:15,2,10000000.0,38.0,A
orb_dn_sh|E13|k2|N30|A,480,30,S,-0.98,-38.98,47.5,43.3,-0.49,-62.7,1.17,-3.14,False,orb_dn_sh,13:15,2,10000000.0,38.0,A
orb_dn_lg|E13|k2|N30|A,480,30,L,0.98,-37.02,52.5,43.3,0.49,-60.8,-1.17,3.14,False,orb_dn_lg,13:15,2,10000000.0,38.0,A
orb_up_sig|E13|k2|N30|A,480,30,L,1.89,-36.11,54.2,44.0,0.94,-59.9,-1.0,4.81,False,orb_up_sig,13:15,2,10000000.0,38.0,A
orb_up_sig_sh|E13|k2|N30|A,480,30,S,-1.89,-39.89,45.8,44.0,-0.94,-63.6,1.0,-4.81,False,orb_up_sig_sh,13:15,2,10000000.0,38.0,A
orb_dn_sig_sh|E13|k2|N30|A,480,30,S,-1.06,-39.06,46.5,42.6,-0.54,-62.8,0.35,-2.47,False,orb_dn_sig_sh,13:15,2,10000000.0,38.0,A
orb_dn_sig_lg|E13|k2|N30|A,480,30,L,1.06,-36.94,53.5,42.6,0.54,-60.7,-0.35,2.47,False,orb_dn_sig_lg,13:15,2,10000000.0,38.0,A
pos_in_or|E13|k2|N30|A,480,30,L,1.35,-36.65,54.0,44.1,0.67,-60.5,-1.35,4.08,False,pos_in_or,13:15,2,10000000.0,38.0,A
pos_in_or_sh|E13|k2|N30|A,480,30,S,-1.35,-39.35,46.0,44.1,-0.67,-63.1,1.35,-4.08,False,pos_in_or_sh,13:15,2,10000000.0,38.0,A
pos_in_or_lo|E13|k2|N30|A,480,30,L,0.98,-37.02,52.5,43.3,0.49,-60.8,-1.17,3.14,False,pos_in_or_lo,13:15,2,10000000.0,38.0,A
pos_in_or_lo_sh|E13|k2|N30|A,480,30,S,-0.98,-38.98,47.5,43.3,-0.49,-62.7,1.17,-3.14,False,pos_in_or_lo_sh,13:15,2,10000000.0,38.0,A
or_close_pos|E13|k2|N30|A,480,30,L,1.24,-36.76,53.5,41.3,0.66,-60.6,-1.2,3.7,False,or_close_pos,13:15,2,10000000.0,38.0,A
or_close_pos_lo|E13|k2|N30|A,480,30,L,-0.99,-38.99,51.7,40.3,-0.54,-62.7,-3.22,1.25,False,or_close_pos_lo,13:15,2,10000000.0,38.0,A
or_close_pos_sh|E13|k2|N30|A,480,30,S,-1.24,-39.24,46.5,41.3,-0.66,-62.9,1.2,-3.7,False,or_close_pos_sh,13:15,2,10000000.0,38.0,A
posrange_hi|E13|k2|N30|A,480,30,L,1.41,-36.59,54.4,41.7,0.74,-60.4,-0.99,3.83,False,posrange_hi,13:15,2,10000000.0,38.0,A
posrange_hi_sh|E13|k2|N30|A,480,30,S,-1.41,-39.41,45.6,41.7,-0.74,-63.1,0.99,-3.83,False,posrange_hi_sh,13:15,2,10000000.0,38.0,A
posrange_lo|E13|k2|N30|A,480,30,L,-0.58,-38.58,52.1,42.0,-0.3,-62.3,-3.08,1.94,False,posrange_lo,13:15,2,10000000.0,38.0,A
posrange_lo_sh|E13|k2|N30|A,480,30,S,0.58,-37.42,47.9,42.0,0.3,-61.2,3.08,-1.94,False,posrange_lo_sh,13:15,2,10000000.0,38.0,A
today_sofar|E13|k2|N30|A,480,30,L,1.19,-36.81,51.5,51.1,0.51,-60.7,-0.47,2.85,False,today_sofar,13:15,2,10000000.0,38.0,A
today_sofar_sh|E13|k2|N30|A,480,30,S,-1.19,-39.19,48.5,51.1,-0.51,-62.9,0.47,-2.85,False,today_sofar_sh,13:15,2,10000000.0,38.0,A
today_sofar_lo|E13|k2|N30|A,480,30,L,-3.17,-41.17,46.5,49.9,-1.39,-64.7,-5.51,-0.81,True,today_sofar_lo,13:15,2,10000000.0,38.0,A
or_ret|E13|k2|N30|A,480,30,L,0.59,-37.41,51.7,49.7,0.26,-61.2,-1.04,2.24,False,or_ret,13:15,2,10000000.0,38.0,A
or_ret_sh|E13|k2|N30|A,480,30,S,-0.59,-38.59,48.3,49.7,-0.26,-62.4,1.04,-2.24,False,or_ret_sh,13:15,2,10000000.0,38.0,A
orbT_up|E13|k2|N30|A,446,30,L,3.42,-34.58,56.1,46.5,1.55,-58.3,0.11,6.77,True,orbT_up,13:15,2,10000000.0,38.0,A
orbT_up_sh|E13|k2|N30|A,446,30,S,-3.42,-41.42,43.9,46.5,-1.55,-65.0,-0.11,-6.77,True,orbT_up_sh,13:15,2,10000000.0,38.0,A
orbT_dn_sh|E13|k2|N30|A,456,30,S,-1.16,-39.16,47.6,45.3,-0.54,-62.9,-0.4,-1.92,True,orbT_dn_sh,13:15,2,10000000.0,38.0,A
orbT_dn_lg|E13|k2|N30|A,456,30,L,1.16,-36.84,52.4,45.3,0.54,-60.7,0.4,1.92,True,orbT_dn_lg,13:15,2,10000000.0,38.0,A
orbT_up_small|E13|k2|N30|A,446,30,L,4.18,-33.82,56.3,46.1,1.92,-57.5,1.3,7.09,True,orbT_up_small,13:15,2,10000000.0,38.0,A
orbT_up_small_sh|E13|k2|N30|A,446,30,S,-4.18,-42.18,43.7,46.1,-1.92,-65.6,-1.3,-7.09,True,orbT_up_small_sh,13:15,2,10000000.0,38.0,A
orbT_dn_small_sh|E13|k2|N30|A,456,30,S,2.61,-35.39,50.4,46.7,1.19,-59.2,2.95,2.27,True,orbT_dn_small_sh,13:15,2,10000000.0,38.0,A
orbT_dn_small_lg|E13|k2|N30|A,456,30,L,-2.61,-40.61,49.6,46.7,-1.19,-64.2,-2.95,-2.27,True,orbT_dn_small_lg,13:15,2,10000000.0,38.0,A
inside_posor|E13|k2|N30|A,480,30,L,1.25,-36.75,54.0,40.6,0.67,-60.5,0.27,2.24,True,inside_posor,13:15,2,10000000.0,38.0,A
inside_posor_sh|E13|k2|N30|A,480,30,S,-1.25,-39.25,46.0,40.6,-0.67,-63.0,-0.27,-2.24,True,inside_posor_sh,13:15,2,10000000.0,38.0,A
inside_posor_lo|E13|k2|N30|A,480,30,L,-5.36,-43.36,47.1,41.1,-2.86,-66.6,-7.68,-3.02,True,inside_posor_lo,13:15,2,10000000.0,38.0,A
or_wide|E13|k2|N30|A,480,30,L,-2.14,-40.14,49.2,44.4,-1.06,-63.8,-2.21,-2.07,True,or_wide,13:15,2,10000000.0,38.0,A
or_wide_sh|E13|k2|N30|A,480,30,S,2.14,-35.86,50.8,44.4,1.06,-59.7,2.21,2.07,True,or_wide_sh,13:15,2,10000000.0,38.0,A
or_narrow|E13|k2|N30|A,480,30,L,-1.18,-39.18,47.7,40.1,-0.65,-62.9,-3.18,0.83,False,or_narrow,13:15,2,10000000.0,38.0,A
or_narrow_sh|E13|k2|N30|A,480,30,S,1.18,-36.82,52.3,40.1,0.65,-60.6,3.18,-0.83,False,or_narrow_sh,13:15,2,10000000.0,38.0,A
or_wrel_hi|E13|k2|N30|A,480,30,L,-1.37,-39.37,53.1,45.2,-0.67,-63.1,-2.03,-0.71,True,or_wrel_hi,13:15,2,10000000.0,38.0,A
or_wrel_lo|E13|k2|N30|A,480,30,L,-1.17,-39.17,47.7,43.3,-0.59,-62.9,-4.19,1.87,False,or_wrel_lo,13:15,2,10000000.0,38.0,A
or_wrel_hi_sh|E13|k2|N30|A,480,30,S,1.37,-36.63,46.9,45.2,0.67,-60.4,2.03,0.71,True,or_wrel_hi_sh,13:15,2,10000000.0,38.0,A
or_wrel_lo_sh|E13|k2|N30|A,480,30,S,1.17,-36.83,52.3,43.3,0.59,-60.6,4.19,-1.87,False,or_wrel_lo_sh,13:15,2,10000000.0,38.0,A
rng_expand|E13|k2|N30|A,480,30,L,-1.3,-39.3,51.0,44.8,-0.63,-63.0,-3.08,0.5,False,rng_expand,13:15,2,10000000.0,38.0,A
rng_expand_sh|E13|k2|N30|A,480,30,S,1.3,-36.7,49.0,44.8,0.63,-60.5,3.08,-0.5,False,rng_expand_sh,13:15,2,10000000.0,38.0,A
rng_compress|E13|k2|N30|A,480,30,L,-1.55,-39.55,49.6,40.0,-0.85,-63.2,-4.48,1.41,False,rng_compress,13:15,2,10000000.0,38.0,A
rng_compress_sh|E13|k2|N30|A,480,30,S,1.55,-36.45,50.4,40.0,0.85,-60.2,4.48,-1.41,False,rng_compress_sh,13:15,2,10000000.0,38.0,A
vol20_hi|E13|k2|N30|A,479,30,L,-6.85,-44.85,45.5,58.5,-2.56,-67.9,-10.22,-3.47,True,vol20_hi,13:15,2,10000000.0,38.0,A
vol20_hi_sh|E13|k2|N30|A,479,30,S,6.85,-31.15,54.5,58.5,2.56,-54.6,10.22,3.47,True,vol20_hi_sh,13:15,2,10000000.0,38.0,A
vol20_lo|E13|k2|N30|A,479,30,L,0.15,-37.85,52.8,23.6,0.14,-61.6,0.13,0.16,True,vol20_lo,13:15,2,10000000.0,38.0,A
vol20_lo_sh|E13|k2|N30|A,479,30,S,-0.15,-38.15,47.2,23.6,-0.14,-61.9,-0.13,-0.16,True,vol20_lo_sh,13:15,2,10000000.0,38.0,A
atr_hi|E13|k2|N30|A,480,30,L,-6.4,-44.4,44.8,59.7,-2.35,-67.6,-9.52,-3.26,True,atr_hi,13:15,2,10000000.0,38.0,A
atr_lo|E13|k2|N30|A,480,30,L,0.45,-37.55,51.9,22.3,0.44,-61.3,0.78,0.11,True,atr_lo,13:15,2,10000000.0,38.0,A
atr_hi_sh|E13|k2|N30|A,480,30,S,6.4,-31.6,55.2,59.7,2.35,-55.2,9.52,3.26,True,atr_hi_sh,13:15,2,10000000.0,38.0,A
fail_up_sh|E13|k2|N30|A,464,30,S,-0.4,-38.4,47.8,43.7,-0.19,-62.2,1.07,-1.88,False,fail_up_sh,13:15,2,10000000.0,38.0,A
fail_up_lg|E13|k2|N30|A,464,30,L,0.4,-37.6,52.2,43.7,0.19,-61.4,-1.07,1.88,False,fail_up_lg,13:15,2,10000000.0,38.0,A
fail_dn_lg|E13|k2|N30|A,473,30,L,-0.82,-38.82,52.6,42.8,-0.42,-62.6,-4.26,2.63,False,fail_dn_lg,13:15,2,10000000.0,38.0,A
fail_dn_sh|E13|k2|N30|A,473,30,S,0.82,-37.18,47.4,42.8,0.42,-61.0,4.26,-2.63,False,fail_dn_sh,13:15,2,10000000.0,38.0,A
giveback_up_sh|E13|k2|N30|A,480,30,S,-1.56,-39.56,46.2,42.0,-0.81,-63.3,-0.12,-3.01,True,giveback_up_sh,13:15,2,10000000.0,38.0,A
giveback_up_lg|E13|k2|N30|A,480,30,L,1.56,-36.44,53.8,42.0,0.81,-60.2,0.12,3.01,True,giveback_up_lg,13:15,2,10000000.0,38.0,A
giveback_dn_lg|E13|k2|N30|A,480,30,L,-0.14,-38.14,51.2,42.3,-0.08,-61.9,-2.63,2.36,False,giveback_dn_lg,13:15,2,10000000.0,38.0,A
giveback_dn_sh|E13|k2|N30|A,480,30,S,0.14,-37.86,48.8,42.3,0.08,-61.6,2.63,-2.36,False,giveback_dn_sh,13:15,2,10000000.0,38.0,A
poke_up|E13|k2|N30|A,480,30,L,-0.17,-38.17,51.5,45.8,-0.08,-62.0,-3.94,3.63,False,poke_up,13:15,2,10000000.0,38.0,A
poke_up_sh|E13|k2|N30|A,480,30,S,0.17,-37.83,48.5,45.8,0.08,-61.6,3.94,-3.63,False,poke_up_sh,13:15,2,10000000.0,38.0,A
poke_dn_sh|E13|k2|N30|A,480,30,S,-0.65,-38.65,47.3,43.7,-0.33,-62.4,1.56,-2.88,False,poke_dn_sh,13:15,2,10000000.0,38.0,A
poke_dn_lg|E13|k2|N30|A,480,30,L,0.65,-37.35,52.7,43.7,0.33,-61.1,-1.56,2.88,False,poke_dn_lg,13:15,2,10000000.0,38.0,A
ext_up_sh|E13|k2|N30|A,480,30,S,-1.55,-39.55,46.2,42.0,-0.81,-63.2,-0.11,-3.0,True,ext_up_sh,13:15,2,10000000.0,38.0,A
ext_up_lg|E13|k2|N30|A,480,30,L,1.55,-36.45,53.8,42.0,0.81,-60.2,0.11,3.0,True,ext_up_lg,13:15,2,10000000.0,38.0,A
held_up|E13|k2|N30|A,446,30,L,3.44,-34.56,56.1,46.6,1.56,-58.3,0.15,6.76,True,held_up,13:15,2,10000000.0,38.0,A
held_up_sh|E13|k2|N30|A,446,30,S,-3.44,-41.44,43.9,46.6,-1.56,-65.0,-0.15,-6.76,True,held_up_sh,13:15,2,10000000.0,38.0,A
held_dn_sh|E13|k2|N30|A,456,30,S,-1.15,-39.15,47.6,45.3,-0.54,-62.9,-0.4,-1.9,True,held_dn_sh,13:15,2,10000000.0,38.0,A
held_dn_lg|E13|k2|N30|A,456,30,L,1.15,-36.85,52.4,45.3,0.54,-60.7,0.4,1.9,True,held_dn_lg,13:15,2,10000000.0,38.0,A
rvol_hi|E13|k2|N30|A,480,30,L,-2.57,-40.57,52.1,46.4,-1.21,-64.2,-4.14,-0.98,True,rvol_hi,13:15,2,10000000.0,38.0,A
rvol_hi_sh|E13|k2|N30|A,480,30,S,2.57,-35.43,47.9,46.4,1.21,-59.2,4.14,0.98,True,rvol_hi_sh,13:15,2,10000000.0,38.0,A
rvol_lo|E13|k2|N30|A,480,30,L,-1.58,-39.58,49.6,41.7,-0.83,-63.3,-2.67,-0.48,True,rvol_lo,13:15,2,10000000.0,38.0,A
rvol_lo_sh|E13|k2|N30|A,480,30,S,1.58,-36.42,50.4,41.7,0.83,-60.2,2.67,0.48,True,rvol_lo_sh,13:15,2,10000000.0,38.0,A
orb_vol125|E13|k2|N30|A,404,30,L,3.55,-34.45,55.2,49.1,1.45,-58.2,-0.08,7.21,False,orb_vol125,13:15,2,10000000.0,38.0,A
orb_vol125_sh|E13|k2|N30|A,404,30,S,-3.55,-41.55,44.8,49.1,-1.45,-65.1,0.08,-7.21,False,orb_vol125_sh,13:15,2,10000000.0,38.0,A
orbdn_vol125_sh|E13|k2|N30|A,333,30,S,-0.1,-38.1,49.8,50.1,-0.04,-61.9,2.72,-2.95,False,orbdn_vol125_sh,13:15,2,10000000.0,38.0,A
orbdn_vol125_lg|E13|k2|N30|A,333,30,L,0.1,-37.9,50.2,50.1,0.04,-61.7,-2.72,2.95,False,orbdn_vol125_lg,13:15,2,10000000.0,38.0,A
orb_vol15|E13|k2|N30|A,369,30,L,4.88,-33.12,56.1,44.8,2.09,-56.8,0.52,9.26,True,orb_vol15,13:15,2,10000000.0,38.0,A
orb_vol15_sh|E13|k2|N30|A,369,30,S,-4.88,-42.88,43.9,44.8,-2.09,-66.2,-0.52,-9.26,True,orb_vol15_sh,13:15,2,10000000.0,38.0,A
orbdn_vol15_sh|E13|k2|N30|A,247,30,S,2.39,-35.61,51.4,52.3,0.72,-59.4,5.71,-0.96,False,orbdn_vol15_sh,13:15,2,10000000.0,38.0,A
orbdn_vol15_lg|E13|k2|N30|A,247,30,L,-2.39,-40.39,48.6,52.3,-0.72,-64.1,-5.71,0.96,False,orbdn_vol15_lg,13:15,2,10000000.0,38.0,A
orb_vol20|E13|k2|N30|A,287,30,L,6.17,-31.83,55.7,48.5,2.16,-55.4,3.24,9.12,True,orb_vol20,13:15,2,10000000.0,38.0,A
orb_vol20_sh|E13|k2|N30|A,287,30,S,-6.17,-44.17,44.3,48.5,-2.16,-67.3,-3.24,-9.12,True,orb_vol20_sh,13:15,2,10000000.0,38.0,A
orb_x_rvol|E13|k2|N30|A,480,30,L,-0.48,-38.48,49.4,46.2,-0.23,-62.2,-2.77,1.84,False,orb_x_rvol,13:15,2,10000000.0,38.0,A
orb_x_rvol_sh|E13|k2|N30|A,480,30,S,0.48,-37.52,50.6,46.2,0.23,-61.3,2.77,-1.84,False,orb_x_rvol_sh,13:15,2,10000000.0,38.0,A
orb_novol|E13|k2|N30|A,273,30,L,3.07,-34.93,54.6,42.2,1.2,-58.7,2.1,4.04,True,orb_novol,13:15,2,10000000.0,38.0,A
orb_novol_sh|E13|k2|N30|A,273,30,S,-3.07,-41.07,45.4,42.2,-1.2,-64.6,-2.1,-4.04,True,orb_novol_sh,13:15,2,10000000.0,38.0,A
orb_wideOR|E13|k2|N30|A,259,30,L,3.84,-34.16,55.2,43.5,1.42,-57.9,0.68,7.02,True,orb_wideOR,13:15,2,10000000.0,38.0,A
orb_wideOR_sh|E13|k2|N30|A,259,30,S,-3.84,-41.84,44.8,43.5,-1.42,-65.3,-0.68,-7.02,True,orb_wideOR_sh,13:15,2,10000000.0,38.0,A
orb_narrowOR|E13|k2|N30|A,320,30,L,3.19,-34.81,55.6,42.4,1.35,-58.6,0.64,5.77,True,orb_narrowOR,13:15,2,10000000.0,38.0,A
orb_narrowOR_sh|E13|k2|N30|A,320,30,S,-3.19,-41.19,44.4,42.4,-1.35,-64.7,-0.64,-5.77,True,orb_narrowOR_sh,13:15,2,10000000.0,38.0,A
orbdn_wideOR_sh|E13|k2|N30|A,234,30,S,2.68,-35.32,49.6,53.4,0.77,-59.1,9.11,-3.86,False,orbdn_wideOR_sh,13:15,2,10000000.0,38.0,A
orbdn_narrowOR_sh|E13|k2|N30|A,376,30,S,1.98,-36.02,48.7,46.3,0.83,-59.8,1.54,2.41,True,orbdn_narrowOR_sh,13:15,2,10000000.0,38.0,A
orbdn_wideOR_lg|E13|k2|N30|A,234,30,L,-2.68,-40.68,50.4,53.4,-0.77,-64.3,-9.11,3.86,False,orbdn_wideOR_lg,13:15,2,10000000.0,38.0,A
orbdn_narrowOR_lg|E13|k2|N30|A,376,30,L,-1.98,-39.98,51.3,46.3,-0.83,-63.7,-1.54,-2.41,True,orbdn_narrowOR_lg,13:15,2,10000000.0,38.0,A
orb_coiled|E13|k2|N30|A,320,30,L,5.73,-32.27,56.2,42.1,2.43,-55.8,4.22,7.26,True,orb_coiled,13:15,2,10000000.0,38.0,A
orb_coiled_sh|E13|k2|N30|A,320,30,S,-5.73,-43.73,43.8,42.1,-2.43,-66.9,-4.22,-7.26,True,orb_coiled_sh,13:15,2,10000000.0,38.0,A
orbdn_coiled_sh|E13|k2|N30|A,373,30,S,2.39,-35.61,50.4,46.7,0.99,-59.4,2.9,1.88,True,orbdn_coiled_sh,13:15,2,10000000.0,38.0,A
orb_gapup|E13|k2|N30|A,183,30,L,9.44,-28.56,59.0,48.8,2.62,-51.5,10.12,8.76,True,orb_gapup,13:15,2,10000000.0,38.0,A
orb_gapup_sh|E13|k2|N30|A,183,30,S,-9.44,-47.44,41.0,48.8,-2.62,-69.9,-10.12,-8.76,True,orb_gapup_sh,13:15,2,10000000.0,38.0,A
orb_nogap|E13|k2|N30|A,374,30,L,2.32,-35.68,55.6,40.0,1.12,-59.5,-2.37,7.05,False,orb_nogap,13:15,2,10000000.0,38.0,A
orb_nogap_sh|E13|k2|N30|A,374,30,S,-2.32,-40.32,44.4,40.0,-1.12,-63.9,2.37,-7.05,False,orb_nogap_sh,13:15,2,10000000.0,38.0,A
orbdn_gapup_sh|E13|k2|N30|A,234,30,S,8.96,-29.04,55.6,51.0,2.69,-52.1,10.69,7.2,True,orbdn_gapup_sh,13:15,2,10000000.0,38.0,A
gap_up|E13|k2|N30|A,480,30,L,-2.27,-40.27,51.2,45.9,-1.08,-63.9,-5.29,0.78,False,gap_up,13:15,2,10000000.0,38.0,A
gap_up_sh|E13|k2|N30|A,480,30,S,2.27,-35.73,48.8,45.9,1.08,-59.5,5.29,-0.78,False,gap_up_sh,13:15,2,10000000.0,38.0,A
gap_dn_lg|E13|k2|N30|A,480,30,L,0.63,-37.37,51.5,46.5,0.3,-61.2,1.81,-0.56,False,gap_dn_lg,13:15,2,10000000.0,38.0,A
gap_dn_sh|E13|k2|N30|A,480,30,S,-0.63,-38.63,48.5,46.5,-0.3,-62.4,-1.81,0.56,False,gap_dn_sh,13:15,2,10000000.0,38.0,A
orb_hivol|E13|k2|N30|A,262,30,L,8.91,-29.09,58.0,57.5,2.51,-52.2,7.42,10.43,True,orb_hivol,13:15,2,10000000.0,38.0,A
orb_hivol_sh|E13|k2|N30|A,262,30,S,-8.91,-46.91,42.0,57.5,-2.51,-69.6,-7.42,-10.43,True,orb_hivol_sh,13:15,2,10000000.0,38.0,A
orb_lovol|E13|k2|N30|A,286,30,L,1.89,-36.11,58.7,33.6,0.95,-59.9,-0.12,3.93,False,orb_lovol,13:15,2,10000000.0,38.0,A
orb_lovol_sh|E13|k2|N30|A,286,30,S,-1.89,-39.89,41.3,33.6,-0.95,-63.5,0.12,-3.93,False,orb_lovol_sh,13:15,2,10000000.0,38.0,A
orbdn_hivol_sh|E13|k2|N30|A,318,30,S,4.34,-33.66,55.7,58.0,1.33,-57.4,10.36,-1.76,False,orbdn_hivol_sh,13:15,2,10000000.0,38.0,A
orbdn_lovol_sh|E13|k2|N30|A,305,30,S,1.2,-36.8,47.2,39.0,0.54,-60.6,2.19,0.2,True,orbdn_lovol_sh,13:15,2,10000000.0,38.0,A
posrange_hivol|E13|k2|N30|A,479,30,L,-0.34,-38.34,52.6,54.5,-0.14,-62.2,-2.31,1.65,False,posrange_hivol,13:15,2,10000000.0,38.0,A
posrange_lovol|E13|k2|N30|A,479,30,L,-0.65,-38.65,51.6,31.6,-0.45,-62.4,-1.92,0.62,False,posrange_lovol,13:15,2,10000000.0,38.0,A
posrange_hivol_sh|E13|k2|N30|A,479,30,S,0.34,-37.66,47.4,54.5,0.14,-61.5,2.31,-1.65,False,posrange_hivol_sh,13:15,2,10000000.0,38.0,A
posrange_lovol_sh|E13|k2|N30|A,479,30,S,0.65,-37.35,48.4,31.6,0.45,-61.1,1.92,-0.62,False,posrange_lovol_sh,13:15,2,10000000.0,38.0,A
orb_minus_width|E13|k2|N30|A,480,30,L,-0.23,-38.23,50.8,41.4,-0.12,-62.0,-3.17,2.73,False,orb_minus_width,13:15,2,10000000.0,38.0,A
orb_plus_width|E13|k2|N30|A,480,30,L,-0.26,-38.26,54.0,44.4,-0.13,-62.0,-1.6,1.09,False,orb_plus_width,13:15,2,10000000.0,38.0,A
orb_plus_width_sh|E13|k2|N30|A,480,30,S,0.26,-37.74,46.0,44.4,0.13,-61.5,1.6,-1.09,False,orb_plus_width_sh,13:15,2,10000000.0,38.0,A
orb_minus_width_sh|E13|k2|N30|A,480,30,S,0.23,-37.77,49.2,41.4,0.12,-61.5,3.17,-2.73,False,orb_minus_width_sh,13:15,2,10000000.0,38.0,A
orb_minus_d20|E13|k2|N30|A,469,30,L,0.58,-37.42,53.3,48.2,0.26,-61.2,-3.56,4.74,False,orb_minus_d20,13:15,2,10000000.0,38.0,A
orb_plus_d20|E13|k2|N30|A,469,30,L,-0.91,-38.91,50.7,47.2,-0.42,-62.7,-1.56,-0.27,True,orb_plus_d20,13:15,2,10000000.0,38.0,A
orb_plus_d20_sh|E13|k2|N30|A,469,30,S,0.91,-37.09,49.3,47.2,0.42,-60.9,1.56,0.27,True,orb_plus_d20_sh,13:15,2,10000000.0,38.0,A
orb_plus_pct52|E13|k2|N30|A,430,30,L,1.88,-36.12,55.6,37.7,1.03,-59.9,1.05,2.72,True,orb_plus_pct52,13:15,2,10000000.0,38.0,A
orb_plus_pct52_sh|E13|k2|N30|A,430,30,S,-1.88,-39.88,44.4,37.7,-1.03,-63.5,-1.05,-2.72,True,orb_plus_pct52_sh,13:15,2,10000000.0,38.0,A
compress_then_pos|E13|k2|N30|A,480,30,L,-0.23,-38.23,50.8,41.4,-0.12,-62.0,-3.17,2.73,False,compress_then_pos,13:15,2,10000000.0,38.0,A
compress_then_pos_sh|E13|k2|N30|A,480,30,S,0.23,-37.77,49.2,41.4,0.12,-61.5,3.17,-2.73,False,compress_then_pos_sh,13:15,2,10000000.0,38.0,A
expand_then_pos|E13|k2|N30|A,480,30,L,-0.26,-38.26,54.0,44.4,-0.13,-62.0,-1.6,1.09,False,expand_then_pos,13:15,2,10000000.0,38.0,A
expand_then_pos_sh|E13|k2|N30|A,480,30,S,0.26,-37.74,46.0,44.4,0.13,-61.5,1.6,-1.09,False,expand_then_pos_sh,13:15,2,10000000.0,38.0,A
orb_up|E13|k2|N5|B,480,5,L,-1.8,-22.8,49.0,68.5,-0.58,-44.1,-2.63,-0.96,True,orb_up,13:15,2,100000000.0,21.0,B
orb_up_sh|E13|k2|N5|B,480,5,S,1.8,-19.2,51.0,68.5,0.58,-38.8,2.63,0.96,True,orb_up_sh,13:15,2,100000000.0,21.0,B
orb_dn_sh|E13|k2|N5|B,480,5,S,-3.19,-24.19,47.9,61.7,-1.13,-45.9,-1.49,-4.91,True,orb_dn_sh,13:15,2,100000000.0,21.0,B
orb_dn_lg|E13|k2|N5|B,480,5,L,3.19,-17.81,52.1,61.7,1.13,-36.5,1.49,4.91,True,orb_dn_lg,13:15,2,100000000.0,21.0,B
orb_up_sig|E13|k2|N5|B,480,5,L,2.13,-18.87,49.2,75.1,0.62,-38.3,-2.31,6.61,False,orb_up_sig,13:15,2,100000000.0,21.0,B
orb_up_sig_sh|E13|k2|N5|B,480,5,S,-2.13,-23.13,50.8,75.1,-0.62,-44.6,2.31,-6.61,False,orb_up_sig_sh,13:15,2,100000000.0,21.0,B
orb_dn_sig_sh|E13|k2|N5|B,480,5,S,-3.72,-24.72,46.2,65.4,-1.25,-46.7,-2.1,-5.34,True,orb_dn_sig_sh,13:15,2,100000000.0,21.0,B
orb_dn_sig_lg|E13|k2|N5|B,480,5,L,3.72,-17.28,53.8,65.4,1.25,-35.7,2.1,5.34,True,orb_dn_sig_lg,13:15,2,100000000.0,21.0,B
pos_in_or|E13|k2|N5|B,480,5,L,-1.8,-22.8,49.0,68.5,-0.58,-44.1,-2.63,-0.96,True,pos_in_or,13:15,2,100000000.0,21.0,B
pos_in_or_sh|E13|k2|N5|B,480,5,S,1.8,-19.2,51.0,68.5,0.58,-38.8,2.63,0.96,True,pos_in_or_sh,13:15,2,100000000.0,21.0,B
pos_in_or_lo|E13|k2|N5|B,480,5,L,3.19,-17.81,52.1,61.7,1.13,-36.5,1.49,4.91,True,pos_in_or_lo,13:15,2,100000000.0,21.0,B
pos_in_or_lo_sh|E13|k2|N5|B,480,5,S,-3.19,-24.19,47.9,61.7,-1.13,-45.9,-1.49,-4.91,True,pos_in_or_lo_sh,13:15,2,100000000.0,21.0,B
or_close_pos|E13|k2|N5|B,480,5,L,1.71,-19.29,48.8,51.5,0.73,-38.7,0.31,3.12,True,or_close_pos,13:15,2,100000000.0,21.0,B
or_close_pos_lo|E13|k2|N5|B,480,5,L,2.8,-18.2,51.5,43.0,1.42,-37.0,2.35,3.24,True,or_close_pos_lo,13:15,2,100000000.0,21.0,B
or_close_pos_sh|E13|k2|N5|B,480,5,S,-1.71,-22.71,51.0,51.5,-0.73,-43.8,-0.31,-3.12,True,or_close_pos_sh,13:15,2,100000000.0,21.0,B
posrange_hi|E13|k2|N5|B,480,5,L,2.6,-18.4,50.0,49.4,1.15,-37.3,0.17,5.05,True,posrange_hi,13:15,2,100000000.0,21.0,B
posrange_hi_sh|E13|k2|N5|B,480,5,S,-2.6,-23.6,50.0,49.4,-1.15,-45.0,-0.17,-5.05,True,posrange_hi_sh,13:15,2,100000000.0,21.0,B
posrange_lo|E13|k2|N5|B,480,5,L,4.66,-16.34,54.6,49.6,2.06,-34.0,3.32,6.01,True,posrange_lo,13:15,2,100000000.0,21.0,B
posrange_lo_sh|E13|k2|N5|B,480,5,S,-4.66,-25.66,45.4,49.6,-2.06,-47.8,-3.32,-6.01,True,posrange_lo_sh,13:15,2,100000000.0,21.0,B
today_sofar|E13|k2|N5|B,480,5,L,-0.25,-21.25,49.4,91.6,-0.06,-42.1,-5.77,5.32,False,today_sofar,13:15,2,100000000.0,21.0,B
today_sofar_sh|E13|k2|N5|B,480,5,S,0.25,-20.75,50.6,91.6,0.06,-41.4,5.77,-5.32,False,today_sofar_sh,13:15,2,100000000.0,21.0,B
today_sofar_lo|E13|k2|N5|B,480,5,L,-5.85,-26.85,43.5,78.6,-1.63,-49.6,-10.01,-1.64,True,today_sofar_lo,13:15,2,100000000.0,21.0,B
or_ret|E13|k2|N5|B,480,5,L,3.11,-17.89,48.1,85.0,0.8,-36.9,0.86,5.37,True,or_ret,13:15,2,100000000.0,21.0,B
or_ret_sh|E13|k2|N5|B,480,5,S,-3.11,-24.11,51.9,85.0,-0.8,-46.1,-0.86,-5.37,True,or_ret_sh,13:15,2,100000000.0,21.0,B
orbT_up|E13|k2|N5|B,472,5,L,-1.88,-22.88,49.2,69.5,-0.59,-44.2,-2.52,-1.24,True,orbT_up,13:15,2,100000000.0,21.0,B
orbT_up_sh|E13|k2|N5|B,472,5,S,1.88,-19.12,50.8,69.5,0.59,-38.6,2.52,1.24,True,orbT_up_sh,13:15,2,100000000.0,21.0,B
orbT_dn_sh|E13|k2|N5|B,476,5,S,-3.12,-24.12,48.1,62.0,-1.1,-45.8,-1.46,-4.79,True,orbT_dn_sh,13:15,2,100000000.0,21.0,B
orbT_dn_lg|E13|k2|N5|B,476,5,L,3.12,-17.88,51.9,62.0,1.1,-36.6,1.46,4.79,True,orbT_dn_lg,13:15,2,100000000.0,21.0,B
orbT_up_small|E13|k2|N5|B,472,5,L,3.42,-17.58,53.2,57.6,1.29,-36.1,2.55,4.3,True,orbT_up_small,13:15,2,100000000.0,21.0,B
orbT_up_small_sh|E13|k2|N5|B,472,5,S,-3.42,-24.42,46.8,57.6,-1.29,-46.2,-2.55,-4.3,True,orbT_up_small_sh,13:15,2,100000000.0,21.0,B
orbT_dn_small_sh|E13|k2|N5|B,476,5,S,4.47,-16.53,53.8,57.7,1.69,-34.4,4.7,4.24,True,orbT_dn_small_sh,13:15,2,100000000.0,21.0,B
orbT_dn_small_lg|E13|k2|N5|B,476,5,L,-4.47,-25.47,46.2,57.7,-1.69,-47.6,-4.7,-4.24,True,orbT_dn_small_lg,13:15,2,100000000.0,21.0,B
inside_posor|E13|k2|N5|B,480,5,L,0.17,-20.83,50.2,41.3,0.09,-41.0,1.19,-0.85,False,inside_posor,13:15,2,100000000.0,21.0,B
inside_posor_sh|E13|k2|N5|B,480,5,S,-0.17,-21.17,49.8,41.3,-0.09,-41.5,-1.19,0.85,False,inside_posor_sh,13:15,2,100000000.0,21.0,B
inside_posor_lo|E13|k2|N5|B,480,5,L,-2.79,-23.79,48.1,42.8,-1.43,-45.3,-5.52,-0.03,True,inside_posor_lo,13:15,2,100000000.0,21.0,B
or_wide|E13|k2|N5|B,480,5,L,-5.07,-26.07,52.3,70.3,-1.58,-48.5,-7.1,-3.03,True,or_wide,13:15,2,100000000.0,21.0,B
or_wide_sh|E13|k2|N5|B,480,5,S,5.07,-15.93,47.7,70.3,1.58,-33.5,7.1,3.03,True,or_wide_sh,13:15,2,100000000.0,21.0,B
or_narrow|E13|k2|N5|B,480,5,L,0.16,-20.84,47.1,42.0,0.09,-41.0,-1.86,2.21,False,or_narrow,13:15,2,100000000.0,21.0,B
or_narrow_sh|E13|k2|N5|B,480,5,S,-0.16,-21.16,52.7,42.0,-0.09,-41.5,1.86,-2.21,False,or_narrow_sh,13:15,2,100000000.0,21.0,B
or_wrel_hi|E13|k2|N5|B,480,5,L,-5.74,-26.74,46.9,73.4,-1.71,-49.4,-6.09,-5.37,True,or_wrel_hi,13:15,2,100000000.0,21.0,B
or_wrel_lo|E13|k2|N5|B,480,5,L,1.15,-19.85,48.5,54.2,0.46,-39.6,-2.46,4.79,False,or_wrel_lo,13:15,2,100000000.0,21.0,B
or_wrel_hi_sh|E13|k2|N5|B,480,5,S,5.74,-15.26,53.1,73.4,1.71,-32.4,6.09,5.37,True,or_wrel_hi_sh,13:15,2,100000000.0,21.0,B
or_wrel_lo_sh|E13|k2|N5|B,480,5,S,-1.15,-22.15,51.5,54.2,-0.46,-43.0,2.46,-4.79,False,or_wrel_lo_sh,13:15,2,100000000.0,21.0,B
rng_expand|E13|k2|N5|B,480,5,L,-6.13,-27.13,47.5,76.3,-1.76,-49.9,-9.04,-3.19,True,rng_expand,13:15,2,100000000.0,21.0,B
rng_expand_sh|E13|k2|N5|B,480,5,S,6.13,-14.87,52.5,76.3,1.76,-31.8,9.04,3.19,True,rng_expand_sh,13:15,2,100000000.0,21.0,B
rng_compress|E13|k2|N5|B,480,5,L,-2.06,-23.06,49.2,40.3,-1.12,-44.2,-3.64,-0.46,True,rng_compress,13:15,2,100000000.0,21.0,B
rng_compress_sh|E13|k2|N5|B,480,5,S,2.06,-18.94,50.6,40.3,1.12,-38.1,3.64,0.46,True,rng_compress_sh,13:15,2,100000000.0,21.0,B
vol20_hi|E13|k2|N5|B,479,5,L,-8.66,-29.66,45.7,83.8,-2.26,-53.1,-14.39,-2.91,True,vol20_hi,13:15,2,100000000.0,21.0,B
vol20_hi_sh|E13|k2|N5|B,479,5,S,8.66,-12.34,54.3,83.8,2.26,-27.4,14.39,2.91,True,vol20_hi_sh,13:15,2,100000000.0,21.0,B
vol20_lo|E13|k2|N5|B,479,5,L,0.08,-20.92,40.1,2.7,0.67,-41.0,0.14,0.03,True,vol20_lo,13:15,2,100000000.0,21.0,B
vol20_lo_sh|E13|k2|N5|B,479,5,S,-0.08,-21.08,59.3,2.7,-0.67,-41.2,-0.14,-0.03,True,vol20_lo_sh,13:15,2,100000000.0,21.0,B
atr_hi|E13|k2|N5|B,480,5,L,-7.44,-28.44,45.6,91.2,-1.79,-51.7,-8.28,-6.58,True,atr_hi,13:15,2,100000000.0,21.0,B
atr_lo|E13|k2|N5|B,480,5,L,0.11,-20.89,47.3,1.5,1.61,-41.0,0.17,0.05,True,atr_lo,13:15,2,100000000.0,21.0,B
atr_hi_sh|E13|k2|N5|B,480,5,S,7.44,-13.56,54.4,91.2,1.79,-29.7,8.28,6.58,True,atr_hi_sh,13:15,2,100000000.0,21.0,B
fail_up_sh|E13|k2|N5|B,479,5,S,2.26,-18.74,52.0,60.0,0.83,-37.9,4.07,0.45,True,fail_up_sh,13:15,2,100000000.0,21.0,B
fail_up_lg|E13|k2|N5|B,479,5,L,-2.26,-23.26,48.0,60.0,-0.83,-44.6,-4.07,-0.45,True,fail_up_lg,13:15,2,100000000.0,21.0,B
fail_dn_lg|E13|k2|N5|B,480,5,L,1.48,-19.52,49.6,58.9,0.55,-39.2,-0.03,3.0,False,fail_dn_lg,13:15,2,100000000.0,21.0,B
fail_dn_sh|E13|k2|N5|B,480,5,S,-1.48,-22.48,50.4,58.9,-0.55,-43.5,0.03,-3.0,False,fail_dn_sh,13:15,2,100000000.0,21.0,B
giveback_up_sh|E13|k2|N5|B,480,5,S,-1.51,-22.51,46.9,60.9,-0.54,-43.6,-1.57,-1.45,True,giveback_up_sh,13:15,2,100000000.0,21.0,B
giveback_up_lg|E13|k2|N5|B,480,5,L,1.51,-19.49,53.1,60.9,0.54,-39.1,1.57,1.45,True,giveback_up_lg,13:15,2,100000000.0,21.0,B
giveback_dn_lg|E13|k2|N5|B,480,5,L,-1.5,-22.5,46.5,67.4,-0.49,-43.6,-4.51,1.54,False,giveback_dn_lg,13:15,2,100000000.0,21.0,B
giveback_dn_sh|E13|k2|N5|B,480,5,S,1.5,-19.5,53.5,67.4,0.49,-39.2,4.51,-1.54,False,giveback_dn_sh,13:15,2,100000000.0,21.0,B
poke_up|E13|k2|N5|B,480,5,L,-1.41,-22.41,45.8,69.2,-0.45,-43.5,-3.78,0.97,False,poke_up,13:15,2,100000000.0,21.0,B
poke_up_sh|E13|k2|N5|B,480,5,S,1.41,-19.59,54.2,69.2,0.45,-39.4,3.78,-0.97,False,poke_up_sh,13:15,2,100000000.0,21.0,B
poke_dn_sh|E13|k2|N5|B,480,5,S,-1.72,-22.72,49.4,61.1,-0.62,-43.9,-2.56,-0.87,True,poke_dn_sh,13:15,2,100000000.0,21.0,B
poke_dn_lg|E13|k2|N5|B,480,5,L,1.72,-19.28,50.6,61.1,0.62,-38.8,2.56,0.87,True,poke_dn_lg,13:15,2,100000000.0,21.0,B
ext_up_sh|E13|k2|N5|B,480,5,S,-1.51,-22.51,46.9,60.9,-0.54,-43.6,-1.57,-1.45,True,ext_up_sh,13:15,2,100000000.0,21.0,B
ext_up_lg|E13|k2|N5|B,480,5,L,1.51,-19.49,53.1,60.9,0.54,-39.1,1.57,1.45,True,ext_up_lg,13:15,2,100000000.0,21.0,B
held_up|E13|k2|N5|B,472,5,L,-1.88,-22.88,49.2,69.5,-0.59,-44.2,-2.52,-1.24,True,held_up,13:15,2,100000000.0,21.0,B
held_up_sh|E13|k2|N5|B,472,5,S,1.88,-19.12,50.8,69.5,0.59,-38.6,2.52,1.24,True,held_up_sh,13:15,2,100000000.0,21.0,B
held_dn_sh|E13|k2|N5|B,476,5,S,-3.07,-24.07,48.1,61.9,-1.08,-45.8,-1.42,-4.75,True,held_dn_sh,13:15,2,100000000.0,21.0,B
held_dn_lg|E13|k2|N5|B,476,5,L,3.07,-17.93,51.9,61.9,1.08,-36.7,1.42,4.75,True,held_dn_lg,13:15,2,100000000.0,21.0,B
rvol_hi|E13|k2|N5|B,480,5,L,-10.43,-31.43,46.9,85.0,-2.69,-55.2,-10.28,-10.57,True,rvol_hi,13:15,2,100000000.0,21.0,B
rvol_hi_sh|E13|k2|N5|B,480,5,S,10.43,-10.57,53.1,85.0,2.69,-24.1,10.28,10.57,True,rvol_hi_sh,13:15,2,100000000.0,21.0,B
rvol_lo|E13|k2|N5|B,480,5,L,-1.82,-22.82,46.7,51.2,-0.78,-44.0,-1.09,-2.57,True,rvol_lo,13:15,2,100000000.0,21.0,B
rvol_lo_sh|E13|k2|N5|B,480,5,S,1.82,-19.18,53.3,51.2,0.78,-38.6,1.09,2.57,True,rvol_lo_sh,13:15,2,100000000.0,21.0,B
orb_vol125|E13|k2|N5|B,465,5,L,1.65,-19.35,48.6,75.0,0.47,-39.1,-1.35,4.65,False,orb_vol125,13:15,2,100000000.0,21.0,B
orb_vol125_sh|E13|k2|N5|B,465,5,S,-1.65,-22.65,51.4,75.0,-0.47,-43.9,1.35,-4.65,False,orb_vol125_sh,13:15,2,100000000.0,21.0,B
orbdn_vol125_sh|E13|k2|N5|B,468,5,S,-1.74,-22.74,47.6,66.1,-0.57,-44.0,-0.01,-3.48,True,orbdn_vol125_sh,13:15,2,100000000.0,21.0,B
orbdn_vol125_lg|E13|k2|N5|B,468,5,L,1.74,-19.26,52.4,66.1,0.57,-38.8,0.01,3.48,True,orbdn_vol125_lg,13:15,2,100000000.0,21.0,B
orb_vol15|E13|k2|N5|B,457,5,L,1.69,-19.31,46.8,77.5,0.47,-39.0,-2.65,6.05,False,orb_vol15,13:15,2,100000000.0,21.0,B
orb_vol15_sh|E13|k2|N5|B,457,5,S,-1.69,-22.69,53.2,77.5,-0.47,-44.0,2.65,-6.05,False,orb_vol15_sh,13:15,2,100000000.0,21.0,B
orbdn_vol15_sh|E13|k2|N5|B,453,5,S,-2.49,-23.49,47.2,66.3,-0.8,-45.0,-1.44,-3.54,True,orbdn_vol15_sh,13:15,2,100000000.0,21.0,B
orbdn_vol15_lg|E13|k2|N5|B,453,5,L,2.49,-18.51,52.8,66.3,0.8,-37.7,1.44,3.54,True,orbdn_vol15_lg,13:15,2,100000000.0,21.0,B
orb_vol20|E13|k2|N5|B,447,5,L,1.49,-19.51,46.8,84.9,0.37,-39.4,-5.2,8.22,False,orb_vol20,13:15,2,100000000.0,21.0,B
orb_vol20_sh|E13|k2|N5|B,447,5,S,-1.49,-22.49,53.2,84.9,-0.37,-43.8,5.2,-8.22,False,orb_vol20_sh,13:15,2,100000000.0,21.0,B
orbdn_vol20_sh|E13|k2|N5|B,389,5,S,-0.12,-21.12,48.3,72.0,-0.03,-41.7,2.93,-3.19,False,orbdn_vol20_sh,13:15,2,100000000.0,21.0,B
orbdn_vol20_lg|E13|k2|N5|B,389,5,L,0.12,-20.88,51.7,72.0,0.03,-41.3,-2.93,3.19,False,orbdn_vol20_lg,13:15,2,100000000.0,21.0,B
orb_x_rvol|E13|k2|N5|B,480,5,L,-7.26,-28.26,46.2,86.4,-1.84,-51.5,-8.87,-5.64,True,orb_x_rvol,13:15,2,100000000.0,21.0,B
orb_x_rvol_sh|E13|k2|N5|B,480,5,S,7.26,-13.74,53.8,86.4,1.84,-29.9,8.87,5.64,True,orb_x_rvol_sh,13:15,2,100000000.0,21.0,B
orb_novol|E13|k2|N5|B,415,5,L,0.43,-20.57,52.0,48.7,0.18,-40.7,-1.42,2.3,False,orb_novol,13:15,2,100000000.0,21.0,B
orb_novol_sh|E13|k2|N5|B,415,5,S,-0.43,-21.43,48.0,48.7,-0.18,-41.9,1.42,-2.3,False,orb_novol_sh,13:15,2,100000000.0,21.0,B
orb_wideOR|E13|k2|N5|B,421,5,L,5.95,-15.05,51.5,73.5,1.66,-32.1,-2.18,14.11,False,orb_wideOR,13:15,2,100000000.0,21.0,B
orb_wideOR_sh|E13|k2|N5|B,421,5,S,-5.95,-26.95,48.5,73.5,-1.66,-49.7,2.18,-14.11,False,orb_wideOR_sh,13:15,2,100000000.0,21.0,B
orb_narrowOR|E13|k2|N5|B,453,5,L,-0.36,-21.36,49.9,61.9,-0.12,-41.9,2.39,-3.13,False,orb_narrowOR,13:15,2,100000000.0,21.0,B
orb_narrowOR_sh|E13|k2|N5|B,453,5,S,0.36,-20.64,50.1,61.9,0.12,-40.9,-2.39,3.13,False,orb_narrowOR_sh,13:15,2,100000000.0,21.0,B
orbdn_wideOR_sh|E13|k2|N5|B,404,5,S,-1.3,-22.3,49.0,70.9,-0.37,-43.4,3.89,-6.53,False,orbdn_wideOR_sh,13:15,2,100000000.0,21.0,B
orbdn_narrowOR_sh|E13|k2|N5|B,466,5,S,-3.53,-24.53,47.6,59.7,-1.28,-46.4,-2.41,-4.67,True,orbdn_narrowOR_sh,13:15,2,100000000.0,21.0,B
orbdn_wideOR_lg|E13|k2|N5|B,404,5,L,1.3,-19.7,51.0,70.9,0.37,-39.6,-3.89,6.53,False,orbdn_wideOR_lg,13:15,2,100000000.0,21.0,B
orbdn_narrowOR_lg|E13|k2|N5|B,466,5,L,3.53,-17.47,52.4,59.7,1.28,-35.9,2.41,4.67,True,orbdn_narrowOR_lg,13:15,2,100000000.0,21.0,B
orb_coiled|E13|k2|N5|B,451,5,L,0.44,-20.56,52.8,59.3,0.16,-40.7,-1.82,2.72,False,orb_coiled,13:15,2,100000000.0,21.0,B
orb_coiled_sh|E13|k2|N5|B,451,5,S,-0.44,-21.44,47.2,59.3,-0.16,-42.0,1.82,-2.72,False,orb_coiled_sh,13:15,2,100000000.0,21.0,B
orbdn_coiled_sh|E13|k2|N5|B,463,5,S,-2.09,-23.09,47.9,57.9,-0.78,-44.4,-1.09,-3.09,True,orbdn_coiled_sh,13:15,2,100000000.0,21.0,B
orb_gapup|E13|k2|N5|B,361,5,L,6.69,-14.31,49.6,73.6,1.73,-30.8,2.15,11.26,True,orb_gapup,13:15,2,100000000.0,21.0,B
orb_gapup_sh|E13|k2|N5|B,361,5,S,-6.69,-27.69,50.4,73.6,-1.73,-50.6,-2.15,-11.26,True,orb_gapup_sh,13:15,2,100000000.0,21.0,B
orb_nogap|E13|k2|N5|B,449,5,L,-2.41,-23.41,50.3,59.8,-0.85,-44.8,-9.71,4.93,False,orb_nogap,13:15,2,100000000.0,21.0,B
orb_nogap_sh|E13|k2|N5|B,449,5,S,2.41,-18.59,49.7,59.8,0.85,-37.7,9.71,-4.93,False,orb_nogap_sh,13:15,2,100000000.0,21.0,B
orb_gapdn|E13|k2|N5|B,219,5,L,0.38,-20.62,47.9,75.3,0.07,-41.0,2.0,-1.26,False,orb_gapdn,13:15,2,100000000.0,21.0,B
orb_gapdn_sh|E13|k2|N5|B,219,5,S,-0.38,-21.38,52.1,75.3,-0.07,-42.1,-2.0,1.26,False,orb_gapdn_sh,13:15,2,100000000.0,21.0,B
orbdn_gapdn_sh|E13|k2|N5|B,254,5,S,1.14,-19.86,52.4,68.2,0.27,-39.8,3.83,-1.58,False,orbdn_gapdn_sh,13:15,2,100000000.0,21.0,B
orbdn_gapdn_lg|E13|k2|N5|B,254,5,L,-1.14,-22.14,47.6,68.2,-0.27,-43.1,-3.83,1.58,False,orbdn_gapdn_lg,13:15,2,100000000.0,21.0,B
orbdn_gapup_sh|E13|k2|N5|B,403,5,S,2.48,-18.52,49.6,66.7,0.75,-37.7,4.81,0.14,True,orbdn_gapup_sh,13:15,2,100000000.0,21.0,B
gap_up|E13|k2|N5|B,480,5,L,-0.32,-21.32,50.2,69.2,-0.1,-41.9,-6.84,6.26,False,gap_up,13:15,2,100000000.0,21.0,B
gap_up_sh|E13|k2|N5|B,480,5,S,0.32,-20.68,49.8,69.2,0.1,-41.0,6.84,-6.26,False,gap_up_sh,13:15,2,100000000.0,21.0,B
gap_dn_lg|E13|k2|N5|B,480,5,L,-3.32,-24.32,47.3,71.6,-1.02,-46.2,-1.99,-4.66,True,gap_dn_lg,13:15,2,100000000.0,21.0,B
gap_dn_sh|E13|k2|N5|B,480,5,S,3.32,-17.68,52.7,71.6,1.02,-36.4,1.99,4.66,True,gap_dn_sh,13:15,2,100000000.0,21.0,B
orb_hivol|E13|k2|N5|B,438,5,L,5.41,-15.59,50.5,84.0,1.35,-33.1,5.18,5.65,True,orb_hivol,13:15,2,100000000.0,21.0,B
orb_hivol_sh|E13|k2|N5|B,438,5,S,-5.41,-26.41,49.5,84.0,-1.35,-49.1,-5.18,-5.65,True,orb_hivol_sh,13:15,2,100000000.0,21.0,B
orb_lovol|E13|k2|N5|B,439,5,L,0.02,-20.98,49.9,42.0,0.01,-41.2,-1.64,1.69,False,orb_lovol,13:15,2,100000000.0,21.0,B
orb_lovol_sh|E13|k2|N5|B,439,5,S,-0.02,-21.02,50.1,42.0,-0.01,-41.3,1.64,-1.69,False,orb_lovol_sh,13:15,2,100000000.0,21.0,B
orbdn_hivol_sh|E13|k2|N5|B,445,5,S,-1.67,-22.67,51.0,75.5,-0.47,-44.0,-0.17,-3.17,True,orbdn_hivol_sh,13:15,2,100000000.0,21.0,B
orbdn_lovol_sh|E13|k2|N5|B,450,5,S,-1.86,-22.86,46.9,46.2,-0.86,-44.0,-2.89,-0.83,True,orbdn_lovol_sh,13:15,2,100000000.0,21.0,B
posrange_hivol|E13|k2|N5|B,479,5,L,4.42,-16.58,50.9,75.4,1.28,-34.6,4.66,4.19,True,posrange_hivol,13:15,2,100000000.0,21.0,B
posrange_lovol|E13|k2|N5|B,479,5,L,-1.58,-22.58,46.3,36.1,-0.96,-43.5,-3.23,0.08,False,posrange_lovol,13:15,2,100000000.0,21.0,B
posrange_hivol_sh|E13|k2|N5|B,479,5,S,-4.42,-25.42,49.1,75.4,-1.28,-47.7,-4.66,-4.19,True,posrange_hivol_sh,13:15,2,100000000.0,21.0,B
posrange_lovol_sh|E13|k2|N5|B,479,5,S,1.58,-19.42,53.7,36.1,0.96,-38.8,3.23,-0.08,False,posrange_lovol_sh,13:15,2,100000000.0,21.0,B
orb_minus_width|E13|k2|N5|B,480,5,L,0.68,-20.32,49.6,61.7,0.24,-40.4,1.03,0.34,True,orb_minus_width,13:15,2,100000000.0,21.0,B
orb_plus_width|E13|k2|N5|B,480,5,L,-2.94,-23.94,49.0,78.5,-0.82,-45.8,-3.54,-2.33,True,orb_plus_width,13:15,2,100000000.0,21.0,B
orb_plus_width_sh|E13|k2|N5|B,480,5,S,2.94,-18.06,51.0,78.5,0.82,-37.1,3.54,2.33,True,orb_plus_width_sh,13:15,2,100000000.0,21.0,B
orb_minus_width_sh|E13|k2|N5|B,480,5,S,-0.68,-21.68,50.4,61.7,-0.24,-42.4,-1.03,-0.34,True,orb_minus_width_sh,13:15,2,100000000.0,21.0,B
orb_minus_d20|E13|k2|N5|B,469,5,L,-0.2,-21.2,47.3,68.9,-0.06,-41.8,-4.63,4.24,False,orb_minus_d20,13:15,2,100000000.0,21.0,B
orb_plus_d20|E13|k2|N5|B,469,5,L,-2.33,-23.33,50.5,85.7,-0.59,-45.0,0.31,-4.98,False,orb_plus_d20,13:15,2,100000000.0,21.0,B
orb_plus_d20_sh|E13|k2|N5|B,469,5,S,2.33,-18.67,49.5,85.7,0.59,-38.1,-0.31,4.98,False,orb_plus_d20_sh,13:15,2,100000000.0,21.0,B
orb_plus_pct52|E13|k2|N5|B,430,5,L,2.28,-18.72,51.9,58.5,0.81,-37.9,0.93,3.63,True,orb_plus_pct52,13:15,2,100000000.0,21.0,B
orb_plus_pct52_sh|E13|k2|N5|B,430,5,S,-2.28,-23.28,48.1,58.5,-0.81,-44.7,-0.93,-3.63,True,orb_plus_pct52_sh,13:15,2,100000000.0,21.0,B
compress_then_pos|E13|k2|N5|B,480,5,L,0.68,-20.32,49.6,61.7,0.24,-40.4,1.03,0.34,True,compress_then_pos,13:15,2,100000000.0,21.0,B
compress_then_pos_sh|E13|k2|N5|B,480,5,S,-0.68,-21.68,50.4,61.7,-0.24,-42.4,-1.03,-0.34,True,compress_then_pos_sh,13:15,2,100000000.0,21.0,B
expand_then_pos|E13|k2|N5|B,480,5,L,-2.94,-23.94,49.0,78.5,-0.82,-45.8,-3.54,-2.33,True,expand_then_pos,13:15,2,100000000.0,21.0,B
expand_then_pos_sh|E13|k2|N5|B,480,5,S,2.94,-18.06,51.0,78.5,0.82,-37.1,3.54,2.33,True,expand_then_pos_sh,13:15,2,100000000.0,21.0,B
orb_up|E13|k2|N10|B,480,10,L,0.81,-20.19,49.8,54.5,0.33,-40.1,-2.21,3.86,False,orb_up,13:15,2,100000000.0,21.0,B
orb_up_sh|E13|k2|N10|B,480,10,S,-0.81,-21.81,50.2,54.5,-0.33,-42.5,2.21,-3.86,False,orb_up_sh,13:15,2,100000000.0,21.0,B
orb_dn_sh|E13|k2|N10|B,480,10,S,-2.64,-23.64,46.7,51.5,-1.12,-45.1,-0.84,-4.46,True,orb_dn_sh,13:15,2,100000000.0,21.0,B
orb_dn_lg|E13|k2|N10|B,480,10,L,2.64,-18.36,53.3,51.5,1.12,-37.3,0.84,4.46,True,orb_dn_lg,13:15,2,100000000.0,21.0,B
orb_up_sig|E13|k2|N10|B,480,10,L,2.03,-18.97,50.2,57.3,0.78,-38.3,-1.78,5.88,False,orb_up_sig,13:15,2,100000000.0,21.0,B
orb_up_sig_sh|E13|k2|N10|B,480,10,S,-2.03,-23.03,49.8,57.3,-0.78,-44.3,1.78,-5.88,False,orb_up_sig_sh,13:15,2,100000000.0,21.0,B
orb_dn_sig_sh|E13|k2|N10|B,480,10,S,-2.58,-23.58,46.9,54.0,-1.05,-45.0,0.49,-5.68,False,orb_dn_sig_sh,13:15,2,100000000.0,21.0,B
orb_dn_sig_lg|E13|k2|N10|B,480,10,L,2.58,-18.42,53.1,54.0,1.05,-37.4,-0.49,5.68,False,orb_dn_sig_lg,13:15,2,100000000.0,21.0,B
pos_in_or|E13|k2|N10|B,480,10,L,0.81,-20.19,49.8,54.5,0.33,-40.1,-2.21,3.86,False,pos_in_or,13:15,2,100000000.0,21.0,B
pos_in_or_sh|E13|k2|N10|B,480,10,S,-0.81,-21.81,50.2,54.5,-0.33,-42.5,2.21,-3.86,False,pos_in_or_sh,13:15,2,100000000.0,21.0,B
pos_in_or_lo|E13|k2|N10|B,480,10,L,2.64,-18.36,53.3,51.5,1.12,-37.3,0.84,4.46,True,pos_in_or_lo,13:15,2,100000000.0,21.0,B
pos_in_or_lo_sh|E13|k2|N10|B,480,10,S,-2.64,-23.64,46.7,51.5,-1.12,-45.1,-0.84,-4.46,True,pos_in_or_lo_sh,13:15,2,100000000.0,21.0,B
or_close_pos|E13|k2|N10|B,480,10,L,0.4,-20.6,50.0,46.2,0.19,-40.7,-1.44,2.25,False,or_close_pos,13:15,2,100000000.0,21.0,B
or_close_pos_lo|E13|k2|N10|B,480,10,L,0.35,-20.65,50.6,41.4,0.18,-40.7,-1.74,2.45,False,or_close_pos_lo,13:15,2,100000000.0,21.0,B
or_close_pos_sh|E13|k2|N10|B,480,10,S,-0.4,-21.4,50.0,46.2,-0.19,-41.9,1.44,-2.25,False,or_close_pos_sh,13:15,2,100000000.0,21.0,B
posrange_hi|E13|k2|N10|B,480,10,L,-0.03,-21.03,49.8,45.8,-0.02,-41.3,-1.6,1.55,False,posrange_hi,13:15,2,100000000.0,21.0,B
posrange_hi_sh|E13|k2|N10|B,480,10,S,0.03,-20.97,50.2,45.8,0.02,-41.2,1.6,-1.55,False,posrange_hi_sh,13:15,2,100000000.0,21.0,B
posrange_lo|E13|k2|N10|B,480,10,L,2.05,-18.95,54.2,43.4,1.04,-38.1,0.68,3.44,True,posrange_lo,13:15,2,100000000.0,21.0,B
posrange_lo_sh|E13|k2|N10|B,480,10,S,-2.05,-23.05,45.8,43.4,-1.04,-44.2,-0.68,-3.44,True,posrange_lo_sh,13:15,2,100000000.0,21.0,B
today_sofar|E13|k2|N10|B,480,10,L,2.02,-18.98,51.5,66.0,0.67,-38.4,-1.51,5.59,False,today_sofar,13:15,2,100000000.0,21.0,B
today_sofar_sh|E13|k2|N10|B,480,10,S,-2.02,-23.02,48.5,66.0,-0.67,-44.4,1.51,-5.59,False,today_sofar_sh,13:15,2,100000000.0,21.0,B
today_sofar_lo|E13|k2|N10|B,480,10,L,-4.84,-25.84,45.6,62.0,-1.71,-48.2,-8.27,-1.39,True,today_sofar_lo,13:15,2,100000000.0,21.0,B
or_ret|E13|k2|N10|B,480,10,L,3.1,-17.9,53.1,64.5,1.05,-36.7,1.59,4.62,True,or_ret,13:15,2,100000000.0,21.0,B
or_ret_sh|E13|k2|N10|B,480,10,S,-3.1,-24.1,46.9,64.5,-1.05,-45.8,-1.59,-4.62,True,or_ret_sh,13:15,2,100000000.0,21.0,B
orbT_up|E13|k2|N10|B,472,10,L,1.47,-19.53,51.1,56.2,0.57,-39.1,-0.51,3.47,False,orbT_up,13:15,2,100000000.0,21.0,B
orbT_up_sh|E13|k2|N10|B,472,10,S,-1.47,-22.47,48.9,56.2,-0.57,-43.5,0.51,-3.47,False,orbT_up_sh,13:15,2,100000000.0,21.0,B
orbT_dn_sh|E13|k2|N10|B,476,10,S,-2.78,-23.78,46.6,51.7,-1.17,-45.3,-1.11,-4.46,True,orbT_dn_sh,13:15,2,100000000.0,21.0,B
orbT_dn_lg|E13|k2|N10|B,476,10,L,2.78,-18.22,53.4,51.7,1.17,-37.1,1.11,4.46,True,orbT_dn_lg,13:15,2,100000000.0,21.0,B
orbT_up_small|E13|k2|N10|B,472,10,L,2.62,-18.38,52.3,53.7,1.06,-37.3,1.5,3.74,True,orbT_up_small,13:15,2,100000000.0,21.0,B
orbT_up_small_sh|E13|k2|N10|B,472,10,S,-2.62,-23.62,47.7,53.7,-1.06,-45.1,-1.5,-3.74,True,orbT_up_small_sh,13:15,2,100000000.0,21.0,B
orbT_dn_small_sh|E13|k2|N10|B,476,10,S,4.07,-16.93,53.6,51.5,1.72,-35.0,5.98,2.15,True,orbT_dn_small_sh,13:15,2,100000000.0,21.0,B
orbT_dn_small_lg|E13|k2|N10|B,476,10,L,-4.07,-25.07,46.4,51.5,-1.72,-47.1,-5.98,-2.15,True,orbT_dn_small_lg,13:15,2,100000000.0,21.0,B
inside_posor|E13|k2|N10|B,480,10,L,0.8,-20.2,50.0,42.1,0.42,-40.1,1.92,-0.33,False,inside_posor,13:15,2,100000000.0,21.0,B
inside_posor_sh|E13|k2|N10|B,480,10,S,-0.8,-21.8,50.0,42.1,-0.42,-42.4,-1.92,0.33,False,inside_posor_sh,13:15,2,100000000.0,21.0,B
inside_posor_lo|E13|k2|N10|B,480,10,L,-4.34,-25.34,46.7,41.3,-2.3,-47.4,-6.76,-1.91,True,inside_posor_lo,13:15,2,100000000.0,21.0,B
or_wide|E13|k2|N10|B,480,10,L,-3.16,-24.16,49.2,56.2,-1.23,-45.9,-2.27,-4.05,True,or_wide,13:15,2,100000000.0,21.0,B
or_wide_sh|E13|k2|N10|B,480,10,S,3.16,-17.84,50.8,56.2,1.23,-36.5,2.27,4.05,True,or_wide_sh,13:15,2,100000000.0,21.0,B
or_narrow|E13|k2|N10|B,480,10,L,-0.12,-21.12,49.2,38.4,-0.07,-41.4,-2.6,2.38,False,or_narrow,13:15,2,100000000.0,21.0,B
or_narrow_sh|E13|k2|N10|B,480,10,S,0.12,-20.88,50.8,38.4,0.07,-41.1,2.6,-2.38,False,or_narrow_sh,13:15,2,100000000.0,21.0,B
or_wrel_hi|E13|k2|N10|B,480,10,L,-2.59,-23.59,50.6,59.0,-0.96,-45.1,-2.28,-2.9,True,or_wrel_hi,13:15,2,100000000.0,21.0,B
or_wrel_lo|E13|k2|N10|B,480,10,L,-0.92,-21.92,48.3,47.2,-0.43,-42.6,-2.38,0.56,False,or_wrel_lo,13:15,2,100000000.0,21.0,B
or_wrel_hi_sh|E13|k2|N10|B,480,10,S,2.59,-18.41,49.4,59.0,0.96,-37.4,2.28,2.9,True,or_wrel_hi_sh,13:15,2,100000000.0,21.0,B
or_wrel_lo_sh|E13|k2|N10|B,480,10,S,0.92,-20.08,51.7,47.2,0.43,-39.9,2.38,-0.56,False,or_wrel_lo_sh,13:15,2,100000000.0,21.0,B
rng_expand|E13|k2|N10|B,480,10,L,-3.05,-24.05,49.6,58.7,-1.14,-45.7,-4.17,-1.93,True,rng_expand,13:15,2,100000000.0,21.0,B
rng_expand_sh|E13|k2|N10|B,480,10,S,3.05,-17.95,50.4,58.7,1.14,-36.7,4.17,1.93,True,rng_expand_sh,13:15,2,100000000.0,21.0,B
rng_compress|E13|k2|N10|B,480,10,L,-1.7,-22.7,48.3,37.6,-0.99,-43.7,-5.09,1.72,False,rng_compress,13:15,2,100000000.0,21.0,B
rng_compress_sh|E13|k2|N10|B,480,10,S,1.7,-19.3,51.7,37.6,0.99,-38.7,5.09,-1.72,False,rng_compress_sh,13:15,2,100000000.0,21.0,B
vol20_hi|E13|k2|N10|B,479,10,L,-10.24,-31.24,43.6,69.2,-3.24,-54.8,-13.86,-6.61,True,vol20_hi,13:15,2,100000000.0,21.0,B
vol20_hi_sh|E13|k2|N10|B,479,10,S,10.24,-10.76,56.4,69.2,3.24,-24.2,13.86,6.61,True,vol20_hi_sh,13:15,2,100000000.0,21.0,B
vol20_lo|E13|k2|N10|B,479,10,L,-0.2,-21.2,49.7,13.9,-0.31,-41.4,0.16,-0.55,False,vol20_lo,13:15,2,100000000.0,21.0,B
vol20_lo_sh|E13|k2|N10|B,479,10,S,0.2,-20.8,50.3,13.9,0.31,-40.8,-0.16,0.55,False,vol20_lo_sh,13:15,2,100000000.0,21.0,B
atr_hi|E13|k2|N10|B,480,10,L,-8.39,-29.39,44.8,73.0,-2.52,-52.7,-12.19,-4.56,True,atr_hi,13:15,2,100000000.0,21.0,B
atr_lo|E13|k2|N10|B,480,10,L,1.95,-19.05,58.8,12.3,3.49,-38.2,2.88,1.02,True,atr_lo,13:15,2,100000000.0,21.0,B
atr_hi_sh|E13|k2|N10|B,480,10,S,8.39,-12.61,55.2,73.0,2.52,-27.7,12.19,4.56,True,atr_hi_sh,13:15,2,100000000.0,21.0,B
fail_up_sh|E13|k2|N10|B,479,10,S,2.33,-18.67,51.4,50.9,1.0,-37.8,4.48,0.16,True,fail_up_sh,13:15,2,100000000.0,21.0,B
fail_up_lg|E13|k2|N10|B,479,10,L,-2.33,-23.33,48.6,50.9,-1.0,-44.7,-4.48,-0.16,True,fail_up_lg,13:15,2,100000000.0,21.0,B
fail_dn_lg|E13|k2|N10|B,480,10,L,2.33,-18.67,51.2,49.1,1.04,-37.7,-0.41,5.09,False,fail_dn_lg,13:15,2,100000000.0,21.0,B
fail_dn_sh|E13|k2|N10|B,480,10,S,-2.33,-23.33,48.8,49.1,-1.04,-44.7,0.41,-5.09,False,fail_dn_sh,13:15,2,100000000.0,21.0,B
giveback_up_sh|E13|k2|N10|B,480,10,S,-1.35,-22.35,45.6,51.1,-0.58,-43.3,-1.58,-1.12,True,giveback_up_sh,13:15,2,100000000.0,21.0,B
giveback_up_lg|E13|k2|N10|B,480,10,L,1.35,-19.65,54.4,51.1,0.58,-39.3,1.58,1.12,True,giveback_up_lg,13:15,2,100000000.0,21.0,B
giveback_dn_lg|E13|k2|N10|B,480,10,L,-1.9,-22.9,47.9,51.5,-0.81,-44.1,-5.23,1.46,False,giveback_dn_lg,13:15,2,100000000.0,21.0,B
giveback_dn_sh|E13|k2|N10|B,480,10,S,1.9,-19.1,52.1,51.5,0.81,-38.4,5.23,-1.46,False,giveback_dn_sh,13:15,2,100000000.0,21.0,B
poke_up|E13|k2|N10|B,480,10,L,-0.97,-21.97,47.9,54.8,-0.39,-42.8,-3.59,1.67,False,poke_up,13:15,2,100000000.0,21.0,B
poke_up_sh|E13|k2|N10|B,480,10,S,0.97,-20.03,52.1,54.8,0.39,-39.9,3.59,-1.67,False,poke_up_sh,13:15,2,100000000.0,21.0,B
poke_dn_sh|E13|k2|N10|B,480,10,S,-1.49,-22.49,45.8,51.7,-0.63,-43.5,-0.22,-2.77,True,poke_dn_sh,13:15,2,100000000.0,21.0,B
poke_dn_lg|E13|k2|N10|B,480,10,L,1.49,-19.51,54.2,51.7,0.63,-39.1,0.22,2.77,True,poke_dn_lg,13:15,2,100000000.0,21.0,B
ext_up_sh|E13|k2|N10|B,480,10,S,-1.35,-22.35,45.6,51.1,-0.58,-43.3,-1.58,-1.12,True,ext_up_sh,13:15,2,100000000.0,21.0,B
ext_up_lg|E13|k2|N10|B,480,10,L,1.35,-19.65,54.4,51.1,0.58,-39.3,1.58,1.12,True,ext_up_lg,13:15,2,100000000.0,21.0,B
held_up|E13|k2|N10|B,472,10,L,1.47,-19.53,51.1,56.2,0.57,-39.1,-0.51,3.47,False,held_up,13:15,2,100000000.0,21.0,B
held_up_sh|E13|k2|N10|B,472,10,S,-1.47,-22.47,48.9,56.2,-0.57,-43.5,0.51,-3.47,False,held_up_sh,13:15,2,100000000.0,21.0,B
held_dn_sh|E13|k2|N10|B,476,10,S,-2.79,-23.79,46.6,51.7,-1.18,-45.3,-1.15,-4.44,True,held_dn_sh,13:15,2,100000000.0,21.0,B
held_dn_lg|E13|k2|N10|B,476,10,L,2.79,-18.21,53.4,51.7,1.18,-37.0,1.15,4.44,True,held_dn_lg,13:15,2,100000000.0,21.0,B
rvol_hi|E13|k2|N10|B,480,10,L,-6.72,-27.72,46.5,61.3,-2.4,-50.5,-8.2,-5.22,True,rvol_hi,13:15,2,100000000.0,21.0,B
rvol_hi_sh|E13|k2|N10|B,480,10,S,6.72,-14.28,53.5,61.3,2.4,-30.6,8.2,5.22,True,rvol_hi_sh,13:15,2,100000000.0,21.0,B
rvol_lo|E13|k2|N10|B,480,10,L,-1.17,-22.17,48.8,45.2,-0.57,-43.0,-1.93,-0.39,True,rvol_lo,13:15,2,100000000.0,21.0,B
rvol_lo_sh|E13|k2|N10|B,480,10,S,1.17,-19.83,51.2,45.2,0.57,-39.5,1.93,0.39,True,rvol_lo_sh,13:15,2,100000000.0,21.0,B
orb_vol125|E13|k2|N10|B,465,10,L,1.45,-19.55,48.6,62.5,0.5,-39.2,-1.41,4.31,False,orb_vol125,13:15,2,100000000.0,21.0,B
orb_vol125_sh|E13|k2|N10|B,465,10,S,-1.45,-22.45,51.4,62.5,-0.5,-43.5,1.41,-4.31,False,orb_vol125_sh,13:15,2,100000000.0,21.0,B
orbdn_vol125_sh|E13|k2|N10|B,468,10,S,-1.37,-22.37,49.1,54.1,-0.55,-43.3,2.03,-4.79,False,orbdn_vol125_sh,13:15,2,100000000.0,21.0,B
orbdn_vol125_lg|E13|k2|N10|B,468,10,L,1.37,-19.63,50.9,54.1,0.55,-39.3,-2.03,4.79,False,orbdn_vol125_lg,13:15,2,100000000.0,21.0,B
orb_vol15|E13|k2|N10|B,457,10,L,2.85,-18.15,53.2,63.7,0.96,-37.1,-0.64,6.35,False,orb_vol15,13:15,2,100000000.0,21.0,B
orb_vol15_sh|E13|k2|N10|B,457,10,S,-2.85,-23.85,46.8,63.7,-0.96,-45.5,0.64,-6.35,False,orb_vol15_sh,13:15,2,100000000.0,21.0,B
orbdn_vol15_sh|E13|k2|N10|B,453,10,S,-2.02,-23.02,47.2,56.4,-0.76,-44.3,0.87,-4.93,False,orbdn_vol15_sh,13:15,2,100000000.0,21.0,B
orbdn_vol15_lg|E13|k2|N10|B,453,10,L,2.02,-18.98,52.8,56.4,0.76,-38.3,-0.87,4.93,False,orbdn_vol15_lg,13:15,2,100000000.0,21.0,B
orb_vol20|E13|k2|N10|B,447,10,L,4.04,-16.96,51.0,71.1,1.2,-35.2,0.06,8.03,True,orb_vol20,13:15,2,100000000.0,21.0,B
orb_vol20_sh|E13|k2|N10|B,447,10,S,-4.04,-25.04,49.0,71.1,-1.2,-47.2,-0.06,-8.03,True,orb_vol20_sh,13:15,2,100000000.0,21.0,B
orbdn_vol20_sh|E13|k2|N10|B,389,10,S,-1.8,-22.8,47.3,64.4,-0.55,-44.0,1.11,-4.71,False,orbdn_vol20_sh,13:15,2,100000000.0,21.0,B
orbdn_vol20_lg|E13|k2|N10|B,389,10,L,1.8,-19.2,52.7,64.4,0.55,-38.7,-1.11,4.71,False,orbdn_vol20_lg,13:15,2,100000000.0,21.0,B
orb_x_rvol|E13|k2|N10|B,480,10,L,-3.84,-24.84,47.3,61.7,-1.36,-46.8,-5.71,-1.94,True,orb_x_rvol,13:15,2,100000000.0,21.0,B
orb_x_rvol_sh|E13|k2|N10|B,480,10,S,3.84,-17.16,52.7,61.7,1.36,-35.4,5.71,1.94,True,orb_x_rvol_sh,13:15,2,100000000.0,21.0,B
orb_novol|E13|k2|N10|B,415,10,L,1.82,-19.18,53.5,44.9,0.83,-38.5,-0.28,3.93,False,orb_novol,13:15,2,100000000.0,21.0,B
orb_novol_sh|E13|k2|N10|B,415,10,S,-1.82,-22.82,46.5,44.9,-0.83,-43.9,0.28,-3.93,False,orb_novol_sh,13:15,2,100000000.0,21.0,B
orb_wideOR|E13|k2|N10|B,421,10,L,8.38,-12.62,56.8,63.2,2.72,-27.6,2.43,14.36,True,orb_wideOR,13:15,2,100000000.0,21.0,B
orb_wideOR_sh|E13|k2|N10|B,421,10,S,-8.38,-29.38,43.2,63.2,-2.72,-52.6,-2.43,-14.36,True,orb_wideOR_sh,13:15,2,100000000.0,21.0,B
orb_narrowOR|E13|k2|N10|B,453,10,L,0.17,-20.83,51.4,53.3,0.07,-41.1,0.07,0.28,True,orb_narrowOR,13:15,2,100000000.0,21.0,B
orb_narrowOR_sh|E13|k2|N10|B,453,10,S,-0.17,-21.17,48.6,53.3,-0.07,-41.6,-0.07,-0.28,True,orb_narrowOR_sh,13:15,2,100000000.0,21.0,B
orbdn_wideOR_sh|E13|k2|N10|B,404,10,S,0.15,-20.85,48.5,59.0,0.05,-41.2,5.15,-4.91,False,orbdn_wideOR_sh,13:15,2,100000000.0,21.0,B
orbdn_narrowOR_sh|E13|k2|N10|B,466,10,S,-1.29,-22.29,49.6,51.0,-0.55,-43.2,-0.62,-1.97,True,orbdn_narrowOR_sh,13:15,2,100000000.0,21.0,B
orbdn_wideOR_lg|E13|k2|N10|B,404,10,L,-0.15,-21.15,51.5,59.0,-0.05,-41.6,-5.15,4.91,False,orbdn_wideOR_lg,13:15,2,100000000.0,21.0,B
orbdn_narrowOR_lg|E13|k2|N10|B,466,10,L,1.29,-19.71,50.4,51.0,0.55,-39.4,0.62,1.97,True,orbdn_narrowOR_lg,13:15,2,100000000.0,21.0,B
orb_coiled|E13|k2|N10|B,451,10,L,0.67,-20.33,53.0,51.5,0.27,-40.3,-2.91,4.26,False,orb_coiled,13:15,2,100000000.0,21.0,B
orb_coiled_sh|E13|k2|N10|B,451,10,S,-0.67,-21.67,47.0,51.5,-0.27,-42.3,2.91,-4.26,False,orb_coiled_sh,13:15,2,100000000.0,21.0,B
orbdn_coiled_sh|E13|k2|N10|B,463,10,S,-1.04,-22.04,47.5,50.2,-0.45,-42.8,-0.34,-1.75,True,orbdn_coiled_sh,13:15,2,100000000.0,21.0,B
orb_gapup|E13|k2|N10|B,361,10,L,8.48,-12.52,55.1,64.0,2.52,-27.4,5.13,11.85,True,orb_gapup,13:15,2,100000000.0,21.0,B
orb_gapup_sh|E13|k2|N10|B,361,10,S,-8.48,-29.48,44.9,64.0,-2.52,-52.7,-5.13,-11.85,True,orb_gapup_sh,13:15,2,100000000.0,21.0,B
orb_nogap|E13|k2|N10|B,449,10,L,-0.4,-21.4,51.7,51.7,-0.16,-41.9,-7.04,6.28,False,orb_nogap,13:15,2,100000000.0,21.0,B
orb_nogap_sh|E13|k2|N10|B,449,10,S,0.4,-20.6,48.3,51.7,0.16,-40.7,7.04,-6.28,False,orb_nogap_sh,13:15,2,100000000.0,21.0,B
orb_gapdn|E13|k2|N10|B,219,10,L,2.61,-18.39,49.8,67.5,0.57,-37.5,3.27,1.94,True,orb_gapdn,13:15,2,100000000.0,21.0,B
orb_gapdn_sh|E13|k2|N10|B,219,10,S,-2.61,-23.61,50.2,67.5,-0.57,-45.2,-3.27,-1.94,True,orb_gapdn_sh,13:15,2,100000000.0,21.0,B
orbdn_gapdn_sh|E13|k2|N10|B,254,10,S,1.02,-19.98,52.0,63.4,0.26,-39.9,4.07,-2.07,False,orbdn_gapdn_sh,13:15,2,100000000.0,21.0,B
orbdn_gapdn_lg|E13|k2|N10|B,254,10,L,-1.02,-22.02,48.0,63.4,-0.26,-42.9,-4.07,2.07,False,orbdn_gapdn_lg,13:15,2,100000000.0,21.0,B
orbdn_gapup_sh|E13|k2|N10|B,403,10,S,2.59,-18.41,52.1,59.4,0.87,-37.4,4.32,0.84,True,orbdn_gapup_sh,13:15,2,100000000.0,21.0,B
gap_up|E13|k2|N10|B,480,10,L,-1.66,-22.66,51.2,53.7,-0.68,-43.7,-8.13,4.87,False,gap_up,13:15,2,100000000.0,21.0,B
gap_up_sh|E13|k2|N10|B,480,10,S,1.66,-19.34,48.8,53.7,0.68,-38.8,8.13,-4.87,False,gap_up_sh,13:15,2,100000000.0,21.0,B
gap_dn_lg|E13|k2|N10|B,480,10,L,-0.45,-21.45,50.6,55.5,-0.18,-42.0,1.39,-2.31,False,gap_dn_lg,13:15,2,100000000.0,21.0,B
gap_dn_sh|E13|k2|N10|B,480,10,S,0.45,-20.55,49.4,55.5,0.18,-40.7,-1.39,2.31,False,gap_dn_sh,13:15,2,100000000.0,21.0,B
orb_hivol|E13|k2|N10|B,438,10,L,6.87,-14.13,52.5,75.3,1.91,-30.5,7.22,6.53,True,orb_hivol,13:15,2,100000000.0,21.0,B
orb_hivol_sh|E13|k2|N10|B,438,10,S,-6.87,-27.87,47.5,75.3,-1.91,-50.9,-7.22,-6.53,True,orb_hivol_sh,13:15,2,100000000.0,21.0,B
orb_lovol|E13|k2|N10|B,439,10,L,1.75,-19.25,52.8,37.8,0.97,-38.6,0.2,3.31,True,orb_lovol,13:15,2,100000000.0,21.0,B
orb_lovol_sh|E13|k2|N10|B,439,10,S,-1.75,-22.75,47.2,37.8,-0.97,-43.8,-0.2,-3.31,True,orb_lovol_sh,13:15,2,100000000.0,21.0,B
orbdn_hivol_sh|E13|k2|N10|B,445,10,S,-0.38,-21.38,51.5,64.4,-0.12,-42.0,0.39,-1.15,False,orbdn_hivol_sh,13:15,2,100000000.0,21.0,B
orbdn_lovol_sh|E13|k2|N10|B,450,10,S,-1.34,-22.34,46.7,41.9,-0.68,-43.2,-0.9,-1.78,True,orbdn_lovol_sh,13:15,2,100000000.0,21.0,B
posrange_hivol|E13|k2|N10|B,479,10,L,2.13,-18.87,52.6,63.5,0.73,-38.2,0.1,4.16,True,posrange_hivol,13:15,2,100000000.0,21.0,B
posrange_lovol|E13|k2|N10|B,479,10,L,-0.82,-21.82,49.9,32.3,-0.56,-42.4,-1.82,0.18,False,posrange_lovol,13:15,2,100000000.0,21.0,B
posrange_hivol_sh|E13|k2|N10|B,479,10,S,-2.13,-23.13,47.4,63.5,-0.73,-44.5,-0.1,-4.16,True,posrange_hivol_sh,13:15,2,100000000.0,21.0,B
posrange_lovol_sh|E13|k2|N10|B,479,10,S,0.82,-20.18,50.1,32.3,0.56,-40.0,1.82,-0.18,False,posrange_lovol_sh,13:15,2,100000000.0,21.0,B
orb_minus_width|E13|k2|N10|B,480,10,L,1.36,-19.64,51.0,50.9,0.58,-39.3,0.53,2.19,True,orb_minus_width,13:15,2,100000000.0,21.0,B
orb_plus_width|E13|k2|N10|B,480,10,L,-0.9,-21.9,50.2,59.0,-0.34,-42.7,-1.98,0.18,False,orb_plus_width,13:15,2,100000000.0,21.0,B
orb_plus_width_sh|E13|k2|N10|B,480,10,S,0.9,-20.1,49.8,59.0,0.34,-40.0,1.98,-0.18,False,orb_plus_width_sh,13:15,2,100000000.0,21.0,B
orb_minus_width_sh|E13|k2|N10|B,480,10,S,-1.36,-22.36,49.0,50.9,-0.58,-43.3,-0.53,-2.19,True,orb_minus_width_sh,13:15,2,100000000.0,21.0,B
orb_minus_d20|E13|k2|N10|B,469,10,L,0.64,-20.36,51.0,60.3,0.23,-40.4,-4.08,5.39,False,orb_minus_d20,13:15,2,100000000.0,21.0,B
orb_plus_d20|E13|k2|N10|B,469,10,L,-0.57,-21.57,53.1,62.9,-0.19,-42.3,0.48,-1.62,False,orb_plus_d20,13:15,2,100000000.0,21.0,B
orb_plus_d20_sh|E13|k2|N10|B,469,10,S,0.57,-20.43,46.9,62.9,0.19,-40.6,-0.48,1.62,False,orb_plus_d20_sh,13:15,2,100000000.0,21.0,B
orb_plus_pct52|E13|k2|N10|B,430,10,L,1.15,-19.85,50.9,44.8,0.53,-39.6,-0.15,2.45,False,orb_plus_pct52,13:15,2,100000000.0,21.0,B
orb_plus_pct52_sh|E13|k2|N10|B,430,10,S,-1.15,-22.15,49.1,44.8,-0.53,-42.9,0.15,-2.45,False,orb_plus_pct52_sh,13:15,2,100000000.0,21.0,B
compress_then_pos|E13|k2|N10|B,480,10,L,1.36,-19.64,51.0,50.9,0.58,-39.3,0.53,2.19,True,compress_then_pos,13:15,2,100000000.0,21.0,B
compress_then_pos_sh|E13|k2|N10|B,480,10,S,-1.36,-22.36,49.0,50.9,-0.58,-43.3,-0.53,-2.19,True,compress_then_pos_sh,13:15,2,100000000.0,21.0,B
expand_then_pos|E13|k2|N10|B,480,10,L,-0.9,-21.9,50.2,59.0,-0.34,-42.7,-1.98,0.18,False,expand_then_pos,13:15,2,100000000.0,21.0,B
expand_then_pos_sh|E13|k2|N10|B,480,10,S,0.9,-20.1,49.8,59.0,0.34,-40.0,1.98,-0.18,False,expand_then_pos_sh,13:15,2,100000000.0,21.0,B
orb_up|E13|k2|N20|B,480,20,L,1.63,-19.37,50.6,46.4,0.77,-38.8,-1.92,5.22,False,orb_up,13:15,2,100000000.0,21.0,B
orb_up_sh|E13|k2|N20|B,480,20,S,-1.63,-22.63,49.4,46.4,-0.77,-43.7,1.92,-5.22,False,orb_up_sh,13:15,2,100000000.0,21.0,B
orb_dn_sh|E13|k2|N20|B,480,20,S,-1.47,-22.47,45.6,45.5,-0.71,-43.4,0.82,-3.78,False,orb_dn_sh,13:15,2,100000000.0,21.0,B
orb_dn_lg|E13|k2|N20|B,480,20,L,1.47,-19.53,54.4,45.5,0.71,-39.1,-0.82,3.78,False,orb_dn_lg,13:15,2,100000000.0,21.0,B
orb_up_sig|E13|k2|N20|B,480,20,L,1.96,-19.04,53.5,45.8,0.94,-38.3,-0.92,4.86,False,orb_up_sig,13:15,2,100000000.0,21.0,B
orb_up_sig_sh|E13|k2|N20|B,480,20,S,-1.96,-22.96,46.5,45.8,-0.94,-44.1,0.92,-4.86,False,orb_up_sig_sh,13:15,2,100000000.0,21.0,B
orb_dn_sig_sh|E13|k2|N20|B,480,20,S,-1.78,-22.78,47.9,45.0,-0.86,-43.9,0.23,-3.8,False,orb_dn_sig_sh,13:15,2,100000000.0,21.0,B
orb_dn_sig_lg|E13|k2|N20|B,480,20,L,1.78,-19.22,52.1,45.0,0.86,-38.6,-0.23,3.8,False,orb_dn_sig_lg,13:15,2,100000000.0,21.0,B
pos_in_or|E13|k2|N20|B,480,20,L,1.63,-19.37,50.6,46.4,0.77,-38.8,-1.92,5.22,False,pos_in_or,13:15,2,100000000.0,21.0,B
pos_in_or_sh|E13|k2|N20|B,480,20,S,-1.63,-22.63,49.4,46.4,-0.77,-43.7,1.92,-5.22,False,pos_in_or_sh,13:15,2,100000000.0,21.0,B
pos_in_or_lo|E13|k2|N20|B,480,20,L,1.47,-19.53,54.4,45.5,0.71,-39.1,-0.82,3.78,False,pos_in_or_lo,13:15,2,100000000.0,21.0,B
pos_in_or_lo_sh|E13|k2|N20|B,480,20,S,-1.47,-22.47,45.6,45.5,-0.71,-43.4,0.82,-3.78,False,pos_in_or_lo_sh,13:15,2,100000000.0,21.0,B
or_close_pos|E13|k2|N20|B,480,20,L,1.93,-19.07,54.2,42.1,1.0,-38.3,-1.06,4.94,False,or_close_pos,13:15,2,100000000.0,21.0,B
or_close_pos_lo|E13|k2|N20|B,480,20,L,-0.72,-21.72,50.8,40.1,-0.4,-42.3,-3.27,1.84,False,or_close_pos_lo,13:15,2,100000000.0,21.0,B
or_close_pos_sh|E13|k2|N20|B,480,20,S,-1.93,-22.93,45.8,42.1,-1.0,-44.0,1.06,-4.94,False,or_close_pos_sh,13:15,2,100000000.0,21.0,B
posrange_hi|E13|k2|N20|B,480,20,L,1.21,-19.79,55.6,42.2,0.63,-39.4,-0.74,3.17,False,posrange_hi,13:15,2,100000000.0,21.0,B
posrange_hi_sh|E13|k2|N20|B,480,20,S,-1.21,-22.21,44.4,42.2,-0.63,-43.0,0.74,-3.17,False,posrange_hi_sh,13:15,2,100000000.0,21.0,B
posrange_lo|E13|k2|N20|B,480,20,L,0.42,-20.58,51.2,42.6,0.22,-40.6,-2.4,3.26,False,posrange_lo,13:15,2,100000000.0,21.0,B
posrange_lo_sh|E13|k2|N20|B,480,20,S,-0.42,-21.42,48.8,42.6,-0.22,-41.9,2.4,-3.26,False,posrange_lo_sh,13:15,2,100000000.0,21.0,B
today_sofar|E13|k2|N20|B,480,20,L,2.27,-18.73,53.1,55.8,0.89,-37.9,-0.14,4.7,False,today_sofar,13:15,2,100000000.0,21.0,B
today_sofar_sh|E13|k2|N20|B,480,20,S,-2.27,-23.27,46.9,55.8,-0.89,-44.6,0.14,-4.7,False,today_sofar_sh,13:15,2,100000000.0,21.0,B
today_sofar_lo|E13|k2|N20|B,480,20,L,-4.0,-25.0,46.0,53.6,-1.63,-47.0,-7.26,-0.7,True,today_sofar_lo,13:15,2,100000000.0,21.0,B
or_ret|E13|k2|N20|B,480,20,L,1.88,-19.12,53.3,54.2,0.76,-38.5,-0.13,3.91,False,or_ret,13:15,2,100000000.0,21.0,B
or_ret_sh|E13|k2|N20|B,480,20,S,-1.88,-22.88,46.7,54.2,-0.76,-44.1,0.13,-3.91,False,or_ret_sh,13:15,2,100000000.0,21.0,B
orbT_up|E13|k2|N20|B,458,20,L,3.54,-17.46,52.4,49.2,1.54,-35.8,0.3,6.81,True,orbT_up,13:15,2,100000000.0,21.0,B
orbT_up_sh|E13|k2|N20|B,458,20,S,-3.54,-24.54,47.6,49.2,-1.54,-46.3,-0.3,-6.81,True,orbT_up_sh,13:15,2,100000000.0,21.0,B
orbT_dn_sh|E13|k2|N20|B,468,20,S,-1.63,-22.63,46.2,46.6,-0.76,-43.6,-0.01,-3.26,True,orbT_dn_sh,13:15,2,100000000.0,21.0,B
orbT_dn_lg|E13|k2|N20|B,468,20,L,1.63,-19.37,53.8,46.6,0.76,-38.8,0.01,3.26,True,orbT_dn_lg,13:15,2,100000000.0,21.0,B
orbT_up_small|E13|k2|N20|B,458,20,L,4.22,-16.78,57.2,47.2,1.91,-34.7,2.4,6.06,True,orbT_up_small,13:15,2,100000000.0,21.0,B
orbT_up_small_sh|E13|k2|N20|B,458,20,S,-4.22,-25.22,42.8,47.2,-1.91,-47.2,-2.4,-6.06,True,orbT_up_small_sh,13:15,2,100000000.0,21.0,B
orbT_dn_small_sh|E13|k2|N20|B,468,20,S,3.35,-17.65,52.4,46.8,1.55,-36.1,4.07,2.63,True,orbT_dn_small_sh,13:15,2,100000000.0,21.0,B
orbT_dn_small_lg|E13|k2|N20|B,468,20,L,-3.35,-24.35,47.6,46.8,-1.55,-46.1,-4.07,-2.63,True,orbT_dn_small_lg,13:15,2,100000000.0,21.0,B
inside_posor|E13|k2|N20|B,480,20,L,1.6,-19.4,56.0,40.1,0.87,-38.8,0.57,2.63,True,inside_posor,13:15,2,100000000.0,21.0,B
inside_posor_sh|E13|k2|N20|B,480,20,S,-1.6,-22.6,44.0,40.1,-0.87,-43.6,-0.57,-2.63,True,inside_posor_sh,13:15,2,100000000.0,21.0,B
inside_posor_lo|E13|k2|N20|B,480,20,L,-4.6,-25.6,46.9,41.3,-2.44,-47.7,-6.88,-2.31,True,inside_posor_lo,13:15,2,100000000.0,21.0,B
or_wide|E13|k2|N20|B,480,20,L,-1.73,-22.73,49.6,47.1,-0.8,-43.8,-1.56,-1.9,True,or_wide,13:15,2,100000000.0,21.0,B
or_wide_sh|E13|k2|N20|B,480,20,S,1.73,-19.27,50.4,47.1,0.8,-38.7,1.56,1.9,True,or_wide_sh,13:15,2,100000000.0,21.0,B
or_narrow|E13|k2|N20|B,480,20,L,-1.07,-22.07,49.2,40.1,-0.58,-42.8,-2.87,0.75,False,or_narrow,13:15,2,100000000.0,21.0,B
or_narrow_sh|E13|k2|N20|B,480,20,S,1.07,-19.93,50.8,40.1,0.58,-39.6,2.87,-0.75,False,or_narrow_sh,13:15,2,100000000.0,21.0,B
or_wrel_hi|E13|k2|N20|B,480,20,L,-2.17,-23.17,52.1,48.6,-0.98,-44.4,-2.51,-1.83,True,or_wrel_hi,13:15,2,100000000.0,21.0,B
or_wrel_lo|E13|k2|N20|B,480,20,L,-0.75,-21.75,48.3,43.8,-0.37,-42.4,-3.06,1.58,False,or_wrel_lo,13:15,2,100000000.0,21.0,B
or_wrel_hi_sh|E13|k2|N20|B,480,20,S,2.17,-18.83,47.9,48.6,0.98,-38.0,2.51,1.83,True,or_wrel_hi_sh,13:15,2,100000000.0,21.0,B
or_wrel_lo_sh|E13|k2|N20|B,480,20,S,0.75,-20.25,51.7,43.8,0.37,-40.1,3.06,-1.58,False,or_wrel_lo_sh,13:15,2,100000000.0,21.0,B
rng_expand|E13|k2|N20|B,480,20,L,-1.34,-22.34,51.5,48.2,-0.61,-43.3,-2.5,-0.17,True,rng_expand,13:15,2,100000000.0,21.0,B
rng_expand_sh|E13|k2|N20|B,480,20,S,1.34,-19.66,48.5,48.2,0.61,-39.3,2.5,0.17,True,rng_expand_sh,13:15,2,100000000.0,21.0,B
rng_compress|E13|k2|N20|B,480,20,L,-1.56,-22.56,47.7,38.6,-0.88,-43.5,-4.32,1.23,False,rng_compress,13:15,2,100000000.0,21.0,B
rng_compress_sh|E13|k2|N20|B,480,20,S,1.56,-19.44,52.3,38.6,0.88,-38.9,4.32,-1.23,False,rng_compress_sh,13:15,2,100000000.0,21.0,B
vol20_hi|E13|k2|N20|B,479,20,L,-7.97,-28.97,46.1,61.6,-2.83,-52.1,-11.85,-4.08,True,vol20_hi,13:15,2,100000000.0,21.0,B
vol20_hi_sh|E13|k2|N20|B,479,20,S,7.97,-13.03,53.9,61.6,2.83,-28.3,11.85,4.08,True,vol20_hi_sh,13:15,2,100000000.0,21.0,B
vol20_lo|E13|k2|N20|B,479,20,L,-0.15,-21.15,51.6,21.2,-0.16,-41.4,0.12,-0.42,False,vol20_lo,13:15,2,100000000.0,21.0,B
vol20_lo_sh|E13|k2|N20|B,479,20,S,0.15,-20.85,48.4,21.2,0.16,-40.9,-0.12,0.42,False,vol20_lo_sh,13:15,2,100000000.0,21.0,B
atr_hi|E13|k2|N20|B,480,20,L,-8.25,-29.25,42.7,64.4,-2.81,-52.4,-12.46,-4.0,True,atr_hi,13:15,2,100000000.0,21.0,B
atr_lo|E13|k2|N20|B,480,20,L,1.33,-19.67,57.1,18.9,1.54,-39.1,1.7,0.95,True,atr_lo,13:15,2,100000000.0,21.0,B
atr_hi_sh|E13|k2|N20|B,480,20,S,8.25,-12.75,57.3,64.4,2.81,-27.9,12.46,4.0,True,atr_hi_sh,13:15,2,100000000.0,21.0,B
fail_up_sh|E13|k2|N20|B,475,20,S,-0.39,-21.39,48.4,45.0,-0.19,-41.9,1.08,-1.87,False,fail_up_sh,13:15,2,100000000.0,21.0,B
fail_up_lg|E13|k2|N20|B,475,20,L,0.39,-20.61,51.6,45.0,0.19,-40.7,-1.08,1.87,False,fail_up_lg,13:15,2,100000000.0,21.0,B
fail_dn_lg|E13|k2|N20|B,479,20,L,0.27,-20.73,52.4,45.3,0.13,-40.9,-2.28,2.82,False,fail_dn_lg,13:15,2,100000000.0,21.0,B
fail_dn_sh|E13|k2|N20|B,479,20,S,-0.27,-21.27,47.6,45.3,-0.13,-41.7,2.28,-2.82,False,fail_dn_sh,13:15,2,100000000.0,21.0,B
giveback_up_sh|E13|k2|N20|B,480,20,S,-1.23,-22.23,46.9,44.2,-0.61,-43.1,-0.42,-2.05,True,giveback_up_sh,13:15,2,100000000.0,21.0,B
giveback_up_lg|E13|k2|N20|B,480,20,L,1.23,-19.77,53.1,44.2,0.61,-39.4,0.42,2.05,True,giveback_up_lg,13:15,2,100000000.0,21.0,B
giveback_dn_lg|E13|k2|N20|B,480,20,L,-0.02,-21.02,50.2,44.1,-0.01,-41.3,-2.62,2.6,False,giveback_dn_lg,13:15,2,100000000.0,21.0,B
giveback_dn_sh|E13|k2|N20|B,480,20,S,0.02,-20.98,49.8,44.1,0.01,-41.2,2.62,-2.6,False,giveback_dn_sh,13:15,2,100000000.0,21.0,B
poke_up|E13|k2|N20|B,480,20,L,-0.19,-21.19,51.0,48.4,-0.09,-41.6,-3.02,2.65,False,poke_up,13:15,2,100000000.0,21.0,B
poke_up_sh|E13|k2|N20|B,480,20,S,0.19,-20.81,49.0,48.4,0.09,-41.0,3.02,-2.65,False,poke_up_sh,13:15,2,100000000.0,21.0,B
poke_dn_sh|E13|k2|N20|B,480,20,S,-1.4,-22.4,48.5,46.1,-0.67,-43.3,0.61,-3.43,False,poke_dn_sh,13:15,2,100000000.0,21.0,B
poke_dn_lg|E13|k2|N20|B,480,20,L,1.4,-19.6,51.5,46.1,0.67,-39.2,-0.61,3.43,False,poke_dn_lg,13:15,2,100000000.0,21.0,B
ext_up_sh|E13|k2|N20|B,480,20,S,-1.23,-22.23,46.9,44.2,-0.61,-43.1,-0.43,-2.04,True,ext_up_sh,13:15,2,100000000.0,21.0,B
ext_up_lg|E13|k2|N20|B,480,20,L,1.23,-19.77,53.1,44.2,0.61,-39.4,0.43,2.04,True,ext_up_lg,13:15,2,100000000.0,21.0,B
held_up|E13|k2|N20|B,458,20,L,3.51,-17.49,52.4,49.2,1.53,-35.9,0.24,6.81,True,held_up,13:15,2,100000000.0,21.0,B
held_up_sh|E13|k2|N20|B,458,20,S,-3.51,-24.51,47.6,49.2,-1.53,-46.3,-0.24,-6.81,True,held_up_sh,13:15,2,100000000.0,21.0,B
held_dn_sh|E13|k2|N20|B,468,20,S,-1.62,-22.62,46.2,46.6,-0.75,-43.6,-0.01,-3.23,True,held_dn_sh,13:15,2,100000000.0,21.0,B
held_dn_lg|E13|k2|N20|B,468,20,L,1.62,-19.38,53.8,46.6,0.75,-38.8,0.01,3.23,True,held_dn_lg,13:15,2,100000000.0,21.0,B
rvol_hi|E13|k2|N20|B,480,20,L,-3.41,-24.41,48.3,50.0,-1.49,-46.2,-5.46,-1.34,True,rvol_hi,13:15,2,100000000.0,21.0,B
rvol_hi_sh|E13|k2|N20|B,480,20,S,3.41,-17.59,51.7,50.0,1.49,-36.0,5.46,1.34,True,rvol_hi_sh,13:15,2,100000000.0,21.0,B
rvol_lo|E13|k2|N20|B,480,20,L,-1.9,-22.9,50.0,42.9,-0.97,-44.0,-3.92,0.13,False,rvol_lo,13:15,2,100000000.0,21.0,B
rvol_lo_sh|E13|k2|N20|B,480,20,S,1.9,-19.1,50.0,42.9,0.97,-38.4,3.92,-0.13,False,rvol_lo_sh,13:15,2,100000000.0,21.0,B
orb_vol125|E13|k2|N20|B,442,20,L,3.38,-17.62,53.2,53.2,1.34,-36.1,0.08,6.72,True,orb_vol125,13:15,2,100000000.0,21.0,B
orb_vol125_sh|E13|k2|N20|B,442,20,S,-3.38,-24.38,46.8,53.2,-1.34,-46.1,-0.08,-6.72,True,orb_vol125_sh,13:15,2,100000000.0,21.0,B
orbdn_vol125_sh|E13|k2|N20|B,409,20,S,-0.69,-21.69,49.6,49.8,-0.28,-42.3,1.61,-2.99,False,orbdn_vol125_sh,13:15,2,100000000.0,21.0,B
orbdn_vol125_lg|E13|k2|N20|B,409,20,L,0.69,-20.31,50.4,49.8,0.28,-40.3,-1.61,2.99,False,orbdn_vol125_lg,13:15,2,100000000.0,21.0,B
orb_vol15|E13|k2|N20|B,430,20,L,5.03,-15.97,56.0,54.4,1.92,-33.4,1.71,8.39,True,orb_vol15,13:15,2,100000000.0,21.0,B
orb_vol15_sh|E13|k2|N20|B,430,20,S,-5.03,-26.03,44.0,54.4,-1.92,-48.3,-1.71,-8.39,True,orb_vol15_sh,13:15,2,100000000.0,21.0,B
orbdn_vol15_sh|E13|k2|N20|B,354,20,S,-1.63,-22.63,47.2,53.0,-0.58,-43.7,0.26,-3.53,False,orbdn_vol15_sh,13:15,2,100000000.0,21.0,B
orbdn_vol15_lg|E13|k2|N20|B,354,20,L,1.63,-19.37,52.8,53.0,0.58,-38.9,-0.26,3.53,False,orbdn_vol15_lg,13:15,2,100000000.0,21.0,B
orb_vol20|E13|k2|N20|B,379,20,L,3.2,-17.8,53.3,56.3,1.11,-36.4,-2.34,8.76,False,orb_vol20,13:15,2,100000000.0,21.0,B
orb_vol20_sh|E13|k2|N20|B,379,20,S,-3.2,-24.2,46.7,56.3,-1.11,-45.9,2.34,-8.76,False,orb_vol20_sh,13:15,2,100000000.0,21.0,B
orbdn_vol20_sh|E13|k2|N20|B,222,20,S,0.12,-20.88,53.2,63.3,0.03,-41.2,5.55,-5.41,False,orbdn_vol20_sh,13:15,2,100000000.0,21.0,B
orbdn_vol20_lg|E13|k2|N20|B,222,20,L,-0.12,-21.12,46.8,63.3,-0.03,-41.6,-5.55,5.41,False,orbdn_vol20_lg,13:15,2,100000000.0,21.0,B
orb_x_rvol|E13|k2|N20|B,480,20,L,-1.64,-22.64,48.3,49.4,-0.73,-43.7,-3.79,0.53,False,orb_x_rvol,13:15,2,100000000.0,21.0,B
orb_x_rvol_sh|E13|k2|N20|B,480,20,S,1.64,-19.36,51.7,49.4,0.73,-38.8,3.79,-0.53,False,orb_x_rvol_sh,13:15,2,100000000.0,21.0,B
orb_novol|E13|k2|N20|B,361,20,L,1.3,-19.7,53.7,42.7,0.58,-39.3,0.01,2.6,True,orb_novol,13:15,2,100000000.0,21.0,B
orb_novol_sh|E13|k2|N20|B,361,20,S,-1.3,-22.3,46.3,42.7,-0.58,-43.2,-0.01,-2.6,True,orb_novol_sh,13:15,2,100000000.0,21.0,B
orb_wideOR|E13|k2|N20|B,357,20,L,5.66,-15.34,58.0,52.2,2.05,-32.3,1.27,10.07,True,orb_wideOR,13:15,2,100000000.0,21.0,B
orb_wideOR_sh|E13|k2|N20|B,357,20,S,-5.66,-26.66,42.0,52.2,-2.05,-49.1,-1.27,-10.07,True,orb_wideOR_sh,13:15,2,100000000.0,21.0,B
orb_narrowOR|E13|k2|N20|B,394,20,L,1.43,-19.57,54.6,43.4,0.66,-39.1,-1.28,4.18,False,orb_narrowOR,13:15,2,100000000.0,21.0,B
orb_narrowOR_sh|E13|k2|N20|B,394,20,S,-1.43,-22.43,45.4,43.4,-0.66,-43.4,1.28,-4.18,False,orb_narrowOR_sh,13:15,2,100000000.0,21.0,B
orbdn_wideOR_sh|E13|k2|N20|B,326,20,S,2.85,-18.15,48.5,55.9,0.92,-37.0,5.92,-0.26,False,orbdn_wideOR_sh,13:15,2,100000000.0,21.0,B
orbdn_narrowOR_sh|E13|k2|N20|B,436,20,S,0.69,-20.31,48.9,47.4,0.3,-40.3,0.49,0.88,True,orbdn_narrowOR_sh,13:15,2,100000000.0,21.0,B
orbdn_wideOR_lg|E13|k2|N20|B,326,20,L,-2.85,-23.85,51.5,55.9,-0.92,-45.4,-5.92,0.26,False,orbdn_wideOR_lg,13:15,2,100000000.0,21.0,B
orbdn_narrowOR_lg|E13|k2|N20|B,436,20,L,-0.69,-21.69,51.1,47.4,-0.3,-42.3,-0.49,-0.88,True,orbdn_narrowOR_lg,13:15,2,100000000.0,21.0,B
orb_coiled|E13|k2|N20|B,403,20,L,4.14,-16.86,56.6,44.3,1.87,-34.8,1.58,6.71,True,orb_coiled,13:15,2,100000000.0,21.0,B
orb_coiled_sh|E13|k2|N20|B,403,20,S,-4.14,-25.14,43.4,44.3,-1.87,-47.1,-1.58,-6.71,True,orb_coiled_sh,13:15,2,100000000.0,21.0,B
orbdn_coiled_sh|E13|k2|N20|B,432,20,S,0.89,-20.11,49.1,47.6,0.39,-40.0,1.16,0.62,True,orbdn_coiled_sh,13:15,2,100000000.0,21.0,B
orb_gapup|E13|k2|N20|B,260,20,L,8.34,-12.66,57.7,57.3,2.35,-27.6,3.39,13.37,True,orb_gapup,13:15,2,100000000.0,21.0,B
orb_gapup_sh|E13|k2|N20|B,260,20,S,-8.34,-29.34,42.3,57.3,-2.35,-52.5,-3.39,-13.37,True,orb_gapup_sh,13:15,2,100000000.0,21.0,B
orb_nogap|E13|k2|N20|B,411,20,L,1.21,-19.79,54.3,43.5,0.56,-39.4,-4.15,6.6,False,orb_nogap,13:15,2,100000000.0,21.0,B
orb_nogap_sh|E13|k2|N20|B,411,20,S,-1.21,-22.21,45.7,43.5,-0.56,-43.0,4.15,-6.6,False,orb_nogap_sh,13:15,2,100000000.0,21.0,B
orb_gapdn|E13|k2|N20|B,130,20,L,4.34,-16.66,53.1,60.5,0.82,-34.6,9.13,-0.6,False,orb_gapdn,13:15,2,100000000.0,21.0,B
orb_gapdn_sh|E13|k2|N20|B,130,20,S,-4.34,-25.34,46.9,60.5,-0.82,-47.5,-9.13,0.6,False,orb_gapdn_sh,13:15,2,100000000.0,21.0,B
orbdn_gapdn_sh|E13|k2|N20|B,154,20,S,-3.31,-24.31,51.9,62.5,-0.66,-46.1,-7.5,1.0,False,orbdn_gapdn_sh,13:15,2,100000000.0,21.0,B
orbdn_gapdn_lg|E13|k2|N20|B,154,20,L,3.31,-17.69,48.1,62.5,0.66,-36.3,7.5,-1.0,False,orbdn_gapdn_lg,13:15,2,100000000.0,21.0,B
orbdn_gapup_sh|E13|k2|N20|B,314,20,S,5.01,-15.99,52.2,54.5,1.63,-33.4,10.66,-0.72,False,orbdn_gapup_sh,13:15,2,100000000.0,21.0,B
gap_up|E13|k2|N20|B,480,20,L,-2.64,-23.64,50.8,48.3,-1.2,-45.1,-6.55,1.3,False,gap_up,13:15,2,100000000.0,21.0,B
gap_up_sh|E13|k2|N20|B,480,20,S,2.64,-18.36,49.2,48.3,1.2,-37.3,6.55,-1.3,False,gap_up_sh,13:15,2,100000000.0,21.0,B
gap_dn_lg|E13|k2|N20|B,480,20,L,0.08,-20.92,51.9,48.7,0.03,-41.2,1.95,-1.82,False,gap_dn_lg,13:15,2,100000000.0,21.0,B
gap_dn_sh|E13|k2|N20|B,480,20,S,-0.08,-21.08,48.1,48.7,-0.03,-41.4,-1.95,1.82,False,gap_dn_sh,13:15,2,100000000.0,21.0,B
orb_hivol|E13|k2|N20|B,371,20,L,7.48,-13.52,56.3,59.7,2.41,-29.2,6.33,8.65,True,orb_hivol,13:15,2,100000000.0,21.0,B
orb_hivol_sh|E13|k2|N20|B,371,20,S,-7.48,-28.48,43.7,59.7,-2.41,-51.5,-6.33,-8.65,True,orb_hivol_sh,13:15,2,100000000.0,21.0,B
orb_lovol|E13|k2|N20|B,376,20,L,1.47,-19.53,55.9,34.6,0.82,-39.0,0.08,2.87,True,orb_lovol,13:15,2,100000000.0,21.0,B
orb_lovol_sh|E13|k2|N20|B,376,20,S,-1.47,-22.47,44.1,34.6,-0.82,-43.4,-0.08,-2.87,True,orb_lovol_sh,13:15,2,100000000.0,21.0,B
orbdn_hivol_sh|E13|k2|N20|B,389,20,S,3.76,-17.24,56.0,60.0,1.23,-35.6,6.63,0.87,True,orbdn_hivol_sh,13:15,2,100000000.0,21.0,B
orbdn_lovol_sh|E13|k2|N20|B,391,20,S,-0.01,-21.01,47.8,40.2,-0.01,-41.3,0.03,-0.06,False,orbdn_lovol_sh,13:15,2,100000000.0,21.0,B
posrange_hivol|E13|k2|N20|B,479,20,L,1.18,-19.82,52.6,57.6,0.45,-39.6,-0.31,2.68,False,posrange_hivol,13:15,2,100000000.0,21.0,B
posrange_lovol|E13|k2|N20|B,479,20,L,-0.36,-21.36,51.1,32.0,-0.25,-41.7,-2.25,1.54,False,posrange_lovol,13:15,2,100000000.0,21.0,B
posrange_hivol_sh|E13|k2|N20|B,479,20,S,-1.18,-22.18,47.4,57.6,-0.45,-43.1,0.31,-2.68,False,posrange_hivol_sh,13:15,2,100000000.0,21.0,B
posrange_lovol_sh|E13|k2|N20|B,479,20,S,0.36,-20.64,48.9,32.0,0.25,-40.7,2.25,-1.54,False,posrange_lovol_sh,13:15,2,100000000.0,21.0,B
orb_minus_width|E13|k2|N20|B,480,20,L,-0.05,-21.05,51.5,42.9,-0.03,-41.3,-2.22,2.13,False,orb_minus_width,13:15,2,100000000.0,21.0,B
orb_plus_width|E13|k2|N20|B,480,20,L,-0.05,-21.05,54.6,47.7,-0.02,-41.4,-1.82,1.73,False,orb_plus_width,13:15,2,100000000.0,21.0,B
orb_plus_width_sh|E13|k2|N20|B,480,20,S,0.05,-20.95,45.4,47.7,0.02,-41.2,1.82,-1.73,False,orb_plus_width_sh,13:15,2,100000000.0,21.0,B
orb_minus_width_sh|E13|k2|N20|B,480,20,S,0.05,-20.95,48.5,42.9,0.03,-41.2,2.22,-2.13,False,orb_minus_width_sh,13:15,2,100000000.0,21.0,B
orb_minus_d20|E13|k2|N20|B,469,20,L,1.26,-19.74,52.5,51.4,0.53,-39.4,-1.93,4.47,False,orb_minus_d20,13:15,2,100000000.0,21.0,B
orb_plus_d20|E13|k2|N20|B,469,20,L,-0.71,-21.71,52.2,50.9,-0.3,-42.4,-1.59,0.18,False,orb_plus_d20,13:15,2,100000000.0,21.0,B
orb_plus_d20_sh|E13|k2|N20|B,469,20,S,0.71,-20.29,47.8,50.9,0.3,-40.3,1.59,-0.18,False,orb_plus_d20_sh,13:15,2,100000000.0,21.0,B
orb_plus_pct52|E13|k2|N20|B,430,20,L,1.89,-19.11,56.7,39.5,0.99,-38.4,1.5,2.28,True,orb_plus_pct52,13:15,2,100000000.0,21.0,B
orb_plus_pct52_sh|E13|k2|N20|B,430,20,S,-1.89,-22.89,43.3,39.5,-0.99,-44.0,-1.5,-2.28,True,orb_plus_pct52_sh,13:15,2,100000000.0,21.0,B
compress_then_pos|E13|k2|N20|B,480,20,L,-0.05,-21.05,51.5,42.9,-0.03,-41.3,-2.22,2.13,False,compress_then_pos,13:15,2,100000000.0,21.0,B
compress_then_pos_sh|E13|k2|N20|B,480,20,S,0.05,-20.95,48.5,42.9,0.03,-41.2,2.22,-2.13,False,compress_then_pos_sh,13:15,2,100000000.0,21.0,B
expand_then_pos|E13|k2|N20|B,480,20,L,-0.05,-21.05,54.6,47.7,-0.02,-41.4,-1.82,1.73,False,expand_then_pos,13:15,2,100000000.0,21.0,B
expand_then_pos_sh|E13|k2|N20|B,480,20,S,0.05,-20.95,45.4,47.7,0.02,-41.2,1.82,-1.73,False,expand_then_pos_sh,13:15,2,100000000.0,21.0,B
orb_up|E13|k2|N30|B,480,30,L,1.52,-19.48,54.4,43.9,0.76,-39.0,-1.09,4.14,False,orb_up,13:15,2,100000000.0,21.0,B
orb_up_sh|E13|k2|N30|B,480,30,S,-1.52,-22.52,45.6,43.9,-0.76,-43.5,1.09,-4.14,False,orb_up_sh,13:15,2,100000000.0,21.0,B
orb_dn_sh|E13|k2|N30|B,480,30,S,-0.5,-21.5,45.6,43.0,-0.26,-42.0,1.48,-2.5,False,orb_dn_sh,13:15,2,100000000.0,21.0,B
orb_dn_lg|E13|k2|N30|B,480,30,L,0.5,-20.5,54.4,43.0,0.26,-40.5,-1.48,2.5,False,orb_dn_lg,13:15,2,100000000.0,21.0,B
orb_up_sig|E13|k2|N30|B,480,30,L,1.92,-19.08,54.8,44.0,0.96,-38.3,-1.02,4.89,False,orb_up_sig,13:15,2,100000000.0,21.0,B
orb_up_sig_sh|E13|k2|N30|B,480,30,S,-1.92,-22.92,45.2,44.0,-0.96,-44.1,1.02,-4.89,False,orb_up_sig_sh,13:15,2,100000000.0,21.0,B
orb_dn_sig_sh|E13|k2|N30|B,480,30,S,-1.0,-22.0,44.4,42.3,-0.52,-42.7,0.46,-2.47,False,orb_dn_sig_sh,13:15,2,100000000.0,21.0,B
orb_dn_sig_lg|E13|k2|N30|B,480,30,L,1.0,-20.0,55.6,42.3,0.52,-39.8,-0.46,2.47,False,orb_dn_sig_lg,13:15,2,100000000.0,21.0,B
pos_in_or|E13|k2|N30|B,480,30,L,1.52,-19.48,54.4,43.9,0.76,-39.0,-1.09,4.14,False,pos_in_or,13:15,2,100000000.0,21.0,B
pos_in_or_sh|E13|k2|N30|B,480,30,S,-1.52,-22.52,45.6,43.9,-0.76,-43.5,1.09,-4.14,False,pos_in_or_sh,13:15,2,100000000.0,21.0,B
pos_in_or_lo|E13|k2|N30|B,480,30,L,0.5,-20.5,54.4,43.0,0.26,-40.5,-1.48,2.5,False,pos_in_or_lo,13:15,2,100000000.0,21.0,B
pos_in_or_lo_sh|E13|k2|N30|B,480,30,S,-0.5,-21.5,45.6,43.0,-0.26,-42.0,1.48,-2.5,False,pos_in_or_lo_sh,13:15,2,100000000.0,21.0,B
or_close_pos|E13|k2|N30|B,480,30,L,1.0,-20.0,52.5,41.3,0.53,-39.8,-1.35,3.36,False,or_close_pos,13:15,2,100000000.0,21.0,B
or_close_pos_lo|E13|k2|N30|B,480,30,L,-1.08,-22.08,52.5,40.7,-0.58,-42.8,-3.24,1.09,False,or_close_pos_lo,13:15,2,100000000.0,21.0,B
or_close_pos_sh|E13|k2|N30|B,480,30,S,-1.0,-22.0,47.5,41.3,-0.53,-42.7,1.35,-3.36,False,or_close_pos_sh,13:15,2,100000000.0,21.0,B
posrange_hi|E13|k2|N30|B,480,30,L,1.36,-19.64,55.6,41.9,0.71,-39.2,-0.59,3.32,False,posrange_hi,13:15,2,100000000.0,21.0,B
posrange_hi_sh|E13|k2|N30|B,480,30,S,-1.36,-22.36,44.4,41.9,-0.71,-43.2,0.59,-3.32,False,posrange_hi_sh,13:15,2,100000000.0,21.0,B
posrange_lo|E13|k2|N30|B,480,30,L,-0.62,-21.62,51.2,42.4,-0.32,-42.2,-3.12,1.91,False,posrange_lo,13:15,2,100000000.0,21.0,B
posrange_lo_sh|E13|k2|N30|B,480,30,S,0.62,-20.38,48.8,42.4,0.32,-40.3,3.12,-1.91,False,posrange_lo_sh,13:15,2,100000000.0,21.0,B
today_sofar|E13|k2|N30|B,480,30,L,1.62,-19.38,52.7,51.1,0.69,-38.9,0.02,3.22,True,today_sofar,13:15,2,100000000.0,21.0,B
today_sofar_sh|E13|k2|N30|B,480,30,S,-1.62,-22.62,47.3,51.1,-0.69,-43.7,-0.02,-3.22,True,today_sofar_sh,13:15,2,100000000.0,21.0,B
today_sofar_lo|E13|k2|N30|B,480,30,L,-3.24,-24.24,48.8,50.4,-1.41,-45.9,-6.09,-0.36,True,today_sofar_lo,13:15,2,100000000.0,21.0,B
or_ret|E13|k2|N30|B,480,30,L,1.19,-19.81,52.3,50.2,0.52,-39.5,-0.37,2.77,False,or_ret,13:15,2,100000000.0,21.0,B
or_ret_sh|E13|k2|N30|B,480,30,S,-1.19,-22.19,47.7,50.2,-0.52,-43.1,0.37,-2.77,False,or_ret_sh,13:15,2,100000000.0,21.0,B
orbT_up|E13|k2|N30|B,443,30,L,3.54,-17.46,56.2,46.8,1.59,-35.8,0.12,6.96,True,orbT_up,13:15,2,100000000.0,21.0,B
orbT_up_sh|E13|k2|N30|B,443,30,S,-3.54,-24.54,43.8,46.8,-1.59,-46.3,-0.12,-6.96,True,orbT_up_sh,13:15,2,100000000.0,21.0,B
orbT_dn_sh|E13|k2|N30|B,453,30,S,-0.54,-21.54,46.6,45.0,-0.25,-42.1,0.33,-1.4,False,orbT_dn_sh,13:15,2,100000000.0,21.0,B
orbT_dn_lg|E13|k2|N30|B,453,30,L,0.54,-20.46,53.4,45.0,0.25,-40.5,-0.33,1.4,False,orbT_dn_lg,13:15,2,100000000.0,21.0,B
orbT_up_small|E13|k2|N30|B,443,30,L,4.13,-16.87,56.7,46.4,1.88,-34.8,0.89,7.39,True,orbT_up_small,13:15,2,100000000.0,21.0,B
orbT_up_small_sh|E13|k2|N30|B,443,30,S,-4.13,-25.13,43.3,46.4,-1.88,-47.1,-0.89,-7.39,True,orbT_up_small_sh,13:15,2,100000000.0,21.0,B
orbT_dn_small_sh|E13|k2|N30|B,453,30,S,2.75,-18.25,51.7,46.7,1.25,-37.1,3.09,2.41,True,orbT_dn_small_sh,13:15,2,100000000.0,21.0,B
orbT_dn_small_lg|E13|k2|N30|B,453,30,L,-2.75,-23.75,48.3,46.7,-1.25,-45.2,-3.09,-2.41,True,orbT_dn_small_lg,13:15,2,100000000.0,21.0,B
inside_posor|E13|k2|N30|B,480,30,L,0.96,-20.04,54.8,40.7,0.52,-39.8,-0.12,2.05,False,inside_posor,13:15,2,100000000.0,21.0,B
inside_posor_sh|E13|k2|N30|B,480,30,S,-0.96,-21.96,45.2,40.7,-0.52,-42.7,0.12,-2.05,False,inside_posor_sh,13:15,2,100000000.0,21.0,B
inside_posor_lo|E13|k2|N30|B,480,30,L,-4.58,-25.58,48.3,41.4,-2.42,-47.7,-6.57,-2.59,True,inside_posor_lo,13:15,2,100000000.0,21.0,B
or_wide|E13|k2|N30|B,480,30,L,-1.67,-22.67,49.6,43.9,-0.83,-43.7,-2.11,-1.23,True,or_wide,13:15,2,100000000.0,21.0,B
or_wide_sh|E13|k2|N30|B,480,30,S,1.67,-19.33,50.4,43.9,0.83,-38.7,2.11,1.23,True,or_wide_sh,13:15,2,100000000.0,21.0,B
or_narrow|E13|k2|N30|B,480,30,L,-0.87,-21.87,48.3,40.1,-0.48,-42.5,-2.99,1.26,False,or_narrow,13:15,2,100000000.0,21.0,B
or_narrow_sh|E13|k2|N30|B,480,30,S,0.87,-20.13,51.7,40.1,0.48,-39.9,2.99,-1.26,False,or_narrow_sh,13:15,2,100000000.0,21.0,B
or_wrel_hi|E13|k2|N30|B,480,30,L,-1.69,-22.69,53.8,45.1,-0.82,-43.7,-2.75,-0.62,True,or_wrel_hi,13:15,2,100000000.0,21.0,B
or_wrel_lo|E13|k2|N30|B,480,30,L,-1.44,-22.44,46.9,43.0,-0.73,-43.4,-4.39,1.54,False,or_wrel_lo,13:15,2,100000000.0,21.0,B
or_wrel_hi_sh|E13|k2|N30|B,480,30,S,1.69,-19.31,46.2,45.1,0.82,-38.7,2.75,0.62,True,or_wrel_hi_sh,13:15,2,100000000.0,21.0,B
or_wrel_lo_sh|E13|k2|N30|B,480,30,S,1.44,-19.56,53.1,43.0,0.73,-39.1,4.39,-1.54,False,or_wrel_lo_sh,13:15,2,100000000.0,21.0,B
rng_expand|E13|k2|N30|B,480,30,L,-1.1,-22.1,51.2,45.3,-0.53,-42.9,-2.66,0.48,False,rng_expand,13:15,2,100000000.0,21.0,B
rng_expand_sh|E13|k2|N30|B,480,30,S,1.1,-19.9,48.8,45.3,0.53,-39.6,2.66,-0.48,False,rng_expand_sh,13:15,2,100000000.0,21.0,B
rng_compress|E13|k2|N30|B,480,30,L,-1.46,-22.46,49.6,40.0,-0.8,-43.4,-4.41,1.52,False,rng_compress,13:15,2,100000000.0,21.0,B
rng_compress_sh|E13|k2|N30|B,480,30,S,1.46,-19.54,50.4,40.0,0.8,-39.0,4.41,-1.52,False,rng_compress_sh,13:15,2,100000000.0,21.0,B
vol20_hi|E13|k2|N30|B,479,30,L,-6.86,-27.86,42.8,59.1,-2.54,-50.7,-9.67,-4.03,True,vol20_hi,13:15,2,100000000.0,21.0,B
vol20_hi_sh|E13|k2|N30|B,479,30,S,6.86,-14.14,57.2,59.1,2.54,-30.3,9.67,4.03,True,vol20_hi_sh,13:15,2,100000000.0,21.0,B
vol20_lo|E13|k2|N30|B,479,30,L,-0.01,-21.01,52.0,23.9,-0.0,-41.2,-0.27,0.26,False,vol20_lo,13:15,2,100000000.0,21.0,B
vol20_lo_sh|E13|k2|N30|B,479,30,S,0.01,-20.99,48.0,23.9,0.0,-41.2,0.27,-0.26,False,vol20_lo_sh,13:15,2,100000000.0,21.0,B
atr_hi|E13|k2|N30|B,480,30,L,-6.85,-27.85,45.2,60.0,-2.5,-50.7,-10.25,-3.41,True,atr_hi,13:15,2,100000000.0,21.0,B
atr_lo|E13|k2|N30|B,480,30,L,0.29,-20.71,51.5,22.5,0.28,-40.7,0.58,-0.0,False,atr_lo,13:15,2,100000000.0,21.0,B
atr_hi_sh|E13|k2|N30|B,480,30,S,6.85,-14.15,54.8,60.0,2.5,-30.3,10.25,3.41,True,atr_hi_sh,13:15,2,100000000.0,21.0,B
fail_up_sh|E13|k2|N30|B,461,30,S,-0.92,-21.92,48.2,43.7,-0.45,-42.6,-0.21,-1.63,True,fail_up_sh,13:15,2,100000000.0,21.0,B
fail_up_lg|E13|k2|N30|B,461,30,L,0.92,-20.08,51.8,43.7,0.45,-39.9,0.21,1.63,True,fail_up_lg,13:15,2,100000000.0,21.0,B
fail_dn_lg|E13|k2|N30|B,473,30,L,-0.26,-21.26,52.0,43.8,-0.13,-41.7,-3.05,2.54,False,fail_dn_lg,13:15,2,100000000.0,21.0,B
fail_dn_sh|E13|k2|N30|B,473,30,S,0.26,-20.74,48.0,43.8,0.13,-40.9,3.05,-2.54,False,fail_dn_sh,13:15,2,100000000.0,21.0,B
giveback_up_sh|E13|k2|N30|B,480,30,S,-1.45,-22.45,46.5,42.2,-0.75,-43.4,-0.19,-2.73,True,giveback_up_sh,13:15,2,100000000.0,21.0,B
giveback_up_lg|E13|k2|N30|B,480,30,L,1.45,-19.55,53.5,42.2,0.75,-39.1,0.19,2.73,True,giveback_up_lg,13:15,2,100000000.0,21.0,B
giveback_dn_lg|E13|k2|N30|B,480,30,L,-0.16,-21.16,52.7,42.4,-0.08,-41.5,-2.23,1.93,False,giveback_dn_lg,13:15,2,100000000.0,21.0,B
giveback_dn_sh|E13|k2|N30|B,480,30,S,0.16,-20.84,47.3,42.4,0.08,-41.0,2.23,-1.93,False,giveback_dn_sh,13:15,2,100000000.0,21.0,B
poke_up|E13|k2|N30|B,480,30,L,-0.23,-21.23,51.5,45.5,-0.11,-41.6,-3.73,3.3,False,poke_up,13:15,2,100000000.0,21.0,B
poke_up_sh|E13|k2|N30|B,480,30,S,0.23,-20.77,48.5,45.5,0.11,-40.9,3.73,-3.3,False,poke_up_sh,13:15,2,100000000.0,21.0,B
poke_dn_sh|E13|k2|N30|B,480,30,S,-0.44,-21.44,45.2,43.5,-0.22,-41.9,1.95,-2.85,False,poke_dn_sh,13:15,2,100000000.0,21.0,B
poke_dn_lg|E13|k2|N30|B,480,30,L,0.44,-20.56,54.8,43.5,0.22,-40.6,-1.95,2.85,False,poke_dn_lg,13:15,2,100000000.0,21.0,B
ext_up_sh|E13|k2|N30|B,480,30,S,-1.45,-22.45,46.5,42.2,-0.75,-43.4,-0.19,-2.72,True,ext_up_sh,13:15,2,100000000.0,21.0,B
ext_up_lg|E13|k2|N30|B,480,30,L,1.45,-19.55,53.5,42.2,0.75,-39.1,0.19,2.72,True,ext_up_lg,13:15,2,100000000.0,21.0,B
held_up|E13|k2|N30|B,443,30,L,3.51,-17.49,56.2,46.8,1.58,-35.8,0.08,6.96,True,held_up,13:15,2,100000000.0,21.0,B
held_up_sh|E13|k2|N30|B,443,30,S,-3.51,-24.51,43.8,46.8,-1.58,-46.3,-0.08,-6.96,True,held_up_sh,13:15,2,100000000.0,21.0,B
held_dn_sh|E13|k2|N30|B,453,30,S,-0.53,-21.53,46.6,45.0,-0.25,-42.1,0.31,-1.37,False,held_dn_sh,13:15,2,100000000.0,21.0,B
held_dn_lg|E13|k2|N30|B,453,30,L,0.53,-20.47,53.4,45.0,0.25,-40.5,-0.31,1.37,False,held_dn_lg,13:15,2,100000000.0,21.0,B
rvol_hi|E13|k2|N30|B,480,30,L,-2.05,-23.05,51.2,46.3,-0.97,-44.2,-3.62,-0.46,True,rvol_hi,13:15,2,100000000.0,21.0,B
rvol_hi_sh|E13|k2|N30|B,480,30,S,2.05,-18.95,48.8,46.3,0.97,-38.2,3.62,0.46,True,rvol_hi_sh,13:15,2,100000000.0,21.0,B
rvol_lo|E13|k2|N30|B,480,30,L,-1.61,-22.61,49.6,42.0,-0.84,-43.6,-2.76,-0.44,True,rvol_lo,13:15,2,100000000.0,21.0,B
rvol_lo_sh|E13|k2|N30|B,480,30,S,1.61,-19.39,50.4,42.0,0.84,-38.8,2.76,0.44,True,rvol_lo_sh,13:15,2,100000000.0,21.0,B
orb_vol125|E13|k2|N30|B,398,30,L,4.34,-16.66,56.0,49.2,1.76,-34.5,0.59,8.12,True,orb_vol125,13:15,2,100000000.0,21.0,B
orb_vol125_sh|E13|k2|N30|B,398,30,S,-4.34,-25.34,44.0,49.2,-1.76,-47.4,-0.59,-8.12,True,orb_vol125_sh,13:15,2,100000000.0,21.0,B
orbdn_vol125_sh|E13|k2|N30|B,320,30,S,0.51,-20.49,49.1,50.4,0.18,-40.5,4.4,-3.42,False,orbdn_vol125_sh,13:15,2,100000000.0,21.0,B
orbdn_vol125_lg|E13|k2|N30|B,320,30,L,-0.51,-21.51,50.9,50.4,-0.18,-42.1,-4.4,3.42,False,orbdn_vol125_lg,13:15,2,100000000.0,21.0,B
orb_vol15|E13|k2|N30|B,358,30,L,5.3,-15.7,57.5,44.5,2.25,-32.9,0.88,9.76,True,orb_vol15,13:15,2,100000000.0,21.0,B
orb_vol15_sh|E13|k2|N30|B,358,30,S,-5.3,-26.3,42.5,44.5,-2.25,-48.6,-0.88,-9.76,True,orb_vol15_sh,13:15,2,100000000.0,21.0,B
orbdn_vol15_sh|E13|k2|N30|B,232,30,S,1.99,-19.01,49.1,51.7,0.59,-38.3,4.46,-0.52,False,orbdn_vol15_sh,13:15,2,100000000.0,21.0,B
orbdn_vol15_lg|E13|k2|N30|B,232,30,L,-1.99,-22.99,50.9,51.7,-0.59,-44.2,-4.46,0.52,False,orbdn_vol15_lg,13:15,2,100000000.0,21.0,B
orb_vol20|E13|k2|N30|B,270,30,L,7.02,-13.98,56.7,48.0,2.4,-29.9,5.08,8.98,True,orb_vol20,13:15,2,100000000.0,21.0,B
orb_vol20_sh|E13|k2|N30|B,270,30,S,-7.02,-28.02,43.3,48.0,-2.4,-50.8,-5.08,-8.98,True,orb_vol20_sh,13:15,2,100000000.0,21.0,B
orb_x_rvol|E13|k2|N30|B,480,30,L,-0.08,-21.08,50.0,45.7,-0.04,-41.4,-1.9,1.75,False,orb_x_rvol,13:15,2,100000000.0,21.0,B
orb_x_rvol_sh|E13|k2|N30|B,480,30,S,0.08,-20.92,50.0,45.7,0.04,-41.2,1.9,-1.75,False,orb_x_rvol_sh,13:15,2,100000000.0,21.0,B
orb_novol|E13|k2|N30|B,270,30,L,3.59,-17.41,55.2,40.8,1.45,-35.7,3.41,3.78,True,orb_novol,13:15,2,100000000.0,21.0,B
orb_novol_sh|E13|k2|N30|B,270,30,S,-3.59,-24.59,44.8,40.8,-1.45,-46.3,-3.41,-3.78,True,orb_novol_sh,13:15,2,100000000.0,21.0,B
orb_wideOR|E13|k2|N30|B,251,30,L,3.71,-17.29,55.8,44.5,1.32,-35.5,-1.02,8.47,False,orb_wideOR,13:15,2,100000000.0,21.0,B
orb_wideOR_sh|E13|k2|N30|B,251,30,S,-3.71,-24.71,44.2,44.5,-1.32,-46.5,1.02,-8.47,False,orb_wideOR_sh,13:15,2,100000000.0,21.0,B
orb_narrowOR|E13|k2|N30|B,309,30,L,4.63,-16.37,55.3,39.9,2.04,-34.0,3.53,5.73,True,orb_narrowOR,13:15,2,100000000.0,21.0,B
orb_narrowOR_sh|E13|k2|N30|B,309,30,S,-4.63,-25.63,44.7,39.9,-2.04,-47.7,-3.53,-5.73,True,orb_narrowOR_sh,13:15,2,100000000.0,21.0,B
orbdn_wideOR_sh|E13|k2|N30|B,226,30,S,2.86,-18.14,48.2,53.8,0.8,-36.9,9.74,-4.14,False,orbdn_wideOR_sh,13:15,2,100000000.0,21.0,B
orbdn_narrowOR_sh|E13|k2|N30|B,367,30,S,3.83,-17.17,50.1,45.4,1.62,-35.3,4.67,3.0,True,orbdn_narrowOR_sh,13:15,2,100000000.0,21.0,B
orbdn_wideOR_lg|E13|k2|N30|B,226,30,L,-2.86,-23.86,51.8,53.8,-0.8,-45.4,-9.74,4.14,False,orbdn_wideOR_lg,13:15,2,100000000.0,21.0,B
orbdn_narrowOR_lg|E13|k2|N30|B,367,30,L,-3.83,-24.83,49.9,45.4,-1.62,-46.7,-4.67,-3.0,True,orbdn_narrowOR_lg,13:15,2,100000000.0,21.0,B
orb_coiled|E13|k2|N30|B,313,30,L,6.52,-14.48,57.5,41.4,2.78,-30.7,5.58,7.46,True,orb_coiled,13:15,2,100000000.0,21.0,B
orb_coiled_sh|E13|k2|N30|B,313,30,S,-6.52,-27.52,42.5,41.4,-2.78,-50.2,-5.58,-7.46,True,orb_coiled_sh,13:15,2,100000000.0,21.0,B
orbdn_coiled_sh|E13|k2|N30|B,365,30,S,3.57,-17.43,51.5,46.0,1.48,-35.7,4.63,2.5,True,orbdn_coiled_sh,13:15,2,100000000.0,21.0,B
orb_gapup|E13|k2|N30|B,176,30,L,10.24,-10.76,59.1,47.7,2.85,-24.0,10.1,10.39,True,orb_gapup,13:15,2,100000000.0,21.0,B
orb_gapup_sh|E13|k2|N30|B,176,30,S,-10.24,-31.24,40.9,47.7,-2.85,-54.7,-10.1,-10.39,True,orb_gapup_sh,13:15,2,100000000.0,21.0,B
orb_nogap|E13|k2|N30|B,369,30,L,2.66,-18.34,56.9,40.0,1.28,-37.2,-1.79,7.13,False,orb_nogap,13:15,2,100000000.0,21.0,B
orb_nogap_sh|E13|k2|N30|B,369,30,S,-2.66,-23.66,43.1,40.0,-1.28,-45.1,1.79,-7.13,False,orb_nogap_sh,13:15,2,100000000.0,21.0,B
orbdn_gapup_sh|E13|k2|N30|B,218,30,S,8.76,-12.24,53.7,53.1,2.44,-26.8,12.06,5.41,True,orbdn_gapup_sh,13:15,2,100000000.0,21.0,B
gap_up|E13|k2|N30|B,480,30,L,-2.87,-23.87,50.0,46.2,-1.36,-45.4,-6.31,0.59,False,gap_up,13:15,2,100000000.0,21.0,B
gap_up_sh|E13|k2|N30|B,480,30,S,2.87,-18.13,50.0,46.2,1.36,-36.9,6.31,-0.59,False,gap_up_sh,13:15,2,100000000.0,21.0,B
gap_dn_lg|E13|k2|N30|B,480,30,L,0.6,-20.4,52.1,46.1,0.28,-40.4,1.61,-0.42,False,gap_dn_lg,13:15,2,100000000.0,21.0,B
gap_dn_sh|E13|k2|N30|B,480,30,S,-0.6,-21.6,47.9,46.1,-0.28,-42.2,-1.61,0.42,False,gap_dn_sh,13:15,2,100000000.0,21.0,B
orb_hivol|E13|k2|N30|B,245,30,L,10.83,-10.17,58.8,53.7,3.15,-22.9,11.18,10.48,True,orb_hivol,13:15,2,100000000.0,21.0,B
orb_hivol_sh|E13|k2|N30|B,245,30,S,-10.83,-31.83,41.2,53.7,-3.15,-55.4,-11.18,-10.48,True,orb_hivol_sh,13:15,2,100000000.0,21.0,B
orb_lovol|E13|k2|N30|B,283,30,L,1.89,-19.11,59.0,33.5,0.95,-38.3,0.23,3.57,True,orb_lovol,13:15,2,100000000.0,21.0,B
orb_lovol_sh|E13|k2|N30|B,283,30,S,-1.89,-22.89,41.0,33.5,-0.95,-44.0,-0.23,-3.57,True,orb_lovol_sh,13:15,2,100000000.0,21.0,B
orbdn_hivol_sh|E13|k2|N30|B,309,30,S,6.14,-14.86,56.0,58.6,1.84,-31.6,12.37,-0.14,False,orbdn_hivol_sh,13:15,2,100000000.0,21.0,B
orbdn_lovol_sh|E13|k2|N30|B,304,30,S,0.99,-20.01,46.7,39.4,0.44,-39.7,1.87,0.1,True,orbdn_lovol_sh,13:15,2,100000000.0,21.0,B
posrange_hivol|E13|k2|N30|B,479,30,L,-0.09,-21.09,52.8,55.1,-0.04,-41.5,-2.34,2.16,False,posrange_hivol,13:15,2,100000000.0,21.0,B
posrange_lovol|E13|k2|N30|B,479,30,L,-0.68,-21.68,52.0,31.8,-0.47,-42.2,-1.84,0.49,False,posrange_lovol,13:15,2,100000000.0,21.0,B
posrange_hivol_sh|E13|k2|N30|B,479,30,S,0.09,-20.91,47.2,55.1,0.04,-41.2,2.34,-2.16,False,posrange_hivol_sh,13:15,2,100000000.0,21.0,B
posrange_lovol_sh|E13|k2|N30|B,479,30,S,0.68,-20.32,48.0,31.8,0.47,-40.2,1.84,-0.49,False,posrange_lovol_sh,13:15,2,100000000.0,21.0,B
orb_minus_width|E13|k2|N30|B,480,30,L,-0.09,-21.09,50.8,41.7,-0.05,-41.4,-2.77,2.62,False,orb_minus_width,13:15,2,100000000.0,21.0,B
orb_plus_width|E13|k2|N30|B,480,30,L,0.08,-20.92,55.4,44.5,0.04,-41.2,-0.93,1.09,False,orb_plus_width,13:15,2,100000000.0,21.0,B
orb_plus_width_sh|E13|k2|N30|B,480,30,S,-0.08,-21.08,44.6,44.5,-0.04,-41.4,0.93,-1.09,False,orb_plus_width_sh,13:15,2,100000000.0,21.0,B
orb_minus_width_sh|E13|k2|N30|B,480,30,S,0.09,-20.91,49.2,41.7,0.05,-41.1,2.77,-2.62,False,orb_minus_width_sh,13:15,2,100000000.0,21.0,B
orb_minus_d20|E13|k2|N30|B,469,30,L,0.55,-20.45,52.5,47.6,0.25,-40.5,-2.98,4.1,False,orb_minus_d20,13:15,2,100000000.0,21.0,B
orb_plus_d20|E13|k2|N30|B,469,30,L,-1.2,-22.2,52.7,46.6,-0.56,-43.0,-1.69,-0.71,True,orb_plus_d20,13:15,2,100000000.0,21.0,B
orb_plus_d20_sh|E13|k2|N30|B,469,30,S,1.2,-19.8,47.3,46.6,0.56,-39.5,1.69,0.71,True,orb_plus_d20_sh,13:15,2,100000000.0,21.0,B
orb_plus_pct52|E13|k2|N30|B,430,30,L,1.64,-19.36,56.0,37.3,0.91,-38.7,0.33,2.96,True,orb_plus_pct52,13:15,2,100000000.0,21.0,B
orb_plus_pct52_sh|E13|k2|N30|B,430,30,S,-1.64,-22.64,44.0,37.3,-0.91,-43.6,-0.33,-2.96,True,orb_plus_pct52_sh,13:15,2,100000000.0,21.0,B
compress_then_pos|E13|k2|N30|B,480,30,L,-0.09,-21.09,50.8,41.7,-0.05,-41.4,-2.77,2.62,False,compress_then_pos,13:15,2,100000000.0,21.0,B
compress_then_pos_sh|E13|k2|N30|B,480,30,S,0.09,-20.91,49.2,41.7,0.05,-41.1,2.77,-2.62,False,compress_then_pos_sh,13:15,2,100000000.0,21.0,B
expand_then_pos|E13|k2|N30|B,480,30,L,0.08,-20.92,55.4,44.5,0.04,-41.2,-0.93,1.09,False,expand_then_pos,13:15,2,100000000.0,21.0,B
expand_then_pos_sh|E13|k2|N30|B,480,30,S,-0.08,-21.08,44.6,44.5,-0.04,-41.4,0.93,-1.09,False,expand_then_pos_sh,13:15,2,100000000.0,21.0,B
