label,days,topn,side,gross_bp,net_bp,hit,std_bp,tstat,ann_net,h1_bp,h2_bp,consistent,slot,min_liq
+d1,480,10,L,-3.77,-41.77,48.3,104.6,-0.79,-65.7,1.85,-9.44,False,,
+d1,480,20,L,-6.37,-44.37,48.1,83.7,-1.67,-67.7,-4.87,-7.89,True,,
-d1,480,10,L,2.46,-35.54,52.5,104.1,0.52,-59.8,-2.78,7.75,False,,
-d1,480,20,L,1.27,-36.73,50.0,92.4,0.3,-60.9,-4.85,7.44,False,,
+d2,480,10,L,-2.15,-40.15,50.8,98.4,-0.48,-64.2,3.08,-7.42,False,,
+d2,480,20,L,-5.25,-43.25,50.0,82.7,-1.39,-66.7,-1.47,-9.06,True,,
-d2,480,10,L,0.86,-37.14,49.0,111.4,0.17,-61.5,-5.07,6.84,False,,
-d2,480,20,L,1.07,-36.93,49.6,97.0,0.24,-61.1,-3.86,6.05,False,,
+d5,480,10,L,-6.79,-44.79,49.8,100.6,-1.48,-68.2,-0.69,-12.94,True,,
+d5,480,20,L,-5.5,-43.5,47.7,84.2,-1.43,-67.0,-2.09,-8.94,True,,
-d5,480,10,L,2.61,-35.39,49.6,114.4,0.5,-59.7,-4.74,10.02,False,,
-d5,480,20,L,2.32,-35.68,49.8,99.1,0.51,-59.9,-2.34,7.02,False,,
+d10,479,10,L,-7.2,-45.2,47.0,109.3,-1.44,-68.5,-1.03,-13.39,True,,
+d10,479,20,L,-5.1,-43.1,48.9,89.6,-1.25,-66.7,-1.19,-9.03,True,,
-d10,479,10,L,2.91,-35.09,48.9,111.3,0.57,-59.4,-2.19,8.04,False,,
-d10,479,20,L,3.91,-34.09,51.8,99.1,0.86,-58.2,2.01,5.82,True,,
+d20,469,10,L,-1.8,-39.8,51.2,113.0,-0.34,-64.0,5.68,-9.31,False,,
+d20,469,20,L,-3.6,-41.6,48.6,91.4,-0.85,-65.4,2.63,-9.86,False,,
-d20,469,10,L,3.46,-34.54,49.7,111.8,0.67,-58.8,-0.99,7.92,False,,
-d20,469,20,L,2.81,-35.19,51.0,97.4,0.63,-59.4,0.46,5.18,True,,
+vol20,479,10,L,-5.81,-43.81,48.0,122.4,-1.04,-67.5,-3.67,-7.96,True,,
+vol20,479,20,L,-8.43,-46.43,47.2,104.5,-1.77,-69.5,-7.41,-9.45,True,,
-vol20,479,10,L,1.0,-37.0,52.0,21.8,1.0,-60.7,2.81,-0.81,False,,
-vol20,479,20,L,0.88,-37.12,51.4,33.8,0.57,-60.9,1.51,0.25,True,,
+atr,480,10,L,-3.8,-41.8,51.5,117.6,-0.71,-65.8,1.44,-9.09,False,,
+atr,480,20,L,-3.94,-41.94,49.6,96.7,-0.89,-65.7,-1.67,-6.23,True,,
-atr,480,10,L,0.86,-37.14,49.2,61.5,0.31,-61.0,-0.14,1.86,False,,
-atr,480,20,L,2.19,-35.81,50.4,58.8,0.82,-59.7,2.03,2.35,True,,
+pct52,430,10,L,-2.68,-40.68,49.3,66.4,-0.84,-64.4,0.91,-6.3,False,,
+pct52,430,20,L,-3.21,-41.21,50.9,55.4,-1.2,-64.8,1.51,-7.97,False,,
-pct52,430,10,L,-1.66,-39.66,47.7,112.7,-0.31,-63.9,0.5,-3.85,False,,
-pct52,430,20,L,-0.53,-38.53,49.5,102.0,-0.11,-62.7,0.29,-1.36,False,,
+price,480,10,L,-1.23,-39.23,49.4,74.8,-0.36,-63.1,-0.28,-2.18,True,,
+price,480,20,L,-0.3,-38.3,50.0,69.3,-0.1,-62.2,-1.1,0.51,False,,
-price,480,10,L,-2.33,-40.33,45.8,111.3,-0.46,-64.4,-0.03,-4.65,True,,
-price,480,20,L,-2.28,-40.28,47.3,94.8,-0.53,-64.2,-2.76,-1.8,True,,
+liq,480,10,L,-2.45,-40.45,45.6,64.1,-0.84,-64.2,-0.81,-4.1,True,,
+liq,480,20,L,-2.37,-40.37,46.9,64.8,-0.8,-64.1,-1.85,-2.89,True,,
-liq,480,10,L,0.65,-37.35,47.9,98.3,0.15,-61.5,-3.76,5.1,False,,
-liq,480,20,L,0.87,-37.13,50.4,83.4,0.23,-61.2,-3.89,5.67,False,,
+logliq,480,10,L,-2.45,-40.45,45.6,64.1,-0.84,-64.2,-0.81,-4.1,True,,
+logliq,480,20,L,-2.37,-40.37,46.9,64.8,-0.8,-64.1,-1.85,-2.89,True,,
-logliq,480,10,L,0.65,-37.35,47.9,98.3,0.15,-61.5,-3.76,5.1,False,,
-logliq,480,20,L,0.87,-37.13,50.4,83.4,0.23,-61.2,-3.89,5.67,False,,
+d40,449,10,L,-3.09,-41.09,49.4,113.3,-0.58,-65.1,-2.12,-4.06,True,,
+d40,449,20,L,-3.26,-41.26,49.0,91.7,-0.75,-65.1,-0.69,-5.84,True,,
-d40,449,10,L,2.97,-35.03,50.1,112.1,0.56,-59.3,8.36,-2.44,False,,
-d40,449,20,L,-0.08,-38.08,49.0,99.3,-0.02,-62.2,1.71,-1.89,False,,
+d60,429,10,L,-6.23,-44.23,49.0,110.1,-1.17,-67.8,-7.01,-5.46,True,,
+d60,429,20,L,-6.66,-44.66,48.5,90.7,-1.52,-68.0,-7.41,-5.92,True,,
-d60,429,10,L,-1.86,-39.86,49.4,109.5,-0.35,-64.0,3.6,-7.34,False,,
-d60,429,20,L,-1.15,-39.15,49.0,98.2,-0.24,-63.2,2.0,-4.32,False,,
+d120,369,10,L,-7.47,-45.47,47.7,105.9,-1.35,-68.7,-11.63,-3.28,True,,
+d120,369,20,L,-6.16,-44.16,48.0,86.5,-1.37,-67.5,-11.11,-1.17,True,,
-d120,369,10,L,-0.85,-38.85,48.0,103.8,-0.16,-63.0,-2.52,0.84,False,,
-d120,369,20,L,-0.81,-38.81,48.8,89.9,-0.17,-62.8,0.14,-1.76,False,,
+d250,239,10,L,-4.59,-42.59,51.5,102.9,-0.69,-66.3,-16.21,7.13,False,,
+d250,239,20,L,-2.82,-40.82,51.0,86.4,-0.5,-64.7,-11.68,6.12,False,,
-d250,239,10,L,-6.64,-44.64,43.9,102.6,-1.0,-68.0,-16.33,3.12,False,,
-d250,239,20,L,-1.99,-39.99,46.9,89.1,-0.35,-63.9,-10.61,6.7,False,,
+d20_skip5,464,10,L,-3.0,-41.0,48.9,112.1,-0.58,-65.0,-1.16,-4.85,True,,
+d20_skip5,464,20,L,-2.53,-40.53,50.9,94.9,-0.57,-64.5,0.19,-5.27,False,,
-d20_skip5,464,10,L,-5.03,-43.03,43.8,100.4,-1.08,-66.7,-6.58,-3.47,True,,
-d20_skip5,464,20,L,-2.19,-40.19,47.8,90.3,-0.52,-64.1,-2.95,-1.43,True,,
+d120_skip20,349,10,L,-8.24,-46.24,48.1,100.1,-1.54,-69.3,-24.66,8.27,False,,
+d120_skip20,349,20,L,-4.69,-42.69,47.9,84.0,-1.04,-66.3,-15.01,5.68,False,,
-d120_skip20,349,10,L,-6.88,-44.88,42.1,98.4,-1.31,-68.2,-10.14,-3.61,True,,
-d120_skip20,349,20,L,-4.27,-42.27,45.8,86.4,-0.92,-65.9,-7.86,-0.66,True,,
+d250_skip20,219,10,L,-1.43,-39.43,49.3,95.6,-0.22,-63.5,-7.38,4.56,False,,
+d250_skip20,219,20,L,-0.4,-38.4,51.6,85.5,-0.07,-62.4,-4.39,3.62,False,,
-d250_skip20,219,10,L,-5.65,-43.65,48.4,101.9,-0.82,-67.2,-6.95,-4.33,True,,
-d250_skip20,219,20,L,-2.66,-40.66,47.5,85.8,-0.46,-64.5,-4.56,-0.74,True,,
+d20_over_vol,469,10,L,-2.7,-40.7,50.1,66.8,-0.88,-64.4,1.37,-6.78,False,,
+d20_over_vol,469,20,L,-0.04,-38.04,48.4,65.4,-0.01,-61.9,3.06,-3.16,False,,
-d20_over_vol,469,10,L,4.51,-33.49,51.0,92.5,1.06,-57.5,2.41,6.63,True,,
-d20_over_vol,469,20,L,3.78,-34.22,51.6,83.6,0.98,-58.2,2.8,4.78,True,,
+d120_riskadj,349,10,L,-0.49,-38.49,48.7,55.4,-0.16,-62.3,-7.12,6.18,False,,
+d120_riskadj,349,20,L,-2.17,-40.17,50.4,60.1,-0.68,-63.9,-7.56,3.24,False,,
-d120_riskadj,349,10,L,-2.26,-40.26,49.9,78.2,-0.54,-64.1,-5.96,1.47,False,,
-d120_riskadj,349,20,L,-2.5,-40.5,47.9,72.9,-0.64,-64.3,-6.04,1.05,False,,
+pct52_lo,430,10,L,-8.55,-46.55,49.8,112.2,-1.58,-69.6,-11.19,-5.88,True,,
+pct52_lo,430,20,L,-5.19,-43.19,50.2,95.1,-1.13,-66.8,-4.99,-5.39,True,,
-pct52_lo,430,10,L,-0.03,-38.03,45.8,76.5,-0.01,-62.0,3.78,-3.88,False,,
-pct52_lo,430,20,L,-1.02,-39.02,49.1,70.2,-0.3,-62.9,0.68,-2.74,False,,
+gap,480,10,L,4.1,-33.9,50.4,98.4,0.91,-58.0,-0.88,9.11,False,,
+gap,480,20,L,0.5,-37.5,50.8,84.1,0.13,-61.6,-5.21,6.25,False,,
-gap,480,10,L,2.13,-35.87,47.7,102.2,0.46,-60.1,10.19,-6.01,False,,
-gap,480,20,L,2.28,-35.72,51.2,84.5,0.59,-59.8,7.66,-3.15,False,,
+entry_gap,480,10,L,6.02,-31.98,53.8,108.8,1.21,-56.1,0.57,11.51,True,,
+entry_gap,480,20,L,4.97,-33.03,54.2,89.9,1.21,-57.0,1.01,8.96,True,,
-entry_gap,480,10,L,0.44,-37.56,50.0,105.9,0.09,-61.8,5.28,-4.45,False,,
-entry_gap,480,20,L,0.99,-37.01,48.5,94.0,0.23,-61.2,2.57,-0.59,False,,
+today_sofar,480,10,L,2.69,-35.31,51.0,110.5,0.53,-59.6,2.62,2.75,True,,
+today_sofar,480,20,L,1.61,-36.39,53.1,90.9,0.39,-60.5,0.2,3.03,True,,
-today_sofar,480,10,L,-1.85,-39.85,45.8,106.5,-0.38,-64.0,0.26,-3.97,False,,
-today_sofar,480,20,L,-1.87,-39.87,49.6,91.2,-0.45,-63.8,-2.62,-1.11,True,,
+pos_in_range,480,10,L,-0.11,-38.11,50.2,70.4,-0.03,-62.0,-1.58,1.38,False,,
+pos_in_range,480,20,L,0.12,-37.88,51.7,69.0,0.04,-61.8,0.11,0.14,True,,
-pos_in_range,480,10,L,3.69,-34.31,51.2,73.4,1.1,-58.2,6.61,0.74,True,,
-pos_in_range,480,20,L,1.48,-36.52,50.2,69.6,0.46,-60.5,1.2,1.75,True,,
+range_sofar,480,10,L,2.27,-35.73,50.6,126.5,0.39,-60.2,4.18,0.35,True,,
+range_sofar,480,20,L,0.01,-37.99,49.6,105.3,0.0,-62.2,0.64,-0.64,False,,
-range_sofar,480,10,L,2.6,-35.4,56.5,20.2,2.82,-59.1,2.96,2.24,True,,
-range_sofar,480,20,L,2.9,-35.1,52.5,32.7,1.94,-58.8,2.62,3.18,True,,
+amihud,471,10,L,-0.04,-38.04,46.5,111.9,-0.01,-62.3,-2.94,2.89,False,,
+amihud,471,20,L,-0.41,-38.41,47.8,92.2,-0.1,-62.5,-4.71,3.91,False,,
-amihud,471,10,L,-0.36,-38.36,47.1,29.2,-0.27,-62.1,1.0,-1.73,False,,
-amihud,471,20,L,-0.63,-38.63,49.5,40.3,-0.34,-62.4,-0.2,-1.07,True,,
+updays20,480,10,L,-3.12,-41.12,50.0,64.7,-1.06,-64.8,-1.24,-5.03,True,,
+updays20,480,20,L,-0.71,-38.71,52.7,64.7,-0.24,-62.6,0.52,-1.96,False,,
-updays20,480,10,L,3.14,-34.86,49.8,82.3,0.84,-58.9,-3.18,9.51,False,,
-updays20,480,20,L,2.04,-35.96,50.0,78.2,0.57,-60.0,-1.77,5.87,False,,
+maxret20,479,10,L,-12.87,-50.87,44.9,110.9,-2.54,-72.8,-9.7,-16.06,True,,
+maxret20,479,20,L,-8.87,-46.87,45.1,99.9,-1.94,-69.8,-4.53,-13.22,True,,
-maxret20,479,10,L,0.78,-37.22,49.1,27.4,0.62,-61.0,0.97,0.59,True,,
-maxret20,479,20,L,1.51,-36.49,50.5,39.7,0.83,-60.3,0.39,2.63,True,,
+skew20,479,10,L,-6.46,-44.46,44.5,85.0,-1.66,-67.8,-6.5,-6.42,True,,
+skew20,479,20,L,-4.99,-42.99,46.1,75.0,-1.46,-66.5,-5.53,-4.45,True,,
-skew20,479,10,L,1.67,-36.33,52.4,76.8,0.48,-60.3,0.83,2.51,True,,
-skew20,479,20,L,-0.12,-38.12,50.7,73.1,-0.04,-62.1,-1.16,0.93,False,,
+d1,480,10,S,3.77,-34.23,51.7,104.6,0.79,-58.4,-1.85,9.44,False,,
-d1,480,10,S,-2.46,-40.46,47.5,104.1,-0.52,-64.5,2.78,-7.75,False,,
+d2,480,10,S,2.15,-35.85,49.2,98.4,0.48,-60.0,-3.08,7.42,False,,
-d2,480,10,S,-0.86,-38.86,51.0,111.4,-0.17,-63.1,5.07,-6.84,False,,
+d5,480,10,S,6.79,-31.21,50.2,100.6,1.48,-55.1,0.69,12.94,True,,
-d5,480,10,S,-2.61,-40.61,50.4,114.4,-0.5,-64.7,4.74,-10.02,False,,
+d10,479,10,S,7.2,-30.8,53.0,109.3,1.44,-54.7,1.03,13.39,True,,
-d10,479,10,S,-2.91,-40.91,51.1,111.3,-0.57,-65.0,2.19,-8.04,False,,
+d20,469,10,S,1.8,-36.2,48.8,113.0,0.34,-60.5,-5.68,9.31,False,,
-d20,469,10,S,-3.46,-41.46,50.3,111.8,-0.67,-65.5,0.99,-7.92,False,,
+vol20,479,10,S,5.81,-32.19,52.0,122.4,1.04,-56.5,3.67,7.96,True,,
-vol20,479,10,S,-1.0,-39.0,48.0,21.8,-1.0,-62.7,-2.81,0.81,False,,
+atr,480,10,S,3.8,-34.2,48.5,117.6,0.71,-58.6,-1.44,9.09,False,,
-atr,480,10,S,-0.86,-38.86,50.8,61.5,-0.31,-62.7,0.14,-1.86,False,,
+pct52,430,10,S,2.68,-35.32,50.7,66.4,0.84,-59.2,-0.91,6.3,False,,
-pct52,430,10,S,1.66,-36.34,52.3,112.7,0.31,-60.7,-0.5,3.85,False,,
+price,480,10,S,1.23,-36.77,50.6,74.8,0.36,-60.8,0.28,2.18,True,,
-price,480,10,S,2.33,-35.67,54.2,111.3,0.46,-60.0,0.03,4.65,True,,
+liq,480,10,S,2.45,-35.55,54.4,64.1,0.84,-59.5,0.81,4.1,True,,
-liq,480,10,S,-0.65,-38.65,52.1,98.3,-0.15,-62.8,3.76,-5.1,False,,
+logliq,480,10,S,2.45,-35.55,54.4,64.1,0.84,-59.5,0.81,4.1,True,,
-logliq,480,10,S,-0.65,-38.65,52.1,98.3,-0.15,-62.8,3.76,-5.1,False,,
+d40,449,10,S,3.09,-34.91,50.6,113.3,0.58,-59.2,2.12,4.06,True,,
-d40,449,10,S,-2.97,-40.97,49.9,112.1,-0.56,-65.0,-8.36,2.44,False,,
+d60,429,10,S,6.23,-31.77,51.0,110.1,1.17,-55.8,7.01,5.46,True,,
-d60,429,10,S,1.86,-36.14,50.6,109.5,0.35,-60.5,-3.6,7.34,False,,
+d120,369,10,S,7.47,-30.53,52.3,105.9,1.35,-54.4,11.63,3.28,True,,
-d120,369,10,S,0.85,-37.15,52.0,103.8,0.16,-61.4,2.52,-0.84,False,,
+d250,239,10,S,4.59,-33.41,48.5,102.9,0.69,-57.5,16.21,-7.13,False,,
-d250,239,10,S,6.64,-31.36,56.1,102.6,1.0,-55.3,16.33,-3.12,False,,
+d20_skip5,464,10,S,3.0,-35.0,51.1,112.1,0.58,-59.3,1.16,4.85,True,,
-d20_skip5,464,10,S,5.03,-32.97,56.2,100.4,1.08,-57.0,6.58,3.47,True,,
+d120_skip20,349,10,S,8.24,-29.76,51.9,100.1,1.54,-53.4,24.66,-8.27,False,,
-d120_skip20,349,10,S,6.88,-31.12,57.9,98.4,1.31,-55.0,10.14,3.61,True,,
+d250_skip20,219,10,S,1.43,-36.57,50.7,95.6,0.22,-60.7,7.38,-4.56,False,,
-d250_skip20,219,10,S,5.65,-32.35,51.6,101.9,0.82,-56.4,6.95,4.33,True,,
+d20_over_vol,469,10,S,2.7,-35.3,49.9,66.8,0.88,-59.2,-1.37,6.78,False,,
-d20_over_vol,469,10,S,-4.51,-42.51,49.0,92.5,-1.06,-66.2,-2.41,-6.63,True,,
+d120_riskadj,349,10,S,0.49,-37.51,51.3,55.4,0.16,-61.4,7.12,-6.18,False,,
-d120_riskadj,349,10,S,2.26,-35.74,50.1,78.2,0.54,-59.8,5.96,-1.47,False,,
+pct52_lo,430,10,S,8.55,-29.45,50.2,112.2,1.58,-53.2,11.19,5.88,True,,
-pct52_lo,430,10,S,0.03,-37.97,54.2,76.5,0.01,-61.9,-3.78,3.88,False,,
+gap,480,10,S,-4.1,-42.1,49.6,98.4,-0.91,-65.9,0.88,-9.11,False,,
-gap,480,10,S,-2.13,-40.13,52.3,102.2,-0.46,-64.2,-10.19,6.01,False,,
+entry_gap,480,10,S,-6.02,-44.02,46.2,108.8,-1.21,-67.6,-0.57,-11.51,True,,
-entry_gap,480,10,S,-0.44,-38.44,50.0,105.9,-0.09,-62.6,-5.28,4.45,False,,
+today_sofar,480,10,S,-2.69,-40.69,49.0,110.5,-0.53,-64.8,-2.62,-2.75,True,,
-today_sofar,480,10,S,1.85,-36.15,54.2,106.5,0.38,-60.4,-0.26,3.97,False,,
+pos_in_range,480,10,S,0.11,-37.89,49.8,70.4,0.03,-61.8,1.58,-1.38,False,,
-pos_in_range,480,10,S,-3.69,-41.69,48.8,73.4,-1.1,-65.3,-6.61,-0.74,True,,
+range_sofar,480,10,S,-2.27,-40.27,49.4,126.5,-0.39,-64.6,-4.18,-0.35,True,,
-range_sofar,480,10,S,-2.6,-40.6,43.5,20.2,-2.82,-64.1,-2.96,-2.24,True,,
+amihud,471,10,S,0.04,-37.96,53.5,111.9,0.01,-62.3,2.94,-2.89,False,,
-amihud,471,10,S,0.36,-37.64,52.9,29.2,0.27,-61.4,-1.0,1.73,False,,
+updays20,480,10,S,3.12,-34.88,50.0,64.7,1.06,-58.8,1.24,5.03,True,,
-updays20,480,10,S,-3.14,-41.14,50.2,82.3,-0.84,-64.9,3.18,-9.51,False,,
+maxret20,479,10,S,12.87,-25.13,55.1,110.9,2.54,-47.8,9.7,16.06,True,,
-maxret20,479,10,S,-0.78,-38.78,50.9,27.4,-0.62,-62.5,-0.97,-0.59,True,,
+skew20,479,10,S,6.46,-31.54,55.5,85.0,1.66,-55.3,6.5,6.42,True,,
-skew20,479,10,S,-1.67,-39.67,47.6,76.8,-0.48,-63.5,-0.83,-2.51,True,,
-d1|gapdn,472,5,L,5.0,-33.0,53.0,118.6,0.92,-57.3,10.65,-0.7,False,,
-d1|gapdn,472,10,L,3.53,-34.47,51.7,99.3,0.77,-58.6,8.12,-1.1,False,,
-d1|gapdn2,305,5,L,13.23,-24.77,52.5,146.8,1.57,-47.9,26.09,0.28,True,,
-d1|gapdn2,305,10,L,7.66,-30.34,51.8,129.7,1.03,-54.5,21.61,-6.37,False,,
-d1|gapup,474,5,L,-4.01,-42.01,50.6,124.3,-0.7,-66.1,-15.09,7.17,False,,
-d1|gapup,474,10,L,-2.7,-40.7,49.6,99.4,-0.59,-64.7,-8.25,2.9,False,,
-d1|gapup2,418,5,L,-0.67,-38.67,45.9,128.7,-0.11,-63.1,-13.03,11.81,False,,
-d1|gapup2,418,10,L,2.57,-35.43,49.0,115.2,0.46,-59.8,-4.71,9.92,False,,
-d1|flat,480,5,L,-0.64,-38.64,48.3,109.4,-0.13,-62.9,-11.1,9.91,False,,
-d1|flat,480,10,L,-1.48,-39.48,49.6,88.3,-0.37,-63.5,-9.42,6.53,False,,
-d1|am_dn,480,5,L,-0.6,-38.6,48.8,117.2,-0.11,-62.9,-8.79,7.66,False,,
-d1|am_dn,480,10,L,-2.01,-40.01,49.0,99.2,-0.44,-64.0,-6.68,2.7,False,,
-d1|am_up,480,5,L,5.15,-32.85,50.0,116.8,0.97,-57.1,-1.36,11.72,False,,
-d1|am_up,480,10,L,-0.0,-38.0,51.5,98.9,-0.0,-62.2,-7.25,7.31,False,,
-d1|lowrange,480,5,L,0.12,-37.88,51.9,82.7,0.03,-61.9,1.22,-0.99,False,,
-d1|lowrange,480,10,L,1.22,-36.78,51.2,70.9,0.38,-60.7,0.82,1.62,True,,
-d1|hirange,480,5,L,7.06,-30.94,53.3,136.0,1.14,-55.3,-0.32,14.49,False,,
-d1|hirange,480,10,L,2.08,-35.92,51.9,112.5,0.41,-60.3,-4.54,8.76,False,,
-d1|lowpos,480,5,L,-1.19,-39.19,47.7,112.9,-0.23,-63.4,-6.89,4.56,False,,
-d1|lowpos,480,10,L,-0.65,-38.65,50.6,96.9,-0.15,-62.8,-5.02,3.76,False,,
-d1|hipos,480,5,L,1.04,-36.96,49.4,119.4,0.19,-61.4,-9.19,11.36,False,,
-d1|hipos,480,10,L,2.91,-35.09,52.5,94.1,0.68,-59.2,-3.92,9.79,False,,
-d2|gapdn,472,5,L,8.85,-29.15,51.1,123.7,1.55,-53.0,9.66,8.03,True,,
-d2|gapdn,472,10,L,3.95,-34.05,51.5,98.7,0.87,-58.2,6.46,1.42,True,,
-d2|gapdn2,306,5,L,18.47,-19.53,53.6,145.0,2.23,-40.5,32.67,4.09,True,,
-d2|gapdn2,306,10,L,9.16,-28.84,51.0,128.5,1.25,-52.7,23.34,-5.21,False,,
-d2|gapup,474,5,L,-6.66,-44.66,47.9,127.8,-1.13,-68.3,-21.76,8.57,False,,
-d2|gapup,474,10,L,-1.75,-39.75,52.3,102.9,-0.37,-63.8,-8.45,5.0,False,,
-d2|gapup2,419,5,L,3.92,-34.08,47.3,132.3,0.61,-58.6,-9.26,17.17,False,,
-d2|gapup2,419,10,L,4.19,-33.81,49.9,120.0,0.72,-58.2,-6.12,14.56,False,,
-d2|flat,480,5,L,-3.31,-41.31,46.0,108.9,-0.67,-65.3,-6.57,-0.02,True,,
-d2|flat,480,10,L,-4.72,-42.72,44.8,92.9,-1.11,-66.4,-8.25,-1.15,True,,
-d2|am_dn,480,5,L,-7.43,-45.43,47.5,121.6,-1.34,-68.8,-18.31,3.53,False,,
-d2|am_dn,480,10,L,-2.72,-40.72,47.9,101.6,-0.59,-64.7,-10.85,5.47,False,,
-d2|am_up,480,5,L,3.73,-34.27,51.5,121.4,0.67,-58.7,-5.29,12.82,False,,
-d2|am_up,480,10,L,2.2,-35.8,52.5,104.7,0.46,-60.1,-2.67,7.1,False,,
-d2|lowrange,480,5,L,2.97,-35.03,49.2,82.6,0.79,-59.1,0.13,5.82,True,,
-d2|lowrange,480,10,L,1.44,-36.56,49.6,71.4,0.44,-60.5,0.42,2.47,True,,
-d2|hirange,480,5,L,1.89,-36.11,49.6,141.2,0.29,-60.8,-5.83,9.68,False,,
-d2|hirange,480,10,L,0.93,-37.07,49.0,117.1,0.17,-61.4,-5.4,7.31,False,,
-d2|lowpos,480,5,L,-7.48,-45.48,45.4,119.2,-1.37,-68.9,-15.69,0.8,False,,
-d2|lowpos,480,10,L,-3.36,-41.36,46.7,98.3,-0.75,-65.2,-8.33,1.65,False,,
-d2|hipos,480,5,L,2.52,-35.48,49.8,124.7,0.44,-60.0,-5.42,10.53,False,,
-d2|hipos,480,10,L,1.27,-36.73,52.5,98.4,0.28,-60.9,-2.28,4.84,False,,
-d5|gapdn,472,5,L,4.23,-33.77,48.7,121.2,0.76,-58.1,6.42,2.02,True,,
-d5|gapdn,472,10,L,4.71,-33.29,50.0,100.1,1.02,-57.4,7.83,1.57,True,,
-d5|gapdn2,306,5,L,15.33,-22.67,52.9,140.7,1.91,-44.9,24.64,5.9,True,,
-d5|gapdn2,306,10,L,8.3,-29.7,50.3,125.6,1.16,-53.7,20.52,-4.08,False,,
-d5|gapup,474,5,L,-4.62,-42.62,48.9,125.2,-0.8,-66.6,-14.32,5.17,False,,
-d5|gapup,474,10,L,-2.02,-40.02,48.7,102.9,-0.43,-64.1,-6.64,2.64,False,,
-d5|gapup2,419,5,L,4.06,-33.94,49.2,129.9,0.64,-58.4,-6.28,14.45,False,,
-d5|gapup2,419,10,L,1.92,-36.08,50.8,117.7,0.33,-60.5,-7.09,10.97,False,,
-d5|flat,480,5,L,-3.15,-41.15,47.3,114.6,-0.6,-65.2,-7.35,1.08,False,,
-d5|flat,480,10,L,-4.57,-42.57,46.0,92.2,-1.09,-66.2,-10.13,1.05,False,,
-d5|am_dn,480,5,L,-1.65,-39.65,49.6,127.3,-0.28,-64.0,-10.26,7.03,False,,
-d5|am_dn,480,10,L,-2.83,-40.83,47.1,104.6,-0.59,-64.8,-5.74,0.1,False,,
-d5|am_up,480,5,L,3.54,-34.46,48.3,126.4,0.61,-58.9,-1.56,8.69,False,,
-d5|am_up,480,10,L,1.68,-36.32,49.4,104.8,0.35,-60.6,-0.87,4.25,False,,
-d5|lowrange,480,5,L,3.17,-34.83,49.2,85.6,0.81,-58.9,3.75,2.58,True,,
-d5|lowrange,480,10,L,0.29,-37.71,49.2,75.7,0.08,-61.7,-0.39,0.97,False,,
-d5|hirange,480,5,L,2.14,-35.86,50.0,145.6,0.32,-60.6,-10.75,15.14,False,,
-d5|hirange,480,10,L,2.37,-35.63,49.4,119.8,0.43,-60.1,-4.13,8.93,False,,
-d5|lowpos,480,5,L,-3.2,-41.2,48.3,125.2,-0.56,-65.4,-9.61,3.26,False,,
-d5|lowpos,480,10,L,-2.25,-40.25,50.2,100.0,-0.49,-64.3,-4.46,-0.01,True,,
-d5|hipos,480,5,L,3.21,-34.79,49.6,120.9,0.58,-59.2,-1.25,7.7,False,,
-d5|hipos,480,10,L,2.7,-35.3,50.6,97.5,0.61,-59.5,-2.3,7.74,False,,
+d20|gapdn,461,5,L,0.17,-37.83,47.7,124.4,0.03,-62.3,9.6,-9.3,False,,
+d20|gapdn,461,10,L,-3.57,-41.57,48.6,100.5,-0.76,-65.4,4.18,-11.36,False,,
+d20|gapdn2,291,5,L,-1.8,-39.8,49.1,146.0,-0.21,-64.4,20.68,-24.43,False,,
+d20|gapdn2,291,10,L,0.4,-37.6,50.2,131.9,0.05,-62.1,19.43,-18.76,False,,
+d20|gapup,463,5,L,10.89,-27.11,53.6,134.0,1.75,-50.7,13.6,8.18,True,,
+d20|gapup,463,10,L,4.17,-33.83,51.8,102.2,0.88,-58.0,6.48,1.86,True,,
+d20|gapup2,403,5,L,1.87,-36.13,48.4,127.7,0.29,-60.7,-5.87,9.64,False,,
+d20|gapup2,403,10,L,1.58,-36.42,50.9,113.6,0.28,-60.8,-3.02,6.2,False,,
+d20|flat,469,5,L,-11.28,-49.28,45.6,112.5,-2.17,-71.7,-6.16,-16.42,True,,
+d20|flat,469,10,L,-8.12,-46.12,45.2,87.0,-2.02,-69.1,-4.34,-11.91,True,,
+d20|am_dn,469,5,L,-6.92,-44.92,48.4,128.4,-1.17,-68.5,1.67,-15.54,False,,
+d20|am_dn,469,10,L,-6.98,-44.98,44.1,100.3,-1.51,-68.3,-1.36,-12.63,True,,
+d20|am_up,469,5,L,-0.28,-38.28,51.8,132.3,-0.05,-62.8,1.43,-2.01,False,,
+d20|am_up,469,10,L,-0.96,-38.96,49.7,100.7,-0.21,-63.1,2.94,-4.87,False,,
+d20|lowrange,469,5,L,3.8,-34.2,53.3,73.6,1.12,-58.1,7.74,-0.15,False,,
+d20|lowrange,469,10,L,3.2,-34.8,55.4,59.5,1.16,-58.6,4.31,2.09,True,,
+d20|hirange,469,5,L,-4.62,-42.62,47.5,146.2,-0.68,-66.8,3.82,-13.08,False,,
+d20|hirange,469,10,L,-2.97,-40.97,51.0,115.5,-0.56,-65.1,5.79,-11.77,False,,
+d20|lowpos,469,5,L,-5.77,-43.77,48.4,120.7,-1.04,-67.5,5.96,-17.54,False,,
+d20|lowpos,469,10,L,-2.64,-40.64,47.1,94.4,-0.61,-64.6,4.27,-9.58,False,,
+d20|hipos,469,5,L,1.62,-36.38,48.8,129.1,0.27,-60.9,6.55,-3.33,False,,
+d20|hipos,469,10,L,-0.28,-38.28,50.5,95.8,-0.06,-62.4,5.2,-5.78,False,,
+d120_skip20|gapdn,343,5,L,-4.48,-42.48,49.3,127.6,-0.65,-66.5,-3.18,-5.79,True,,
+d120_skip20|gapdn,343,10,L,-3.24,-41.24,50.4,94.2,-0.64,-65.1,-3.72,-2.77,True,,
+d120_skip20|gapdn2,206,5,L,-10.35,-48.35,51.0,152.0,-0.98,-71.4,-4.15,-16.68,True,,
+d120_skip20|gapdn2,206,10,L,-4.51,-42.51,51.9,127.7,-0.51,-66.5,1.39,-10.53,False,,
+d120_skip20|gapup,344,5,L,3.57,-34.43,50.3,113.9,0.58,-58.7,-6.86,14.12,False,,
+d120_skip20|gapup,344,10,L,5.56,-32.44,51.2,87.3,1.18,-56.3,-0.51,11.7,False,,
+d120_skip20|gapup2,291,5,L,7.16,-30.84,51.2,127.3,0.96,-55.0,-0.1,14.46,False,,
+d120_skip20|gapup2,291,10,L,7.83,-30.17,52.6,113.3,1.18,-54.0,3.24,12.45,True,,
+d120_skip20|flat,349,5,L,-12.71,-50.71,45.8,109.3,-2.17,-72.7,-34.3,9.0,False,,
+d120_skip20|flat,349,10,L,-7.93,-45.93,45.6,85.1,-1.74,-68.9,-20.05,4.26,False,,
+d120_skip20|am_dn,349,5,L,-7.88,-45.88,47.9,117.3,-1.26,-69.2,-22.06,6.38,False,,
+d120_skip20|am_dn,349,10,L,-6.38,-44.38,45.3,98.2,-1.21,-67.8,-19.01,6.31,False,,
+d120_skip20|am_up,349,5,L,1.56,-36.44,49.0,119.3,0.24,-60.9,-9.35,12.53,False,,
+d120_skip20|am_up,349,10,L,2.62,-35.38,51.9,94.2,0.52,-59.5,-5.69,10.98,False,,
+d120_skip20|lowrange,349,5,L,-2.7,-40.7,45.8,80.9,-0.62,-64.5,-5.85,0.47,False,,
+d120_skip20|lowrange,349,10,L,-2.02,-40.02,49.3,63.8,-0.59,-63.8,-4.43,0.4,False,,
+d120_skip20|hirange,349,5,L,-5.76,-43.76,48.7,133.5,-0.81,-67.6,-26.18,14.78,False,,
+d120_skip20|hirange,349,10,L,-5.92,-43.92,45.8,107.8,-1.03,-67.5,-22.5,10.76,False,,
+d120_skip20|lowpos,349,5,L,-12.74,-50.74,45.8,109.3,-2.18,-72.7,-22.93,-2.48,True,,
+d120_skip20|lowpos,349,10,L,-7.34,-45.34,46.4,89.6,-1.53,-68.5,-15.9,1.27,False,,
+d120_skip20|hipos,349,5,L,2.93,-35.07,51.9,115.9,0.47,-59.5,-7.03,12.94,False,,
+d120_skip20|hipos,349,10,L,3.63,-34.37,53.6,90.1,0.75,-58.4,-2.04,9.32,False,,
-vol20|gapdn,471,5,L,-2.47,-40.47,47.3,71.2,-0.75,-64.2,1.44,-6.38,False,,
-vol20|gapdn,471,10,L,-1.79,-39.79,49.0,67.6,-0.58,-63.6,1.87,-5.47,False,,
-vol20|gapdn2,305,5,L,0.31,-37.69,49.2,113.3,0.05,-62.0,12.28,-11.74,False,,
-vol20|gapdn2,305,10,L,3.84,-34.16,48.5,113.9,0.59,-58.5,15.37,-7.76,False,,
-vol20|gapup,473,5,L,0.79,-37.21,49.7,69.8,0.25,-61.2,-1.86,3.45,False,,
-vol20|gapup,473,10,L,-1.43,-39.43,49.7,68.3,-0.46,-63.3,-2.99,0.13,False,,
-vol20|gapup2,418,5,L,1.6,-36.4,48.8,113.7,0.29,-60.8,-4.92,8.18,False,,
-vol20|gapup2,418,10,L,1.82,-36.18,50.0,111.5,0.33,-60.5,-4.63,8.34,False,,
-vol20|flat,479,5,L,0.1,-37.9,42.2,2.9,0.8,-61.6,0.23,-0.02,False,,
-vol20|flat,479,10,L,0.06,-37.94,50.9,23.8,0.05,-61.7,1.27,-1.16,False,,
-vol20|am_dn,479,5,L,1.2,-36.8,51.1,59.9,0.44,-60.7,2.15,0.25,True,,
-vol20|am_dn,479,10,L,1.91,-36.09,47.2,57.2,0.73,-60.0,1.12,2.72,True,,
-vol20|am_up,479,5,L,-5.02,-43.02,48.4,67.4,-1.63,-66.5,-3.88,-6.16,True,,
-vol20|am_up,479,10,L,-1.74,-39.74,52.2,61.9,-0.62,-63.5,-1.72,-1.76,True,,
-vol20|lowrange,479,5,L,0.28,-37.72,42.6,3.9,1.54,-61.4,0.57,-0.02,False,,
-vol20|lowrange,479,10,L,1.92,-36.08,51.4,21.4,1.97,-59.8,3.4,0.44,True,,
-vol20|hirange,479,5,L,1.41,-36.59,50.5,91.1,0.34,-60.7,-1.2,4.03,False,,
-vol20|hirange,479,10,L,1.23,-36.77,50.3,79.7,0.34,-60.8,1.09,1.36,True,,
-vol20|lowpos,479,5,L,0.58,-37.42,51.8,38.7,0.33,-61.2,2.49,-1.34,False,,
-vol20|lowpos,479,10,L,1.6,-36.4,49.5,44.2,0.79,-60.2,1.97,1.23,True,,
-vol20|hipos,479,5,L,-1.26,-39.26,47.6,48.0,-0.57,-63.0,-2.62,0.12,False,,
-vol20|hipos,479,10,L,-0.46,-38.46,50.9,53.3,-0.19,-62.3,-0.55,-0.37,True,,
+pct52|gapdn,422,5,L,-0.58,-38.58,49.1,89.4,-0.13,-62.6,6.72,-7.95,False,,
+pct52|gapdn,422,10,L,-3.29,-41.29,48.3,79.5,-0.85,-65.0,3.52,-10.16,False,,
+pct52|gapdn2,261,5,L,-1.81,-39.81,51.0,132.2,-0.22,-64.2,8.06,-11.75,False,,
+pct52|gapdn2,261,10,L,1.0,-37.0,51.3,125.7,0.13,-61.5,11.54,-9.62,False,,
+pct52|gapup,424,5,L,1.87,-36.13,49.3,103.4,0.37,-60.4,7.12,-3.42,False,,
+pct52|gapup,424,10,L,0.39,-37.61,49.1,85.3,0.09,-61.7,4.42,-3.68,False,,
+pct52|gapup2,365,5,L,5.53,-32.47,51.5,123.5,0.85,-56.8,3.11,7.95,True,,
+pct52|gapup2,365,10,L,2.71,-35.29,52.6,111.2,0.47,-59.6,0.15,5.3,True,,
+pct52|flat,430,5,L,-5.53,-43.53,46.5,64.2,-1.79,-66.9,-5.06,-6.01,True,,
+pct52|flat,430,10,L,-7.01,-45.01,43.5,49.8,-2.92,-68.0,-6.25,-7.77,True,,
+pct52|am_dn,430,5,L,-6.25,-44.25,47.0,90.7,-1.43,-67.6,-1.56,-10.99,True,,
+pct52|am_dn,430,10,L,-6.97,-44.97,46.7,75.7,-1.91,-68.1,-3.09,-10.89,True,,
+pct52|am_up,430,5,L,-1.12,-39.12,49.1,103.6,-0.22,-63.3,0.2,-2.45,False,,
+pct52|am_up,430,10,L,-2.8,-40.8,51.9,84.5,-0.69,-64.6,1.89,-7.53,False,,
+pct52|lowrange,430,5,L,-2.4,-40.4,48.1,35.0,-1.42,-64.0,-4.22,-0.56,True,,
+pct52|lowrange,430,10,L,-0.96,-38.96,47.7,30.6,-0.65,-62.7,-2.46,0.55,False,,
+pct52|hirange,430,5,L,-6.84,-44.84,47.2,119.1,-1.19,-68.4,9.85,-23.69,False,,
+pct52|hirange,430,10,L,-6.9,-44.9,47.4,95.7,-1.5,-68.2,1.31,-15.2,False,,
+pct52|lowpos,430,5,L,-3.66,-41.66,43.7,76.9,-0.99,-65.3,1.52,-8.89,False,,
+pct52|lowpos,430,10,L,-0.88,-38.88,48.6,63.7,-0.29,-62.7,4.47,-6.28,False,,
+pct52|hipos,430,5,L,-4.5,-42.5,46.0,82.1,-1.14,-66.1,0.14,-9.18,False,,
+pct52|hipos,430,10,L,-1.13,-39.13,48.6,71.3,-0.33,-63.0,1.76,-4.04,False,,
+amihud|gapdn,463,5,L,1.1,-36.9,49.0,120.1,0.2,-61.3,-4.18,6.39,False,,
+amihud|gapdn,463,10,L,2.13,-35.87,48.8,98.0,0.47,-60.1,4.22,0.02,True,,
+amihud|gapdn2,294,5,L,5.21,-32.79,49.7,137.8,0.65,-57.3,17.76,-7.51,False,,
+amihud|gapdn2,294,10,L,6.12,-31.88,50.7,124.2,0.84,-56.1,20.58,-8.54,False,,
+amihud|gapup,465,5,L,1.94,-36.06,49.0,129.0,0.32,-60.6,-5.25,9.16,False,,
+amihud|gapup,465,10,L,3.12,-34.88,50.1,100.7,0.67,-59.1,-1.04,7.29,False,,
+amihud|gapup2,405,5,L,7.29,-30.71,52.8,132.7,1.11,-54.9,-0.01,14.63,False,,
+amihud|gapup2,405,10,L,5.62,-32.38,51.9,116.0,0.98,-56.6,-1.52,12.79,False,,
+amihud|flat,471,5,L,-10.7,-48.7,43.7,110.1,-2.11,-71.2,-15.59,-5.78,True,,
+amihud|flat,471,10,L,-8.0,-46.0,45.9,95.5,-1.82,-69.1,-10.37,-5.62,True,,
+amihud|am_dn,471,5,L,1.06,-36.94,46.7,126.9,0.18,-61.4,-6.9,9.06,False,,
+amihud|am_dn,471,10,L,2.97,-35.03,50.7,103.9,0.62,-59.3,-3.02,8.99,False,,
+amihud|am_up,471,5,L,-4.7,-42.7,44.8,131.3,-0.78,-66.7,-9.65,0.27,False,,
+amihud|am_up,471,10,L,-2.66,-40.66,48.4,101.1,-0.57,-64.6,-5.57,0.26,False,,
+amihud|lowrange,471,5,L,0.1,-37.9,47.6,82.2,0.03,-61.9,1.83,-1.64,False,,
+amihud|lowrange,471,10,L,1.09,-36.91,50.7,69.3,0.34,-60.9,1.85,0.33,True,,
+amihud|hirange,471,5,L,1.43,-36.57,49.3,133.8,0.23,-61.2,-0.72,3.58,False,,
+amihud|hirange,471,10,L,-0.3,-38.3,48.8,110.7,-0.06,-62.6,-1.58,0.98,False,,
+amihud|lowpos,471,5,L,5.18,-32.82,49.5,119.5,0.94,-57.1,1.39,8.98,True,,
+amihud|lowpos,471,10,L,1.9,-36.1,49.3,96.1,0.43,-60.3,-0.96,4.76,False,,
+amihud|hipos,471,5,L,-1.74,-39.74,49.7,123.9,-0.31,-64.0,-3.13,-0.36,True,,
+amihud|hipos,471,10,L,1.17,-36.83,50.7,95.1,0.27,-61.0,-0.25,2.61,False,,
-liq|gapdn,472,5,L,-3.05,-41.05,45.8,112.3,-0.59,-65.1,-4.92,-1.17,True,,
-liq|gapdn,472,10,L,-1.08,-39.08,46.4,93.5,-0.25,-63.1,0.62,-2.8,False,,
-liq|gapdn2,306,5,L,5.13,-32.87,50.3,131.4,0.68,-57.3,19.0,-8.92,False,,
-liq|gapdn2,306,10,L,5.81,-32.19,49.3,123.3,0.82,-56.5,20.11,-8.67,False,,
-liq|gapup,474,5,L,4.28,-33.72,47.3,117.2,0.8,-58.0,0.16,8.43,True,,
-liq|gapup,474,10,L,1.25,-36.75,50.2,93.6,0.29,-60.9,-2.95,5.48,False,,
-liq|gapup2,419,5,L,6.67,-31.33,52.7,125.5,1.09,-55.5,0.7,12.67,True,,
-liq|gapup2,419,10,L,3.97,-34.03,51.3,114.1,0.71,-58.3,-4.13,12.12,False,,
-liq|flat,480,5,L,-9.0,-47.0,42.3,99.6,-1.98,-69.9,-12.09,-5.88,True,,
-liq|flat,480,10,L,-5.74,-43.74,46.5,81.1,-1.55,-67.1,-9.99,-1.45,True,,
-liq|am_dn,480,5,L,1.66,-36.34,47.1,114.8,0.32,-60.7,-6.39,9.79,False,,
-liq|am_dn,480,10,L,1.71,-36.29,50.8,94.2,0.4,-60.4,-3.24,6.7,False,,
-liq|am_up,480,5,L,-2.65,-40.65,45.8,122.2,-0.48,-64.8,-10.77,5.54,False,,
-liq|am_up,480,10,L,-2.3,-40.3,48.3,99.0,-0.51,-64.3,-6.95,2.39,False,,
-liq|lowrange,480,5,L,2.67,-35.33,50.0,68.5,0.85,-59.3,1.72,3.62,True,,
-liq|lowrange,480,10,L,0.34,-37.66,50.0,57.9,0.13,-61.5,-1.72,2.41,False,,
-liq|hirange,480,5,L,2.58,-35.42,50.6,126.6,0.45,-59.9,-0.5,5.69,False,,
-liq|hirange,480,10,L,2.19,-35.81,50.2,104.8,0.46,-60.1,-1.07,5.49,False,,
-liq|lowpos,480,5,L,4.52,-33.48,50.4,106.2,0.93,-57.7,-0.29,9.37,False,,
-liq|lowpos,480,10,L,2.4,-35.6,50.6,86.3,0.61,-59.7,-1.11,5.94,False,,
-liq|hipos,480,5,L,-1.56,-39.56,47.9,112.5,-0.3,-63.8,-8.86,5.81,False,,
-liq|hipos,480,10,L,-0.14,-38.14,48.5,90.0,-0.03,-62.2,-2.26,2.0,False,,
-price|gapdn,472,5,L,-2.97,-40.97,46.2,109.5,-0.59,-65.0,3.02,-9.01,False,,
-price|gapdn,472,10,L,1.91,-36.09,48.9,97.3,0.43,-60.3,8.1,-4.33,False,,
-price|gapdn2,306,5,L,2.11,-35.89,50.3,134.1,0.28,-60.5,22.53,-18.58,False,,
-price|gapdn2,306,10,L,4.63,-33.37,50.7,125.6,0.64,-57.8,21.01,-11.96,False,,
-price|gapup,474,5,L,-4.31,-42.31,47.7,118.9,-0.79,-66.3,-5.2,-3.41,True,,
-price|gapup,474,10,L,0.2,-37.8,49.6,99.5,0.04,-62.0,-3.56,3.99,False,,
-price|gapup2,419,5,L,8.34,-29.66,51.1,130.0,1.31,-53.7,-0.31,17.04,False,,
-price|gapup2,419,10,L,3.77,-34.23,52.0,115.8,0.67,-58.6,-6.04,13.64,False,,
-price|flat,480,5,L,-7.28,-45.28,42.9,112.4,-1.42,-68.6,-7.13,-7.43,True,,
-price|flat,480,10,L,-5.23,-43.23,44.8,93.7,-1.22,-66.8,-6.3,-4.15,True,,
-price|am_dn,480,5,L,-6.65,-44.65,42.3,110.4,-1.32,-68.1,-6.1,-7.21,True,,
-price|am_dn,480,10,L,-5.73,-43.73,44.0,101.3,-1.24,-67.3,-11.96,0.55,False,,
-price|am_up,480,5,L,-2.82,-40.82,47.1,128.8,-0.48,-65.1,-2.49,-3.16,True,,
-price|am_up,480,10,L,-3.02,-41.02,47.3,107.8,-0.61,-65.0,-3.28,-2.75,True,,
-price|lowrange,480,5,L,1.7,-36.3,49.0,71.2,0.52,-60.3,0.31,3.1,True,,
-price|lowrange,480,10,L,2.76,-35.24,49.4,58.9,1.03,-59.1,1.83,3.69,True,,
-price|hirange,480,5,L,-1.41,-39.41,46.7,145.6,-0.21,-64.0,4.29,-7.15,False,,
-price|hirange,480,10,L,-2.09,-40.09,47.9,125.8,-0.36,-64.4,-2.59,-1.59,True,,
-price|lowpos,480,5,L,-4.1,-42.1,42.7,106.5,-0.84,-66.0,-0.31,-7.92,True,,
-price|lowpos,480,10,L,-2.06,-40.06,46.7,94.4,-0.48,-64.0,-2.36,-1.75,True,,
-price|hipos,480,5,L,1.0,-37.0,50.2,111.1,0.2,-61.3,1.23,0.77,True,,
-price|hipos,480,10,L,0.05,-37.95,50.6,94.1,0.01,-62.1,-1.81,1.93,False,,
+d250_skip20|gapdn,215,5,L,-7.38,-45.38,50.2,113.4,-0.95,-68.7,-18.29,3.63,False,,
+d250_skip20|gapdn,215,10,L,-3.99,-41.99,48.8,95.7,-0.61,-65.8,-11.93,4.02,False,,
+d250_skip20|gapdn2,134,5,L,-7.86,-45.86,51.5,146.2,-0.62,-69.4,-13.06,-2.51,True,,
+d250_skip20|gapdn2,134,10,L,-5.09,-43.09,47.0,127.9,-0.46,-67.0,-2.5,-7.76,True,,
+d250_skip20|gapup,215,5,L,8.88,-29.12,52.1,110.6,1.18,-52.8,4.1,13.71,True,,
+d250_skip20|gapup,215,10,L,4.45,-33.55,50.7,88.5,0.74,-57.6,6.1,2.77,True,,
+d250_skip20|gapup2,175,5,L,2.21,-35.79,47.4,119.6,0.24,-60.2,3.69,0.71,True,,
+d250_skip20|gapup2,175,10,L,3.8,-34.2,52.0,108.7,0.46,-58.5,4.51,3.08,True,,
+d250_skip20|flat,219,5,L,-6.55,-44.55,46.1,106.5,-0.91,-68.0,-8.01,-5.08,True,,
+d250_skip20|flat,219,10,L,-3.69,-41.69,46.6,87.6,-0.62,-65.4,-4.8,-2.57,True,,
+d250_skip20|am_dn,219,5,L,-3.34,-41.34,45.7,123.4,-0.4,-65.5,-10.98,4.37,False,,
+d250_skip20|am_dn,219,10,L,-0.21,-38.21,52.1,98.4,-0.03,-62.4,-6.34,5.98,False,,
+d250_skip20|am_up,219,5,L,2.09,-35.91,50.2,111.1,0.28,-60.2,8.22,-4.09,False,,
+d250_skip20|am_up,219,10,L,-2.27,-40.27,46.6,91.1,-0.37,-64.2,-3.15,-1.39,True,,
+d250_skip20|lowrange,219,5,L,3.72,-34.28,52.5,83.1,0.66,-58.3,6.74,0.69,True,,
+d250_skip20|lowrange,219,10,L,3.61,-34.39,53.9,64.7,0.83,-58.2,4.32,2.9,True,,
+d250_skip20|hirange,219,5,L,-0.75,-38.75,49.8,139.4,-0.08,-63.3,-7.08,5.63,False,,
+d250_skip20|hirange,219,10,L,-2.73,-40.73,50.2,117.9,-0.34,-64.9,-13.07,7.71,False,,
+d250_skip20|lowpos,219,5,L,-4.54,-42.54,45.7,112.4,-0.6,-66.4,-5.92,-3.15,True,,
+d250_skip20|lowpos,219,10,L,-1.5,-39.5,47.0,91.3,-0.24,-63.5,-5.22,2.26,False,,
+d250_skip20|hipos,219,5,L,1.62,-36.38,50.7,104.0,0.23,-60.6,-4.32,7.62,False,,
+d250_skip20|hipos,219,10,L,0.08,-37.92,53.4,87.3,0.01,-62.0,-1.87,2.05,False,,
-maxret20|gapdn,471,5,L,-1.03,-39.03,47.8,75.5,-0.3,-62.9,-0.02,-2.04,True,,
-maxret20|gapdn,471,10,L,0.12,-37.88,46.9,73.8,0.03,-61.8,4.65,-4.44,False,,
-maxret20|gapdn2,305,5,L,3.24,-34.76,49.5,117.5,0.48,-59.1,12.99,-6.57,False,,
-maxret20|gapdn2,305,10,L,4.71,-33.29,50.2,116.7,0.71,-57.6,15.32,-5.97,False,,
-maxret20|gapup,473,5,L,3.29,-34.71,50.7,77.2,0.93,-58.7,3.11,3.48,True,,
-maxret20|gapup,473,10,L,0.66,-37.34,51.6,71.7,0.2,-61.3,-0.66,2.0,False,,
-maxret20|gapup2,418,5,L,-0.39,-38.39,49.3,111.6,-0.07,-62.7,-6.3,5.57,False,,
-maxret20|gapup2,418,10,L,1.64,-36.36,49.5,111.7,0.3,-60.7,-4.88,8.23,False,,
-maxret20|flat,479,5,L,-0.19,-38.19,43.4,5.1,-0.81,-61.9,-0.36,-0.02,True,,
-maxret20|flat,479,10,L,0.55,-37.45,50.7,26.5,0.45,-61.2,0.64,0.45,True,,
-maxret20|am_dn,479,5,L,0.72,-37.28,51.1,66.1,0.24,-61.2,-1.79,3.25,False,,
-maxret20|am_dn,479,10,L,1.97,-36.03,48.4,61.4,0.7,-59.9,0.83,3.12,True,,
-maxret20|am_up,479,5,L,-1.7,-39.7,48.4,73.4,-0.51,-63.5,-3.39,-0.0,True,,
-maxret20|am_up,479,10,L,-0.13,-38.13,53.7,68.1,-0.04,-62.0,-2.07,1.83,False,,
-maxret20|lowrange,479,5,L,-0.13,-38.13,43.6,6.2,-0.47,-61.8,-0.25,-0.02,True,,
-maxret20|lowrange,479,10,L,2.31,-35.69,51.6,24.4,2.07,-59.4,2.09,2.53,True,,
-maxret20|hirange,479,5,L,1.21,-36.79,49.7,105.7,0.25,-61.1,4.29,-1.88,False,,
-maxret20|hirange,479,10,L,3.0,-35.0,50.5,92.8,0.71,-59.1,6.23,-0.25,False,,
-maxret20|lowpos,479,5,L,1.66,-36.34,49.7,44.2,0.82,-60.1,1.12,2.2,True,,
-maxret20|lowpos,479,10,L,1.96,-36.04,51.4,50.2,0.85,-59.9,-0.52,4.45,False,,
-maxret20|hipos,479,5,L,0.72,-37.28,49.7,54.5,0.29,-61.1,1.85,-0.41,False,,
-maxret20|hipos,479,10,L,-0.69,-38.69,49.1,57.7,-0.26,-62.5,-1.23,-0.14,True,,
rev1+rev5,480,10,L,6.12,-31.88,50.0,113.9,1.18,-56.0,-1.9,14.21,False,,
rev1+rev5,480,20,L,3.67,-34.33,50.2,96.4,0.83,-58.5,-1.86,9.24,False,,
rev1+mom20,469,10,L,0.53,-37.47,49.7,106.6,0.11,-61.7,3.37,-2.33,False,,
rev1+mom20,469,20,L,-0.63,-38.63,50.3,90.6,-0.15,-62.7,2.07,-3.36,False,,
rev1+mom120,349,10,L,-4.16,-42.16,44.4,99.9,-0.78,-66.0,-15.48,7.22,False,,
rev1+mom120,349,20,L,-0.75,-38.75,49.6,83.8,-0.17,-62.7,-7.33,5.87,False,,
rev1+mom250,219,10,L,-1.26,-39.26,51.1,102.8,-0.18,-63.4,-7.33,4.87,False,,
rev1+mom250,219,20,L,4.08,-33.92,51.1,86.3,0.7,-57.9,0.16,8.03,True,,
rev1+lowvol,479,10,L,5.87,-32.13,53.2,54.0,2.38,-55.7,5.38,6.37,True,,
rev1+lowvol,479,20,L,3.98,-34.02,52.8,55.3,1.57,-57.8,2.08,5.88,True,,
rev1+hivol,479,10,L,-4.51,-42.51,47.6,118.6,-0.83,-66.4,-10.45,1.44,False,,
rev1+hivol,479,20,L,-4.49,-42.49,49.9,101.4,-0.97,-66.2,-8.59,-0.37,True,,
rev1+near52,430,10,L,3.83,-34.17,52.1,91.1,0.87,-58.2,-0.12,7.83,False,,
rev1+near52,430,20,L,2.67,-35.33,52.3,76.4,0.72,-59.3,0.23,5.13,True,,
rev1+illiq,471,10,L,1.0,-37.0,48.8,109.3,0.2,-61.3,-3.88,5.9,False,,
rev1+illiq,471,20,L,0.65,-37.35,50.1,94.4,0.15,-61.5,-3.93,5.24,False,,
rev1+smallliq,480,10,L,1.72,-36.28,48.5,103.5,0.36,-60.5,-5.62,9.13,False,,
rev1+smallliq,480,20,L,0.04,-37.96,47.7,89.1,0.01,-62.0,-4.91,5.03,False,,
rev1+cheap,480,10,L,5.12,-32.88,50.2,107.4,1.05,-57.0,-1.96,12.27,False,,
rev1+cheap,480,20,L,1.36,-36.64,50.2,96.1,0.31,-60.8,-4.97,7.74,False,,
rev1+lowmax,479,10,L,7.47,-30.53,54.3,84.1,1.94,-54.1,4.14,10.82,True,,
rev1+lowmax,479,20,L,4.45,-33.55,52.6,74.1,1.32,-57.4,0.98,7.94,True,,
rev1+gapdn,480,10,L,3.84,-34.16,52.5,101.0,0.83,-58.3,8.62,-0.97,False,,
rev1+gapdn,480,20,L,3.57,-34.43,52.5,87.9,0.89,-58.5,5.55,1.57,True,,
rev1+amdn,480,10,L,-3.03,-41.03,48.1,104.7,-0.63,-65.0,-6.47,0.45,False,,
rev1+amdn,480,20,L,-0.73,-38.73,47.7,95.1,-0.17,-62.8,-4.58,3.15,False,,
rev5+mom20,469,10,L,-2.21,-40.21,48.4,111.5,-0.43,-64.3,0.56,-5.0,False,,
rev5+mom20,469,20,L,-0.9,-38.9,48.8,94.6,-0.21,-63.0,1.02,-2.83,False,,
rev5+mom120,349,10,L,-1.34,-39.34,45.0,101.3,-0.25,-63.4,-13.07,10.46,False,,
rev5+mom120,349,20,L,-0.43,-38.43,49.9,87.5,-0.09,-62.5,-10.6,9.79,False,,
rev5+mom250,219,10,L,4.11,-33.89,51.6,103.3,0.59,-58.1,-2.93,11.21,False,,
rev5+mom250,219,20,L,6.53,-31.47,52.5,89.6,1.08,-55.3,2.0,11.1,True,,
rev5+lowvol,479,10,L,2.18,-35.82,47.8,61.5,0.78,-59.7,1.55,2.82,True,,
rev5+lowvol,479,20,L,2.58,-35.42,50.1,59.9,0.94,-59.3,2.23,2.93,True,,
rev5+hivol,479,10,L,-2.82,-40.82,49.5,125.1,-0.49,-65.0,-6.52,0.91,False,,
rev5+hivol,479,20,L,-3.04,-41.04,47.8,106.1,-0.63,-65.0,-5.83,-0.24,True,,
rev5+near52,430,10,L,3.29,-34.71,50.2,91.9,0.74,-58.8,-1.01,7.63,False,,
rev5+near52,430,20,L,3.5,-34.5,49.5,82.3,0.88,-58.5,1.14,5.88,True,,
rev5+illiq,471,10,L,-0.23,-38.23,45.6,109.8,-0.04,-62.5,-8.53,8.11,False,,
rev5+illiq,471,20,L,-0.73,-38.73,48.4,97.8,-0.16,-62.8,-6.45,5.03,False,,
rev5+smallliq,480,10,L,-1.05,-39.05,45.0,104.7,-0.22,-63.2,-13.05,11.05,False,,
rev5+smallliq,480,20,L,-1.97,-39.97,45.8,92.8,-0.47,-63.9,-10.38,6.51,False,,
rev5+cheap,480,10,L,2.2,-35.8,47.3,116.9,0.41,-60.2,-6.15,10.63,False,,
rev5+cheap,480,20,L,-0.33,-38.33,49.6,101.9,-0.07,-62.5,-4.79,4.16,False,,
rev5+lowmax,479,10,L,2.77,-35.23,48.6,95.9,0.63,-59.4,1.15,4.4,True,,
rev5+lowmax,479,20,L,2.77,-35.23,49.1,81.6,0.74,-59.3,1.6,3.95,True,,
rev5+gapdn,480,10,L,5.44,-32.56,50.6,110.0,1.08,-56.7,7.66,3.2,True,,
rev5+gapdn,480,20,L,1.74,-36.26,49.0,94.4,0.4,-60.4,3.01,0.45,True,,
rev5+amdn,480,10,L,-3.72,-41.72,47.1,107.2,-0.76,-65.6,-4.46,-2.98,True,,
rev5+amdn,480,20,L,-2.53,-40.53,47.5,96.0,-0.58,-64.5,-5.3,0.26,False,,
mom20+mom120,349,10,L,-8.93,-46.93,49.0,110.8,-1.51,-69.9,-17.3,-0.5,True,,
mom20+mom120,349,20,L,-6.96,-44.96,47.0,89.4,-1.45,-68.2,-11.81,-2.08,True,,
mom20+mom250,219,10,L,-12.43,-50.43,48.4,106.6,-1.73,-72.4,-13.4,-11.45,True,,
mom20+mom250,219,20,L,-6.11,-44.11,48.4,91.8,-0.98,-67.5,-10.09,-2.09,True,,
mom20+lowvol,469,10,L,-1.13,-39.13,49.9,61.0,-0.4,-62.9,2.43,-4.7,False,,
mom20+lowvol,469,20,L,-0.5,-38.5,49.0,49.7,-0.22,-62.3,2.88,-3.9,False,,
mom20+hivol,469,10,L,-3.21,-41.21,48.0,120.7,-0.58,-65.3,5.48,-11.93,False,,
mom20+hivol,469,20,L,-5.04,-43.04,48.0,102.2,-1.07,-66.7,1.5,-11.61,False,,
mom20+near52,430,10,L,-2.22,-40.22,48.4,110.0,-0.42,-64.3,3.85,-8.33,False,,
mom20+near52,430,20,L,-2.33,-40.33,47.7,83.4,-0.58,-64.2,3.54,-8.26,False,,
mom20+illiq,469,10,L,-3.64,-41.64,48.0,112.8,-0.7,-65.6,1.02,-8.31,False,,
mom20+illiq,469,20,L,-2.3,-40.3,47.1,94.9,-0.53,-64.3,0.74,-5.36,False,,
mom20+smallliq,469,10,L,-3.53,-41.53,48.6,105.4,-0.73,-65.5,3.27,-10.37,False,,
mom20+smallliq,469,20,L,-0.07,-38.07,49.7,89.4,-0.02,-62.1,1.7,-1.85,False,,
mom20+cheap,469,10,L,-2.41,-40.41,48.4,112.8,-0.46,-64.5,4.24,-9.08,False,,
mom20+cheap,469,20,L,-1.64,-39.64,50.3,92.6,-0.38,-63.6,3.51,-6.8,False,,
mom20+lowmax,469,10,L,-0.69,-38.69,52.2,78.0,-0.19,-62.6,3.21,-4.6,False,,
mom20+lowmax,469,20,L,-1.9,-39.9,49.5,60.3,-0.68,-63.7,0.92,-4.74,False,,
mom20+gapdn,469,10,L,-3.95,-41.95,46.5,108.5,-0.79,-65.8,8.13,-16.09,False,,
mom20+gapdn,469,20,L,-2.88,-40.88,49.7,88.3,-0.71,-64.7,4.0,-9.79,False,,
mom20+amdn,469,10,L,-7.51,-45.51,46.5,105.4,-1.54,-68.8,-0.38,-14.67,True,,
mom20+amdn,469,20,L,-3.51,-41.51,48.2,90.0,-0.84,-65.3,0.29,-7.33,False,,
mom120+mom250,219,10,L,1.03,-36.97,49.3,95.2,0.16,-61.1,-7.01,9.14,False,,
mom120+mom250,219,20,L,-0.64,-38.64,52.1,87.7,-0.11,-62.7,-5.73,4.5,False,,
mom120+lowvol,349,10,L,0.05,-37.95,49.9,65.2,0.01,-61.8,-9.6,9.76,False,,
mom120+lowvol,349,20,L,-0.17,-38.17,52.1,54.8,-0.06,-62.0,-5.8,5.49,False,,
mom120+hivol,349,10,L,-5.76,-43.76,44.4,110.4,-0.98,-67.4,-17.1,5.63,False,,
mom120+hivol,349,20,L,-7.37,-45.37,46.1,93.5,-1.47,-68.6,-15.24,0.54,False,,
mom120+near52,349,10,L,-11.34,-49.34,45.3,99.5,-2.13,-71.6,-25.19,2.59,False,,
mom120+near52,349,20,L,-5.99,-43.99,47.6,83.5,-1.34,-67.4,-15.63,3.7,False,,
mom120+illiq,349,10,L,-3.94,-41.94,46.7,111.0,-0.66,-65.9,-8.88,1.03,False,,
mom120+illiq,349,20,L,-3.77,-41.77,47.9,91.3,-0.77,-65.5,-12.48,4.98,False,,
mom120+smallliq,349,10,L,-2.97,-40.97,47.6,97.8,-0.57,-64.9,-13.54,7.66,False,,
mom120+smallliq,349,20,L,-3.05,-41.05,48.4,81.2,-0.7,-64.8,-13.18,7.14,False,,
mom120+cheap,349,10,L,-6.99,-44.99,48.4,100.3,-1.3,-68.3,-22.52,8.64,False,,
mom120+cheap,349,20,L,-3.29,-41.29,47.3,83.4,-0.74,-65.1,-12.76,6.23,False,,
mom120+lowmax,349,10,L,2.75,-35.25,50.1,88.4,0.58,-59.3,-8.82,14.39,False,,
mom120+lowmax,349,20,L,-0.72,-38.72,49.3,72.0,-0.19,-62.6,-8.86,7.48,False,,
mom120+gapdn,349,10,L,-9.94,-47.94,46.7,101.1,-1.84,-70.6,-15.74,-4.12,True,,
mom120+gapdn,349,20,L,-6.99,-44.99,45.3,80.2,-1.63,-68.2,-13.13,-0.82,True,,
mom120+amdn,349,10,L,-11.09,-49.09,44.4,102.5,-2.02,-71.4,-22.46,0.34,False,,
mom120+amdn,349,20,L,-5.41,-43.41,45.8,85.7,-1.18,-66.9,-16.09,5.33,False,,
mom250+lowvol,219,10,L,4.0,-34.0,52.1,69.8,0.85,-57.9,2.12,5.91,True,,
mom250+lowvol,219,20,L,4.83,-33.17,53.9,56.9,1.25,-56.9,3.15,6.52,True,,
mom250+hivol,219,10,L,-7.59,-45.59,47.5,108.1,-1.04,-68.8,-16.04,0.94,False,,
mom250+hivol,219,20,L,-4.86,-42.86,47.0,95.8,-0.75,-66.5,-15.18,5.57,False,,
mom250+near52,219,10,L,-0.63,-38.63,49.8,96.8,-0.1,-62.7,-4.83,3.6,False,,
mom250+near52,219,20,L,-0.93,-38.93,54.8,86.1,-0.16,-62.9,-5.83,4.03,False,,
mom250+illiq,219,10,L,-1.59,-39.59,46.1,116.2,-0.2,-63.8,-8.44,5.33,False,,
mom250+illiq,219,20,L,-0.48,-38.48,47.0,95.6,-0.07,-62.6,-6.69,5.8,False,,
mom250+smallliq,219,10,L,0.3,-37.7,50.7,101.1,0.04,-61.9,-9.66,10.36,False,,
mom250+smallliq,219,20,L,1.57,-36.43,51.6,84.3,0.28,-60.5,-0.43,3.6,False,,
mom250+cheap,219,10,L,-2.62,-40.62,47.5,95.2,-0.41,-64.6,-8.5,3.32,False,,
mom250+cheap,219,20,L,-1.7,-39.7,47.0,81.9,-0.31,-63.6,-3.71,0.34,False,,
mom250+lowmax,219,10,L,5.79,-32.21,53.9,86.9,0.99,-56.1,6.07,5.51,True,,
mom250+lowmax,219,20,L,5.21,-32.79,52.1,72.2,1.07,-56.6,7.24,3.17,True,,
mom250+gapdn,219,10,L,-1.82,-39.82,49.8,98.8,-0.27,-63.9,-16.97,13.46,False,,
mom250+gapdn,219,20,L,-3.6,-41.6,49.8,86.5,-0.62,-65.4,-11.5,4.36,False,,
mom250+amdn,219,10,L,-4.45,-42.45,46.6,104.0,-0.63,-66.2,-14.37,5.57,False,,
mom250+amdn,219,20,L,-1.58,-39.58,52.5,87.0,-0.27,-63.5,-7.64,4.54,False,,
lowvol+hivol,479,10,L,-1.9,-39.9,49.7,80.6,-0.52,-63.8,1.0,-4.82,False,,
lowvol+hivol,479,20,L,-1.17,-39.17,52.0,74.7,-0.34,-63.1,0.3,-2.65,False,,
lowvol+near52,430,10,L,0.33,-37.67,52.3,22.2,0.31,-61.4,1.08,-0.42,False,,
lowvol+near52,430,20,L,0.56,-37.44,52.6,32.0,0.37,-61.2,1.45,-0.33,False,,
lowvol+illiq,471,10,L,0.87,-37.13,50.7,89.3,0.21,-61.2,-2.58,4.33,False,,
lowvol+illiq,471,20,L,0.17,-37.83,50.1,62.4,0.06,-61.7,-0.55,0.9,False,,
lowvol+smallliq,479,10,L,-0.86,-38.86,47.2,52.1,-0.36,-62.6,-2.02,0.3,False,,
lowvol+smallliq,479,20,L,0.47,-37.53,50.9,53.1,0.19,-61.4,-2.42,3.36,False,,
lowvol+cheap,479,10,L,1.59,-36.41,52.8,22.5,1.54,-60.1,2.08,1.09,True,,
lowvol+cheap,479,20,L,1.07,-36.93,52.4,35.9,0.65,-60.7,0.63,1.51,True,,
lowvol+lowmax,479,10,L,1.53,-36.47,51.4,23.3,1.44,-60.2,1.55,1.51,True,,
lowvol+lowmax,479,20,L,1.35,-36.65,54.1,35.2,0.84,-60.4,1.66,1.04,True,,
lowvol+gapdn,479,10,L,2.29,-35.71,49.7,71.2,0.7,-59.7,8.13,-3.58,False,,
lowvol+gapdn,479,20,L,2.66,-35.34,52.4,58.6,1.0,-59.2,7.36,-2.05,False,,
lowvol+amdn,479,10,L,-1.44,-39.44,51.4,67.0,-0.47,-63.3,-0.69,-2.19,True,,
lowvol+amdn,479,20,L,0.5,-37.5,50.9,58.7,0.19,-61.4,1.65,-0.65,False,,
hivol+near52,430,10,L,-7.02,-45.02,47.2,118.5,-1.23,-68.5,-1.02,-13.08,True,,
hivol+near52,430,20,L,-7.22,-45.22,46.5,101.2,-1.48,-68.5,-4.73,-9.73,True,,
hivol+illiq,471,10,L,-5.45,-43.45,47.8,112.6,-1.05,-67.2,-7.73,-3.16,True,,
hivol+illiq,471,20,L,-4.97,-42.97,47.3,100.9,-1.07,-66.6,-5.61,-4.33,True,,
hivol+smallliq,479,10,L,-7.98,-45.98,45.7,114.1,-1.53,-69.2,-7.68,-8.28,True,,
hivol+smallliq,479,20,L,-5.92,-43.92,45.9,101.3,-1.28,-67.4,-8.45,-3.37,True,,
hivol+cheap,479,10,L,-8.2,-46.2,46.6,121.9,-1.47,-69.5,-6.69,-9.73,True,,
hivol+cheap,479,20,L,-8.48,-46.48,47.8,106.8,-1.74,-69.5,-7.57,-9.38,True,,
hivol+lowmax,479,10,L,5.49,-32.51,52.2,105.8,1.14,-56.6,2.8,8.18,True,,
hivol+lowmax,479,20,L,2.02,-35.98,49.7,96.8,0.46,-60.2,-2.87,6.94,False,,
hivol+gapdn,479,10,L,-4.57,-42.57,48.2,116.8,-0.86,-66.5,0.21,-9.37,False,,
hivol+gapdn,479,20,L,-5.45,-43.45,49.7,99.1,-1.2,-67.0,-2.51,-8.4,True,,
hivol+amdn,479,10,L,-7.41,-45.41,45.9,114.0,-1.42,-68.8,-6.14,-8.68,True,,
hivol+amdn,479,20,L,-5.57,-43.57,46.8,101.9,-1.2,-67.2,-4.7,-6.45,True,,
near52+illiq,430,10,L,-3.47,-41.47,46.3,106.1,-0.68,-65.4,-1.27,-5.69,True,,
near52+illiq,430,20,L,1.5,-36.5,50.5,85.7,0.36,-60.6,3.14,-0.16,False,,
near52+smallliq,430,10,L,4.22,-33.78,50.9,76.4,1.14,-57.7,5.5,2.93,True,,
near52+smallliq,430,20,L,3.5,-34.5,51.9,63.8,1.14,-58.4,5.78,1.19,True,,
near52+cheap,430,10,L,-3.65,-41.65,50.2,69.3,-1.09,-65.3,2.58,-9.93,False,,
near52+cheap,430,20,L,-2.44,-40.44,48.6,63.6,-0.8,-64.2,2.12,-7.04,False,,
near52+lowmax,430,10,L,-0.99,-38.99,50.2,23.8,-0.86,-62.7,-0.95,-1.02,True,,
near52+lowmax,430,20,L,0.3,-37.7,53.3,34.1,0.18,-61.5,0.84,-0.24,False,,
near52+gapdn,430,10,L,-0.11,-38.11,50.0,91.3,-0.02,-62.2,7.26,-7.54,False,,
near52+gapdn,430,20,L,1.22,-36.78,51.6,74.2,0.34,-60.8,5.66,-3.25,False,,
near52+amdn,430,10,L,-0.14,-38.14,50.5,94.6,-0.03,-62.3,-1.9,1.63,False,,
near52+amdn,430,20,L,-1.54,-39.54,48.6,80.0,-0.4,-63.4,-1.65,-1.43,True,,
illiq+smallliq,471,10,L,0.23,-37.77,47.8,106.4,0.05,-62.0,-3.64,4.1,False,,
illiq+smallliq,471,20,L,-0.69,-38.69,47.6,90.3,-0.16,-62.7,-4.51,3.15,False,,
illiq+cheap,471,10,L,-1.93,-39.93,45.6,111.6,-0.38,-64.1,-5.92,2.07,False,,
illiq+cheap,471,20,L,-0.12,-38.12,49.7,93.2,-0.03,-62.2,-3.57,3.34,False,,
illiq+lowmax,471,10,L,1.26,-36.74,48.0,100.2,0.27,-60.9,-4.47,7.01,False,,
illiq+lowmax,471,20,L,0.61,-37.39,51.8,77.7,0.17,-61.4,-3.27,4.51,False,,
illiq+gapdn,471,10,L,1.37,-36.63,50.3,111.6,0.27,-61.0,1.25,1.5,True,,
illiq+gapdn,471,20,L,2.1,-35.9,52.4,95.1,0.48,-60.1,3.77,0.42,True,,
illiq+amdn,471,10,L,-3.13,-41.13,47.3,107.8,-0.63,-65.1,-5.87,-0.37,True,,
illiq+amdn,471,20,L,-3.31,-41.31,46.5,96.4,-0.74,-65.2,-5.39,-1.22,True,,
smallliq+cheap,480,10,L,-1.94,-39.94,48.3,98.6,-0.43,-64.0,-7.38,3.54,False,,
smallliq+cheap,480,20,L,1.23,-36.77,49.4,83.8,0.32,-60.8,-3.72,6.22,False,,
smallliq+lowmax,479,10,L,1.13,-36.87,47.6,71.4,0.35,-60.8,-1.37,3.64,False,,
smallliq+lowmax,479,20,L,0.4,-37.6,50.9,63.5,0.14,-61.5,-2.99,3.8,False,,
smallliq+gapdn,480,10,L,1.73,-36.27,50.2,103.0,0.37,-60.5,2.98,0.47,True,,
smallliq+gapdn,480,20,L,1.79,-36.21,52.5,86.0,0.46,-60.3,3.01,0.56,True,,
smallliq+amdn,480,10,L,1.79,-36.21,47.7,101.2,0.39,-60.4,-2.82,6.44,False,,
smallliq+amdn,480,20,L,0.23,-37.77,50.0,89.9,0.06,-61.9,-4.16,4.66,False,,
cheap+lowmax,479,10,L,2.15,-35.85,51.4,27.3,1.72,-59.6,1.85,2.44,True,,
cheap+lowmax,479,20,L,1.12,-36.88,50.7,44.1,0.56,-60.7,-0.07,2.32,False,,
cheap+gapdn,480,10,L,1.0,-37.0,47.7,102.2,0.21,-61.2,7.61,-5.67,False,,
cheap+gapdn,480,20,L,0.26,-37.74,49.0,85.4,0.07,-61.8,5.72,-5.25,False,,
cheap+amdn,480,10,L,-2.26,-40.26,48.5,104.9,-0.47,-64.3,-0.19,-4.36,True,,
cheap+amdn,480,20,L,-1.75,-39.75,48.8,93.9,-0.41,-63.8,-4.29,0.8,False,,
lowmax+gapdn,479,10,L,5.06,-32.94,50.1,84.2,1.32,-56.8,12.38,-2.29,False,,
lowmax+gapdn,479,20,L,3.7,-34.3,48.9,69.3,1.17,-58.2,8.69,-1.31,False,,
lowmax+amdn,479,10,L,-2.69,-40.69,47.6,86.9,-0.68,-64.6,-5.03,-0.35,True,,
lowmax+amdn,479,20,L,1.43,-36.57,50.9,76.4,0.41,-60.6,0.41,2.46,True,,
gapdn+amdn,480,10,L,3.17,-34.83,52.9,104.4,0.66,-59.1,10.0,-3.73,False,,
gapdn+amdn,480,20,L,0.95,-37.05,49.4,91.2,0.23,-61.2,4.34,-2.47,False,,
mom120+lowvol+illiq,349,5,L,-2.3,-40.3,46.1,111.2,-0.39,-64.4,-4.76,0.17,False,,
mom120+lowvol+illiq,349,10,L,1.52,-36.48,49.0,91.9,0.31,-60.6,-4.27,7.35,False,,
mom120+lowvol+illiq,349,20,L,-0.14,-38.14,49.6,73.2,-0.03,-62.1,-6.34,6.1,False,,
mom20+lowvol+illiq,469,5,L,-1.03,-39.03,48.4,122.9,-0.18,-63.4,-6.82,4.79,False,,
mom20+lowvol+illiq,469,10,L,-0.25,-38.25,49.7,97.7,-0.05,-62.4,-1.65,1.17,False,,
mom20+lowvol+illiq,469,20,L,-0.71,-38.71,49.3,73.8,-0.21,-62.6,0.68,-2.11,False,,
mom250+lowvol+illiq,219,5,L,4.04,-33.96,46.6,119.2,0.5,-58.3,-0.56,8.68,False,,
mom250+lowvol+illiq,219,10,L,-0.5,-38.5,47.9,96.6,-0.08,-62.6,-6.79,5.85,False,,
mom250+lowvol+illiq,219,20,L,3.97,-34.03,50.2,80.1,0.73,-58.0,-0.26,8.24,False,,
mom120+lowvol+near52,349,5,L,-7.0,-45.0,48.4,72.7,-1.8,-68.1,-14.69,0.75,False,,
mom120+lowvol+near52,349,10,L,-2.36,-40.36,51.3,50.7,-0.87,-64.0,-9.47,4.79,False,,
mom120+lowvol+near52,349,20,L,-0.9,-38.9,49.3,49.8,-0.34,-62.7,-6.41,4.65,False,,
rev1+lowvol+illiq,471,5,L,-1.58,-39.58,46.1,114.7,-0.3,-63.8,-10.44,7.32,False,,
rev1+lowvol+illiq,471,10,L,-0.24,-38.24,48.2,93.5,-0.06,-62.3,-4.37,3.91,False,,
rev1+lowvol+illiq,471,20,L,1.72,-36.28,50.7,75.7,0.49,-60.3,-1.7,5.15,False,,
rev5+lowvol+illiq,471,5,L,-0.23,-38.23,46.5,116.4,-0.04,-62.6,-10.68,10.26,False,,
rev5+lowvol+illiq,471,10,L,-3.11,-41.11,45.6,97.4,-0.69,-65.0,-7.68,1.47,False,,
rev5+lowvol+illiq,471,20,L,0.6,-37.4,50.1,78.6,0.17,-61.4,-3.53,4.76,False,,
mom120+lowmax+illiq,349,5,L,1.93,-36.07,49.6,115.8,0.31,-60.4,-1.97,5.86,False,,
mom120+lowmax+illiq,349,10,L,3.28,-34.72,51.3,96.2,0.64,-58.9,-7.03,13.64,False,,
mom120+lowmax+illiq,349,20,L,1.56,-36.44,50.4,80.8,0.36,-60.5,-7.16,10.33,False,,
rev1+gapdn+lowvol,479,5,L,10.21,-27.79,53.0,103.1,2.17,-51.1,17.7,2.69,True,,
rev1+gapdn+lowvol,479,10,L,5.83,-32.17,51.6,78.9,1.62,-56.0,9.69,1.95,True,,
rev1+gapdn+lowvol,479,20,L,5.06,-32.94,53.7,67.9,1.63,-56.7,7.88,2.23,True,,
rev1+amdn+illiq,471,5,L,-4.71,-42.71,45.9,124.6,-0.82,-66.7,-10.85,1.45,False,,
rev1+amdn+illiq,471,10,L,-3.23,-41.23,48.4,108.9,-0.64,-65.2,-8.91,2.47,False,,
rev1+amdn+illiq,471,20,L,-0.38,-38.38,48.2,96.8,-0.09,-62.5,-4.43,3.68,False,,
mom20+near52+lowvol,430,5,L,-4.27,-42.27,50.0,76.8,-1.15,-65.9,-0.59,-7.98,True,,
mom20+near52+lowvol,430,10,L,-2.22,-40.22,50.0,54.2,-0.85,-63.9,-0.25,-4.22,True,,
mom20+near52+lowvol,430,20,L,-0.56,-38.56,51.2,47.8,-0.24,-62.3,2.3,-3.44,False,,
+maxret20@10:15/7,479,5,L,-15.34,-53.34,43.6,135.0,-2.49,-74.6,-12.36,-18.33,True,10:15,10000000.0
+maxret20@10:15/8,479,5,L,-18.45,-39.45,42.0,133.9,-3.02,-63.9,-13.02,-23.9,True,10:15,100000000.0
+maxret20@10:15/7,479,5,S,15.34,-22.66,56.4,135.0,2.49,-44.8,12.36,18.33,True,10:15,10000000.0
+maxret20@10:15/8,479,5,S,18.45,-2.55,58.0,133.9,3.02,-8.3,13.02,23.9,True,10:15,100000000.0
+maxret20@10:15/7,479,10,L,-12.87,-50.87,44.9,110.9,-2.54,-72.8,-9.7,-16.06,True,10:15,10000000.0
+maxret20@10:15/8,479,10,L,-13.12,-34.12,43.8,113.0,-2.54,-58.4,-7.64,-18.62,True,10:15,100000000.0
+maxret20@10:15/7,479,10,S,12.87,-25.13,55.1,110.9,2.54,-47.8,9.7,16.06,True,10:15,10000000.0
+maxret20@10:15/8,479,10,S,13.12,-7.88,56.2,113.0,2.54,-19.3,7.64,18.62,True,10:15,100000000.0
+maxret20@10:15/7,479,20,L,-8.87,-46.87,45.1,99.9,-1.94,-69.8,-4.53,-13.22,True,10:15,10000000.0
+maxret20@10:15/8,479,20,L,-8.79,-29.79,45.1,101.9,-1.89,-53.5,-4.42,-13.19,True,10:15,100000000.0
+maxret20@10:15/7,479,20,S,8.87,-29.13,54.9,99.9,1.94,-52.7,4.53,13.22,True,10:15,10000000.0
+maxret20@10:15/8,479,20,S,8.79,-12.21,54.9,101.9,1.89,-27.4,4.42,13.19,True,10:15,100000000.0
+maxret20@10:15/7,479,30,L,-6.06,-44.06,45.9,95.4,-1.39,-67.5,-3.72,-8.41,True,10:15,10000000.0
+maxret20@10:15/8,479,30,L,-5.89,-26.89,46.6,95.4,-1.35,-49.8,-3.44,-8.35,True,10:15,100000000.0
+maxret20@10:15/7,479,30,S,6.06,-31.94,54.1,95.4,1.39,-55.9,3.72,8.41,True,10:15,10000000.0
+maxret20@10:15/8,479,30,S,5.89,-15.11,53.4,95.4,1.35,-32.5,3.44,8.35,True,10:15,100000000.0
rev1+gapdn+lowvol@10:15/7,479,5,L,10.21,-27.79,53.0,103.1,2.17,-51.1,17.7,2.69,True,10:15,10000000.0
rev1+gapdn+lowvol@10:15/8,479,5,L,9.66,-11.34,52.6,100.7,2.1,-25.8,18.33,0.95,True,10:15,100000000.0
rev1+gapdn+lowvol@10:15/7,479,5,S,-10.21,-48.21,46.8,103.1,-2.17,-70.8,-17.7,-2.69,True,10:15,10000000.0
rev1+gapdn+lowvol@10:15/8,479,5,S,-9.66,-30.66,47.2,100.7,-2.1,-54.5,-18.33,-0.95,True,10:15,100000000.0
rev1+gapdn+lowvol@10:15/7,479,10,L,5.83,-32.17,51.6,78.9,1.62,-56.0,9.69,1.95,True,10:15,10000000.0
rev1+gapdn+lowvol@10:15/8,479,10,L,4.93,-16.07,51.6,76.8,1.4,-33.8,9.27,0.56,True,10:15,100000000.0
rev1+gapdn+lowvol@10:15/7,479,10,S,-5.83,-43.83,48.4,78.9,-1.62,-67.2,-9.69,-1.95,True,10:15,10000000.0
rev1+gapdn+lowvol@10:15/8,479,10,S,-4.93,-25.93,48.4,76.8,-1.4,-48.4,-9.27,-0.56,True,10:15,100000000.0
rev1+gapdn+lowvol@10:15/7,479,20,L,5.06,-32.94,53.7,67.9,1.63,-56.7,7.88,2.23,True,10:15,10000000.0
rev1+gapdn+lowvol@10:15/8,479,20,L,5.21,-15.79,53.4,67.2,1.7,-33.2,8.38,2.03,True,10:15,100000000.0
rev1+gapdn+lowvol@10:15/7,479,20,S,-5.06,-43.06,46.3,67.9,-1.63,-66.5,-7.88,-2.23,True,10:15,10000000.0
rev1+gapdn+lowvol@10:15/8,479,20,S,-5.21,-26.21,46.6,67.2,-1.7,-48.7,-8.38,-2.03,True,10:15,100000000.0
rev1+gapdn+lowvol@10:15/7,479,30,L,4.19,-33.81,53.2,64.0,1.43,-57.6,6.7,1.67,True,10:15,10000000.0
rev1+gapdn+lowvol@10:15/8,479,30,L,4.51,-16.49,52.2,63.4,1.56,-34.4,7.47,1.54,True,10:15,100000000.0
rev1+gapdn+lowvol@10:15/7,479,30,S,-4.19,-42.19,46.8,64.0,-1.43,-65.7,-6.7,-1.67,True,10:15,10000000.0
rev1+gapdn+lowvol@10:15/8,479,30,S,-4.51,-25.51,47.8,63.4,-1.56,-47.7,-7.47,-1.54,True,10:15,100000000.0
+pct52_lo@10:15/7,430,5,L,-11.96,-49.96,46.3,139.1,-1.78,-72.4,-16.63,-7.25,True,10:15,10000000.0
+pct52_lo@10:15/8,430,5,L,-12.68,-33.68,47.2,139.2,-1.89,-58.3,-18.2,-7.11,True,10:15,100000000.0
+pct52_lo@10:15/7,430,5,S,11.96,-26.04,53.7,139.1,1.78,-49.4,16.63,7.25,True,10:15,10000000.0
+pct52_lo@10:15/8,430,5,S,12.68,-8.32,52.8,139.2,1.89,-20.8,18.2,7.11,True,10:15,100000000.0
+pct52_lo@10:15/7,430,10,L,-8.55,-46.55,49.8,112.2,-1.58,-69.6,-11.19,-5.88,True,10:15,10000000.0
+pct52_lo@10:15/8,430,10,L,-9.66,-30.66,47.9,110.6,-1.81,-54.6,-12.76,-6.54,True,10:15,100000000.0
+pct52_lo@10:15/7,430,10,S,8.55,-29.45,50.2,112.2,1.58,-53.2,11.19,5.88,True,10:15,10000000.0
+pct52_lo@10:15/8,430,10,S,9.66,-11.34,52.1,110.6,1.81,-26.0,12.76,6.54,True,10:15,100000000.0
+pct52_lo@10:15/7,430,20,L,-5.19,-43.19,50.2,95.1,-1.13,-66.8,-4.99,-5.39,True,10:15,10000000.0
+pct52_lo@10:15/8,430,20,L,-6.69,-27.69,48.8,95.1,-1.46,-50.8,-7.23,-6.14,True,10:15,100000000.0
+pct52_lo@10:15/7,430,20,S,5.19,-32.81,49.8,95.1,1.13,-56.8,4.99,5.39,True,10:15,10000000.0
+pct52_lo@10:15/8,430,20,S,6.69,-14.31,51.2,95.1,1.46,-31.1,7.23,6.14,True,10:15,100000000.0
+pct52_lo@10:15/7,430,30,L,-3.77,-41.77,52.8,91.8,-0.85,-65.5,-4.72,-2.82,True,10:15,10000000.0
+pct52_lo@10:15/8,430,30,L,-4.68,-25.68,50.9,91.3,-1.06,-48.2,-6.11,-3.23,True,10:15,100000000.0
+pct52_lo@10:15/7,430,30,S,3.77,-34.23,47.2,91.8,0.85,-58.3,4.72,2.82,True,10:15,10000000.0
+pct52_lo@10:15/8,430,30,S,4.68,-16.32,49.1,91.3,1.06,-34.4,6.11,3.23,True,10:15,100000000.0
+d120_skip20@10:15/7,349,5,L,-9.12,-47.12,45.6,129.3,-1.32,-70.2,-25.49,7.34,False,10:15,10000000.0
+d120_skip20@10:15/8,349,5,L,-11.39,-32.39,45.0,130.6,-1.63,-56.8,-30.01,7.34,False,10:15,100000000.0
+d120_skip20@10:15/7,349,5,S,9.12,-28.88,54.4,129.3,1.32,-52.8,25.49,-7.34,False,10:15,10000000.0
+d120_skip20@10:15/8,349,5,S,11.39,-9.61,55.0,130.6,1.63,-23.2,30.01,-7.34,False,10:15,100000000.0
+d120_skip20@10:15/7,349,10,L,-8.24,-46.24,48.1,100.1,-1.54,-69.3,-24.66,8.27,False,10:15,10000000.0
+d120_skip20@10:15/8,349,10,L,-8.02,-29.02,47.0,100.5,-1.49,-52.5,-24.79,8.85,False,10:15,100000000.0
+d120_skip20@10:15/7,349,10,S,8.24,-29.76,51.9,100.1,1.54,-53.4,24.66,-8.27,False,10:15,10000000.0
+d120_skip20@10:15/8,349,10,S,8.02,-12.98,53.0,100.5,1.49,-28.8,24.79,-8.85,False,10:15,100000000.0
+d120_skip20@10:15/7,349,20,L,-4.69,-42.69,47.9,84.0,-1.04,-66.3,-15.01,5.68,False,10:15,10000000.0
+d120_skip20@10:15/8,349,20,L,-4.75,-25.75,47.0,83.9,-1.06,-48.2,-15.25,5.81,False,10:15,100000000.0
+d120_skip20@10:15/7,349,20,S,4.69,-33.31,52.1,84.0,1.04,-57.2,15.01,-5.68,False,10:15,10000000.0
+d120_skip20@10:15/8,349,20,S,4.75,-16.25,53.0,83.9,1.06,-34.2,15.25,-5.81,False,10:15,100000000.0
+d120_skip20@10:15/7,349,30,L,-1.85,-39.85,49.9,75.5,-0.46,-63.7,-10.48,6.82,False,10:15,10000000.0
+d120_skip20@10:15/8,349,30,L,-2.62,-23.62,49.0,75.1,-0.65,-45.3,-11.85,6.67,False,10:15,100000000.0
+d120_skip20@10:15/7,349,30,S,1.85,-36.15,50.1,75.5,0.46,-60.1,10.48,-6.82,False,10:15,10000000.0
+d120_skip20@10:15/8,349,30,S,2.62,-18.38,51.0,75.1,0.65,-37.5,11.85,-6.67,False,10:15,100000000.0
+d120@10:15/7,369,5,L,-10.09,-48.09,49.6,138.4,-1.4,-71.0,-13.35,-6.81,True,10:15,10000000.0
+d120@10:15/8,369,5,L,-12.05,-33.05,48.8,138.7,-1.67,-57.6,-14.87,-9.22,True,10:15,100000000.0
+d120@10:15/7,369,5,S,10.09,-27.91,50.4,138.4,1.4,-51.7,13.35,6.81,True,10:15,10000000.0
+d120@10:15/8,369,5,S,12.05,-8.95,51.2,138.7,1.67,-22.1,14.87,9.22,True,10:15,100000000.0
+d120@10:15/7,369,10,L,-7.47,-45.47,47.7,105.9,-1.35,-68.7,-11.63,-3.28,True,10:15,10000000.0
+d120@10:15/8,369,10,L,-8.51,-29.51,47.7,106.5,-1.53,-53.2,-12.97,-4.02,True,10:15,100000000.0
+d120@10:15/7,369,10,S,7.47,-30.53,52.3,105.9,1.35,-54.4,11.63,3.28,True,10:15,10000000.0
+d120@10:15/8,369,10,S,8.51,-12.49,52.3,106.5,1.53,-28.1,12.97,4.02,True,10:15,100000000.0
+d120@10:15/7,369,20,L,-6.16,-44.16,48.0,86.5,-1.37,-67.5,-11.11,-1.17,True,10:15,10000000.0
+d120@10:15/8,369,20,L,-6.78,-27.78,47.2,85.8,-1.52,-50.9,-11.36,-2.18,True,10:15,100000000.0
+d120@10:15/7,369,20,S,6.16,-31.84,52.0,86.5,1.37,-55.7,11.11,1.17,True,10:15,10000000.0
+d120@10:15/8,369,20,S,6.78,-14.22,52.8,85.8,1.52,-30.8,11.36,2.18,True,10:15,100000000.0
+d120@10:15/7,369,30,L,-5.36,-43.36,48.8,79.7,-1.29,-66.8,-9.29,-1.4,True,10:15,10000000.0
+d120@10:15/8,369,30,L,-6.19,-27.19,47.2,79.3,-1.5,-50.0,-10.57,-1.77,True,10:15,100000000.0
+d120@10:15/7,369,30,S,5.36,-32.64,51.2,79.7,1.29,-56.5,9.29,1.4,True,10:15,10000000.0
+d120@10:15/8,369,30,S,6.19,-14.81,52.8,79.3,1.5,-31.7,10.57,1.77,True,10:15,100000000.0
rev1+lowmax@10:15/7,479,5,L,11.21,-26.79,52.4,102.1,2.4,-49.8,11.55,10.86,True,10:15,10000000.0
rev1+lowmax@10:15/8,479,5,L,9.36,-11.64,52.2,99.5,2.06,-26.4,9.93,8.79,True,10:15,100000000.0
rev1+lowmax@10:15/7,479,5,S,-11.21,-49.21,47.6,102.1,-2.4,-71.5,-11.55,-10.86,True,10:15,10000000.0
rev1+lowmax@10:15/8,479,5,S,-9.36,-30.36,47.8,99.5,-2.06,-54.1,-9.93,-8.79,True,10:15,100000000.0
rev1+lowmax@10:15/7,479,10,L,7.47,-30.53,54.3,84.1,1.94,-54.1,4.14,10.82,True,10:15,10000000.0
rev1+lowmax@10:15/8,479,10,L,7.19,-13.81,55.1,83.5,1.88,-30.0,4.51,9.88,True,10:15,100000000.0
rev1+lowmax@10:15/7,479,10,S,-7.47,-45.47,45.7,84.1,-1.94,-68.6,-4.14,-10.82,True,10:15,10000000.0
rev1+lowmax@10:15/8,479,10,S,-7.19,-28.19,44.9,83.5,-1.88,-51.3,-4.51,-9.88,True,10:15,100000000.0
rev1+lowmax@10:15/7,479,20,L,4.45,-33.55,52.6,74.1,1.32,-57.4,0.98,7.94,True,10:15,10000000.0
rev1+lowmax@10:15/8,479,20,L,4.42,-16.58,53.2,73.7,1.31,-34.6,1.23,7.61,True,10:15,100000000.0
rev1+lowmax@10:15/7,479,20,S,-4.45,-42.45,47.4,74.1,-1.32,-66.0,-0.98,-7.94,True,10:15,10000000.0
rev1+lowmax@10:15/8,479,20,S,-4.42,-25.42,46.8,73.7,-1.31,-47.7,-1.23,-7.61,True,10:15,100000000.0
rev1+lowmax@10:15/7,479,30,L,3.6,-34.4,49.7,70.3,1.12,-58.3,0.78,6.43,True,10:15,10000000.0
rev1+lowmax@10:15/8,479,30,L,3.26,-17.74,51.1,69.5,1.03,-36.5,0.65,5.89,True,10:15,100000000.0
rev1+lowmax@10:15/7,479,30,S,-3.6,-41.6,50.3,70.3,-1.12,-65.2,-0.78,-6.43,True,10:15,10000000.0
rev1+lowmax@10:15/8,479,30,S,-3.26,-24.26,48.9,69.5,-1.03,-46.1,-0.65,-5.89,True,10:15,100000000.0
+d10@10:15/7,479,5,L,-8.59,-46.59,46.8,143.2,-1.31,-70.0,2.19,-19.4,False,10:15,10000000.0
+d10@10:15/8,479,5,L,-10.15,-31.15,47.0,143.4,-1.55,-55.6,1.07,-21.42,False,10:15,100000000.0
+d10@10:15/7,479,5,S,8.59,-29.41,53.2,143.2,1.31,-53.6,-2.19,19.4,False,10:15,10000000.0
+d10@10:15/8,479,5,S,10.15,-10.85,53.0,143.4,1.55,-25.9,-1.07,21.42,False,10:15,100000000.0
+d10@10:15/7,479,10,L,-7.2,-45.2,47.0,109.3,-1.44,-68.5,-1.03,-13.39,True,10:15,10000000.0
+d10@10:15/8,479,10,L,-8.45,-29.45,47.8,107.8,-1.72,-53.1,-1.45,-15.48,True,10:15,100000000.0
+d10@10:15/7,479,10,S,7.2,-30.8,53.0,109.3,1.44,-54.7,1.03,13.39,True,10:15,10000000.0
+d10@10:15/8,479,10,S,8.45,-12.55,52.2,107.8,1.72,-28.2,1.45,15.48,True,10:15,100000000.0
+d10@10:15/7,479,20,L,-5.1,-43.1,48.9,89.6,-1.25,-66.7,-1.19,-9.03,True,10:15,10000000.0
+d10@10:15/8,479,20,L,-5.03,-26.03,48.2,87.5,-1.26,-48.6,-1.68,-8.39,True,10:15,100000000.0
+d10@10:15/7,479,20,S,5.1,-32.9,51.1,89.6,1.25,-56.9,1.19,9.03,True,10:15,10000000.0
+d10@10:15/8,479,20,S,5.03,-15.97,51.8,87.5,1.26,-33.8,1.68,8.39,True,10:15,100000000.0
+d10@10:15/7,479,30,L,-2.93,-40.93,51.1,82.2,-0.78,-64.7,-0.51,-5.36,True,10:15,10000000.0
+d10@10:15/8,479,30,L,-3.56,-24.56,51.4,80.9,-0.96,-46.6,-1.39,-5.74,True,10:15,100000000.0
+d10@10:15/7,479,30,S,2.93,-35.07,48.9,82.2,0.78,-59.1,0.51,5.36,True,10:15,10000000.0
+d10@10:15/8,479,30,S,3.56,-17.44,48.6,80.9,0.96,-36.1,1.39,5.74,True,10:15,100000000.0
-d120_skip20@10:15/7,349,5,L,-4.39,-42.39,43.8,117.8,-0.7,-66.3,-10.47,1.73,False,10:15,10000000.0
-d120_skip20@10:15/8,349,5,L,-4.13,-25.13,45.0,117.1,-0.66,-47.9,-9.45,1.23,False,10:15,100000000.0
-d120_skip20@10:15/7,349,5,S,4.39,-33.61,56.2,117.8,0.7,-57.9,10.47,-1.73,False,10:15,10000000.0
-d120_skip20@10:15/8,349,5,S,4.13,-16.87,55.0,117.1,0.66,-35.8,9.45,-1.23,False,10:15,100000000.0
-d120_skip20@10:15/7,349,10,L,-6.88,-44.88,42.1,98.4,-1.31,-68.2,-10.14,-3.61,True,10:15,10000000.0
-d120_skip20@10:15/8,349,10,L,-4.7,-25.7,45.3,96.3,-0.91,-48.3,-8.19,-1.18,True,10:15,100000000.0
-d120_skip20@10:15/7,349,10,S,6.88,-31.12,57.9,98.4,1.31,-55.0,10.14,3.61,True,10:15,10000000.0
-d120_skip20@10:15/8,349,10,S,4.7,-16.3,54.7,96.3,0.91,-34.5,8.19,1.18,True,10:15,100000000.0
-d120_skip20@10:15/7,349,20,L,-4.27,-42.27,45.8,86.4,-0.92,-65.9,-7.86,-0.66,True,10:15,10000000.0
-d120_skip20@10:15/8,349,20,L,-4.86,-25.86,45.8,84.3,-1.08,-48.4,-9.11,-0.58,True,10:15,100000000.0
-d120_skip20@10:15/7,349,20,S,4.27,-33.73,54.2,86.4,0.92,-57.7,7.86,0.66,True,10:15,10000000.0
-d120_skip20@10:15/8,349,20,S,4.86,-16.14,54.2,84.3,1.08,-34.0,9.11,0.58,True,10:15,100000000.0
-d120_skip20@10:15/7,349,30,L,-3.42,-41.42,47.0,80.2,-0.8,-65.1,-7.44,0.63,False,10:15,10000000.0
-d120_skip20@10:15/8,349,30,L,-3.2,-24.2,47.9,79.6,-0.75,-46.1,-8.39,2.02,False,10:15,100000000.0
-d120_skip20@10:15/7,349,30,S,3.42,-34.58,53.0,80.2,0.8,-58.6,7.44,-0.63,False,10:15,10000000.0
-d120_skip20@10:15/8,349,30,S,3.2,-17.8,52.1,79.6,0.75,-36.7,8.39,-2.02,False,10:15,100000000.0
+d5@10:15/7,480,5,L,-9.27,-47.27,47.1,131.0,-1.55,-70.3,-0.89,-17.71,True,10:15,10000000.0
+d5@10:15/8,480,5,L,-11.71,-32.71,47.3,130.5,-1.97,-57.1,-2.45,-21.05,True,10:15,100000000.0
+d5@10:15/7,480,5,S,9.27,-28.73,52.9,131.0,1.55,-52.6,0.89,17.71,True,10:15,10000000.0
+d5@10:15/8,480,5,S,11.71,-9.29,52.7,130.5,1.97,-22.6,2.45,21.05,True,10:15,100000000.0
+d5@10:15/7,480,10,L,-6.79,-44.79,49.8,100.6,-1.48,-68.2,-0.69,-12.94,True,10:15,10000000.0
+d5@10:15/8,480,10,L,-8.58,-29.58,46.0,96.6,-1.95,-53.2,-3.89,-13.31,True,10:15,100000000.0
+d5@10:15/7,480,10,S,6.79,-31.21,50.2,100.6,1.48,-55.1,0.69,12.94,True,10:15,10000000.0
+d5@10:15/8,480,10,S,8.58,-12.42,54.0,96.6,1.95,-27.7,3.89,13.31,True,10:15,100000000.0
+d5@10:15/7,480,20,L,-5.5,-43.5,47.7,84.2,-1.43,-67.0,-2.09,-8.94,True,10:15,10000000.0
+d5@10:15/8,480,20,L,-5.95,-26.95,49.0,82.6,-1.58,-49.8,-2.51,-9.42,True,10:15,100000000.0
+d5@10:15/7,480,20,S,5.5,-32.5,52.3,84.2,1.43,-56.4,2.09,8.94,True,10:15,10000000.0
+d5@10:15/8,480,20,S,5.95,-15.05,51.0,82.6,1.58,-32.2,2.51,9.42,True,10:15,100000000.0
+d5@10:15/7,480,30,L,-4.49,-42.49,50.2,76.0,-1.29,-66.1,-3.04,-5.95,True,10:15,10000000.0
+d5@10:15/8,480,30,L,-4.76,-25.76,50.6,74.3,-1.4,-48.2,-3.31,-6.23,True,10:15,100000000.0
+d5@10:15/7,480,30,S,4.49,-33.51,49.8,76.0,1.29,-57.4,3.04,5.95,True,10:15,10000000.0
+d5@10:15/8,480,30,S,4.76,-16.24,49.4,74.3,1.4,-34.1,3.31,6.23,True,10:15,100000000.0
-d250@10:15/7,239,5,L,1.6,-36.4,44.8,121.4,0.2,-60.8,-9.73,13.03,False,10:15,10000000.0
-d250@10:15/8,239,5,L,-1.11,-22.11,46.4,117.1,-0.15,-43.7,-14.37,12.26,False,10:15,100000000.0
-d250@10:15/7,239,5,S,-1.6,-39.6,55.2,121.4,-0.2,-63.9,9.73,-13.03,False,10:15,10000000.0
-d250@10:15/8,239,5,S,1.11,-19.89,53.6,117.1,0.15,-40.5,14.37,-12.26,False,10:15,100000000.0
-d250@10:15/7,239,10,L,-6.64,-44.64,43.9,102.6,-1.0,-68.0,-16.33,3.12,False,10:15,10000000.0
-d250@10:15/8,239,10,L,-6.13,-27.13,45.2,101.1,-0.94,-50.2,-17.54,5.37,False,10:15,100000000.0
-d250@10:15/7,239,10,S,6.64,-31.36,56.1,102.6,1.0,-55.3,16.33,-3.12,False,10:15,10000000.0
-d250@10:15/8,239,10,S,6.13,-14.87,54.8,101.1,0.94,-32.1,17.54,-5.37,False,10:15,100000000.0
-d250@10:15/7,239,20,L,-1.99,-39.99,46.9,89.1,-0.35,-63.9,-10.61,6.7,False,10:15,10000000.0
-d250@10:15/8,239,20,L,-3.23,-24.23,45.2,88.7,-0.56,-46.3,-13.6,7.23,False,10:15,100000000.0
-d250@10:15/7,239,20,S,1.99,-36.01,53.1,89.1,0.35,-60.1,10.61,-6.7,False,10:15,10000000.0
-d250@10:15/8,239,20,S,3.23,-17.77,54.8,88.7,0.56,-36.8,13.6,-7.23,False,10:15,100000000.0
-d250@10:15/7,239,30,L,-2.01,-40.01,46.4,83.8,-0.37,-63.9,-11.22,7.27,False,10:15,10000000.0
-d250@10:15/8,239,30,L,-2.0,-23.0,47.7,81.8,-0.38,-44.5,-11.94,8.02,False,10:15,100000000.0
-d250@10:15/7,239,30,S,2.01,-35.99,53.6,83.8,0.37,-60.0,11.22,-7.27,False,10:15,10000000.0
-d250@10:15/8,239,30,S,2.0,-19.0,52.3,81.8,0.38,-38.6,11.94,-8.02,False,10:15,100000000.0
rev5+mom250@10:15/7,219,5,L,2.6,-35.4,47.0,125.3,0.31,-59.9,-4.2,9.45,False,10:15,10000000.0
rev5+mom250@10:15/8,219,5,L,2.92,-18.08,47.9,125.7,0.34,-37.9,-4.64,10.55,False,10:15,100000000.0
rev5+mom250@10:15/7,219,5,S,-2.6,-40.6,53.0,125.3,-0.31,-64.8,4.2,-9.45,False,10:15,10000000.0
rev5+mom250@10:15/8,219,5,S,-2.92,-23.92,52.1,125.7,-0.34,-46.4,4.64,-10.55,False,10:15,100000000.0
rev5+mom250@10:15/7,219,10,L,4.11,-33.89,51.6,103.3,0.59,-58.1,-2.93,11.21,False,10:15,10000000.0
rev5+mom250@10:15/8,219,10,L,4.35,-16.65,51.6,103.1,0.63,-35.2,-3.51,12.29,False,10:15,100000000.0
rev5+mom250@10:15/7,219,10,S,-4.11,-42.11,48.4,103.3,-0.59,-65.9,2.93,-11.21,False,10:15,10000000.0
rev5+mom250@10:15/8,219,10,S,-4.35,-25.35,48.4,103.1,-0.63,-48.0,3.51,-12.29,False,10:15,100000000.0
rev5+mom250@10:15/7,219,20,L,6.53,-31.47,52.5,89.6,1.08,-55.3,2.0,11.1,True,10:15,10000000.0
rev5+mom250@10:15/8,219,20,L,5.83,-15.17,52.1,89.1,0.97,-32.5,0.83,10.87,True,10:15,100000000.0
rev5+mom250@10:15/7,219,20,S,-6.53,-44.53,47.5,89.6,-1.08,-67.9,-2.0,-11.1,True,10:15,10000000.0
rev5+mom250@10:15/8,219,20,S,-5.83,-26.83,47.9,89.1,-0.97,-49.7,-0.83,-10.87,True,10:15,100000000.0
rev5+mom250@10:15/7,219,30,L,4.92,-33.08,54.3,82.3,0.88,-57.0,1.29,8.58,True,10:15,10000000.0
rev5+mom250@10:15/8,219,30,L,4.96,-16.04,53.9,82.2,0.89,-33.8,1.45,8.5,True,10:15,100000000.0
rev5+mom250@10:15/7,219,30,S,-4.92,-42.92,45.7,82.3,-0.88,-66.5,-1.29,-8.58,True,10:15,10000000.0
rev5+mom250@10:15/8,219,30,S,-4.96,-25.96,46.1,82.2,-0.89,-48.5,-1.45,-8.5,True,10:15,100000000.0
+skew20@10:15/7,479,5,L,-13.26,-51.26,42.0,99.9,-2.9,-73.0,-13.91,-12.59,True,10:15,10000000.0
+skew20@10:15/8,479,5,L,-11.22,-32.22,40.9,96.9,-2.54,-56.2,-11.06,-11.38,True,10:15,100000000.0
+skew20@10:15/7,479,5,S,13.26,-24.74,58.0,99.9,2.9,-47.1,13.91,12.59,True,10:15,10000000.0
+skew20@10:15/8,479,5,S,11.22,-9.78,59.1,96.9,2.54,-22.8,11.06,11.38,True,10:15,100000000.0
+skew20@10:15/7,479,10,L,-6.46,-44.46,44.5,85.0,-1.66,-67.8,-6.5,-6.42,True,10:15,10000000.0
+skew20@10:15/8,479,10,L,-6.56,-27.56,44.3,83.5,-1.72,-50.6,-7.12,-6.0,True,10:15,100000000.0
+skew20@10:15/7,479,10,S,6.46,-31.54,55.5,85.0,1.66,-55.3,6.5,6.42,True,10:15,10000000.0
+skew20@10:15/8,479,10,S,6.56,-14.44,55.7,83.5,1.72,-31.1,7.12,6.0,True,10:15,100000000.0
+skew20@10:15/7,479,20,L,-4.99,-42.99,46.1,75.0,-1.46,-66.5,-5.53,-4.45,True,10:15,10000000.0
+skew20@10:15/8,479,20,L,-5.08,-26.08,46.6,73.1,-1.52,-48.6,-5.56,-4.61,True,10:15,100000000.0
+skew20@10:15/7,479,20,S,4.99,-33.01,53.9,75.0,1.46,-56.8,5.53,4.45,True,10:15,10000000.0
+skew20@10:15/8,479,20,S,5.08,-15.92,53.4,73.1,1.52,-33.5,5.56,4.61,True,10:15,100000000.0
+skew20@10:15/7,479,30,L,-3.53,-41.53,48.4,73.9,-1.05,-65.2,-2.83,-4.24,True,10:15,10000000.0
+skew20@10:15/8,479,30,L,-3.8,-24.8,46.8,73.6,-1.13,-46.9,-2.25,-5.36,True,10:15,100000000.0
+skew20@10:15/7,479,30,S,3.53,-34.47,51.6,73.9,1.05,-58.4,2.83,4.24,True,10:15,10000000.0
+skew20@10:15/8,479,30,S,3.8,-17.2,53.2,73.6,1.13,-35.6,2.25,5.36,True,10:15,100000000.0
+d60@10:15/7,429,5,L,-9.31,-47.31,47.3,140.5,-1.37,-70.5,-10.76,-7.85,True,10:15,10000000.0
+d60@10:15/8,429,5,L,-11.39,-32.39,49.0,139.8,-1.69,-56.9,-14.91,-7.87,True,10:15,100000000.0
+d60@10:15/7,429,5,S,9.31,-28.69,52.7,140.5,1.37,-52.7,10.76,7.85,True,10:15,10000000.0
+d60@10:15/8,429,5,S,11.39,-9.61,51.0,139.8,1.69,-23.4,14.91,7.87,True,10:15,100000000.0
+d60@10:15/7,429,10,L,-6.23,-44.23,49.0,110.1,-1.17,-67.8,-7.01,-5.46,True,10:15,10000000.0
+d60@10:15/8,429,10,L,-6.92,-27.92,48.3,110.5,-1.3,-51.3,-7.49,-6.35,True,10:15,100000000.0
+d60@10:15/7,429,10,S,6.23,-31.77,51.0,110.1,1.17,-55.8,7.01,5.46,True,10:15,10000000.0
+d60@10:15/8,429,10,S,6.92,-14.08,51.7,110.5,1.3,-30.9,7.49,6.35,True,10:15,100000000.0
+d60@10:15/7,429,20,L,-6.66,-44.66,48.5,90.7,-1.52,-68.0,-7.41,-5.92,True,10:15,10000000.0
+d60@10:15/8,429,20,L,-6.92,-27.92,48.3,90.5,-1.58,-51.1,-8.26,-5.57,True,10:15,100000000.0
+d60@10:15/7,429,20,S,6.66,-31.34,51.5,90.7,1.52,-55.1,7.41,5.92,True,10:15,10000000.0
+d60@10:15/8,429,20,S,6.92,-14.08,51.7,90.5,1.58,-30.6,8.26,5.57,True,10:15,100000000.0
+d60@10:15/7,429,30,L,-3.51,-41.51,50.1,84.0,-0.87,-65.3,-3.64,-3.39,True,10:15,10000000.0
+d60@10:15/8,429,30,L,-3.92,-24.92,50.1,83.6,-0.97,-47.2,-4.69,-3.16,True,10:15,100000000.0
+d60@10:15/7,429,30,S,3.51,-34.49,49.9,84.0,0.87,-58.5,3.64,3.39,True,10:15,10000000.0
+d60@10:15/8,429,30,S,3.92,-17.08,49.9,83.6,0.97,-35.6,4.69,3.16,True,10:15,100000000.0
rev1+rev5@10:15/7,480,5,L,9.76,-28.24,51.2,134.4,1.59,-52.1,0.44,19.17,True,10:15,10000000.0
rev1+rev5@10:15/8,480,5,L,8.11,-12.89,51.0,132.0,1.35,-29.3,0.31,15.97,True,10:15,100000000.0
rev1+rev5@10:15/7,480,5,S,-9.76,-47.76,48.8,134.4,-1.59,-70.8,-0.44,-19.17,True,10:15,10000000.0
rev1+rev5@10:15/8,480,5,S,-8.11,-29.11,49.0,132.0,-1.35,-53.1,-0.31,-15.97,True,10:15,100000000.0
rev1+rev5@10:15/7,480,10,L,6.12,-31.88,50.0,113.9,1.18,-56.0,-1.9,14.21,False,10:15,10000000.0
rev1+rev5@10:15/8,480,10,L,5.15,-15.85,50.0,112.9,1.0,-34.0,-1.18,11.54,False,10:15,100000000.0
rev1+rev5@10:15/7,480,10,S,-6.12,-44.12,50.0,113.9,-1.18,-67.7,1.9,-14.21,False,10:15,10000000.0
rev1+rev5@10:15/8,480,10,S,-5.15,-26.15,50.0,112.9,-1.0,-49.1,1.18,-11.54,False,10:15,100000000.0
rev1+rev5@10:15/7,480,20,L,3.67,-34.33,50.2,96.4,0.83,-58.5,-1.86,9.24,False,10:15,10000000.0
rev1+rev5@10:15/8,480,20,L,2.86,-18.14,50.4,96.4,0.65,-37.5,-1.89,7.65,False,10:15,100000000.0
rev1+rev5@10:15/7,480,20,S,-3.67,-41.67,49.8,96.4,-0.83,-65.5,1.86,-9.24,False,10:15,10000000.0
rev1+rev5@10:15/8,480,20,S,-2.86,-23.86,49.6,96.4,-0.65,-45.9,1.89,-7.65,False,10:15,100000000.0
rev1+rev5@10:15/7,480,30,L,1.89,-36.11,50.4,92.1,0.45,-60.2,-3.52,7.35,False,10:15,10000000.0
rev1+rev5@10:15/8,480,30,L,1.55,-19.45,50.8,91.8,0.37,-39.4,-3.16,6.3,False,10:15,100000000.0
rev1+rev5@10:15/7,480,30,S,-1.89,-39.89,49.6,92.1,-0.45,-63.9,3.52,-7.35,False,10:15,10000000.0
rev1+rev5@10:15/8,480,30,S,-1.55,-22.55,49.2,91.8,-0.37,-44.0,3.16,-6.3,False,10:15,100000000.0
+maxret20@11:15/7,479,5,L,-18.02,-56.02,41.5,116.5,-3.38,-76.1,-18.99,-17.05,True,11:15,10000000.0
+maxret20@11:15/8,479,5,L,-20.02,-41.02,41.8,114.7,-3.82,-65.1,-18.26,-21.79,True,11:15,100000000.0
+maxret20@11:15/7,479,5,S,18.02,-19.98,58.5,116.5,3.38,-40.6,18.99,17.05,True,11:15,10000000.0
+maxret20@11:15/8,479,5,S,20.02,-0.98,58.2,114.7,3.82,-4.0,18.26,21.79,True,11:15,100000000.0
+maxret20@11:15/7,479,10,L,-15.8,-53.8,42.8,93.7,-3.69,-74.6,-17.1,-14.49,True,11:15,10000000.0
+maxret20@11:15/8,479,10,L,-15.93,-36.93,41.5,93.2,-3.74,-61.1,-15.39,-16.49,True,11:15,100000000.0
+maxret20@11:15/7,479,10,S,15.8,-22.2,57.2,93.7,3.69,-43.5,17.1,14.49,True,11:15,10000000.0
+maxret20@11:15/8,479,10,S,15.93,-5.07,58.5,93.2,3.74,-12.9,15.39,16.49,True,11:15,100000000.0
+maxret20@11:15/7,479,20,L,-12.36,-50.36,42.0,84.4,-3.21,-72.2,-12.14,-12.59,True,11:15,10000000.0
+maxret20@11:15/8,479,20,L,-11.86,-32.86,42.6,85.3,-3.05,-56.8,-11.51,-12.22,True,11:15,100000000.0
+maxret20@11:15/7,479,20,S,12.36,-25.64,58.0,84.4,3.21,-48.1,12.14,12.59,True,11:15,10000000.0
+maxret20@11:15/8,479,20,S,11.86,-9.14,57.4,85.3,3.05,-21.3,11.51,12.22,True,11:15,100000000.0
+maxret20@11:15/7,479,30,L,-8.99,-46.99,45.1,80.3,-2.45,-69.7,-10.44,-7.53,True,11:15,10000000.0
+maxret20@11:15/8,479,30,L,-8.74,-29.74,45.3,80.6,-2.37,-53.2,-10.03,-7.45,True,11:15,100000000.0
+maxret20@11:15/7,479,30,S,8.99,-29.01,54.9,80.3,2.45,-52.3,10.44,7.53,True,11:15,10000000.0
+maxret20@11:15/8,479,30,S,8.74,-12.26,54.7,80.6,2.37,-27.2,10.03,7.45,True,11:15,100000000.0
rev1+gapdn+lowvol@11:15/7,479,5,L,8.86,-29.14,54.3,80.7,2.4,-52.5,13.46,4.25,True,11:15,10000000.0
rev1+gapdn+lowvol@11:15/8,479,5,L,8.01,-12.99,56.2,78.3,2.24,-28.5,13.52,2.48,True,11:15,100000000.0
rev1+gapdn+lowvol@11:15/7,479,5,S,-8.86,-46.86,45.7,80.7,-2.4,-69.6,-13.46,-4.25,True,11:15,10000000.0
rev1+gapdn+lowvol@11:15/8,479,5,S,-8.01,-29.01,43.8,78.3,-2.24,-52.3,-13.52,-2.48,True,11:15,100000000.0
rev1+gapdn+lowvol@11:15/7,479,10,L,4.67,-33.33,51.8,61.8,1.66,-57.1,5.77,3.57,True,11:15,10000000.0
rev1+gapdn+lowvol@11:15/8,479,10,L,3.46,-17.54,51.8,59.1,1.28,-36.0,4.71,2.21,True,11:15,100000000.0
rev1+gapdn+lowvol@11:15/7,479,10,S,-4.67,-42.67,48.2,61.8,-1.66,-66.1,-5.77,-3.57,True,11:15,10000000.0
rev1+gapdn+lowvol@11:15/8,479,10,S,-3.46,-24.46,48.2,59.1,-1.28,-46.3,-4.71,-2.21,True,11:15,100000000.0
rev1+gapdn+lowvol@11:15/7,479,20,L,3.66,-34.34,52.4,53.1,1.51,-58.1,4.38,2.93,True,11:15,10000000.0
rev1+gapdn+lowvol@11:15/8,479,20,L,3.54,-17.46,53.0,51.8,1.49,-35.8,4.7,2.37,True,11:15,100000000.0
rev1+gapdn+lowvol@11:15/7,479,20,S,-3.66,-41.66,47.6,53.1,-1.51,-65.2,-4.38,-2.93,True,11:15,10000000.0
rev1+gapdn+lowvol@11:15/8,479,20,S,-3.54,-24.54,47.0,51.8,-1.49,-46.3,-4.7,-2.37,True,11:15,100000000.0
rev1+gapdn+lowvol@11:15/7,479,30,L,2.35,-35.65,53.4,50.2,1.02,-59.5,2.46,2.23,True,11:15,10000000.0
rev1+gapdn+lowvol@11:15/8,479,30,L,2.5,-18.5,53.2,49.9,1.1,-37.5,3.07,1.92,True,11:15,100000000.0
rev1+gapdn+lowvol@11:15/7,479,30,S,-2.35,-40.35,46.6,50.2,-1.02,-64.0,-2.46,-2.23,True,11:15,10000000.0
rev1+gapdn+lowvol@11:15/8,479,30,S,-2.5,-23.5,46.8,49.9,-1.1,-44.9,-3.07,-1.92,True,11:15,100000000.0
+pct52_lo@11:15/7,430,5,L,-9.71,-47.71,46.7,121.9,-1.65,-70.6,-15.28,-4.1,True,11:15,10000000.0
+pct52_lo@11:15/8,430,5,L,-11.16,-32.16,48.1,121.6,-1.9,-56.4,-17.49,-4.76,True,11:15,100000000.0
+pct52_lo@11:15/7,430,5,S,9.71,-28.29,53.3,121.9,1.65,-51.9,15.28,4.1,True,11:15,10000000.0
+pct52_lo@11:15/8,430,5,S,11.16,-9.84,51.9,121.6,1.9,-23.4,17.49,4.76,True,11:15,100000000.0
+pct52_lo@11:15/7,430,10,L,-7.91,-45.91,46.3,96.1,-1.71,-69.0,-12.04,-3.73,True,11:15,10000000.0
+pct52_lo@11:15/8,430,10,L,-9.13,-30.13,46.5,95.8,-1.98,-53.8,-13.99,-4.22,True,11:15,100000000.0
+pct52_lo@11:15/7,430,10,S,7.91,-30.09,53.7,96.1,1.71,-53.7,12.04,3.73,True,11:15,10000000.0
+pct52_lo@11:15/8,430,10,S,9.13,-11.87,53.5,95.8,1.98,-26.7,13.99,4.22,True,11:15,100000000.0
+pct52_lo@11:15/7,430,20,L,-5.96,-43.96,48.4,79.3,-1.56,-67.3,-9.76,-2.12,True,11:15,10000000.0
+pct52_lo@11:15/8,430,20,L,-6.76,-27.76,47.2,79.0,-1.77,-50.8,-10.68,-2.8,True,11:15,100000000.0
+pct52_lo@11:15/7,430,20,S,5.96,-32.04,51.6,79.3,1.56,-55.8,9.76,2.12,True,11:15,10000000.0
+pct52_lo@11:15/8,430,20,S,6.76,-14.24,52.8,79.0,1.77,-30.7,10.68,2.8,True,11:15,100000000.0
+pct52_lo@11:15/7,430,30,L,-4.81,-42.81,48.4,75.6,-1.32,-66.3,-8.65,-0.93,True,11:15,10000000.0
+pct52_lo@11:15/8,430,30,L,-5.22,-26.22,49.8,75.2,-1.44,-48.8,-9.17,-1.23,True,11:15,100000000.0
+pct52_lo@11:15/7,430,30,S,4.81,-33.19,51.6,75.6,1.32,-57.0,8.65,0.93,True,11:15,10000000.0
+pct52_lo@11:15/8,430,30,S,5.22,-15.78,50.2,75.2,1.44,-33.3,9.17,1.23,True,11:15,100000000.0
+d120_skip20@11:15/7,349,5,L,-5.77,-43.77,45.8,114.0,-0.95,-67.4,-20.79,9.34,False,11:15,10000000.0
+d120_skip20@11:15/8,349,5,L,-6.94,-27.94,45.3,115.6,-1.12,-51.4,-23.13,9.34,False,11:15,100000000.0
+d120_skip20@11:15/7,349,5,S,5.77,-32.23,54.2,114.0,0.95,-56.4,20.79,-9.34,False,11:15,10000000.0
+d120_skip20@11:15/8,349,5,S,6.94,-14.06,54.7,115.6,1.12,-31.0,23.13,-9.34,False,11:15,100000000.0
+d120_skip20@11:15/7,349,10,L,-3.53,-41.53,47.9,87.7,-0.75,-65.3,-18.52,11.55,False,11:15,10000000.0
+d120_skip20@11:15/8,349,10,L,-3.07,-24.07,47.6,88.5,-0.65,-46.1,-18.04,11.99,False,11:15,100000000.0
+d120_skip20@11:15/7,349,10,S,3.53,-34.47,52.1,87.7,0.75,-58.5,18.52,-11.55,False,11:15,10000000.0
+d120_skip20@11:15/8,349,10,S,3.07,-17.93,52.4,88.5,0.65,-37.0,18.04,-11.99,False,11:15,100000000.0
+d120_skip20@11:15/7,349,20,L,-1.93,-39.93,47.9,73.9,-0.49,-63.8,-13.13,9.32,False,11:15,10000000.0
+d120_skip20@11:15/8,349,20,L,-1.69,-22.69,48.4,74.0,-0.43,-44.0,-12.66,9.34,False,11:15,100000000.0
+d120_skip20@11:15/7,349,20,S,1.93,-36.07,52.1,73.9,0.49,-60.0,13.13,-9.32,False,11:15,10000000.0
+d120_skip20@11:15/8,349,20,S,1.69,-19.31,51.6,74.0,0.43,-39.0,12.66,-9.34,False,11:15,100000000.0
+d120_skip20@11:15/7,349,30,L,-0.78,-38.78,48.4,66.3,-0.22,-62.6,-10.07,8.57,False,11:15,10000000.0
+d120_skip20@11:15/8,349,30,L,-1.0,-22.0,48.7,66.4,-0.28,-42.9,-10.5,8.56,False,11:15,100000000.0
+d120_skip20@11:15/7,349,30,S,0.78,-37.22,51.6,66.3,0.22,-61.1,10.07,-8.57,False,11:15,10000000.0
+d120_skip20@11:15/8,349,30,S,1.0,-20.0,51.3,66.4,0.28,-40.0,10.5,-8.56,False,11:15,100000000.0
+d120@11:15/7,369,5,L,-8.8,-46.8,49.3,125.6,-1.35,-70.0,-15.03,-2.54,True,11:15,10000000.0
+d120@11:15/8,369,5,L,-10.73,-31.73,46.3,125.1,-1.65,-56.0,-16.6,-4.82,True,11:15,100000000.0
+d120@11:15/7,369,5,S,8.8,-29.2,50.7,125.6,1.35,-53.1,15.03,2.54,True,11:15,10000000.0
+d120@11:15/8,369,5,S,10.73,-10.27,53.7,125.1,1.65,-24.3,16.6,4.82,True,11:15,100000000.0
+d120@11:15/7,369,10,L,-7.19,-45.19,48.2,94.1,-1.47,-68.4,-13.05,-1.3,True,11:15,10000000.0
+d120@11:15/8,369,10,L,-7.75,-28.75,48.2,94.9,-1.57,-52.1,-13.51,-1.96,True,11:15,100000000.0
+d120@11:15/7,369,10,S,7.19,-30.81,51.8,94.1,1.47,-54.6,13.05,1.3,True,11:15,10000000.0
+d120@11:15/8,369,10,S,7.75,-13.25,51.8,94.9,1.57,-29.2,13.51,1.96,True,11:15,100000000.0
+d120@11:15/7,369,20,L,-4.91,-42.91,49.1,77.2,-1.22,-66.4,-10.8,1.02,False,11:15,10000000.0
+d120@11:15/8,369,20,L,-5.05,-26.05,49.3,76.9,-1.26,-48.6,-10.69,0.61,False,11:15,100000000.0
+d120@11:15/7,369,20,S,4.91,-33.09,50.9,77.2,1.22,-57.0,10.8,-1.02,False,11:15,10000000.0
+d120@11:15/8,369,20,S,5.05,-15.95,50.7,76.9,1.26,-33.6,10.69,-0.61,False,11:15,100000000.0
+d120@11:15/7,369,30,L,-4.39,-42.39,48.0,70.5,-1.2,-65.9,-10.1,1.35,False,11:15,10000000.0
+d120@11:15/8,369,30,L,-4.66,-25.66,47.4,70.2,-1.28,-48.0,-10.5,1.21,False,11:15,100000000.0
+d120@11:15/7,369,30,S,4.39,-33.61,52.0,70.5,1.2,-57.5,10.1,-1.35,False,11:15,10000000.0
+d120@11:15/8,369,30,S,4.66,-16.34,52.6,70.2,1.28,-34.2,10.5,-1.21,False,11:15,100000000.0
rev1+lowmax@11:15/7,479,5,L,7.86,-30.14,52.4,87.7,1.96,-53.7,6.51,9.22,True,11:15,10000000.0
rev1+lowmax@11:15/8,479,5,L,5.72,-15.28,51.6,85.3,1.47,-32.6,4.6,6.84,True,11:15,100000000.0
rev1+lowmax@11:15/7,479,5,S,-7.86,-45.86,47.6,87.7,-1.96,-68.9,-6.51,-9.22,True,11:15,10000000.0
rev1+lowmax@11:15/8,479,5,S,-5.72,-26.72,48.4,85.3,-1.47,-49.5,-4.6,-6.84,True,11:15,100000000.0
rev1+lowmax@11:15/7,479,10,L,5.35,-32.65,53.4,69.2,1.69,-56.4,1.77,8.94,True,11:15,10000000.0
rev1+lowmax@11:15/8,479,10,L,4.61,-16.39,52.8,69.0,1.46,-34.2,1.36,7.88,True,11:15,100000000.0
rev1+lowmax@11:15/7,479,10,S,-5.35,-43.35,46.6,69.2,-1.69,-66.7,-1.77,-8.94,True,11:15,10000000.0
rev1+lowmax@11:15/8,479,10,S,-4.61,-25.61,47.2,69.0,-1.46,-47.9,-1.36,-7.88,True,11:15,100000000.0
rev1+lowmax@11:15/7,479,20,L,2.77,-35.23,52.8,61.2,0.99,-59.1,-1.68,7.23,False,11:15,10000000.0
rev1+lowmax@11:15/8,479,20,L,2.39,-18.61,53.9,61.1,0.86,-37.8,-1.87,6.66,False,11:15,100000000.0
rev1+lowmax@11:15/7,479,20,S,-2.77,-40.77,47.2,61.2,-0.99,-64.4,1.68,-7.23,False,11:15,10000000.0
rev1+lowmax@11:15/8,479,20,S,-2.39,-23.39,46.1,61.1,-0.86,-44.8,1.87,-6.66,False,11:15,100000000.0
rev1+lowmax@11:15/7,479,30,L,1.94,-36.06,52.8,58.0,0.73,-59.9,-2.26,6.16,False,11:15,10000000.0
rev1+lowmax@11:15/8,479,30,L,1.31,-19.69,51.8,57.6,0.5,-39.4,-2.98,5.63,False,11:15,100000000.0
rev1+lowmax@11:15/7,479,30,S,-1.94,-39.94,47.2,58.0,-0.73,-63.7,2.26,-6.16,False,11:15,10000000.0
rev1+lowmax@11:15/8,479,30,S,-1.31,-22.31,48.2,57.6,-0.5,-43.3,2.98,-5.63,False,11:15,100000000.0
+d10@11:15/7,479,5,L,-14.7,-52.7,44.7,125.6,-2.56,-74.1,-11.67,-17.75,True,11:15,10000000.0
+d10@11:15/8,479,5,L,-15.16,-36.16,43.4,126.9,-2.61,-60.7,-10.91,-19.43,True,11:15,100000000.0
+d10@11:15/7,479,5,S,14.7,-23.3,55.3,125.6,2.56,-45.5,11.67,17.75,True,11:15,10000000.0
+d10@11:15/8,479,5,S,15.16,-5.84,56.6,126.9,2.61,-15.4,10.91,19.43,True,11:15,100000000.0
+d10@11:15/7,479,10,L,-10.56,-48.56,42.6,94.7,-2.44,-71.0,-10.7,-10.42,True,11:15,10000000.0
+d10@11:15/8,479,10,L,-11.66,-32.66,43.2,93.4,-2.73,-56.6,-11.32,-12.0,True,11:15,100000000.0
+d10@11:15/7,479,10,S,10.56,-27.44,57.4,94.7,2.44,-50.5,10.7,10.42,True,11:15,10000000.0
+d10@11:15/8,479,10,S,11.66,-9.34,56.8,93.4,2.73,-21.8,11.32,12.0,True,11:15,100000000.0
+d10@11:15/7,479,20,L,-8.42,-46.42,46.3,75.5,-2.44,-69.3,-9.43,-7.41,True,11:15,10000000.0
+d10@11:15/8,479,20,L,-7.94,-28.94,48.2,74.6,-2.33,-52.2,-9.21,-6.67,True,11:15,100000000.0
+d10@11:15/7,479,20,S,8.42,-29.58,53.7,75.5,2.44,-52.9,9.43,7.41,True,11:15,10000000.0
+d10@11:15/8,479,20,S,7.94,-13.06,51.8,74.6,2.33,-28.6,9.21,6.67,True,11:15,100000000.0
+d10@11:15/7,479,30,L,-6.45,-44.45,48.0,69.4,-2.03,-67.7,-8.14,-4.75,True,11:15,10000000.0
+d10@11:15/8,479,30,L,-6.29,-27.29,48.6,68.6,-2.01,-50.1,-8.03,-4.55,True,11:15,100000000.0
+d10@11:15/7,479,30,S,6.45,-31.55,52.0,69.4,2.03,-55.2,8.14,4.75,True,11:15,10000000.0
+d10@11:15/8,479,30,S,6.29,-14.71,51.4,68.6,2.01,-31.4,8.03,4.55,True,11:15,100000000.0
-d120_skip20@11:15/7,349,5,L,-8.22,-46.22,44.4,101.2,-1.52,-69.3,-13.33,-3.09,True,11:15,10000000.0
-d120_skip20@11:15/8,349,5,L,-6.36,-27.36,43.3,100.6,-1.18,-50.5,-10.59,-2.1,True,11:15,100000000.0
-d120_skip20@11:15/7,349,5,S,8.22,-29.78,55.6,101.2,1.52,-53.4,13.33,3.09,True,11:15,10000000.0
-d120_skip20@11:15/8,349,5,S,6.36,-14.64,56.7,100.6,1.18,-31.8,10.59,2.1,True,11:15,100000000.0
-d120_skip20@11:15/7,349,10,L,-7.82,-45.82,44.7,83.7,-1.75,-68.8,-11.44,-4.17,True,11:15,10000000.0
-d120_skip20@11:15/8,349,10,L,-5.16,-26.16,46.4,82.7,-1.17,-48.8,-8.97,-1.33,True,11:15,100000000.0
-d120_skip20@11:15/7,349,10,S,7.82,-30.18,55.3,83.7,1.75,-53.7,11.44,4.17,True,11:15,10000000.0
-d120_skip20@11:15/8,349,10,S,5.16,-15.84,53.6,82.7,1.17,-33.5,8.97,1.33,True,11:15,100000000.0
-d120_skip20@11:15/7,349,20,L,-4.3,-42.3,47.0,74.7,-1.08,-65.9,-7.91,-0.68,True,11:15,10000000.0
-d120_skip20@11:15/8,349,20,L,-4.98,-25.98,49.0,73.8,-1.26,-48.4,-8.52,-1.42,True,11:15,100000000.0
-d120_skip20@11:15/7,349,20,S,4.3,-33.7,53.0,74.7,1.08,-57.6,7.91,0.68,True,11:15,10000000.0
-d120_skip20@11:15/8,349,20,S,4.98,-16.02,51.0,73.8,1.26,-33.7,8.52,1.42,True,11:15,100000000.0
-d120_skip20@11:15/7,349,30,L,-3.87,-41.87,45.6,69.9,-1.04,-65.5,-7.98,0.26,False,11:15,10000000.0
-d120_skip20@11:15/8,349,30,L,-3.21,-24.21,46.7,69.6,-0.86,-46.0,-7.75,1.36,False,11:15,100000000.0
-d120_skip20@11:15/7,349,30,S,3.87,-34.13,54.4,69.9,1.04,-58.0,7.98,-0.26,False,11:15,10000000.0
-d120_skip20@11:15/8,349,30,S,3.21,-17.79,53.3,69.6,0.86,-36.5,7.75,-1.36,False,11:15,100000000.0
+d5@11:15/7,480,5,L,-12.01,-50.01,46.0,114.8,-2.29,-72.2,-11.65,-12.37,True,11:15,10000000.0
+d5@11:15/8,480,5,L,-13.78,-34.78,44.2,113.9,-2.65,-59.1,-11.53,-16.04,True,11:15,100000000.0
+d5@11:15/7,480,5,S,12.01,-25.99,54.0,114.8,2.29,-49.0,11.65,12.37,True,11:15,10000000.0
+d5@11:15/8,480,5,S,13.78,-7.22,55.8,113.9,2.65,-18.0,11.53,16.04,True,11:15,100000000.0
+d5@11:15/7,480,10,L,-9.73,-47.73,44.8,87.2,-2.44,-70.3,-9.36,-10.1,True,11:15,10000000.0
+d5@11:15/8,480,10,L,-11.06,-32.06,45.4,82.6,-2.94,-55.9,-11.43,-10.69,True,11:15,100000000.0
+d5@11:15/7,480,10,S,9.73,-28.27,55.2,87.2,2.44,-51.5,9.36,10.1,True,11:15,10000000.0
+d5@11:15/8,480,10,S,11.06,-9.94,54.6,82.6,2.94,-22.8,11.43,10.69,True,11:15,100000000.0
+d5@11:15/7,480,20,L,-8.13,-46.13,46.7,72.8,-2.45,-69.0,-8.81,-7.45,True,11:15,10000000.0
+d5@11:15/8,480,20,L,-7.84,-28.84,47.5,71.5,-2.4,-52.0,-8.43,-7.25,True,11:15,100000000.0
+d5@11:15/7,480,20,S,8.13,-29.87,53.3,72.8,2.45,-53.3,8.81,7.45,True,11:15,10000000.0
+d5@11:15/8,480,20,S,7.84,-13.16,52.5,71.5,2.4,-28.7,8.43,7.25,True,11:15,100000000.0
+d5@11:15/7,480,30,L,-6.53,-44.53,49.2,65.6,-2.18,-67.7,-8.11,-4.93,True,11:15,10000000.0
+d5@11:15/8,480,30,L,-6.41,-27.41,49.8,64.3,-2.19,-50.2,-8.09,-4.72,True,11:15,100000000.0
+d5@11:15/7,480,30,S,6.53,-31.47,50.8,65.6,2.18,-55.1,8.11,4.93,True,11:15,10000000.0
+d5@11:15/8,480,30,S,6.41,-14.59,50.2,64.3,2.19,-31.1,8.09,4.72,True,11:15,100000000.0
-d250@11:15/7,239,5,L,-1.28,-39.28,46.4,101.8,-0.19,-63.4,-1.54,-1.02,True,11:15,10000000.0
-d250@11:15/8,239,5,L,-3.53,-24.53,48.5,100.6,-0.54,-46.8,-8.54,1.53,False,11:15,100000000.0
-d250@11:15/7,239,5,S,1.28,-36.72,53.6,101.8,0.19,-60.9,1.54,1.02,True,11:15,10000000.0
-d250@11:15/8,239,5,S,3.53,-17.47,51.5,100.6,0.54,-36.5,8.54,-1.53,False,11:15,100000000.0
-d250@11:15/7,239,10,L,-7.17,-45.17,46.4,89.2,-1.24,-68.4,-10.2,-4.11,True,11:15,10000000.0
-d250@11:15/8,239,10,L,-6.46,-27.46,48.1,88.8,-1.12,-50.5,-11.86,-1.01,True,11:15,100000000.0
-d250@11:15/7,239,10,S,7.17,-30.83,53.6,89.2,1.24,-54.5,10.2,4.11,True,11:15,10000000.0
-d250@11:15/8,239,10,S,6.46,-14.54,51.9,88.8,1.12,-31.4,11.86,1.01,True,11:15,100000000.0
-d250@11:15/7,239,20,L,-3.13,-41.13,48.5,77.1,-0.63,-64.9,-5.95,-0.28,True,11:15,10000000.0
-d250@11:15/8,239,20,L,-3.63,-24.63,49.8,76.7,-0.73,-46.7,-8.14,0.93,False,11:15,100000000.0
-d250@11:15/7,239,20,S,3.13,-34.87,51.5,77.1,0.63,-58.8,5.95,0.28,True,11:15,10000000.0
-d250@11:15/8,239,20,S,3.63,-17.37,50.2,76.7,0.73,-36.0,8.14,-0.93,False,11:15,100000000.0
-d250@11:15/7,239,30,L,-2.37,-40.37,47.7,72.0,-0.51,-64.2,-5.69,0.97,False,11:15,10000000.0
-d250@11:15/8,239,30,L,-2.04,-23.04,47.7,70.6,-0.45,-44.4,-6.2,2.14,False,11:15,100000000.0
-d250@11:15/7,239,30,S,2.37,-35.63,52.3,72.0,0.51,-59.6,5.69,-0.97,False,11:15,10000000.0
-d250@11:15/8,239,30,S,2.04,-18.96,52.3,70.6,0.45,-38.4,6.2,-2.14,False,11:15,100000000.0
rev5+mom250@11:15/7,219,5,L,3.92,-34.08,47.5,105.0,0.55,-58.3,5.98,1.84,True,11:15,10000000.0
rev5+mom250@11:15/8,219,5,L,4.56,-16.44,47.5,105.2,0.64,-34.9,5.8,3.31,True,11:15,100000000.0
rev5+mom250@11:15/7,219,5,S,-3.92,-41.92,52.5,105.0,-0.55,-65.8,-5.98,-1.84,True,11:15,10000000.0
rev5+mom250@11:15/8,219,5,S,-4.56,-25.56,52.5,105.2,-0.64,-48.3,-5.8,-3.31,True,11:15,100000000.0
rev5+mom250@11:15/7,219,10,L,5.02,-32.98,50.2,85.2,0.87,-56.9,4.29,5.75,True,11:15,10000000.0
rev5+mom250@11:15/8,219,10,L,5.49,-15.51,49.8,85.4,0.95,-33.0,4.12,6.86,True,11:15,100000000.0
rev5+mom250@11:15/7,219,10,S,-5.02,-43.02,49.8,85.2,-0.87,-66.6,-4.29,-5.75,True,11:15,10000000.0
rev5+mom250@11:15/8,219,10,S,-5.49,-26.49,50.2,85.4,-0.95,-49.2,-4.12,-6.86,True,11:15,100000000.0
rev5+mom250@11:15/7,219,20,L,6.03,-31.97,53.0,74.3,1.2,-55.7,6.15,5.91,True,11:15,10000000.0
rev5+mom250@11:15/8,219,20,L,5.63,-15.37,51.6,74.0,1.13,-32.6,5.59,5.68,True,11:15,100000000.0
rev5+mom250@11:15/7,219,20,S,-6.03,-44.03,47.0,74.3,-1.2,-67.3,-6.15,-5.91,True,11:15,10000000.0
rev5+mom250@11:15/8,219,20,S,-5.63,-26.63,48.4,74.0,-1.13,-49.3,-5.59,-5.68,True,11:15,100000000.0
rev5+mom250@11:15/7,219,30,L,5.0,-33.0,52.5,69.9,1.06,-56.8,4.93,5.08,True,11:15,10000000.0
rev5+mom250@11:15/8,219,30,L,4.99,-16.01,52.1,70.2,1.05,-33.6,4.99,4.99,True,11:15,100000000.0
rev5+mom250@11:15/7,219,30,S,-5.0,-43.0,47.5,69.9,-1.06,-66.5,-4.93,-5.08,True,11:15,10000000.0
rev5+mom250@11:15/8,219,30,S,-4.99,-25.99,47.9,70.2,-1.05,-48.4,-4.99,-4.99,True,11:15,100000000.0
+skew20@11:15/7,479,5,L,-10.69,-48.69,43.2,87.3,-2.68,-71.0,-13.89,-7.47,True,11:15,10000000.0
+skew20@11:15/8,479,5,L,-9.11,-30.11,42.6,82.6,-2.41,-53.6,-11.39,-6.82,True,11:15,100000000.0
+skew20@11:15/7,479,5,S,10.69,-27.31,56.8,87.3,2.68,-50.3,13.89,7.47,True,11:15,10000000.0
+skew20@11:15/8,479,5,S,9.11,-11.89,57.4,82.6,2.41,-26.5,11.39,6.82,True,11:15,100000000.0
+skew20@11:15/7,479,10,L,-8.38,-46.38,43.6,73.1,-2.51,-69.2,-10.88,-5.87,True,11:15,10000000.0
+skew20@11:15/8,479,10,L,-7.76,-28.76,43.0,71.8,-2.36,-51.9,-10.39,-5.12,True,11:15,100000000.0
+skew20@11:15/7,479,10,S,8.38,-29.62,56.4,73.1,2.51,-53.0,10.88,5.87,True,11:15,10000000.0
+skew20@11:15/8,479,10,S,7.76,-13.24,57.0,71.8,2.36,-28.9,10.39,5.12,True,11:15,100000000.0
+skew20@11:15/7,479,20,L,-6.02,-44.02,47.8,65.5,-2.01,-67.3,-8.85,-3.17,True,11:15,10000000.0
+skew20@11:15/8,479,20,L,-5.9,-26.9,47.4,63.8,-2.02,-49.5,-8.5,-3.28,True,11:15,100000000.0
+skew20@11:15/7,479,20,S,6.02,-31.98,52.2,65.5,2.01,-55.6,8.85,3.17,True,11:15,10000000.0
+skew20@11:15/8,479,20,S,5.9,-15.1,52.6,63.8,2.02,-32.0,8.5,3.28,True,11:15,100000000.0
+skew20@11:15/7,479,30,L,-4.77,-42.77,46.6,63.9,-1.64,-66.2,-6.37,-3.17,True,11:15,10000000.0
+skew20@11:15/8,479,30,L,-4.81,-25.81,47.6,63.0,-1.67,-48.1,-5.83,-3.77,True,11:15,100000000.0
+skew20@11:15/7,479,30,S,4.77,-33.23,53.4,63.9,1.64,-57.0,6.37,3.17,True,11:15,10000000.0
+skew20@11:15/8,479,30,S,4.81,-16.19,52.4,63.0,1.67,-33.9,5.83,3.77,True,11:15,100000000.0
+d60@11:15/7,429,5,L,-9.65,-47.65,45.0,125.4,-1.59,-70.6,-14.06,-5.22,True,11:15,10000000.0
+d60@11:15/8,429,5,L,-11.34,-32.34,45.9,125.1,-1.88,-56.7,-16.79,-5.86,True,11:15,100000000.0
+d60@11:15/7,429,5,S,9.65,-28.35,55.0,125.4,1.59,-52.1,14.06,5.22,True,11:15,10000000.0
+d60@11:15/8,429,5,S,11.34,-9.66,54.1,125.1,1.88,-23.1,16.79,5.86,True,11:15,100000000.0
+d60@11:15/7,429,10,L,-6.46,-44.46,47.8,98.7,-1.36,-67.9,-8.78,-4.13,True,11:15,10000000.0
+d60@11:15/8,429,10,L,-7.03,-28.03,47.6,97.9,-1.49,-51.3,-9.34,-4.7,True,11:15,100000000.0
+d60@11:15/7,429,10,S,6.46,-31.54,52.2,98.7,1.36,-55.4,8.78,4.13,True,11:15,10000000.0
+d60@11:15/8,429,10,S,7.03,-13.97,52.4,97.9,1.49,-30.5,9.34,4.7,True,11:15,100000000.0
+d60@11:15/7,429,20,L,-5.97,-43.97,46.4,79.5,-1.55,-67.3,-9.49,-2.43,True,11:15,10000000.0
+d60@11:15/8,429,20,L,-5.71,-26.71,46.4,79.6,-1.49,-49.4,-9.35,-2.06,True,11:15,100000000.0
+d60@11:15/7,429,20,S,5.97,-32.03,53.6,79.5,1.55,-55.8,9.49,2.43,True,11:15,10000000.0
+d60@11:15/8,429,20,S,5.71,-15.29,53.6,79.6,1.49,-32.5,9.35,2.06,True,11:15,100000000.0
+d60@11:15/7,429,30,L,-3.94,-41.94,49.2,72.5,-1.12,-65.6,-6.82,-1.05,True,11:15,10000000.0
+d60@11:15/8,429,30,L,-3.86,-24.86,49.0,72.2,-1.11,-46.9,-7.09,-0.6,True,11:15,100000000.0
+d60@11:15/7,429,30,S,3.94,-34.06,50.8,72.5,1.12,-58.0,6.82,1.05,True,11:15,10000000.0
+d60@11:15/8,429,30,S,3.86,-17.14,51.0,72.2,1.11,-35.5,7.09,0.6,True,11:15,100000000.0
rev1+rev5@11:15/7,480,5,L,3.37,-34.63,48.8,112.1,0.66,-58.9,-6.82,13.65,False,11:15,10000000.0
rev1+rev5@11:15/8,480,5,L,2.2,-18.8,49.0,110.3,0.44,-38.7,-6.24,10.71,False,11:15,100000000.0
rev1+rev5@11:15/7,480,5,S,-3.37,-41.37,51.2,112.1,-0.66,-65.4,6.82,-13.65,False,11:15,10000000.0
rev1+rev5@11:15/8,480,5,S,-2.2,-23.2,51.0,110.3,-0.44,-45.2,6.24,-10.71,False,11:15,100000000.0
rev1+rev5@11:15/7,480,10,L,1.57,-36.43,49.4,94.2,0.37,-60.6,-7.41,10.63,False,11:15,10000000.0
rev1+rev5@11:15/8,480,10,L,1.03,-19.97,49.6,93.1,0.24,-40.2,-6.27,8.39,False,11:15,100000000.0
rev1+rev5@11:15/7,480,10,S,-1.57,-39.57,50.6,94.2,-0.37,-63.6,7.41,-10.63,False,11:15,10000000.0
rev1+rev5@11:15/8,480,10,S,-1.03,-22.03,50.4,93.1,-0.24,-43.3,6.27,-8.39,False,11:15,100000000.0
rev1+rev5@11:15/7,480,20,L,1.79,-36.21,48.5,79.9,0.49,-60.2,-5.51,9.16,False,11:15,10000000.0
rev1+rev5@11:15/8,480,20,L,0.91,-20.09,50.6,79.8,0.25,-40.2,-5.56,7.44,False,11:15,100000000.0
rev1+rev5@11:15/7,480,20,S,-1.79,-39.79,51.5,79.9,-0.49,-63.7,5.51,-9.16,False,11:15,10000000.0
rev1+rev5@11:15/8,480,20,S,-0.91,-21.91,49.4,79.8,-0.25,-42.9,5.56,-7.44,False,11:15,100000000.0
rev1+rev5@11:15/7,480,30,L,0.24,-37.76,49.6,75.4,0.07,-61.7,-6.72,7.26,False,11:15,10000000.0
rev1+rev5@11:15/8,480,30,L,-0.22,-21.22,51.2,75.6,-0.06,-41.9,-6.49,6.1,False,11:15,100000000.0
rev1+rev5@11:15/7,480,30,S,-0.24,-38.24,50.4,75.4,-0.07,-62.2,6.72,-7.26,False,11:15,10000000.0
rev1+rev5@11:15/8,480,30,S,0.22,-20.78,48.8,75.6,0.06,-41.2,6.49,-6.1,False,11:15,100000000.0
+maxret20@13:15/7,479,5,L,-14.25,-52.25,41.1,81.7,-3.81,-73.5,-17.13,-11.35,True,13:15,10000000.0
+maxret20@13:15/8,479,5,L,-14.17,-35.17,42.0,82.0,-3.78,-59.2,-17.22,-11.11,True,13:15,100000000.0
+maxret20@13:15/7,479,5,S,14.25,-23.75,58.9,81.7,3.81,-45.5,17.13,11.35,True,13:15,10000000.0
+maxret20@13:15/8,479,5,S,14.17,-6.83,58.0,82.0,3.78,-16.5,17.22,11.11,True,13:15,100000000.0
+maxret20@13:15/7,479,10,L,-9.82,-47.82,42.0,67.5,-3.18,-70.3,-12.9,-6.73,True,13:15,10000000.0
+maxret20@13:15/8,479,10,L,-9.58,-30.58,41.8,67.8,-3.09,-54.0,-12.08,-7.06,True,13:15,100000000.0
+maxret20@13:15/7,479,10,S,9.82,-28.18,58.0,67.5,3.18,-51.2,12.9,6.73,True,13:15,10000000.0
+maxret20@13:15/8,479,10,S,9.58,-11.42,58.2,67.8,3.09,-25.5,12.08,7.06,True,13:15,100000000.0
+maxret20@13:15/7,479,20,L,-8.32,-46.32,42.8,60.7,-3.0,-69.1,-10.47,-6.16,True,13:15,10000000.0
+maxret20@13:15/8,479,20,L,-8.61,-29.61,43.0,60.9,-3.09,-52.9,-11.22,-5.99,True,13:15,100000000.0
+maxret20@13:15/7,479,20,S,8.32,-29.68,57.2,60.7,3.0,-52.9,10.47,6.16,True,13:15,10000000.0
+maxret20@13:15/8,479,20,S,8.61,-12.39,57.0,60.9,3.09,-27.2,11.22,5.99,True,13:15,100000000.0
+maxret20@13:15/7,479,30,L,-6.91,-44.91,43.4,57.2,-2.64,-68.0,-8.95,-4.86,True,13:15,10000000.0
+maxret20@13:15/8,479,30,L,-7.13,-28.13,43.6,57.1,-2.73,-51.0,-9.26,-4.99,True,13:15,100000000.0
+maxret20@13:15/7,479,30,S,6.91,-31.09,56.6,57.2,2.64,-54.6,8.95,4.86,True,13:15,10000000.0
+maxret20@13:15/8,479,30,S,7.13,-13.87,56.4,57.1,2.73,-29.8,9.26,4.99,True,13:15,100000000.0
rev1+gapdn+lowvol@13:15/7,479,5,L,4.35,-33.65,53.0,54.8,1.74,-57.4,7.14,1.56,True,13:15,10000000.0
rev1+gapdn+lowvol@13:15/8,479,5,L,3.53,-17.47,52.2,53.7,1.44,-35.9,6.6,0.45,True,13:15,100000000.0
rev1+gapdn+lowvol@13:15/7,479,5,S,-4.35,-42.35,46.8,54.8,-1.74,-65.8,-7.14,-1.56,True,13:15,10000000.0
rev1+gapdn+lowvol@13:15/8,479,5,S,-3.53,-24.53,47.6,53.7,-1.44,-46.3,-6.6,-0.45,True,13:15,100000000.0
rev1+gapdn+lowvol@13:15/7,479,10,L,3.1,-34.9,52.2,45.8,1.48,-58.7,4.27,1.93,True,13:15,10000000.0
rev1+gapdn+lowvol@13:15/8,479,10,L,2.03,-18.97,52.6,43.6,1.02,-38.2,3.13,0.92,True,13:15,100000000.0
rev1+gapdn+lowvol@13:15/7,479,10,S,-3.1,-41.1,47.8,45.8,-1.48,-64.7,-4.27,-1.93,True,13:15,10000000.0
rev1+gapdn+lowvol@13:15/8,479,10,S,-2.03,-23.03,47.4,43.6,-1.02,-44.2,-3.13,-0.92,True,13:15,100000000.0
rev1+gapdn+lowvol@13:15/7,479,20,L,2.14,-35.86,54.3,38.3,1.22,-59.6,3.37,0.9,True,13:15,10000000.0
rev1+gapdn+lowvol@13:15/8,479,20,L,2.08,-18.92,56.6,37.7,1.21,-38.1,3.53,0.63,True,13:15,100000000.0
rev1+gapdn+lowvol@13:15/7,479,20,S,-2.14,-40.14,45.7,38.3,-1.22,-63.8,-3.37,-0.9,True,13:15,10000000.0
rev1+gapdn+lowvol@13:15/8,479,20,S,-2.08,-23.08,43.4,37.7,-1.21,-44.2,-3.53,-0.63,True,13:15,100000000.0
rev1+gapdn+lowvol@13:15/7,479,30,L,1.87,-36.13,53.7,36.7,1.11,-59.9,2.95,0.78,True,13:15,10000000.0
rev1+gapdn+lowvol@13:15/8,479,30,L,2.01,-18.99,54.1,36.2,1.22,-38.2,3.26,0.77,True,13:15,100000000.0
rev1+gapdn+lowvol@13:15/7,479,30,S,-1.87,-39.87,46.3,36.7,-1.11,-63.5,-2.95,-0.78,True,13:15,10000000.0
rev1+gapdn+lowvol@13:15/8,479,30,S,-2.01,-23.01,45.9,36.2,-1.22,-44.1,-3.26,-0.77,True,13:15,100000000.0
+pct52_lo@13:15/7,430,5,L,-7.35,-45.35,46.3,86.0,-1.77,-68.5,-10.17,-4.5,True,13:15,10000000.0
+pct52_lo@13:15/8,430,5,L,-8.12,-29.12,46.3,84.6,-1.99,-52.5,-11.69,-4.53,True,13:15,100000000.0
+pct52_lo@13:15/7,430,5,S,7.35,-30.65,53.7,86.0,1.77,-54.3,10.17,4.5,True,13:15,10000000.0
+pct52_lo@13:15/8,430,5,S,8.12,-12.88,53.7,84.6,1.99,-28.4,11.69,4.53,True,13:15,100000000.0
+pct52_lo@13:15/7,430,10,L,-5.62,-43.62,46.5,64.9,-1.8,-66.9,-9.31,-1.9,True,13:15,10000000.0
+pct52_lo@13:15/8,430,10,L,-5.52,-26.52,46.5,63.8,-1.79,-49.1,-9.12,-1.88,True,13:15,100000000.0
+pct52_lo@13:15/7,430,10,S,5.62,-32.38,53.5,64.9,1.8,-56.1,9.31,1.9,True,13:15,10000000.0
+pct52_lo@13:15/8,430,10,S,5.52,-15.48,53.5,63.8,1.79,-32.7,9.12,1.88,True,13:15,100000000.0
+pct52_lo@13:15/7,430,20,L,-3.41,-41.41,48.8,55.6,-1.27,-65.0,-6.49,-0.31,True,13:15,10000000.0
+pct52_lo@13:15/8,430,20,L,-3.98,-24.98,48.4,54.7,-1.51,-47.0,-7.21,-0.72,True,13:15,100000000.0
+pct52_lo@13:15/7,430,20,S,3.41,-34.59,51.2,55.6,1.27,-58.4,6.49,0.31,True,13:15,10000000.0
+pct52_lo@13:15/8,430,20,S,3.98,-17.02,51.6,54.7,1.51,-35.1,7.21,0.72,True,13:15,100000000.0
+pct52_lo@13:15/7,430,30,L,-2.82,-40.82,49.8,53.0,-1.11,-64.5,-6.13,0.52,False,13:15,10000000.0
+pct52_lo@13:15/8,430,30,L,-2.81,-23.81,49.8,52.3,-1.11,-45.3,-5.98,0.4,False,13:15,100000000.0
+pct52_lo@13:15/7,430,30,S,2.82,-35.18,50.2,53.0,1.11,-59.0,6.13,-0.52,False,13:15,10000000.0
+pct52_lo@13:15/8,430,30,S,2.81,-18.19,50.2,52.3,1.11,-37.0,5.98,-0.4,False,13:15,100000000.0
+d120_skip20@13:15/7,349,5,L,-4.52,-42.52,45.6,73.2,-1.16,-66.1,-9.22,0.2,False,13:15,10000000.0
+d120_skip20@13:15/8,349,5,L,-4.6,-25.6,46.1,74.0,-1.16,-48.0,-9.38,0.2,False,13:15,100000000.0
+d120_skip20@13:15/7,349,5,S,4.52,-33.48,54.4,73.2,1.16,-57.3,9.22,-0.2,False,13:15,10000000.0
+d120_skip20@13:15/8,349,5,S,4.6,-16.4,53.9,74.0,1.16,-34.3,9.38,-0.2,False,13:15,100000000.0
+d120_skip20@13:15/7,349,10,L,-2.04,-40.04,49.9,56.3,-0.68,-63.8,-7.9,3.84,False,13:15,10000000.0
+d120_skip20@13:15/8,349,10,L,-1.65,-22.65,51.3,57.1,-0.54,-43.8,-7.32,4.06,False,13:15,100000000.0
+d120_skip20@13:15/7,349,10,S,2.04,-35.96,50.1,56.3,0.68,-59.8,7.9,-3.84,False,13:15,10000000.0
+d120_skip20@13:15/8,349,10,S,1.65,-19.35,48.7,57.1,0.54,-38.9,7.32,-4.06,False,13:15,100000000.0
+d120_skip20@13:15/7,349,20,L,-0.46,-38.46,53.3,47.8,-0.18,-62.2,-6.67,5.78,False,13:15,10000000.0
+d120_skip20@13:15/8,349,20,L,-0.33,-21.33,52.4,48.0,-0.13,-41.8,-6.18,5.55,False,13:15,100000000.0
+d120_skip20@13:15/7,349,20,S,0.46,-37.54,46.7,47.8,0.18,-61.4,6.67,-5.78,False,13:15,10000000.0
+d120_skip20@13:15/8,349,20,S,0.33,-20.67,47.6,48.0,0.13,-40.8,6.18,-5.55,False,13:15,100000000.0
+d120_skip20@13:15/7,349,30,L,0.28,-37.72,52.1,44.3,0.12,-61.5,-5.57,6.16,False,13:15,10000000.0
+d120_skip20@13:15/8,349,30,L,0.01,-20.99,52.1,44.3,0.0,-41.3,-5.84,5.88,False,13:15,100000000.0
+d120_skip20@13:15/7,349,30,S,-0.28,-38.28,47.9,44.3,-0.12,-62.1,5.57,-6.16,False,13:15,10000000.0
+d120_skip20@13:15/8,349,30,S,-0.01,-21.01,47.9,44.3,-0.0,-41.3,5.84,-5.88,False,13:15,100000000.0
+d120@13:15/7,369,5,L,-3.99,-41.99,50.7,77.2,-0.99,-65.6,-9.62,1.67,False,13:15,10000000.0
+d120@13:15/8,369,5,L,-4.97,-25.97,47.4,75.4,-1.27,-48.4,-10.54,0.63,False,13:15,100000000.0
+d120@13:15/7,369,5,S,3.99,-34.01,49.3,77.2,0.99,-57.9,9.62,-1.67,False,13:15,10000000.0
+d120@13:15/8,369,5,S,4.97,-16.03,52.6,75.4,1.27,-33.7,10.54,-0.63,False,13:15,100000000.0
+d120@13:15/7,369,10,L,-1.18,-39.18,52.3,60.2,-0.38,-63.0,-6.02,3.69,False,13:15,10000000.0
+d120@13:15/8,369,10,L,-1.59,-22.59,52.0,60.3,-0.51,-43.7,-6.57,3.42,False,13:15,100000000.0
+d120@13:15/7,369,10,S,1.18,-36.82,47.7,60.2,0.38,-60.7,6.02,-3.69,False,13:15,10000000.0
+d120@13:15/8,369,10,S,1.59,-19.41,48.0,60.3,0.51,-39.0,6.57,-3.42,False,13:15,100000000.0
+d120@13:15/7,369,20,L,-1.57,-39.57,52.6,49.3,-0.61,-63.3,-5.46,2.34,False,13:15,10000000.0
+d120@13:15/8,369,20,L,-1.66,-22.66,51.5,48.4,-0.66,-43.7,-5.39,2.09,False,13:15,100000000.0
+d120@13:15/7,369,20,S,1.57,-36.43,47.4,49.3,0.61,-60.3,5.46,-2.34,False,13:15,10000000.0
+d120@13:15/8,369,20,S,1.66,-19.34,48.5,48.4,0.66,-38.8,5.39,-2.09,False,13:15,100000000.0
+d120@13:15/7,369,30,L,-1.61,-39.61,52.6,46.5,-0.66,-63.3,-6.34,3.15,False,13:15,10000000.0
+d120@13:15/8,369,30,L,-1.74,-22.74,53.1,46.1,-0.73,-43.8,-6.31,2.85,False,13:15,100000000.0
+d120@13:15/7,369,30,S,1.61,-36.39,47.4,46.5,0.66,-60.2,6.34,-3.15,False,13:15,10000000.0
+d120@13:15/8,369,30,S,1.74,-19.26,46.9,46.1,0.73,-38.6,6.31,-2.85,False,13:15,100000000.0
rev1+lowmax@13:15/7,479,5,L,5.37,-32.63,54.3,62.1,1.89,-56.3,4.42,6.32,True,13:15,10000000.0
rev1+lowmax@13:15/8,479,5,L,3.34,-17.66,52.8,58.0,1.26,-36.2,2.11,4.57,True,13:15,100000000.0
rev1+lowmax@13:15/7,479,5,S,-5.37,-43.37,45.7,62.1,-1.89,-66.7,-4.42,-6.32,True,13:15,10000000.0
rev1+lowmax@13:15/8,479,5,S,-3.34,-24.34,47.2,58.0,-1.26,-46.1,-2.11,-4.57,True,13:15,100000000.0
rev1+lowmax@13:15/7,479,10,L,3.65,-34.35,52.6,48.4,1.65,-58.1,2.64,4.66,True,13:15,10000000.0
rev1+lowmax@13:15/8,479,10,L,3.03,-17.97,52.0,46.5,1.43,-36.6,1.91,4.14,True,13:15,100000000.0
rev1+lowmax@13:15/7,479,10,S,-3.65,-41.65,47.4,48.4,-1.65,-65.2,-2.64,-4.66,True,13:15,10000000.0
rev1+lowmax@13:15/8,479,10,S,-3.03,-24.03,48.0,46.5,-1.43,-45.6,-1.91,-4.14,True,13:15,100000000.0
rev1+lowmax@13:15/7,479,20,L,2.03,-35.97,53.4,43.5,1.02,-59.8,0.39,3.68,True,13:15,10000000.0
rev1+lowmax@13:15/8,479,20,L,1.86,-19.14,53.0,42.9,0.95,-38.4,0.23,3.5,True,13:15,100000000.0
rev1+lowmax@13:15/7,479,20,S,-2.03,-40.03,46.6,43.5,-1.02,-63.7,-0.39,-3.68,True,13:15,10000000.0
rev1+lowmax@13:15/8,479,20,S,-1.86,-22.86,47.0,42.9,-0.95,-44.0,-0.23,-3.5,True,13:15,100000000.0
rev1+lowmax@13:15/7,479,30,L,1.86,-36.14,53.7,40.9,1.0,-59.9,0.46,3.27,True,13:15,10000000.0
rev1+lowmax@13:15/8,479,30,L,1.43,-19.57,54.9,40.5,0.77,-39.1,-0.02,2.88,False,13:15,100000000.0
rev1+lowmax@13:15/7,479,30,S,-1.86,-39.86,46.3,40.9,-1.0,-63.5,-0.46,-3.27,True,13:15,10000000.0
rev1+lowmax@13:15/8,479,30,S,-1.43,-22.43,45.1,40.5,-0.77,-43.3,0.02,-2.88,False,13:15,100000000.0
+d10@13:15/7,479,5,L,-7.42,-45.42,48.9,86.6,-1.88,-68.5,-7.14,-7.7,True,13:15,10000000.0
+d10@13:15/8,479,5,L,-8.52,-29.52,47.8,87.3,-2.14,-53.0,-9.23,-7.8,True,13:15,100000000.0
+d10@13:15/7,479,5,S,7.42,-30.58,51.1,86.6,1.88,-54.2,7.14,7.7,True,13:15,10000000.0
+d10@13:15/8,479,5,S,8.52,-12.48,52.2,87.3,2.14,-27.7,9.23,7.8,True,13:15,100000000.0
+d10@13:15/7,479,10,L,-5.81,-43.81,47.8,64.2,-1.98,-67.1,-7.73,-3.89,True,13:15,10000000.0
+d10@13:15/8,479,10,L,-6.25,-27.25,46.6,63.3,-2.16,-50.0,-7.94,-4.55,True,13:15,100000000.0
+d10@13:15/7,479,10,S,5.81,-32.19,52.2,64.2,1.98,-55.9,7.73,3.89,True,13:15,10000000.0
+d10@13:15/8,479,10,S,6.25,-14.75,53.4,63.3,2.16,-31.4,7.94,4.55,True,13:15,100000000.0
+d10@13:15/7,479,20,L,-5.7,-43.7,48.9,51.0,-2.45,-66.9,-7.51,-3.89,True,13:15,10000000.0
+d10@13:15/8,479,20,L,-5.5,-26.5,49.1,50.3,-2.4,-48.9,-7.5,-3.5,True,13:15,100000000.0
+d10@13:15/7,479,20,S,5.7,-32.3,51.1,51.0,2.45,-55.9,7.51,3.89,True,13:15,10000000.0
+d10@13:15/8,479,20,S,5.5,-15.5,50.9,50.3,2.4,-32.6,7.5,3.5,True,13:15,100000000.0
+d10@13:15/7,479,30,L,-4.23,-42.23,49.7,47.9,-1.93,-65.7,-5.38,-3.08,True,13:15,10000000.0
+d10@13:15/8,479,30,L,-3.93,-24.93,51.8,47.1,-1.83,-46.8,-5.43,-2.41,True,13:15,100000000.0
+d10@13:15/7,479,30,S,4.23,-33.77,50.3,47.9,1.93,-57.5,5.38,3.08,True,13:15,10000000.0
+d10@13:15/8,479,30,S,3.93,-17.07,48.2,47.1,1.83,-35.2,5.43,2.41,True,13:15,100000000.0
-d120_skip20@13:15/7,349,5,L,-7.66,-45.66,43.0,69.6,-2.06,-68.6,-10.03,-5.27,True,13:15,10000000.0
-d120_skip20@13:15/8,349,5,L,-6.15,-27.15,43.3,72.1,-1.6,-49.9,-10.3,-1.98,True,13:15,100000000.0
-d120_skip20@13:15/7,349,5,S,7.66,-30.34,57.0,69.6,2.06,-53.8,10.03,5.27,True,13:15,10000000.0
-d120_skip20@13:15/8,349,5,S,6.15,-14.85,56.7,72.1,1.6,-31.7,10.3,1.98,True,13:15,100000000.0
-d120_skip20@13:15/7,349,10,L,-5.47,-43.47,46.7,60.4,-1.69,-66.8,-8.6,-2.32,True,13:15,10000000.0
-d120_skip20@13:15/8,349,10,L,-4.56,-25.56,45.8,61.7,-1.38,-47.8,-9.32,0.23,False,13:15,100000000.0
-d120_skip20@13:15/7,349,10,S,5.47,-32.53,53.3,60.4,1.69,-56.2,8.6,2.32,True,13:15,10000000.0
-d120_skip20@13:15/8,349,10,S,4.56,-16.44,54.2,61.7,1.38,-34.3,9.32,-0.23,False,13:15,100000000.0
-d120_skip20@13:15/7,349,20,L,-2.95,-40.95,45.0,53.8,-1.02,-64.6,-6.41,0.54,False,13:15,10000000.0
-d120_skip20@13:15/8,349,20,L,-3.03,-24.03,44.1,52.9,-1.07,-45.7,-7.17,1.14,False,13:15,100000000.0
-d120_skip20@13:15/7,349,20,S,2.95,-35.05,55.0,53.8,1.02,-58.9,6.41,-0.54,False,13:15,10000000.0
-d120_skip20@13:15/8,349,20,S,3.03,-17.97,55.9,52.9,1.07,-36.7,7.17,-1.14,False,13:15,100000000.0
-d120_skip20@13:15/7,349,30,L,-2.86,-40.86,44.7,49.9,-1.07,-64.5,-5.9,0.2,False,13:15,10000000.0
-d120_skip20@13:15/8,349,30,L,-2.34,-23.34,45.0,49.9,-0.87,-44.7,-5.86,1.21,False,13:15,100000000.0
-d120_skip20@13:15/7,349,30,S,2.86,-35.14,55.3,49.9,1.07,-58.9,5.9,-0.2,False,13:15,10000000.0
-d120_skip20@13:15/8,349,30,S,2.34,-18.66,55.0,49.9,0.87,-37.7,5.86,-1.21,False,13:15,100000000.0
+d5@13:15/7,480,5,L,-9.36,-47.36,43.8,77.8,-2.63,-70.0,-8.51,-10.21,True,13:15,10000000.0
+d5@13:15/8,480,5,L,-8.82,-29.82,44.2,78.5,-2.46,-53.3,-6.45,-11.21,True,13:15,100000000.0
+d5@13:15/7,480,5,S,9.36,-28.64,56.2,77.8,2.63,-51.8,8.51,10.21,True,13:15,10000000.0
+d5@13:15/8,480,5,S,8.82,-12.18,55.8,78.5,2.46,-27.0,6.45,11.21,True,13:15,100000000.0
+d5@13:15/7,480,10,L,-6.74,-44.74,45.2,61.3,-2.41,-67.9,-6.05,-7.44,True,13:15,10000000.0
+d5@13:15/8,480,10,L,-7.14,-28.14,44.0,59.3,-2.64,-51.1,-7.58,-6.7,True,13:15,100000000.0
+d5@13:15/7,480,10,S,6.74,-31.26,54.8,61.3,2.41,-54.8,6.05,7.44,True,13:15,10000000.0
+d5@13:15/8,480,10,S,7.14,-13.86,56.0,59.3,2.64,-29.8,7.58,6.7,True,13:15,100000000.0
+d5@13:15/7,480,20,L,-6.1,-44.1,44.0,52.0,-2.57,-67.3,-5.84,-6.37,True,13:15,10000000.0
+d5@13:15/8,480,20,L,-5.52,-26.52,45.8,51.0,-2.37,-49.0,-5.72,-5.32,True,13:15,100000000.0
+d5@13:15/7,480,20,S,6.1,-31.9,56.0,52.0,2.57,-55.4,5.84,6.37,True,13:15,10000000.0
+d5@13:15/8,480,20,S,5.52,-15.48,54.2,51.0,2.37,-32.5,5.72,5.32,True,13:15,100000000.0
+d5@13:15/7,480,30,L,-4.79,-42.79,46.0,46.9,-2.24,-66.2,-5.08,-4.49,True,13:15,10000000.0
+d5@13:15/8,480,30,L,-4.57,-25.57,47.1,46.6,-2.15,-47.7,-5.26,-3.88,True,13:15,100000000.0
+d5@13:15/7,480,30,S,4.79,-33.21,54.0,46.9,2.24,-56.9,5.08,4.49,True,13:15,10000000.0
+d5@13:15/8,480,30,S,4.57,-16.43,52.9,46.6,2.15,-34.1,5.26,3.88,True,13:15,100000000.0
-d250@13:15/7,239,5,L,-1.38,-39.38,49.0,67.2,-0.32,-63.2,-2.61,-0.13,True,13:15,10000000.0
-d250@13:15/8,239,5,L,-2.54,-23.54,47.7,67.3,-0.58,-45.1,-8.03,2.99,False,13:15,100000000.0
-d250@13:15/7,239,5,S,1.38,-36.62,51.0,67.2,0.32,-60.6,2.61,0.13,True,13:15,10000000.0
-d250@13:15/8,239,5,S,2.54,-18.46,52.3,67.3,0.58,-37.6,8.03,-2.99,False,13:15,100000000.0
-d250@13:15/7,239,10,L,-2.88,-40.88,49.0,60.6,-0.73,-64.5,-6.13,0.4,False,13:15,10000000.0
-d250@13:15/8,239,10,L,-2.26,-23.26,50.2,61.0,-0.57,-44.7,-7.33,2.85,False,13:15,100000000.0
-d250@13:15/7,239,10,S,2.88,-35.12,51.0,60.6,0.73,-59.0,6.13,-0.4,False,13:15,10000000.0
-d250@13:15/8,239,10,S,2.26,-18.74,49.8,61.0,0.57,-38.0,7.33,-2.85,False,13:15,100000000.0
-d250@13:15/7,239,20,L,-0.81,-38.81,48.1,52.9,-0.24,-62.6,-3.18,1.58,False,13:15,10000000.0
-d250@13:15/8,239,20,L,-0.84,-21.84,49.4,53.7,-0.24,-42.6,-3.89,2.22,False,13:15,100000000.0
-d250@13:15/7,239,20,S,0.81,-37.19,51.9,52.9,0.24,-61.0,3.18,-1.58,False,13:15,10000000.0
-d250@13:15/8,239,20,S,0.84,-20.16,50.6,53.7,0.24,-40.1,3.89,-2.22,False,13:15,100000000.0
-d250@13:15/7,239,30,L,0.3,-37.7,48.1,50.9,0.09,-61.5,-1.45,2.08,False,13:15,10000000.0
-d250@13:15/8,239,30,L,0.51,-20.49,49.4,50.4,0.16,-40.6,-1.49,2.53,False,13:15,100000000.0
-d250@13:15/7,239,30,S,-0.3,-38.3,51.9,50.9,-0.09,-62.1,1.45,-2.08,False,13:15,10000000.0
-d250@13:15/8,239,30,S,-0.51,-21.51,50.6,50.4,-0.16,-42.1,1.49,-2.53,False,13:15,100000000.0
rev5+mom250@13:15/7,219,5,L,5.31,-32.69,50.7,71.2,1.1,-56.5,3.31,7.32,True,13:15,10000000.0
rev5+mom250@13:15/8,219,5,L,5.62,-15.38,50.7,71.3,1.17,-32.6,3.2,8.06,True,13:15,100000000.0
rev5+mom250@13:15/7,219,5,S,-5.31,-43.31,49.3,71.2,-1.1,-66.7,-3.31,-7.32,True,13:15,10000000.0
rev5+mom250@13:15/8,219,5,S,-5.62,-26.62,49.3,71.3,-1.17,-49.2,-3.2,-8.06,True,13:15,100000000.0
rev5+mom250@13:15/7,219,10,L,5.26,-32.74,53.9,57.6,1.35,-56.4,4.28,6.26,True,13:15,10000000.0
rev5+mom250@13:15/8,219,10,L,5.35,-15.65,54.3,57.6,1.37,-32.9,4.11,6.6,True,13:15,100000000.0
rev5+mom250@13:15/7,219,10,S,-5.26,-43.26,46.1,57.6,-1.35,-66.6,-4.28,-6.26,True,13:15,10000000.0
rev5+mom250@13:15/8,219,10,S,-5.35,-26.35,45.7,57.6,-1.37,-48.8,-4.11,-6.6,True,13:15,100000000.0
rev5+mom250@13:15/7,219,20,L,4.29,-33.71,54.8,48.2,1.32,-57.4,3.69,4.89,True,13:15,10000000.0
rev5+mom250@13:15/8,219,20,L,4.14,-16.86,54.8,48.1,1.27,-34.8,3.37,4.92,True,13:15,100000000.0
rev5+mom250@13:15/7,219,20,S,-4.29,-42.29,45.2,48.2,-1.32,-65.7,-3.69,-4.89,True,13:15,10000000.0
rev5+mom250@13:15/8,219,20,S,-4.14,-25.14,45.2,48.1,-1.27,-47.1,-3.37,-4.92,True,13:15,100000000.0
rev5+mom250@13:15/7,219,30,L,4.33,-33.67,55.3,46.5,1.38,-57.4,3.63,5.04,True,13:15,10000000.0
rev5+mom250@13:15/8,219,30,L,4.37,-16.63,54.8,46.6,1.39,-34.4,3.83,4.9,True,13:15,100000000.0
rev5+mom250@13:15/7,219,30,S,-4.33,-42.33,44.7,46.5,-1.38,-65.8,-3.63,-5.04,True,13:15,10000000.0
rev5+mom250@13:15/8,219,30,S,-4.37,-25.37,45.2,46.6,-1.39,-47.4,-3.83,-4.9,True,13:15,100000000.0
+skew20@13:15/7,479,5,L,-8.71,-46.71,40.7,62.4,-3.05,-69.4,-12.64,-4.77,True,13:15,10000000.0
+skew20@13:15/8,479,5,L,-7.94,-28.94,42.4,58.6,-2.97,-52.0,-11.48,-4.39,True,13:15,100000000.0
+skew20@13:15/7,479,5,S,8.71,-29.29,59.3,62.4,3.05,-52.5,12.64,4.77,True,13:15,10000000.0
+skew20@13:15/8,479,5,S,7.94,-13.06,57.6,58.6,2.97,-28.4,11.48,4.39,True,13:15,100000000.0
+skew20@13:15/7,479,10,L,-6.29,-44.29,43.2,52.5,-2.62,-67.4,-8.69,-3.89,True,13:15,10000000.0
+skew20@13:15/8,479,10,L,-6.02,-27.02,42.8,51.3,-2.57,-49.6,-8.5,-3.53,True,13:15,100000000.0
+skew20@13:15/7,479,10,S,6.29,-31.71,56.8,52.5,2.62,-55.2,8.69,3.89,True,13:15,10000000.0
+skew20@13:15/8,479,10,S,6.02,-14.98,57.2,51.3,2.57,-31.7,8.5,3.53,True,13:15,100000000.0
+skew20@13:15/7,479,20,L,-4.7,-42.7,44.3,46.7,-2.2,-66.1,-7.68,-1.7,True,13:15,10000000.0
+skew20@13:15/8,479,20,L,-4.76,-25.76,44.7,45.7,-2.28,-47.9,-7.53,-1.99,True,13:15,100000000.0
+skew20@13:15/7,479,20,S,4.7,-33.3,55.7,46.7,2.2,-57.0,7.68,1.7,True,13:15,10000000.0
+skew20@13:15/8,479,20,S,4.76,-16.24,55.3,45.7,2.28,-33.8,7.53,1.99,True,13:15,100000000.0
+skew20@13:15/7,479,30,L,-3.52,-41.52,47.0,45.4,-1.7,-65.0,-5.26,-1.78,True,13:15,10000000.0
+skew20@13:15/8,479,30,L,-3.6,-24.6,47.0,44.6,-1.77,-46.4,-5.03,-2.16,True,13:15,100000000.0
+skew20@13:15/7,479,30,S,3.52,-34.48,53.0,45.4,1.7,-58.2,5.26,1.78,True,13:15,10000000.0
+skew20@13:15/8,479,30,S,3.6,-17.4,53.0,44.6,1.77,-35.7,5.03,2.16,True,13:15,100000000.0
+d60@13:15/7,429,5,L,-7.02,-45.02,47.8,84.9,-1.71,-68.2,-13.65,-0.35,True,13:15,10000000.0
+d60@13:15/8,429,5,L,-7.84,-28.84,48.3,84.2,-1.93,-52.1,-13.66,-2.0,True,13:15,100000000.0
+d60@13:15/7,429,5,S,7.02,-30.98,52.2,84.9,1.71,-54.7,13.65,0.35,True,13:15,10000000.0
+d60@13:15/8,429,5,S,7.84,-13.16,51.7,84.2,1.93,-28.9,13.66,2.0,True,13:15,100000000.0
+d60@13:15/7,429,10,L,-4.85,-42.85,51.5,68.1,-1.47,-66.3,-7.27,-2.42,True,13:15,10000000.0
+d60@13:15/8,429,10,L,-4.41,-25.41,51.5,67.7,-1.35,-47.6,-6.25,-2.56,True,13:15,100000000.0
+d60@13:15/7,429,10,S,4.85,-33.15,48.5,68.1,1.47,-56.9,7.27,2.42,True,13:15,10000000.0
+d60@13:15/8,429,10,S,4.41,-16.59,48.5,67.7,1.35,-34.6,6.25,2.56,True,13:15,100000000.0
+d60@13:15/7,429,20,L,-3.31,-41.31,49.4,54.1,-1.27,-64.9,-6.61,0.0,False,13:15,10000000.0
+d60@13:15/8,429,20,L,-3.16,-24.16,48.5,54.2,-1.21,-45.8,-6.42,0.11,False,13:15,100000000.0
+d60@13:15/7,429,20,S,3.31,-34.69,50.6,54.1,1.27,-58.5,6.61,-0.0,False,13:15,10000000.0
+d60@13:15/8,429,20,S,3.16,-17.84,51.5,54.2,1.21,-36.5,6.42,-0.11,False,13:15,100000000.0
+d60@13:15/7,429,30,L,-2.43,-40.43,49.2,50.3,-1.0,-64.1,-5.67,0.83,False,13:15,10000000.0
+d60@13:15/8,429,30,L,-2.55,-23.55,50.1,50.2,-1.05,-45.0,-5.73,0.64,False,13:15,100000000.0
+d60@13:15/7,429,30,S,2.43,-35.57,50.8,50.3,1.0,-59.4,5.67,-0.83,False,13:15,10000000.0
+d60@13:15/8,429,30,S,2.55,-18.45,49.9,50.2,1.05,-37.4,5.73,-0.64,False,13:15,100000000.0
rev1+rev5@13:15/7,480,5,L,1.94,-36.06,49.0,76.4,0.56,-60.1,-4.62,8.55,False,13:15,10000000.0
rev1+rev5@13:15/8,480,5,L,1.48,-19.52,49.8,74.4,0.44,-39.3,-4.01,7.03,False,13:15,100000000.0
rev1+rev5@13:15/7,480,5,S,-1.94,-39.94,51.0,76.4,-0.56,-63.8,4.62,-8.55,False,13:15,10000000.0
rev1+rev5@13:15/8,480,5,S,-1.48,-22.48,50.2,74.4,-0.44,-43.7,4.01,-7.03,False,13:15,100000000.0
rev1+rev5@13:15/7,480,10,L,0.49,-37.51,50.6,66.1,0.16,-61.4,-5.18,6.2,False,13:15,10000000.0
rev1+rev5@13:15/8,480,10,L,0.19,-20.81,51.0,65.2,0.06,-41.2,-4.63,5.05,False,13:15,100000000.0
rev1+rev5@13:15/7,480,10,S,-0.49,-38.49,49.4,66.1,-0.16,-62.4,5.18,-6.2,False,13:15,10000000.0
rev1+rev5@13:15/8,480,10,S,-0.19,-21.19,49.0,65.2,-0.06,-41.7,4.63,-5.05,False,13:15,100000000.0
rev1+rev5@13:15/7,480,20,L,1.19,-36.81,49.4,56.6,0.46,-60.7,-2.73,5.15,False,13:15,10000000.0
rev1+rev5@13:15/8,480,20,L,0.37,-20.63,47.9,55.8,0.15,-40.8,-3.47,4.24,False,13:15,100000000.0
rev1+rev5@13:15/7,480,20,S,-1.19,-39.19,50.6,56.6,-0.46,-63.0,2.73,-5.15,False,13:15,10000000.0
rev1+rev5@13:15/8,480,20,S,-0.37,-21.37,52.1,55.8,-0.15,-41.9,3.47,-4.24,False,13:15,100000000.0
rev1+rev5@13:15/7,480,30,L,0.51,-37.49,49.6,52.7,0.21,-61.3,-3.7,4.76,False,13:15,10000000.0
rev1+rev5@13:15/8,480,30,L,0.33,-20.67,49.6,52.1,0.14,-40.8,-3.36,4.06,False,13:15,100000000.0
rev1+rev5@13:15/7,480,30,S,-0.51,-38.51,50.4,52.7,-0.21,-62.3,3.7,-4.76,False,13:15,10000000.0
rev1+rev5@13:15/8,480,30,S,-0.33,-21.33,50.4,52.1,-0.14,-41.8,3.36,-4.06,False,13:15,100000000.0
MAX raw@10:15,479,5,S,18.45,-2.55,58.0,133.9,3.02,-8.3,13.02,23.9,True,,
MAX raw@10:15,479,10,S,13.12,-7.88,56.2,113.0,2.54,-19.3,7.64,18.62,True,,
MAX vol-neutral@10:15,479,5,S,1.82,-19.18,51.6,89.3,0.45,-39.0,-0.84,4.48,False,,
MAX vol-neutral@10:15,479,10,S,1.19,-19.81,49.1,75.5,0.35,-39.8,-0.71,3.11,False,,
vol20 alone@10:15,479,5,S,6.08,-14.92,52.4,146.7,0.91,-33.2,3.93,8.23,True,,
vol20 alone@10:15,479,10,S,7.44,-13.56,52.6,123.1,1.32,-30.3,3.78,11.11,True,,
atr alone@10:15,480,5,S,3.95,-17.05,52.7,144.8,0.6,-36.6,-4.76,12.73,False,,
atr alone@10:15,480,10,S,7.53,-13.47,51.7,114.4,1.44,-30.0,3.66,11.43,True,,
MAX/vol ratio@10:15,479,5,S,6.98,-14.02,57.8,75.2,2.03,-30.3,7.03,6.93,True,,
MAX/vol ratio@10:15,479,10,S,6.39,-14.61,55.7,68.3,2.05,-31.2,5.45,7.35,True,,
range_sofar today@10:15,480,5,S,-3.24,-24.24,52.9,159.5,-0.44,-47.5,-4.62,-1.84,True,,
range_sofar today@10:15,480,10,S,-0.63,-21.63,51.0,128.0,-0.11,-43.2,-2.67,1.43,False,,
MAX raw@11:15,479,5,S,20.02,-0.98,58.2,114.7,3.82,-4.0,18.26,21.79,True,,
MAX raw@11:15,479,10,S,15.93,-5.07,58.5,93.2,3.74,-12.9,15.39,16.49,True,,
MAX vol-neutral@11:15,479,5,S,5.94,-15.06,53.9,77.5,1.68,-32.1,4.41,7.49,True,,
MAX vol-neutral@11:15,479,10,S,3.41,-17.59,51.4,66.0,1.13,-36.2,2.77,4.05,True,,
vol20 alone@11:15,479,5,S,11.49,-9.51,56.6,123.4,2.04,-22.8,12.42,10.54,True,,
vol20 alone@11:15,479,10,S,13.02,-7.98,56.8,105.0,2.71,-19.4,12.99,13.04,True,,
atr alone@11:15,480,5,S,10.21,-10.79,56.2,126.2,1.77,-25.3,7.35,13.1,True,,
atr alone@11:15,480,10,S,12.51,-8.49,54.8,100.0,2.74,-20.3,12.32,12.7,True,,
MAX/vol ratio@11:15,479,5,S,5.86,-15.14,54.9,63.9,2.01,-32.1,5.8,5.92,True,,
MAX/vol ratio@11:15,479,10,S,7.12,-13.88,57.6,58.1,2.68,-29.8,7.15,7.08,True,,
range_sofar today@11:15,480,5,S,-0.41,-21.41,53.3,139.0,-0.07,-43.1,0.6,-1.44,False,,
range_sofar today@11:15,480,10,S,0.5,-20.5,48.5,108.0,0.1,-41.2,2.55,-1.56,False,,
MAX raw@13:15,479,5,S,14.17,-6.83,58.0,82.0,3.78,-16.5,17.22,11.11,True,,
MAX raw@13:15,479,10,S,9.58,-11.42,58.2,67.8,3.09,-25.5,12.08,7.06,True,,
MAX vol-neutral@13:15,479,5,S,3.24,-17.76,52.8,53.0,1.34,-36.3,3.38,3.1,True,,
MAX vol-neutral@13:15,479,10,S,2.53,-18.47,49.1,44.8,1.24,-37.4,4.11,0.95,True,,
vol20 alone@13:15,479,5,S,8.66,-12.34,54.3,83.8,2.26,-27.4,14.39,2.91,True,,
vol20 alone@13:15,479,10,S,10.24,-10.76,56.4,69.2,3.24,-24.2,13.86,6.61,True,,
atr alone@13:15,480,5,S,4.53,-16.47,52.9,87.9,1.13,-34.6,3.48,5.59,True,,
atr alone@13:15,480,10,S,7.4,-13.6,54.4,69.0,2.35,-29.5,9.62,5.17,True,,
MAX/vol ratio@13:15,479,5,S,5.2,-15.8,57.8,44.5,2.56,-33.0,5.69,4.72,True,,
MAX/vol ratio@13:15,479,10,S,5.86,-15.14,57.6,38.5,3.33,-31.9,7.43,4.28,True,,
range_sofar today@13:15,480,5,S,4.9,-16.1,55.0,92.9,1.15,-34.1,11.16,-1.43,False,,
range_sofar today@13:15,480,10,S,2.52,-18.48,51.7,71.6,0.77,-37.7,8.14,-3.15,False,,
