2026-05-30 20:02:25 | risk_manager         | INFO    | TRAILING STOP: INFY @ 227.26 (stop=235.64)
2026-05-30 20:02:25 | risk_manager         | INFO    | TRAILING STOP: TCS @ 390.69 (stop=402.87)
2026-05-30 20:02:25 | risk_manager         | INFO    | TRAILING STOP: HINDUNILVR @ 297.25 (stop=299.70)
2026-05-30 20:02:25 | risk_manager         | INFO    | TRAILING STOP: COALINDIA @ 106.71 (stop=109.89)
2026-05-30 20:02:26 | risk_manager         | INFO    | TRAILING STOP: CIPLA @ 295.36 (stop=306.80)
2026-05-30 20:02:26 | risk_manager         | INFO    | TRAILING STOP: SBIN @ 187.41 (stop=191.15)
2026-05-30 20:02:26 | risk_manager         | INFO    | TRAILING STOP: TECHM @ 103.46 (stop=107.01)
2026-05-30 20:02:26 | risk_manager         | INFO    | TRAILING STOP: HINDALCO @ 125.23 (stop=130.04)
2026-05-30 20:02:26 | risk_manager         | INFO    | TRAILING STOP: TATASTEEL @ 29.19 (stop=29.67)
2026-05-30 20:02:26 | risk_manager         | INFO    | TRAILING STOP: AXISBANK @ 207.29 (stop=219.55)
2026-05-30 20:02:26 | risk_manager         | INFO    | TRAILING STOP: JSWSTEEL @ 64.89 (stop=67.75)
2026-05-30 20:02:27 | risk_manager         | INFO    | TIME STOP: POWERGRID after 62 days (max=60)
2026-05-30 20:02:27 | risk_manager         | INFO    | TIME STOP: SHREECEM after 62 days (max=60)
2026-05-30 20:02:27 | risk_manager         | INFO    | TRAILING STOP: SUNPHARMA @ 246.77 (stop=249.39)
2026-05-30 20:02:27 | risk_manager         | INFO    | TRAILING STOP: HDFCBANK @ 111.06 (stop=111.11)
2026-05-30 20:02:27 | risk_manager         | INFO    | TRAILING STOP: ASIANPAINT @ 267.34 (stop=271.23)
2026-05-30 20:02:27 | risk_manager         | INFO    | TRAILING STOP: NTPC @ 84.70 (stop=85.16)
2026-05-30 20:02:29 | risk_manager         | INFO    | TRAILING STOP: SHREECEM @ 2794.66 (stop=2800.67)
2026-05-30 20:02:29 | risk_manager         | INFO    | TRAILING STOP: NESTLEIND @ 201.61 (stop=203.14)
2026-05-30 20:02:29 | risk_manager         | INFO    | TIME STOP: BRITANNIA after 60 days (max=60)
2026-05-30 20:02:29 | risk_manager         | INFO    | TIME STOP: HINDUNILVR after 60 days (max=60)
2026-05-30 20:02:29 | risk_manager         | INFO    | TIME STOP: EICHERMOT after 60 days (max=60)
2026-05-30 20:02:29 | risk_manager         | INFO    | TIME STOP: HEROMOTOCO after 60 days (max=60)
2026-05-30 20:02:29 | risk_manager         | INFO    | TIME STOP: ULTRACEMCO after 60 days (max=60)
2026-05-30 20:02:29 | risk_manager         | INFO    | TIME STOP: ITC after 60 days (max=60)
2026-05-30 20:02:30 | risk_manager         | INFO    | TRAILING STOP: HEROMOTOCO @ 1341.60 (stop=1346.00)
2026-05-30 20:02:30 | risk_manager         | INFO    | TRAILING STOP: BPCL @ 26.02 (stop=26.05)
2026-05-30 20:02:30 | risk_manager         | INFO    | TRAILING STOP: HDFCBANK @ 114.73 (stop=115.44)
2026-05-30 20:02:30 | risk_manager         | INFO    | TRAILING STOP: ITC @ 91.90 (stop=93.37)
2026-05-30 20:02:30 | risk_manager         | INFO    | TRAILING STOP: KOTAKBANK @ 52.82 (stop=54.00)
2026-05-30 20:02:30 | risk_manager         | INFO    | TRAILING STOP: MARUTI @ 1102.75 (stop=1105.80)
2026-05-30 20:02:30 | risk_manager         | INFO    | TRAILING STOP: EICHERMOT @ 183.06 (stop=187.49)
2026-05-30 20:02:30 | risk_manager         | INFO    | TRAILING STOP: BRITANNIA @ 217.51 (stop=217.79)
2026-05-30 20:02:30 | risk_manager         | INFO    | TRAILING STOP: BAJAJFINSV @ 66.28 (stop=66.94)
2026-05-30 20:02:30 | risk_manager         | INFO    | TIME STOP: TITAN after 60 days (max=60)
2026-05-30 20:02:30 | risk_manager         | INFO    | TRAILING STOP: ASIANPAINT @ 335.08 (stop=335.35)
2026-05-30 20:02:31 | risk_manager         | INFO    | TRAILING STOP: DRREDDY @ 282.99 (stop=283.11)
2026-05-30 20:02:31 | risk_manager         | INFO    | TRAILING STOP: APOLLOHOSP @ 582.04 (stop=582.97)
2026-05-30 20:02:33 | risk_manager         | INFO    | TRAILING STOP: TCS @ 431.95 (stop=435.67)
2026-05-30 20:02:33 | risk_manager         | INFO    | TRAILING STOP: ASIANPAINT @ 323.41 (stop=324.33)
2026-05-30 20:02:33 | risk_manager         | INFO    | TRAILING STOP: KOTAKBANK @ 55.80 (stop=56.36)
2026-05-30 20:02:33 | risk_manager         | INFO    | TRAILING STOP: BRITANNIA @ 203.91 (stop=207.99)
2026-05-30 20:02:33 | risk_manager         | INFO    | TRAILING STOP: INDUSINDBK @ 300.25 (stop=302.23)
2026-05-30 20:02:33 | risk_manager         | INFO    | TRAILING STOP: BPCL @ 28.76 (stop=29.13)
2026-05-30 20:02:33 | risk_manager         | INFO    | TIME STOP: DIVISLAB after 60 days (max=60)
2026-05-30 20:02:33 | risk_manager         | INFO    | TIME STOP: BAJAJFINSV after 60 days (max=60)
2026-05-30 20:02:34 | risk_manager         | INFO    | TRAILING STOP: BAJAJFINSV @ 85.77 (stop=86.15)
2026-05-30 20:02:34 | risk_manager         | INFO    | TIME STOP: HDFCBANK after 60 days (max=60)
2026-05-30 20:02:34 | risk_manager         | INFO    | TIME STOP: HINDUNILVR after 60 days (max=60)
2026-05-30 20:02:34 | risk_manager         | INFO    | TIME STOP: EICHERMOT after 60 days (max=60)
2026-05-30 20:02:34 | risk_manager         | INFO    | TIME STOP: ULTRACEMCO after 60 days (max=60)
2026-05-30 20:02:34 | risk_manager         | INFO    | TIME STOP: SUNPHARMA after 60 days (max=60)
2026-05-30 20:02:34 | risk_manager         | INFO    | TIME STOP: ITC after 60 days (max=60)
2026-05-30 20:02:34 | risk_manager         | INFO    | TIME STOP: SHREECEM after 60 days (max=60)
2026-05-30 20:02:36 | risk_manager         | INFO    | TRAILING STOP: INDUSINDBK @ 290.53 (stop=291.21)
2026-05-30 20:02:36 | risk_manager         | INFO    | TRAILING STOP: DIVISLAB @ 493.38 (stop=494.49)
2026-05-30 20:02:36 | risk_manager         | INFO    | TRAILING STOP: ITC @ 104.72 (stop=106.95)
2026-05-30 20:02:36 | risk_manager         | INFO    | TRAILING STOP: CIPLA @ 337.39 (stop=340.54)
2026-05-30 20:02:36 | risk_manager         | INFO    | TRAILING STOP: ONGC @ 95.97 (stop=96.08)
2026-05-30 20:02:36 | risk_manager         | INFO    | TIME STOP: TATACONSUM after 61 days (max=60)
2026-05-30 20:02:36 | risk_manager         | INFO    | TIME STOP: GRASIM after 61 days (max=60)
2026-05-30 20:02:38 | risk_manager         | INFO    | TRAILING STOP: TECHM @ 166.64 (stop=167.06)
2026-05-30 20:02:38 | risk_manager         | INFO    | TRAILING STOP: BAJAJFINSV @ 85.26 (stop=86.60)
2026-05-30 20:02:38 | risk_manager         | INFO    | TRAILING STOP: SUNPHARMA @ 312.95 (stop=315.22)
2026-05-30 20:02:38 | risk_manager         | INFO    | TRAILING STOP: TATACONSUM @ 125.31 (stop=127.91)
2026-05-30 20:02:38 | risk_manager         | INFO    | TRAILING STOP: HINDUNILVR @ 428.40 (stop=429.49)
2026-05-30 20:02:38 | risk_manager         | INFO    | TRAILING STOP: CIPLA @ 328.05 (stop=329.05)
2026-05-30 20:02:38 | risk_manager         | INFO    | TRAILING STOP: GRASIM @ 468.83 (stop=471.42)
2026-05-30 20:02:38 | risk_manager         | INFO    | TRAILING STOP: ITC @ 116.72 (stop=116.97)
2026-05-30 20:02:40 | risk_manager         | INFO    | TIME STOP: ULTRACEMCO after 60 days (max=60)
2026-05-30 20:02:40 | risk_manager         | INFO    | TIME STOP: SHREECEM after 60 days (max=60)
2026-05-30 20:02:40 | risk_manager         | INFO    | TRAILING STOP: APOLLOHOSP @ 765.28 (stop=768.94)
2026-05-30 20:02:40 | risk_manager         | INFO    | TRAILING STOP: GRASIM @ 451.64 (stop=455.06)
2026-05-30 20:02:40 | risk_manager         | INFO    | TRAILING STOP: EICHERMOT @ 213.18 (stop=219.18)
2026-05-30 20:02:40 | risk_manager         | INFO    | TRAILING STOP: TATACONSUM @ 134.62 (stop=138.60)
2026-05-30 20:02:40 | risk_manager         | INFO    | TRAILING STOP: JSWSTEEL @ 60.78 (stop=60.93)
2026-05-30 20:02:40 | risk_manager         | INFO    | TIME STOP: BAJFINANCE after 60 days (max=60)
2026-05-30 20:02:40 | risk_manager         | INFO    | TIME STOP: HCLTECH after 60 days (max=60)
2026-05-30 20:02:40 | risk_manager         | INFO    | TIME STOP: DIVISLAB after 60 days (max=60)
2026-05-30 20:02:42 | risk_manager         | INFO    | TRAILING STOP: GRASIM @ 445.52 (stop=446.24)
2026-05-30 20:02:42 | risk_manager         | INFO    | TRAILING STOP: TITAN @ 266.70 (stop=269.95)
2026-05-30 20:02:42 | risk_manager         | INFO    | TRAILING STOP: DIVISLAB @ 487.80 (stop=489.50)
2026-05-30 20:02:42 | risk_manager         | INFO    | TRAILING STOP: ITC @ 119.84 (stop=120.37)
2026-05-30 20:02:42 | risk_manager         | INFO    | TRAILING STOP: BAJFINANCE @ 11.72 (stop=11.73)
2026-05-30 20:02:42 | risk_manager         | INFO    | TIME STOP: MARUTI after 60 days (max=60)
2026-05-30 20:02:42 | risk_manager         | INFO    | TIME STOP: INDUSINDBK after 60 days (max=60)
2026-05-30 20:02:44 | risk_manager         | INFO    | TRAILING STOP: LT @ 569.39 (stop=572.58)
2026-05-30 20:02:44 | risk_manager         | INFO    | TRAILING STOP: TITAN @ 252.17 (stop=255.90)
2026-05-30 20:02:44 | risk_manager         | INFO    | TRAILING STOP: BAJAJFINSV @ 85.83 (stop=87.23)
2026-05-30 20:02:44 | risk_manager         | INFO    | TRAILING STOP: ULTRACEMCO @ 1771.08 (stop=1775.51)
2026-05-30 20:02:44 | risk_manager         | INFO    | TRAILING STOP: MARUTI @ 1341.53 (stop=1353.24)
2026-05-30 20:02:44 | risk_manager         | INFO    | TRAILING STOP: KOTAKBANK @ 61.90 (stop=62.16)
2026-05-30 20:02:44 | risk_manager         | INFO    | TRAILING STOP: HDFCBANK @ 147.77 (stop=148.09)
2026-05-30 20:02:44 | risk_manager         | INFO    | TRAILING STOP: INDUSINDBK @ 384.06 (stop=385.95)
2026-05-30 20:02:44 | risk_manager         | INFO    | TRAILING STOP: HCLTECH @ 119.15 (stop=119.98)
2026-05-30 20:02:44 | risk_manager         | INFO    | TRAILING STOP: EICHERMOT @ 240.88 (stop=241.67)
2026-05-30 20:02:44 | risk_manager         | INFO    | TIME STOP: ASIANPAINT after 60 days (max=60)
2026-05-30 20:02:44 | risk_manager         | INFO    | TIME STOP: ICICIBANK after 60 days (max=60)
2026-05-30 20:02:46 | risk_manager         | INFO    | TRAILING STOP: BAJFINANCE @ 11.95 (stop=12.05)
2026-05-30 20:02:46 | risk_manager         | INFO    | TRAILING STOP: EICHERMOT @ 239.47 (stop=241.99)
2026-05-30 20:02:46 | risk_manager         | INFO    | TRAILING STOP: AXISBANK @ 270.54 (stop=273.45)
2026-05-30 20:02:46 | risk_manager         | INFO    | TRAILING STOP: MARUTI @ 1334.39 (stop=1375.38)
2026-05-30 20:02:46 | risk_manager         | INFO    | TRAILING STOP: ICICIBANK @ 171.71 (stop=176.78)
2026-05-30 20:02:46 | risk_manager         | INFO    | TRAILING STOP: KOTAKBANK @ 65.43 (stop=65.54)
2026-05-30 20:02:46 | risk_manager         | INFO    | TRAILING STOP: ITC @ 120.63 (stop=122.03)
2026-05-30 20:02:46 | risk_manager         | INFO    | TRAILING STOP: ASIANPAINT @ 394.16 (stop=398.04)
2026-05-30 20:02:46 | risk_manager         | INFO    | TRAILING STOP: TATACONSUM @ 111.64 (stop=111.76)
2026-05-30 20:02:46 | risk_manager         | INFO    | TRAILING STOP: HDFCBANK @ 144.23 (stop=145.30)
2026-05-30 20:02:46 | risk_manager         | INFO    | TRAILING STOP: INDUSINDBK @ 383.04 (stop=388.75)
2026-05-30 20:02:49 | risk_manager         | INFO    | TRAILING STOP: SHREECEM @ 3960.01 (stop=3968.41)
2026-05-30 20:02:49 | risk_manager         | INFO    | TRAILING STOP: ICICIBANK @ 167.23 (stop=169.71)
2026-05-30 20:02:49 | risk_manager         | INFO    | TRAILING STOP: KOTAKBANK @ 63.25 (stop=63.94)
2026-05-30 20:02:49 | risk_manager         | INFO    | TRAILING STOP: APOLLOHOSP @ 754.43 (stop=756.43)
2026-05-30 20:02:49 | risk_manager         | INFO    | TRAILING STOP: AXISBANK @ 245.41 (stop=247.55)
2026-05-30 20:02:49 | risk_manager         | INFO    | TRAILING STOP: DIVISLAB @ 428.96 (stop=433.38)
2026-05-30 20:02:49 | risk_manager         | INFO    | TRAILING STOP: INDUSINDBK @ 375.27 (stop=379.36)
2026-05-30 20:02:49 | risk_manager         | INFO    | TRAILING STOP: BPCL @ 29.84 (stop=29.87)
2026-05-30 20:02:49 | risk_manager         | INFO    | TRAILING STOP: BAJFINANCE @ 11.12 (stop=11.42)
2026-05-30 20:02:49 | risk_manager         | INFO    | TRAILING STOP: TECHM @ 182.89 (stop=183.27)
2026-05-30 20:02:49 | risk_manager         | INFO    | TRAILING STOP: EICHERMOT @ 235.55 (stop=236.42)
2026-05-30 20:02:51 | risk_manager         | INFO    | TIME STOP: HCLTECH after 60 days (max=60)
2026-05-30 20:02:51 | risk_manager         | INFO    | TRAILING STOP: TECHM @ 171.96 (stop=173.97)
2026-05-30 20:02:51 | risk_manager         | INFO    | TRAILING STOP: ITC @ 120.34 (stop=121.08)
2026-05-30 20:02:51 | risk_manager         | INFO    | TRAILING STOP: TCS @ 549.61 (stop=549.76)
2026-05-30 20:02:51 | risk_manager         | INFO    | TRAILING STOP: ASIANPAINT @ 414.08 (stop=426.74)
2026-05-30 20:02:51 | risk_manager         | INFO    | TRAILING STOP: INFY @ 253.70 (stop=255.75)
2026-05-30 20:02:51 | risk_manager         | INFO    | TRAILING STOP: INDUSINDBK @ 359.93 (stop=361.20)
2026-05-30 20:02:51 | risk_manager         | INFO    | TIME STOP: SUNPHARMA after 60 days (max=60)
2026-05-30 20:02:54 | risk_manager         | INFO    | TRAILING STOP: ASIANPAINT @ 415.54 (stop=416.12)
2026-05-30 20:02:54 | risk_manager         | INFO    | TRAILING STOP: ITC @ 138.35 (stop=138.37)
2026-05-30 20:02:54 | risk_manager         | INFO    | TRAILING STOP: TECHM @ 163.30 (stop=164.01)
2026-05-30 20:02:54 | risk_manager         | INFO    | TRAILING STOP: APOLLOHOSP @ 948.29 (stop=948.46)
2026-05-30 20:02:54 | risk_manager         | INFO    | TRAILING STOP: DIVISLAB @ 447.59 (stop=475.16)
2026-05-30 20:02:54 | risk_manager         | INFO    | TRAILING STOP: CIPLA @ 371.39 (stop=373.19)
2026-05-30 20:02:54 | risk_manager         | INFO    | TIME STOP: KOTAKBANK after 60 days (max=60)
2026-05-30 20:02:54 | risk_manager         | INFO    | TIME STOP: SHREECEM after 60 days (max=60)
2026-05-30 20:02:54 | risk_manager         | INFO    | TIME STOP: M&M after 60 days (max=60)
2026-05-30 20:02:54 | risk_manager         | INFO    | TRAILING STOP: ULTRACEMCO @ 1782.61 (stop=1795.17)
2026-05-30 20:02:56 | risk_manager         | INFO    | TRAILING STOP: ICICIBANK @ 180.76 (stop=181.74)
2026-05-30 20:02:56 | risk_manager         | INFO    | TRAILING STOP: SUNPHARMA @ 454.39 (stop=459.90)
2026-05-30 20:02:56 | risk_manager         | INFO    | TRAILING STOP: AXISBANK @ 249.83 (stop=251.83)
2026-05-30 20:02:56 | risk_manager         | INFO    | TRAILING STOP: HDFCBANK @ 144.04 (stop=145.50)
2026-05-30 20:02:56 | risk_manager         | INFO    | TRAILING STOP: INDUSINDBK @ 420.28 (stop=431.73)
2026-05-30 20:02:56 | risk_manager         | INFO    | TRAILING STOP: TATACONSUM @ 115.49 (stop=117.02)
2026-05-30 20:02:56 | risk_manager         | INFO    | TRAILING STOP: KOTAKBANK @ 68.74 (stop=71.41)
2026-05-30 20:02:56 | risk_manager         | INFO    | TRAILING STOP: ITC @ 131.91 (stop=132.59)
2026-05-30 20:02:56 | risk_manager         | INFO    | TRAILING STOP: EICHERMOT @ 307.97 (stop=311.02)
2026-05-30 20:02:56 | risk_manager         | INFO    | TRAILING STOP: SHREECEM @ 4193.48 (stop=4260.15)
2026-05-30 20:02:56 | risk_manager         | INFO    | TIME STOP: HCLTECH after 60 days (max=60)
2026-05-30 20:02:59 | risk_manager         | INFO    | TRAILING STOP: MARUTI @ 1300.87 (stop=1322.36)
2026-05-30 20:02:59 | risk_manager         | INFO    | TRAILING STOP: ICICIBANK @ 162.27 (stop=163.24)
2026-05-30 20:02:59 | risk_manager         | INFO    | TRAILING STOP: M&M @ 393.47 (stop=398.41)
2026-05-30 20:02:59 | risk_manager         | INFO    | TRAILING STOP: INDUSINDBK @ 424.63 (stop=433.91)
2026-05-30 20:02:59 | risk_manager         | INFO    | TRAILING STOP: BAJFINANCE @ 12.69 (stop=12.73)
2026-05-30 20:02:59 | risk_manager         | INFO    | TRAILING STOP: HINDUNILVR @ 557.89 (stop=570.18)
2026-05-30 20:02:59 | risk_manager         | INFO    | TRAILING STOP: DRREDDY @ 409.70 (stop=414.17)
2026-05-30 20:02:59 | risk_manager         | INFO    | TRAILING STOP: NESTLEIND @ 231.58 (stop=234.15)
2026-05-30 20:02:59 | risk_manager         | INFO    | TRAILING STOP: ITC @ 147.10 (stop=149.62)
2026-05-30 20:02:59 | risk_manager         | INFO    | TRAILING STOP: SHREECEM @ 4088.70 (stop=4119.07)
2026-05-30 20:02:59 | risk_manager         | INFO    | TRAILING STOP: EICHERMOT @ 319.08 (stop=320.39)
2026-05-30 20:03:02 | risk_manager         | INFO    | TRAILING STOP: TATACONSUM @ 122.86 (stop=125.68)
2026-05-30 20:03:02 | risk_manager         | INFO    | TRAILING STOP: ASIANPAINT @ 394.86 (stop=414.76)
2026-05-30 20:03:02 | risk_manager         | INFO    | TRAILING STOP: NESTLEIND @ 213.80 (stop=219.93)
2026-05-30 20:03:02 | risk_manager         | INFO    | TRAILING STOP: EICHERMOT @ 284.87 (stop=290.58)
2026-05-30 20:03:02 | risk_manager         | INFO    | TRAILING STOP: AXISBANK @ 189.31 (stop=195.76)
2026-05-30 20:03:02 | risk_manager         | INFO    | TRAILING STOP: APOLLOHOSP @ 791.34 (stop=833.56)
2026-05-30 20:03:02 | risk_manager         | INFO    | TRAILING STOP: BHARTIARTL @ 251.29 (stop=261.17)
2026-05-30 20:03:02 | risk_manager         | INFO    | TRAILING STOP: DRREDDY @ 378.09 (stop=382.92)
2026-05-30 20:03:02 | risk_manager         | INFO    | TRAILING STOP: ITC @ 126.23 (stop=130.48)
2026-05-30 20:03:02 | risk_manager         | INFO    | TRAILING STOP: RELIANCE @ 166.04 (stop=171.15)
2026-05-30 20:03:02 | risk_manager         | INFO    | TRAILING STOP: ADANIPORTS @ 115.06 (stop=119.17)
2026-05-30 20:03:02 | risk_manager         | INFO    | TRAILING STOP: BAJFINANCE @ 9.98 (stop=10.41)
2026-05-30 20:03:02 | risk_manager         | INFO    | TRAILING STOP: ADANIENT @ 20.95 (stop=21.90)
2026-05-30 20:03:05 | risk_manager         | INFO    | TIME STOP: BPCL after 60 days (max=60)
2026-05-30 20:03:05 | risk_manager         | INFO    | TIME STOP: BAJAJFINSV after 60 days (max=60)
2026-05-30 20:03:08 | risk_manager         | INFO    | TRAILING STOP: APOLLOHOSP @ 813.10 (stop=814.56)
2026-05-30 20:03:08 | risk_manager         | INFO    | TRAILING STOP: COALINDIA @ 101.36 (stop=101.75)
2026-05-30 20:03:08 | risk_manager         | INFO    | TRAILING STOP: DIVISLAB @ 440.36 (stop=441.72)
2026-05-30 20:03:08 | risk_manager         | INFO    | TIME STOP: ASIANPAINT after 60 days (max=60)
2026-05-30 20:03:08 | risk_manager         | INFO    | TIME STOP: ADANIPORTS after 60 days (max=60)
2026-05-30 20:03:08 | risk_manager         | INFO    | TIME STOP: BHARTIARTL after 60 days (max=60)
2026-05-30 20:03:08 | risk_manager         | INFO    | TIME STOP: BRITANNIA after 60 days (max=60)
2026-05-30 20:03:08 | risk_manager         | INFO    | TIME STOP: ADANIENT after 60 days (max=60)
2026-05-30 20:03:08 | risk_manager         | INFO    | TIME STOP: DRREDDY after 60 days (max=60)
2026-05-30 20:03:08 | risk_manager         | INFO    | TIME STOP: CIPLA after 60 days (max=60)
2026-05-30 20:03:08 | risk_manager         | INFO    | TIME STOP: EICHERMOT after 60 days (max=60)
2026-05-30 20:03:08 | risk_manager         | INFO    | TIME STOP: AXISBANK after 60 days (max=60)
2026-05-30 20:03:11 | risk_manager         | INFO    | TRAILING STOP: CIPLA @ 373.93 (stop=374.14)
2026-05-30 20:03:11 | risk_manager         | INFO    | TRAILING STOP: SUNPHARMA @ 521.21 (stop=522.25)
2026-05-30 20:03:11 | risk_manager         | INFO    | TRAILING STOP: INFY @ 300.25 (stop=300.86)
2026-05-30 20:03:14 | risk_manager         | INFO    | TRAILING STOP: EICHERMOT @ 437.05 (stop=450.83)
2026-05-30 20:03:14 | risk_manager         | INFO    | TRAILING STOP: BRITANNIA @ 372.48 (stop=372.85)
2026-05-30 20:03:14 | risk_manager         | INFO    | TRAILING STOP: ONGC @ 102.77 (stop=102.87)
2026-05-30 20:03:14 | risk_manager         | INFO    | TIME STOP: HCLTECH after 60 days (max=60)
2026-05-30 20:03:14 | risk_manager         | INFO    | TIME STOP: UPL after 60 days (max=60)
2026-05-30 20:03:14 | risk_manager         | INFO    | TIME STOP: KOTAKBANK after 60 days (max=60)
2026-05-30 20:03:14 | risk_manager         | INFO    | TIME STOP: DRREDDY after 60 days (max=60)
2026-05-30 20:03:14 | risk_manager         | INFO    | TIME STOP: TECHM after 60 days (max=60)
2026-05-30 20:03:18 | risk_manager         | INFO    | TRAILING STOP: ADANIPORTS @ 141.02 (stop=141.78)
2026-05-30 20:03:18 | risk_manager         | INFO    | TRAILING STOP: TCS @ 822.51 (stop=843.74)
2026-05-30 20:03:18 | risk_manager         | INFO    | TRAILING STOP: TECHM @ 313.64 (stop=317.17)
2026-05-30 20:03:18 | risk_manager         | INFO    | TRAILING STOP: JSWSTEEL @ 85.26 (stop=85.59)
2026-05-30 20:03:18 | risk_manager         | INFO    | TRAILING STOP: BRITANNIA @ 371.52 (stop=371.72)
2026-05-30 20:03:18 | risk_manager         | INFO    | TRAILING STOP: KOTAKBANK @ 67.92 (stop=68.48)
2026-05-30 20:03:18 | risk_manager         | INFO    | TRAILING STOP: MARUTI @ 1538.31 (stop=1583.75)
2026-05-30 20:03:18 | risk_manager         | INFO    | TRAILING STOP: UPL @ 114.78 (stop=118.93)
2026-05-30 20:03:18 | risk_manager         | INFO    | TRAILING STOP: EICHERMOT @ 434.26 (stop=435.39)
2026-05-30 20:03:18 | risk_manager         | INFO    | TIME STOP: INFY after 60 days (max=60)
2026-05-30 20:03:21 | risk_manager         | INFO    | TRAILING STOP: HCLTECH @ 248.59 (stop=248.77)
2026-05-30 20:03:21 | risk_manager         | INFO    | TRAILING STOP: DRREDDY @ 473.42 (stop=475.39)
2026-05-30 20:03:21 | risk_manager         | INFO    | TRAILING STOP: HINDUNILVR @ 453.37 (stop=454.40)
2026-05-30 20:03:21 | risk_manager         | INFO    | TIME STOP: WIPRO after 61 days (max=60)
2026-05-30 20:03:21 | risk_manager         | INFO    | TIME STOP: DIVISLAB after 61 days (max=60)
2026-05-30 20:03:25 | risk_manager         | INFO    | TRAILING STOP: SUNPHARMA @ 545.76 (stop=553.28)
2026-05-30 20:03:25 | risk_manager         | INFO    | TRAILING STOP: TECHM @ 317.94 (stop=318.06)
2026-05-30 20:03:25 | risk_manager         | INFO    | TRAILING STOP: INFY @ 334.74 (stop=335.04)
2026-05-30 20:03:25 | risk_manager         | INFO    | TRAILING STOP: TATASTEEL @ 23.78 (stop=23.92)
2026-05-30 20:03:25 | risk_manager         | INFO    | TRAILING STOP: BRITANNIA @ 370.53 (stop=371.19)
2026-05-30 20:03:25 | risk_manager         | INFO    | TRAILING STOP: TCS @ 796.61 (stop=796.87)
2026-05-30 20:03:25 | risk_manager         | INFO    | TRAILING STOP: WIPRO @ 89.54 (stop=90.52)
2026-05-30 20:03:25 | risk_manager         | INFO    | TRAILING STOP: DRREDDY @ 486.54 (stop=492.13)
2026-05-30 20:03:25 | risk_manager         | INFO    | TRAILING STOP: HCLTECH @ 247.78 (stop=248.70)
2026-05-30 20:03:25 | risk_manager         | INFO    | TRAILING STOP: DIVISLAB @ 604.96 (stop=611.06)
2026-05-30 20:03:29 | risk_manager         | INFO    | TIME STOP: EICHERMOT after 60 days (max=60)
2026-05-30 20:03:29 | risk_manager         | INFO    | TRAILING STOP: TECHM @ 301.79 (stop=302.54)
2026-05-30 20:03:29 | risk_manager         | INFO    | TRAILING STOP: INFY @ 287.85 (stop=289.11)
2026-05-30 20:03:29 | risk_manager         | INFO    | TRAILING STOP: HINDUNILVR @ 475.34 (stop=486.46)
2026-05-30 20:03:29 | risk_manager         | INFO    | TRAILING STOP: ADANIPORTS @ 177.06 (stop=177.86)
2026-05-30 20:03:29 | risk_manager         | INFO    | TRAILING STOP: LT @ 716.46 (stop=719.06)
2026-05-30 20:03:29 | risk_manager         | INFO    | TIME STOP: BAJFINANCE after 60 days (max=60)
2026-05-30 20:03:29 | risk_manager         | INFO    | TRAILING STOP: BRITANNIA @ 367.50 (stop=369.84)
2026-05-30 20:03:32 | risk_manager         | INFO    | TRAILING STOP: HCLTECH @ 236.25 (stop=243.91)
2026-05-30 20:03:32 | risk_manager         | INFO    | TRAILING STOP: TECHM @ 306.78 (stop=307.70)
2026-05-30 20:03:32 | risk_manager         | INFO    | TRAILING STOP: DIVISLAB @ 588.34 (stop=588.67)
2026-05-30 20:03:32 | risk_manager         | INFO    | TRAILING STOP: BRITANNIA @ 354.53 (stop=360.83)
2026-05-30 20:03:32 | risk_manager         | INFO    | TRAILING STOP: TCS @ 758.31 (stop=784.45)
2026-05-30 20:03:32 | risk_manager         | INFO    | TRAILING STOP: ITC @ 141.85 (stop=147.80)
2026-05-30 20:03:32 | risk_manager         | INFO    | TRAILING STOP: HEROMOTOCO @ 1576.68 (stop=1580.20)
2026-05-30 20:03:32 | risk_manager         | INFO    | TRAILING STOP: EICHERMOT @ 641.26 (stop=651.19)
2026-05-30 20:03:32 | risk_manager         | INFO    | TRAILING STOP: ADANIPORTS @ 199.35 (stop=200.00)
2026-05-30 20:03:32 | risk_manager         | INFO    | TRAILING STOP: BPCL @ 43.90 (stop=44.88)
2026-05-30 20:03:32 | risk_manager         | INFO    | TIME STOP: SHREECEM after 62 days (max=60)
2026-05-30 20:03:32 | risk_manager         | INFO    | TIME STOP: JSWSTEEL after 62 days (max=60)
2026-05-30 20:03:37 | risk_manager         | INFO    | TRAILING STOP: TATASTEEL @ 36.80 (stop=36.98)
2026-05-30 20:03:37 | risk_manager         | INFO    | TRAILING STOP: LT @ 913.78 (stop=919.28)
2026-05-30 20:03:37 | risk_manager         | INFO    | TRAILING STOP: BAJFINANCE @ 18.84 (stop=18.98)
2026-05-30 20:03:37 | risk_manager         | INFO    | TRAILING STOP: HEROMOTOCO @ 1720.47 (stop=1725.06)
2026-05-30 20:03:37 | risk_manager         | INFO    | TRAILING STOP: RELIANCE @ 221.80 (stop=222.54)
2026-05-30 20:03:37 | risk_manager         | INFO    | TIME STOP: UPL after 60 days (max=60)
2026-05-30 20:03:37 | risk_manager         | INFO    | TRAILING STOP: SHREECEM @ 6833.58 (stop=6857.00)
2026-05-30 20:03:41 | risk_manager         | INFO    | TRAILING STOP: ADANIENT @ 62.83 (stop=63.90)
2026-05-30 20:03:41 | risk_manager         | INFO    | TRAILING STOP: TCS @ 884.04 (stop=885.09)
2026-05-30 20:03:41 | risk_manager         | INFO    | TRAILING STOP: TITAN @ 310.45 (stop=312.98)
2026-05-30 20:03:41 | risk_manager         | INFO    | TRAILING STOP: JSWSTEEL @ 100.87 (stop=104.77)
2026-05-30 20:03:41 | risk_manager         | INFO    | TRAILING STOP: TATASTEEL @ 35.15 (stop=35.36)
2026-05-30 20:03:41 | risk_manager         | INFO    | TRAILING STOP: AXISBANK @ 351.71 (stop=353.54)
2026-05-30 20:03:41 | risk_manager         | INFO    | TRAILING STOP: LT @ 871.62 (stop=908.37)
2026-05-30 20:03:41 | risk_manager         | INFO    | TRAILING STOP: UPL @ 188.46 (stop=188.64)
2026-05-30 20:03:41 | risk_manager         | INFO    | TIME STOP: HINDALCO after 60 days (max=60)
2026-05-30 20:03:41 | risk_manager         | INFO    | TIME STOP: TECHM after 60 days (max=60)
2026-05-30 20:03:41 | risk_manager         | INFO    | TIME STOP: HCLTECH after 60 days (max=60)
2026-05-30 20:03:41 | risk_manager         | INFO    | TIME STOP: EICHERMOT after 60 days (max=60)
2026-05-30 20:03:45 | risk_manager         | INFO    | TRAILING STOP: TATASTEEL @ 36.58 (stop=36.95)
2026-05-30 20:03:45 | risk_manager         | INFO    | TIME STOP: MARUTI after 62 days (max=60)
2026-05-30 20:03:45 | risk_manager         | INFO    | TIME STOP: SHREECEM after 62 days (max=60)
2026-05-30 20:03:50 | risk_manager         | INFO    | TRAILING STOP: SUNPHARMA @ 738.20 (stop=746.96)
2026-05-30 20:03:50 | risk_manager         | INFO    | TRAILING STOP: EICHERMOT @ 1061.27 (stop=1071.51)
2026-05-30 20:03:50 | risk_manager         | INFO    | TRAILING STOP: UPL @ 204.91 (stop=213.40)
2026-05-30 20:03:50 | risk_manager         | INFO    | TRAILING STOP: BPCL @ 55.08 (stop=55.98)
2026-05-30 20:03:50 | risk_manager         | INFO    | TRAILING STOP: JSWSTEEL @ 106.91 (stop=109.75)
2026-05-30 20:03:50 | risk_manager         | INFO    | TRAILING STOP: ADANIPORTS @ 253.33 (stop=253.52)
2026-05-30 20:03:50 | risk_manager         | INFO    | TRAILING STOP: AXISBANK @ 365.77 (stop=381.48)
2026-05-30 20:03:50 | risk_manager         | INFO    | TRAILING STOP: ICICIBANK @ 244.58 (stop=250.42)
2026-05-30 20:03:50 | risk_manager         | INFO    | TRAILING STOP: BAJFINANCE @ 24.36 (stop=24.50)
2026-05-30 20:03:50 | risk_manager         | INFO    | TRAILING STOP: ADANIENT @ 68.06 (stop=69.03)
2026-05-30 20:03:50 | risk_manager         | INFO    | TIME STOP: TECHM after 60 days (max=60)
2026-05-30 20:03:50 | risk_manager         | INFO    | TRAILING STOP: INDUSINDBK @ 566.74 (stop=571.37)
2026-05-30 20:03:54 | risk_manager         | INFO    | TRAILING STOP: TECHM @ 427.26 (stop=427.36)
2026-05-30 20:03:54 | risk_manager         | INFO    | TRAILING STOP: M&M @ 573.86 (stop=591.43)
2026-05-30 20:03:54 | risk_manager         | INFO    | TRAILING STOP: MARUTI @ 2665.46 (stop=2666.11)
2026-05-30 20:03:54 | risk_manager         | INFO    | TRAILING STOP: HCLTECH @ 298.48 (stop=298.85)
2026-05-30 20:03:54 | risk_manager         | INFO    | TRAILING STOP: BAJAJFINSV @ 101.46 (stop=102.43)
2026-05-30 20:03:54 | risk_manager         | INFO    | TIME STOP: SHREECEM after 60 days (max=60)
2026-05-30 20:03:58 | risk_manager         | INFO    | TRAILING STOP: DIVISLAB @ 788.04 (stop=800.14)
2026-05-30 20:03:58 | risk_manager         | INFO    | TRAILING STOP: CIPLA @ 568.96 (stop=576.72)
2026-05-30 20:03:58 | risk_manager         | INFO    | TRAILING STOP: BAJFINANCE @ 28.99 (stop=29.15)
2026-05-30 20:03:58 | risk_manager         | INFO    | TRAILING STOP: ADANIENT @ 65.52 (stop=65.93)
2026-05-30 20:03:58 | risk_manager         | INFO    | TIME STOP: BPCL after 61 days (max=60)
2026-05-30 20:03:58 | risk_manager         | INFO    | TIME STOP: ICICIBANK after 61 days (max=60)
2026-05-30 20:03:58 | risk_manager         | INFO    | TIME STOP: BRITANNIA after 61 days (max=60)
2026-05-30 20:03:58 | risk_manager         | INFO    | TIME STOP: EICHERMOT after 61 days (max=60)
2026-05-30 20:03:58 | risk_manager         | INFO    | TIME STOP: AXISBANK after 61 days (max=60)
2026-05-30 20:04:03 | risk_manager         | INFO    | TRAILING STOP: EICHERMOT @ 1326.38 (stop=1339.77)
2026-05-30 20:04:03 | risk_manager         | INFO    | TRAILING STOP: BPCL @ 58.04 (stop=59.26)
2026-05-30 20:04:03 | risk_manager         | INFO    | TRAILING STOP: TECHM @ 445.01 (stop=451.19)
2026-05-30 20:04:03 | risk_manager         | INFO    | TRAILING STOP: ICICIBANK @ 288.14 (stop=288.49)
2026-05-30 20:04:03 | risk_manager         | INFO    | TRAILING STOP: SBIN @ 258.81 (stop=264.17)
2026-05-30 20:04:03 | risk_manager         | INFO    | TRAILING STOP: TITAN @ 343.81 (stop=346.32)
2026-05-30 20:04:03 | risk_manager         | INFO    | TRAILING STOP: AXISBANK @ 456.91 (stop=457.69)
2026-05-30 20:04:03 | risk_manager         | INFO    | TRAILING STOP: BRITANNIA @ 731.11 (stop=733.93)
2026-05-30 20:04:03 | risk_manager         | INFO    | TRAILING STOP: CIPLA @ 565.50 (stop=575.27)
2026-05-30 20:04:03 | risk_manager         | INFO    | TRAILING STOP: HEROMOTOCO @ 2166.27 (stop=2178.40)
2026-05-30 20:04:03 | risk_manager         | INFO    | TRAILING STOP: DIVISLAB @ 748.94 (stop=752.09)
2026-05-30 20:04:07 | risk_manager         | INFO    | TIME STOP: MARUTI after 60 days (max=60)
2026-05-30 20:04:07 | risk_manager         | INFO    | TIME STOP: INDUSINDBK after 60 days (max=60)
2026-05-30 20:04:07 | risk_manager         | INFO    | TRAILING STOP: ICICIBANK @ 282.30 (stop=286.61)
2026-05-30 20:04:07 | risk_manager         | INFO    | TRAILING STOP: HEROMOTOCO @ 2078.18 (stop=2079.87)
2026-05-30 20:04:07 | risk_manager         | INFO    | TRAILING STOP: SBIN @ 270.50 (stop=277.77)
2026-05-30 20:04:07 | risk_manager         | INFO    | TRAILING STOP: KOTAKBANK @ 131.27 (stop=131.60)
2026-05-30 20:04:07 | risk_manager         | INFO    | TRAILING STOP: BAJFINANCE @ 39.07 (stop=39.17)
2026-05-30 20:04:12 | risk_manager         | INFO    | TRAILING STOP: AXISBANK @ 567.84 (stop=573.25)
2026-05-30 20:04:12 | risk_manager         | INFO    | TRAILING STOP: ADANIPORTS @ 294.83 (stop=303.16)
2026-05-30 20:04:12 | risk_manager         | INFO    | TRAILING STOP: HDFCBANK @ 240.38 (stop=241.67)
2026-05-30 20:04:12 | risk_manager         | INFO    | TRAILING STOP: KOTAKBANK @ 125.78 (stop=126.00)
2026-05-30 20:04:12 | risk_manager         | INFO    | TRAILING STOP: ADANIENT @ 87.98 (stop=89.67)
2026-05-30 20:04:12 | risk_manager         | INFO    | TRAILING STOP: EICHERMOT @ 1396.78 (stop=1438.09)
2026-05-30 20:04:12 | risk_manager         | INFO    | TRAILING STOP: SBIN @ 244.72 (stop=249.38)
2026-05-30 20:04:12 | risk_manager         | INFO    | TRAILING STOP: MARUTI @ 3096.07 (stop=3152.01)
2026-05-30 20:04:12 | risk_manager         | INFO    | TRAILING STOP: INDUSINDBK @ 777.01 (stop=777.29)
2026-05-30 20:04:12 | risk_manager         | INFO    | TRAILING STOP: ICICIBANK @ 267.11 (stop=270.02)
2026-05-30 20:04:12 | risk_manager         | INFO    | TRAILING STOP: LT @ 878.98 (stop=912.69)
2026-05-30 20:04:12 | risk_manager         | INFO    | TIME STOP: BRITANNIA after 60 days (max=60)
2026-05-30 20:04:17 | risk_manager         | INFO    | TRAILING STOP: ULTRACEMCO @ 2934.32 (stop=2969.70)
2026-05-30 20:04:17 | risk_manager         | INFO    | TRAILING STOP: ADANIENT @ 93.64 (stop=94.63)
2026-05-30 20:04:17 | risk_manager         | INFO    | TRAILING STOP: AXISBANK @ 566.73 (stop=568.65)
2026-05-30 20:04:17 | risk_manager         | INFO    | TRAILING STOP: KOTAKBANK @ 130.55 (stop=130.87)
2026-05-30 20:04:17 | risk_manager         | INFO    | TRAILING STOP: BAJAJFINSV @ 137.17 (stop=137.19)
2026-05-30 20:04:17 | risk_manager         | INFO    | TRAILING STOP: BPCL @ 61.67 (stop=62.11)
2026-05-30 20:04:17 | risk_manager         | INFO    | TRAILING STOP: INDUSINDBK @ 820.24 (stop=821.13)
2026-05-30 20:04:17 | risk_manager         | INFO    | TRAILING STOP: HDFCBANK @ 229.76 (stop=233.63)
2026-05-30 20:04:22 | risk_manager         | INFO    | TIME STOP: BAJFINANCE after 63 days (max=60)
2026-05-30 20:04:22 | risk_manager         | INFO    | TRAILING STOP: CIPLA @ 634.01 (stop=636.38)
2026-05-30 20:04:22 | risk_manager         | INFO    | TRAILING STOP: UPL @ 256.79 (stop=261.28)
2026-05-30 20:04:22 | risk_manager         | INFO    | TRAILING STOP: INDUSINDBK @ 824.90 (stop=831.77)
2026-05-30 20:04:22 | risk_manager         | INFO    | TRAILING STOP: BRITANNIA @ 942.67 (stop=954.75)
2026-05-30 20:04:22 | risk_manager         | INFO    | TRAILING STOP: EICHERMOT @ 1368.40 (stop=1385.69)
2026-05-30 20:04:22 | risk_manager         | INFO    | TRAILING STOP: APOLLOHOSP @ 1230.69 (stop=1232.07)
2026-05-30 20:04:22 | risk_manager         | INFO    | TRAILING STOP: MARUTI @ 3167.63 (stop=3185.46)
2026-05-30 20:04:22 | risk_manager         | INFO    | TRAILING STOP: LT @ 943.99 (stop=946.94)
2026-05-30 20:04:22 | risk_manager         | INFO    | TRAILING STOP: HCLTECH @ 323.75 (stop=327.39)
2026-05-30 20:04:22 | risk_manager         | WARNING | REDUCE: Drawdown -15.2% exceeds soft limit -15.0%
2026-05-30 20:04:22 | risk_manager         | WARNING | REDUCE: Drawdown -15.3% exceeds soft limit -15.0%
2026-05-30 20:04:22 | risk_manager         | INFO    | TRAILING STOP: TECHM @ 438.78 (stop=446.75)
2026-05-30 20:04:22 | risk_manager         | WARNING | REDUCE: Drawdown -15.3% exceeds soft limit -15.0%
2026-05-30 20:04:22 | risk_manager         | WARNING | REDUCE: Drawdown -15.5% exceeds soft limit -15.0%
2026-05-30 20:04:22 | risk_manager         | INFO    | TRAILING STOP: BPCL @ 63.12 (stop=65.01)
2026-05-30 20:04:22 | risk_manager         | INFO    | TRAILING STOP: KOTAKBANK @ 132.73 (stop=134.18)
2026-05-30 20:04:22 | risk_manager         | WARNING | REDUCE: Drawdown -15.9% exceeds soft limit -15.0%
2026-05-30 20:04:22 | risk_manager         | WARNING | REDUCE: Drawdown -16.0% exceeds soft limit -15.0%
2026-05-30 20:04:22 | risk_manager         | WARNING | REDUCE: Drawdown -15.9% exceeds soft limit -15.0%
2026-05-30 20:04:22 | risk_manager         | WARNING | REDUCE: Drawdown -15.9% exceeds soft limit -15.0%
2026-05-30 20:04:22 | risk_manager         | WARNING | REDUCE: Drawdown -15.7% exceeds soft limit -15.0%
2026-05-30 20:04:27 | risk_manager         | WARNING | REDUCE: Drawdown -15.9% exceeds soft limit -15.0%
2026-05-30 20:04:27 | risk_manager         | WARNING | REDUCE: Drawdown -16.9% exceeds soft limit -15.0%
2026-05-30 20:04:27 | risk_manager         | INFO    | TRAILING STOP: ADANIENT @ 93.82 (stop=95.72)
2026-05-30 20:04:27 | risk_manager         | INFO    | TRAILING STOP: MARUTI @ 3216.14 (stop=3217.95)
2026-05-30 20:04:27 | risk_manager         | INFO    | TRAILING STOP: KOTAKBANK @ 129.88 (stop=130.74)
2026-05-30 20:04:27 | risk_manager         | INFO    | TRAILING STOP: HDFCBANK @ 217.06 (stop=217.28)
2026-05-30 20:04:27 | risk_manager         | WARNING | REDUCE: Drawdown -17.5% exceeds soft limit -15.0%
2026-05-30 20:04:27 | risk_manager         | WARNING | REDUCE: Drawdown -17.1% exceeds soft limit -15.0%
2026-05-30 20:04:27 | risk_manager         | WARNING | REDUCE: Drawdown -16.7% exceeds soft limit -15.0%
2026-05-30 20:04:27 | risk_manager         | WARNING | REDUCE: Drawdown -17.1% exceeds soft limit -15.0%
2026-05-30 20:04:27 | risk_manager         | WARNING | REDUCE: Drawdown -16.8% exceeds soft limit -15.0%
2026-05-30 20:04:27 | risk_manager         | WARNING | REDUCE: Drawdown -16.6% exceeds soft limit -15.0%
2026-05-30 20:04:27 | risk_manager         | WARNING | REDUCE: Drawdown -16.4% exceeds soft limit -15.0%
2026-05-30 20:04:27 | risk_manager         | WARNING | REDUCE: Drawdown -16.1% exceeds soft limit -15.0%
2026-05-30 20:04:27 | risk_manager         | WARNING | REDUCE: Drawdown -16.1% exceeds soft limit -15.0%
2026-05-30 20:04:27 | risk_manager         | WARNING | REDUCE: Drawdown -16.0% exceeds soft limit -15.0%
2026-05-30 20:04:27 | risk_manager         | WARNING | REDUCE: Drawdown -16.0% exceeds soft limit -15.0%
2026-05-30 20:04:27 | risk_manager         | WARNING | REDUCE: Drawdown -15.8% exceeds soft limit -15.0%
2026-05-30 20:04:27 | risk_manager         | WARNING | REDUCE: Drawdown -15.7% exceeds soft limit -15.0%
2026-05-30 20:04:27 | risk_manager         | WARNING | REDUCE: Drawdown -15.8% exceeds soft limit -15.0%
2026-05-30 20:04:27 | risk_manager         | WARNING | REDUCE: Drawdown -15.8% exceeds soft limit -15.0%
2026-05-30 20:04:27 | risk_manager         | INFO    | TRAILING STOP: EICHERMOT @ 1667.27 (stop=1667.63)
2026-05-30 20:04:27 | risk_manager         | WARNING | REDUCE: Drawdown -15.7% exceeds soft limit -15.0%
2026-05-30 20:04:27 | risk_manager         | WARNING | REDUCE: Drawdown -16.0% exceeds soft limit -15.0%
2026-05-30 20:04:27 | risk_manager         | INFO    | TRAILING STOP: ADANIPORTS @ 295.15 (stop=299.53)
2026-05-30 20:04:27 | risk_manager         | INFO    | TRAILING STOP: NESTLEIND @ 293.25 (stop=294.27)
2026-05-30 20:04:27 | risk_manager         | WARNING | REDUCE: Drawdown -15.9% exceeds soft limit -15.0%
2026-05-30 20:04:32 | risk_manager         | WARNING | REDUCE: Drawdown -16.8% exceeds soft limit -15.0%
2026-05-30 20:04:32 | risk_manager         | INFO    | TRAILING STOP: ADANIENT @ 56.34 (stop=78.55)
2026-05-30 20:04:32 | risk_manager         | INFO    | TRAILING STOP: NESTLEIND @ 272.01 (stop=272.08)
2026-05-30 20:04:32 | risk_manager         | WARNING | REDUCE: Drawdown -17.7% exceeds soft limit -15.0%
2026-05-30 20:04:32 | risk_manager         | INFO    | TRAILING STOP: CIPLA @ 588.80 (stop=590.75)
2026-05-30 20:04:32 | risk_manager         | WARNING | REDUCE: Drawdown -17.5% exceeds soft limit -15.0%
2026-05-30 20:04:32 | risk_manager         | WARNING | REDUCE: Drawdown -17.5% exceeds soft limit -15.0%
2026-05-30 20:04:32 | risk_manager         | WARNING | REDUCE: Drawdown -17.7% exceeds soft limit -15.0%
2026-05-30 20:04:32 | risk_manager         | WARNING | REDUCE: Drawdown -17.7% exceeds soft limit -15.0%
2026-05-30 20:04:32 | risk_manager         | WARNING | REDUCE: Drawdown -17.6% exceeds soft limit -15.0%
2026-05-30 20:04:32 | risk_manager         | INFO    | TRAILING STOP: UPL @ 303.27 (stop=306.01)
2026-05-30 20:04:32 | risk_manager         | INFO    | TRAILING STOP: KOTAKBANK @ 127.17 (stop=130.23)
2026-05-30 20:04:32 | risk_manager         | WARNING | REDUCE: Drawdown -17.8% exceeds soft limit -15.0%
2026-05-30 20:04:32 | risk_manager         | WARNING | REDUCE: Drawdown -17.9% exceeds soft limit -15.0%
2026-05-30 20:04:32 | risk_manager         | WARNING | REDUCE: Drawdown -17.8% exceeds soft limit -15.0%
2026-05-30 20:04:32 | risk_manager         | INFO    | TRAILING STOP: DRREDDY @ 611.33 (stop=615.82)
2026-05-30 20:04:32 | risk_manager         | WARNING | REDUCE: Drawdown -17.9% exceeds soft limit -15.0%
2026-05-30 20:04:32 | risk_manager         | WARNING | REDUCE: Drawdown -17.7% exceeds soft limit -15.0%
2026-05-30 20:04:32 | risk_manager         | WARNING | REDUCE: Drawdown -17.6% exceeds soft limit -15.0%
2026-05-30 20:04:32 | risk_manager         | WARNING | REDUCE: Drawdown -17.5% exceeds soft limit -15.0%
2026-05-30 20:04:32 | risk_manager         | WARNING | REDUCE: Drawdown -17.2% exceeds soft limit -15.0%
2026-05-30 20:04:32 | risk_manager         | WARNING | REDUCE: Drawdown -17.2% exceeds soft limit -15.0%
2026-05-30 20:04:32 | risk_manager         | WARNING | REDUCE: Drawdown -17.4% exceeds soft limit -15.0%
2026-05-30 20:04:32 | risk_manager         | WARNING | REDUCE: Drawdown -17.3% exceeds soft limit -15.0%
2026-05-30 20:04:32 | risk_manager         | WARNING | REDUCE: Drawdown -17.2% exceeds soft limit -15.0%
2026-05-30 20:04:32 | risk_manager         | WARNING | REDUCE: Drawdown -17.2% exceeds soft limit -15.0%
2026-05-30 20:04:32 | risk_manager         | WARNING | REDUCE: Drawdown -17.1% exceeds soft limit -15.0%
2026-05-30 20:04:32 | risk_manager         | WARNING | REDUCE: Drawdown -17.0% exceeds soft limit -15.0%
2026-05-30 20:04:38 | risk_manager         | WARNING | REDUCE: Drawdown -17.1% exceeds soft limit -15.0%
2026-05-30 20:04:38 | risk_manager         | INFO    | TIME STOP: BPCL after 60 days (max=60)
2026-05-30 20:04:38 | risk_manager         | INFO    | TIME STOP: BRITANNIA after 60 days (max=60)
2026-05-30 20:04:38 | risk_manager         | INFO    | TIME STOP: BAJAJFINSV after 60 days (max=60)
2026-05-30 20:04:38 | risk_manager         | INFO    | TIME STOP: BAJFINANCE after 60 days (max=60)
2026-05-30 20:04:38 | risk_manager         | WARNING | REDUCE: Drawdown -16.9% exceeds soft limit -15.0%
2026-05-30 20:04:38 | risk_manager         | WARNING | REDUCE: Drawdown -16.9% exceeds soft limit -15.0%
2026-05-30 20:04:38 | risk_manager         | WARNING | REDUCE: Drawdown -16.9% exceeds soft limit -15.0%
2026-05-30 20:04:38 | risk_manager         | WARNING | REDUCE: Drawdown -17.0% exceeds soft limit -15.0%
2026-05-30 20:04:38 | risk_manager         | WARNING | REDUCE: Drawdown -17.1% exceeds soft limit -15.0%
2026-05-30 20:04:38 | risk_manager         | WARNING | REDUCE: Drawdown -17.1% exceeds soft limit -15.0%
2026-05-30 20:04:38 | risk_manager         | WARNING | REDUCE: Drawdown -17.0% exceeds soft limit -15.0%
2026-05-30 20:04:38 | risk_manager         | WARNING | REDUCE: Drawdown -16.9% exceeds soft limit -15.0%
2026-05-30 20:04:38 | risk_manager         | WARNING | REDUCE: Drawdown -16.9% exceeds soft limit -15.0%
2026-05-30 20:04:38 | risk_manager         | WARNING | REDUCE: Drawdown -16.6% exceeds soft limit -15.0%
2026-05-30 20:04:38 | risk_manager         | WARNING | REDUCE: Drawdown -16.6% exceeds soft limit -15.0%
2026-05-30 20:04:38 | risk_manager         | WARNING | REDUCE: Drawdown -16.5% exceeds soft limit -15.0%
2026-05-30 20:04:38 | risk_manager         | WARNING | REDUCE: Drawdown -16.7% exceeds soft limit -15.0%
2026-05-30 20:04:38 | risk_manager         | WARNING | REDUCE: Drawdown -16.6% exceeds soft limit -15.0%
2026-05-30 20:04:38 | risk_manager         | WARNING | REDUCE: Drawdown -16.6% exceeds soft limit -15.0%
2026-05-30 20:04:38 | risk_manager         | WARNING | REDUCE: Drawdown -16.6% exceeds soft limit -15.0%
2026-05-30 20:04:38 | risk_manager         | INFO    | TRAILING STOP: AXISBANK @ 542.35 (stop=556.62)
2026-05-30 20:04:38 | risk_manager         | INFO    | TRAILING STOP: BHARTIARTL @ 354.81 (stop=356.06)
2026-05-30 20:04:38 | risk_manager         | WARNING | REDUCE: Drawdown -16.9% exceeds soft limit -15.0%
2026-05-30 20:04:38 | risk_manager         | INFO    | TRAILING STOP: DRREDDY @ 701.11 (stop=701.97)
2026-05-30 20:04:38 | risk_manager         | WARNING | REDUCE: Drawdown -17.0% exceeds soft limit -15.0%
2026-05-30 20:04:38 | risk_manager         | WARNING | REDUCE: Drawdown -17.1% exceeds soft limit -15.0%
2026-05-30 20:04:38 | risk_manager         | WARNING | REDUCE: Drawdown -17.0% exceeds soft limit -15.0%
2026-05-30 20:04:38 | risk_manager         | WARNING | REDUCE: Drawdown -17.0% exceeds soft limit -15.0%
2026-05-30 20:04:38 | risk_manager         | INFO    | TRAILING STOP: KOTAKBANK @ 137.15 (stop=137.56)
2026-05-30 20:04:38 | risk_manager         | WARNING | REDUCE: Drawdown -17.0% exceeds soft limit -15.0%
2026-05-30 20:04:44 | risk_manager         | WARNING | REDUCE: Drawdown -17.1% exceeds soft limit -15.0%
2026-05-30 20:04:44 | risk_manager         | WARNING | REDUCE: Drawdown -17.1% exceeds soft limit -15.0%
2026-05-30 20:04:44 | risk_manager         | WARNING | REDUCE: Drawdown -17.1% exceeds soft limit -15.0%
2026-05-30 20:04:44 | risk_manager         | INFO    | TRAILING STOP: COALINDIA @ 175.66 (stop=176.58)
2026-05-30 20:04:44 | risk_manager         | WARNING | REDUCE: Drawdown -17.1% exceeds soft limit -15.0%
2026-05-30 20:04:44 | risk_manager         | WARNING | REDUCE: Drawdown -17.0% exceeds soft limit -15.0%
2026-05-30 20:04:44 | risk_manager         | WARNING | REDUCE: Drawdown -16.9% exceeds soft limit -15.0%
2026-05-30 20:04:44 | risk_manager         | INFO    | TRAILING STOP: HINDUNILVR @ 730.88 (stop=746.96)
2026-05-30 20:04:44 | risk_manager         | INFO    | TRAILING STOP: BPCL @ 74.99 (stop=76.98)
2026-05-30 20:04:44 | risk_manager         | WARNING | REDUCE: Drawdown -17.3% exceeds soft limit -15.0%
2026-05-30 20:04:44 | risk_manager         | WARNING | REDUCE: Drawdown -17.3% exceeds soft limit -15.0%
2026-05-30 20:04:44 | risk_manager         | WARNING | REDUCE: Drawdown -17.1% exceeds soft limit -15.0%
2026-05-30 20:04:44 | risk_manager         | WARNING | REDUCE: Drawdown -17.2% exceeds soft limit -15.0%
2026-05-30 20:04:44 | risk_manager         | INFO    | TRAILING STOP: CIPLA @ 640.42 (stop=651.89)
2026-05-30 20:04:44 | risk_manager         | WARNING | REDUCE: Drawdown -17.2% exceeds soft limit -15.0%
2026-05-30 20:04:44 | risk_manager         | WARNING | REDUCE: Drawdown -17.1% exceeds soft limit -15.0%
2026-05-30 20:04:44 | risk_manager         | INFO    | TRAILING STOP: BAJAJFINSV @ 187.02 (stop=187.44)
2026-05-30 20:04:44 | risk_manager         | WARNING | REDUCE: Drawdown -17.3% exceeds soft limit -15.0%
2026-05-30 20:04:44 | risk_manager         | INFO    | TRAILING STOP: INDUSINDBK @ 856.04 (stop=862.10)
2026-05-30 20:04:44 | risk_manager         | INFO    | TRAILING STOP: BRITANNIA @ 1397.56 (stop=1398.28)
2026-05-30 20:04:44 | risk_manager         | WARNING | REDUCE: Drawdown -17.4% exceeds soft limit -15.0%
2026-05-30 20:04:44 | risk_manager         | INFO    | TRAILING STOP: UPL @ 295.13 (stop=310.63)
2026-05-30 20:04:44 | risk_manager         | INFO    | TRAILING STOP: DIVISLAB @ 1028.95 (stop=1070.13)
2026-05-30 20:04:44 | risk_manager         | INFO    | TRAILING STOP: KOTAKBANK @ 128.68 (stop=133.79)
2026-05-30 20:04:44 | risk_manager         | INFO    | TRAILING STOP: HDFCBANK @ 234.27 (stop=241.59)
2026-05-30 20:04:44 | risk_manager         | INFO    | TRAILING STOP: BAJFINANCE @ 47.15 (stop=51.08)
2026-05-30 20:04:44 | risk_manager         | WARNING | REDUCE: Drawdown -18.3% exceeds soft limit -15.0%
2026-05-30 20:04:44 | risk_manager         | WARNING | REDUCE: Drawdown -18.5% exceeds soft limit -15.0%
2026-05-30 20:04:44 | risk_manager         | WARNING | REDUCE: Drawdown -18.5% exceeds soft limit -15.0%
2026-05-30 20:04:44 | risk_manager         | WARNING | REDUCE: Drawdown -18.5% exceeds soft limit -15.0%
2026-05-30 20:04:44 | risk_manager         | WARNING | REDUCE: Drawdown -18.4% exceeds soft limit -15.0%
2026-05-30 20:04:44 | risk_manager         | WARNING | REDUCE: Drawdown -18.4% exceeds soft limit -15.0%
2026-05-30 20:04:44 | risk_manager         | WARNING | REDUCE: Drawdown -18.4% exceeds soft limit -15.0%
2026-05-30 20:04:49 | risk_manager         | WARNING | REDUCE: Drawdown -18.7% exceeds soft limit -15.0%
2026-05-30 20:04:49 | risk_manager         | WARNING | REDUCE: Drawdown -18.6% exceeds soft limit -15.0%
2026-05-30 20:04:49 | risk_manager         | WARNING | REDUCE: Drawdown -18.7% exceeds soft limit -15.0%
2026-05-30 20:04:49 | risk_manager         | INFO    | TRAILING STOP: DRREDDY @ 738.03 (stop=755.13)
2026-05-30 20:04:49 | risk_manager         | WARNING | REDUCE: Drawdown -18.9% exceeds soft limit -15.0%
2026-05-30 20:04:49 | risk_manager         | WARNING | REDUCE: Drawdown -18.9% exceeds soft limit -15.0%
2026-05-30 20:04:49 | risk_manager         | WARNING | REDUCE: Drawdown -18.8% exceeds soft limit -15.0%
2026-05-30 20:04:49 | risk_manager         | WARNING | REDUCE: Drawdown -18.8% exceeds soft limit -15.0%
2026-05-30 20:04:49 | risk_manager         | WARNING | REDUCE: Drawdown -18.8% exceeds soft limit -15.0%
2026-05-30 20:04:49 | risk_manager         | WARNING | REDUCE: Drawdown -18.6% exceeds soft limit -15.0%
2026-05-30 20:04:49 | risk_manager         | WARNING | REDUCE: Drawdown -18.7% exceeds soft limit -15.0%
2026-05-30 20:04:49 | risk_manager         | WARNING | REDUCE: Drawdown -18.6% exceeds soft limit -15.0%
2026-05-30 20:04:49 | risk_manager         | WARNING | REDUCE: Drawdown -18.6% exceeds soft limit -15.0%
2026-05-30 20:04:49 | risk_manager         | WARNING | REDUCE: Drawdown -18.6% exceeds soft limit -15.0%
2026-05-30 20:04:49 | risk_manager         | WARNING | REDUCE: Drawdown -18.8% exceeds soft limit -15.0%
2026-05-30 20:04:49 | risk_manager         | WARNING | REDUCE: Drawdown -18.8% exceeds soft limit -15.0%
2026-05-30 20:04:49 | risk_manager         | INFO    | TRAILING STOP: ADANIPORTS @ 285.96 (stop=286.10)
2026-05-30 20:04:49 | risk_manager         | INFO    | TRAILING STOP: COALINDIA @ 134.87 (stop=135.11)
2026-05-30 20:04:49 | risk_manager         | WARNING | REDUCE: Drawdown -18.8% exceeds soft limit -15.0%
2026-05-30 20:04:49 | risk_manager         | WARNING | REDUCE: Drawdown -18.9% exceeds soft limit -15.0%
2026-05-30 20:04:49 | risk_manager         | WARNING | REDUCE: Drawdown -18.9% exceeds soft limit -15.0%
2026-05-30 20:04:49 | risk_manager         | WARNING | REDUCE: Drawdown -18.9% exceeds soft limit -15.0%
2026-05-30 20:04:49 | risk_manager         | WARNING | REDUCE: Drawdown -18.9% exceeds soft limit -15.0%
2026-05-30 20:04:55 | risk_manager         | WARNING | REDUCE: Drawdown -18.8% exceeds soft limit -15.0%
2026-05-30 20:04:55 | risk_manager         | WARNING | REDUCE: Drawdown -18.8% exceeds soft limit -15.0%
2026-05-30 20:04:55 | risk_manager         | WARNING | REDUCE: Drawdown -18.8% exceeds soft limit -15.0%
2026-05-30 20:04:55 | risk_manager         | WARNING | REDUCE: Drawdown -18.8% exceeds soft limit -15.0%
2026-05-30 20:04:55 | risk_manager         | WARNING | REDUCE: Drawdown -18.8% exceeds soft limit -15.0%
2026-05-30 20:04:55 | risk_manager         | WARNING | REDUCE: Drawdown -18.8% exceeds soft limit -15.0%
2026-05-30 20:04:55 | risk_manager         | WARNING | REDUCE: Drawdown -18.8% exceeds soft limit -15.0%
2026-05-30 20:04:55 | risk_manager         | WARNING | REDUCE: Drawdown -18.8% exceeds soft limit -15.0%
2026-05-30 20:04:55 | risk_manager         | WARNING | REDUCE: Drawdown -18.7% exceeds soft limit -15.0%
2026-05-30 20:04:55 | risk_manager         | WARNING | REDUCE: Drawdown -18.7% exceeds soft limit -15.0%
2026-05-30 20:04:55 | risk_manager         | WARNING | REDUCE: Drawdown -18.6% exceeds soft limit -15.0%
2026-05-30 20:04:55 | risk_manager         | WARNING | REDUCE: Drawdown -18.6% exceeds soft limit -15.0%
2026-05-30 20:04:55 | risk_manager         | WARNING | REDUCE: Drawdown -18.6% exceeds soft limit -15.0%
2026-05-30 20:04:55 | risk_manager         | WARNING | REDUCE: Drawdown -18.6% exceeds soft limit -15.0%
2026-05-30 20:04:55 | risk_manager         | WARNING | REDUCE: Drawdown -18.7% exceeds soft limit -15.0%
2026-05-30 20:04:55 | risk_manager         | WARNING | REDUCE: Drawdown -18.6% exceeds soft limit -15.0%
2026-05-30 20:04:55 | risk_manager         | WARNING | REDUCE: Drawdown -18.7% exceeds soft limit -15.0%
2026-05-30 20:04:55 | risk_manager         | INFO    | TRAILING STOP: AXISBANK @ 457.60 (stop=467.08)
2026-05-30 20:04:55 | risk_manager         | WARNING | REDUCE: Drawdown -18.8% exceeds soft limit -15.0%
2026-05-30 20:04:55 | risk_manager         | INFO    | TRAILING STOP: ADANIPORTS @ 280.66 (stop=282.30)
2026-05-30 20:04:55 | risk_manager         | WARNING | REDUCE: Drawdown -18.8% exceeds soft limit -15.0%
2026-05-30 20:04:55 | risk_manager         | INFO    | TIME STOP: BPCL after 62 days (max=60)
2026-05-30 20:04:55 | risk_manager         | INFO    | TIME STOP: ASIANPAINT after 62 days (max=60)
2026-05-30 20:04:55 | risk_manager         | INFO    | TIME STOP: BHARTIARTL after 62 days (max=60)
2026-05-30 20:04:55 | risk_manager         | INFO    | TIME STOP: ADANIENT after 62 days (max=60)
2026-05-30 20:04:55 | risk_manager         | INFO    | TIME STOP: BAJAJFINSV after 62 days (max=60)
2026-05-30 20:04:55 | risk_manager         | INFO    | TIME STOP: CIPLA after 62 days (max=60)
2026-05-30 20:04:55 | risk_manager         | INFO    | TIME STOP: BAJFINANCE after 62 days (max=60)
2026-05-30 20:04:55 | risk_manager         | WARNING | REDUCE: Drawdown -18.8% exceeds soft limit -15.0%
2026-05-30 20:05:01 | risk_manager         | WARNING | REDUCE: Drawdown -19.3% exceeds soft limit -15.0%
2026-05-30 20:05:01 | risk_manager         | WARNING | REDUCE: Drawdown -19.3% exceeds soft limit -15.0%
2026-05-30 20:05:01 | risk_manager         | WARNING | REDUCE: Drawdown -19.4% exceeds soft limit -15.0%
2026-05-30 20:05:01 | risk_manager         | INFO    | TRAILING STOP: DRREDDY @ 678.96 (stop=761.72)
2026-05-30 20:05:01 | risk_manager         | WARNING | REDUCE: Drawdown -19.4% exceeds soft limit -15.0%
2026-05-30 20:05:01 | risk_manager         | WARNING | REDUCE: Drawdown -19.5% exceeds soft limit -15.0%
2026-05-30 20:05:01 | risk_manager         | INFO    | TRAILING STOP: ADANIPORTS @ 251.62 (stop=259.77)
2026-05-30 20:05:01 | risk_manager         | INFO    | TRAILING STOP: ADANIENT @ 40.30 (stop=41.37)
2026-05-30 20:05:01 | risk_manager         | WARNING | REDUCE: Drawdown -19.7% exceeds soft limit -15.0%
2026-05-30 20:05:01 | risk_manager         | INFO    | TRAILING STOP: CIPLA @ 578.70 (stop=600.89)
2026-05-30 20:05:01 | risk_manager         | WARNING | REDUCE: Drawdown -19.7% exceeds soft limit -15.0%
2026-05-30 20:05:01 | risk_manager         | WARNING | REDUCE: Drawdown -19.7% exceeds soft limit -15.0%
2026-05-30 20:05:01 | risk_manager         | WARNING | REDUCE: Drawdown -19.7% exceeds soft limit -15.0%
2026-05-30 20:05:01 | risk_manager         | WARNING | REDUCE: Drawdown -19.7% exceeds soft limit -15.0%
2026-05-30 20:05:01 | risk_manager         | WARNING | REDUCE: Drawdown -19.7% exceeds soft limit -15.0%
2026-05-30 20:05:01 | risk_manager         | WARNING | REDUCE: Drawdown -19.6% exceeds soft limit -15.0%
2026-05-30 20:05:01 | risk_manager         | WARNING | REDUCE: Drawdown -19.6% exceeds soft limit -15.0%
2026-05-30 20:05:01 | risk_manager         | WARNING | REDUCE: Drawdown -19.6% exceeds soft limit -15.0%
2026-05-30 20:05:01 | risk_manager         | WARNING | REDUCE: Drawdown -19.6% exceeds soft limit -15.0%
2026-05-30 20:05:01 | risk_manager         | WARNING | REDUCE: Drawdown -19.6% exceeds soft limit -15.0%
2026-05-30 20:05:01 | risk_manager         | INFO    | TIME STOP: COALINDIA after 60 days (max=60)
2026-05-30 20:05:01 | risk_manager         | WARNING | REDUCE: Drawdown -19.6% exceeds soft limit -15.0%
2026-05-30 20:05:01 | risk_manager         | WARNING | REDUCE: Drawdown -19.6% exceeds soft limit -15.0%
2026-05-30 20:05:06 | risk_manager         | WARNING | REDUCE: Drawdown -19.7% exceeds soft limit -15.0%
2026-05-30 20:05:06 | risk_manager         | INFO    | TRAILING STOP: BHARTIARTL @ 272.79 (stop=275.47)
2026-05-30 20:05:06 | risk_manager         | WARNING | REDUCE: Drawdown -19.8% exceeds soft limit -15.0%
2026-05-30 20:05:06 | risk_manager         | WARNING | REDUCE: Drawdown -19.9% exceeds soft limit -15.0%
2026-05-30 20:05:06 | risk_manager         | WARNING | REDUCE: Drawdown -19.9% exceeds soft limit -15.0%
2026-05-30 20:05:06 | risk_manager         | INFO    | TRAILING STOP: COALINDIA @ 134.70 (stop=135.67)
2026-05-30 20:05:06 | risk_manager         | WARNING | REDUCE: Drawdown -20.0% exceeds soft limit -15.0%
2026-05-30 20:05:06 | risk_manager         | INFO    | TRAILING STOP: BAJAJFINSV @ 186.49 (stop=188.92)
2026-05-30 20:05:06 | risk_manager         | INFO    | TRAILING STOP: ADANIPORTS @ 231.16 (stop=232.40)
2026-05-30 20:05:06 | risk_manager         | INFO    | TRAILING STOP: CIPLA @ 584.23 (stop=585.04)
2026-05-30 20:05:06 | risk_manager         | WARNING | REDUCE: Drawdown -20.2% exceeds soft limit -15.0%
2026-05-30 20:05:06 | risk_manager         | WARNING | REDUCE: Drawdown -20.2% exceeds soft limit -15.0%
2026-05-30 20:05:06 | risk_manager         | INFO    | TRAILING STOP: AXISBANK @ 429.99 (stop=436.52)
2026-05-30 20:05:06 | risk_manager         | INFO    | TRAILING STOP: ADANIENT @ 38.48 (stop=39.22)
2026-05-30 20:05:06 | risk_manager         | WARNING | REDUCE: Drawdown -20.3% exceeds soft limit -15.0%
2026-05-30 20:05:06 | risk_manager         | WARNING | REDUCE: Drawdown -20.3% exceeds soft limit -15.0%
2026-05-30 20:05:06 | risk_manager         | WARNING | REDUCE: Drawdown -20.3% exceeds soft limit -15.0%
2026-05-30 20:05:06 | risk_manager         | WARNING | REDUCE: Drawdown -20.3% exceeds soft limit -15.0%
2026-05-30 20:05:06 | risk_manager         | WARNING | REDUCE: Drawdown -20.3% exceeds soft limit -15.0%
2026-05-30 20:05:06 | risk_manager         | WARNING | REDUCE: Drawdown -20.3% exceeds soft limit -15.0%
2026-05-30 20:05:06 | risk_manager         | WARNING | REDUCE: Drawdown -20.2% exceeds soft limit -15.0%
2026-05-30 20:05:06 | risk_manager         | WARNING | REDUCE: Drawdown -20.2% exceeds soft limit -15.0%
2026-05-30 20:05:06 | risk_manager         | WARNING | REDUCE: Drawdown -20.2% exceeds soft limit -15.0%
2026-05-30 20:05:06 | risk_manager         | WARNING | REDUCE: Drawdown -20.2% exceeds soft limit -15.0%
2026-05-30 20:05:06 | risk_manager         | WARNING | REDUCE: Drawdown -20.2% exceeds soft limit -15.0%
2026-05-30 20:05:06 | risk_manager         | WARNING | REDUCE: Drawdown -20.2% exceeds soft limit -15.0%
2026-05-30 20:05:06 | risk_manager         | WARNING | REDUCE: Drawdown -20.2% exceeds soft limit -15.0%
2026-05-30 20:05:06 | risk_manager         | WARNING | REDUCE: Drawdown -20.2% exceeds soft limit -15.0%
2026-05-30 20:05:06 | risk_manager         | INFO    | TIME STOP: BPCL after 60 days (max=60)
2026-05-30 20:05:06 | risk_manager         | INFO    | TIME STOP: ASIANPAINT after 60 days (max=60)
2026-05-30 20:05:06 | risk_manager         | INFO    | TIME STOP: BAJFINANCE after 60 days (max=60)
2026-05-30 20:05:06 | risk_manager         | WARNING | REDUCE: Drawdown -20.2% exceeds soft limit -15.0%
2026-05-30 20:05:12 | risk_manager         | WARNING | REDUCE: Drawdown -20.7% exceeds soft limit -15.0%
2026-05-30 20:05:12 | risk_manager         | WARNING | REDUCE: Drawdown -20.7% exceeds soft limit -15.0%
2026-05-30 20:05:12 | risk_manager         | INFO    | TRAILING STOP: ADANIPORTS @ 238.55 (stop=239.03)
2026-05-30 20:05:12 | risk_manager         | WARNING | REDUCE: Drawdown -20.7% exceeds soft limit -15.0%
2026-05-30 20:05:12 | risk_manager         | INFO    | TRAILING STOP: ADANIENT @ 42.23 (stop=43.28)
2026-05-30 20:05:12 | risk_manager         | INFO    | TRAILING STOP: AXISBANK @ 399.35 (stop=418.85)
2026-05-30 20:05:12 | risk_manager         | WARNING | REDUCE: Drawdown -20.9% exceeds soft limit -15.0%
2026-05-30 20:05:12 | risk_manager         | INFO    | TRAILING STOP: CIPLA @ 582.87 (stop=591.65)
2026-05-30 20:05:12 | risk_manager         | WARNING | REDUCE: Drawdown -20.9% exceeds soft limit -15.0%
2026-05-30 20:05:12 | risk_manager         | INFO    | TRAILING STOP: DIVISLAB @ 1017.02 (stop=1019.55)
2026-05-30 20:05:12 | risk_manager         | INFO    | TRAILING STOP: BHARTIARTL @ 274.16 (stop=274.17)
2026-05-30 20:05:12 | risk_manager         | WARNING | REDUCE: Drawdown -21.0% exceeds soft limit -15.0%
2026-05-30 20:05:12 | risk_manager         | WARNING | REDUCE: Drawdown -21.1% exceeds soft limit -15.0%
2026-05-30 20:05:12 | risk_manager         | WARNING | REDUCE: Drawdown -21.1% exceeds soft limit -15.0%
2026-05-30 20:05:12 | risk_manager         | WARNING | REDUCE: Drawdown -21.1% exceeds soft limit -15.0%
2026-05-30 20:05:12 | risk_manager         | INFO    | TRAILING STOP: BAJFINANCE @ 57.84 (stop=58.54)
2026-05-30 20:05:12 | risk_manager         | WARNING | REDUCE: Drawdown -21.1% exceeds soft limit -15.0%
2026-05-30 20:05:12 | risk_manager         | INFO    | TRAILING STOP: ASIANPAINT @ 783.94 (stop=798.78)
2026-05-30 20:05:12 | risk_manager         | INFO    | TRAILING STOP: COALINDIA @ 131.67 (stop=133.77)
2026-05-30 20:05:12 | risk_manager         | INFO    | TRAILING STOP: BAJAJFINSV @ 182.29 (stop=187.57)
2026-05-30 20:05:12 | risk_manager         | WARNING | REDUCE: Drawdown -21.2% exceeds soft limit -15.0%
2026-05-30 20:05:12 | risk_manager         | WARNING | REDUCE: Drawdown -21.3% exceeds soft limit -15.0%
2026-05-30 20:05:12 | risk_manager         | INFO    | TRAILING STOP: BPCL @ 78.33 (stop=78.79)
2026-05-30 20:05:12 | risk_manager         | WARNING | REDUCE: Drawdown -21.3% exceeds soft limit -15.0%
2026-05-30 20:05:12 | risk_manager         | WARNING | REDUCE: Drawdown -21.4% exceeds soft limit -15.0%
2026-05-30 20:05:12 | risk_manager         | WARNING | REDUCE: Drawdown -21.4% exceeds soft limit -15.0%
2026-05-30 20:05:12 | risk_manager         | WARNING | REDUCE: Drawdown -21.4% exceeds soft limit -15.0%
2026-05-30 20:05:12 | risk_manager         | WARNING | REDUCE: Drawdown -21.4% exceeds soft limit -15.0%
2026-05-30 20:05:12 | risk_manager         | WARNING | REDUCE: Drawdown -21.4% exceeds soft limit -15.0%
2026-05-30 20:05:12 | risk_manager         | WARNING | REDUCE: Drawdown -21.4% exceeds soft limit -15.0%
2026-05-30 20:05:12 | risk_manager         | WARNING | REDUCE: Drawdown -21.4% exceeds soft limit -15.0%
2026-05-30 20:05:19 | risk_manager         | WARNING | REDUCE: Drawdown -21.8% exceeds soft limit -15.0%
2026-05-30 20:05:19 | risk_manager         | WARNING | REDUCE: Drawdown -21.8% exceeds soft limit -15.0%
2026-05-30 20:05:19 | risk_manager         | INFO    | TRAILING STOP: CIPLA @ 515.48 (stop=525.06)
2026-05-30 20:05:19 | risk_manager         | WARNING | REDUCE: Drawdown -21.8% exceeds soft limit -15.0%
2026-05-30 20:05:19 | risk_manager         | WARNING | REDUCE: Drawdown -21.7% exceeds soft limit -15.0%
2026-05-30 20:05:19 | risk_manager         | WARNING | REDUCE: Drawdown -21.7% exceeds soft limit -15.0%
2026-05-30 20:05:19 | risk_manager         | INFO    | TRAILING STOP: DIVISLAB @ 956.11 (stop=977.19)
2026-05-30 20:05:19 | risk_manager         | WARNING | REDUCE: Drawdown -21.8% exceeds soft limit -15.0%
2026-05-30 20:05:19 | risk_manager         | WARNING | REDUCE: Drawdown -21.9% exceeds soft limit -15.0%
2026-05-30 20:05:19 | risk_manager         | INFO    | TRAILING STOP: ADANIPORTS @ 177.01 (stop=186.49)
2026-05-30 20:05:19 | risk_manager         | INFO    | TRAILING STOP: BAJFINANCE @ 59.81 (stop=60.03)
2026-05-30 20:05:19 | risk_manager         | INFO    | TRAILING STOP: BAJAJFINSV @ 168.83 (stop=175.56)
2026-05-30 20:05:19 | risk_manager         | WARNING | REDUCE: Drawdown -22.1% exceeds soft limit -15.0%
2026-05-30 20:05:19 | risk_manager         | INFO    | TRAILING STOP: BPCL @ 69.35 (stop=72.29)
2026-05-30 20:05:19 | risk_manager         | INFO    | TRAILING STOP: ADANIENT @ 33.91 (stop=34.39)
2026-05-30 20:05:19 | risk_manager         | WARNING | REDUCE: Drawdown -22.3% exceeds soft limit -15.0%
2026-05-30 20:05:19 | risk_manager         | WARNING | REDUCE: Drawdown -22.2% exceeds soft limit -15.0%
2026-05-30 20:05:19 | risk_manager         | INFO    | TRAILING STOP: ASIANPAINT @ 774.72 (stop=777.56)
2026-05-30 20:05:19 | risk_manager         | WARNING | REDUCE: Drawdown -22.3% exceeds soft limit -15.0%
2026-05-30 20:05:19 | risk_manager         | WARNING | REDUCE: Drawdown -22.3% exceeds soft limit -15.0%
2026-05-30 20:05:19 | risk_manager         | WARNING | REDUCE: Drawdown -22.3% exceeds soft limit -15.0%
2026-05-30 20:05:19 | risk_manager         | WARNING | REDUCE: Drawdown -22.3% exceeds soft limit -15.0%
2026-05-30 20:05:19 | risk_manager         | WARNING | REDUCE: Drawdown -22.3% exceeds soft limit -15.0%
2026-05-30 20:05:19 | risk_manager         | WARNING | REDUCE: Drawdown -22.4% exceeds soft limit -15.0%
2026-05-30 20:05:19 | risk_manager         | INFO    | TRAILING STOP: COALINDIA @ 125.06 (stop=126.71)
2026-05-30 20:05:19 | risk_manager         | WARNING | REDUCE: Drawdown -22.4% exceeds soft limit -15.0%
2026-05-30 20:05:19 | risk_manager         | WARNING | REDUCE: Drawdown -22.4% exceeds soft limit -15.0%
2026-05-30 20:05:19 | risk_manager         | WARNING | REDUCE: Drawdown -22.4% exceeds soft limit -15.0%
2026-05-30 20:05:19 | risk_manager         | INFO    | TRAILING STOP: AXISBANK @ 366.66 (stop=368.21)
2026-05-30 20:05:19 | risk_manager         | WARNING | REDUCE: Drawdown -22.5% exceeds soft limit -15.0%
2026-05-30 20:05:19 | risk_manager         | WARNING | REDUCE: Drawdown -22.5% exceeds soft limit -15.0%
2026-05-30 20:05:25 | risk_manager         | WARNING | REDUCE: Drawdown -22.6% exceeds soft limit -15.0%
2026-05-30 20:05:25 | risk_manager         | WARNING | REDUCE: Drawdown -22.5% exceeds soft limit -15.0%
2026-05-30 20:05:25 | risk_manager         | WARNING | REDUCE: Drawdown -22.4% exceeds soft limit -15.0%
2026-05-30 20:05:25 | risk_manager         | WARNING | REDUCE: Drawdown -22.4% exceeds soft limit -15.0%
2026-05-30 20:05:25 | risk_manager         | WARNING | REDUCE: Drawdown -22.4% exceeds soft limit -15.0%
2026-05-30 20:05:25 | risk_manager         | WARNING | REDUCE: Drawdown -22.4% exceeds soft limit -15.0%
2026-05-30 20:05:25 | risk_manager         | WARNING | REDUCE: Drawdown -22.4% exceeds soft limit -15.0%
2026-05-30 20:05:25 | risk_manager         | WARNING | REDUCE: Drawdown -22.4% exceeds soft limit -15.0%
2026-05-30 20:05:25 | risk_manager         | WARNING | REDUCE: Drawdown -22.4% exceeds soft limit -15.0%
2026-05-30 20:05:25 | risk_manager         | WARNING | REDUCE: Drawdown -22.4% exceeds soft limit -15.0%
2026-05-30 20:05:25 | risk_manager         | WARNING | REDUCE: Drawdown -22.4% exceeds soft limit -15.0%
2026-05-30 20:05:25 | risk_manager         | WARNING | REDUCE: Drawdown -22.3% exceeds soft limit -15.0%
2026-05-30 20:05:25 | risk_manager         | WARNING | REDUCE: Drawdown -22.2% exceeds soft limit -15.0%
2026-05-30 20:05:25 | risk_manager         | WARNING | REDUCE: Drawdown -22.3% exceeds soft limit -15.0%
2026-05-30 20:05:25 | risk_manager         | WARNING | REDUCE: Drawdown -22.2% exceeds soft limit -15.0%
2026-05-30 20:05:25 | risk_manager         | WARNING | REDUCE: Drawdown -22.3% exceeds soft limit -15.0%
2026-05-30 20:05:25 | risk_manager         | INFO    | TRAILING STOP: DRREDDY @ 550.05 (stop=566.87)
2026-05-30 20:05:25 | risk_manager         | WARNING | REDUCE: Drawdown -22.4% exceeds soft limit -15.0%
2026-05-30 20:05:25 | risk_manager         | WARNING | REDUCE: Drawdown -22.2% exceeds soft limit -15.0%
2026-05-30 20:05:25 | risk_manager         | WARNING | REDUCE: Drawdown -22.2% exceeds soft limit -15.0%
2026-05-30 20:05:25 | risk_manager         | INFO    | TIME STOP: BHARTIARTL after 60 days (max=60)
2026-05-30 20:05:25 | risk_manager         | WARNING | REDUCE: Drawdown -22.2% exceeds soft limit -15.0%
2026-05-30 20:05:31 | risk_manager         | WARNING | REDUCE: Drawdown -22.2% exceeds soft limit -15.0%
2026-05-30 20:05:31 | risk_manager         | WARNING | REDUCE: Drawdown -22.4% exceeds soft limit -15.0%
2026-05-30 20:05:31 | risk_manager         | WARNING | REDUCE: Drawdown -22.4% exceeds soft limit -15.0%
2026-05-30 20:05:31 | risk_manager         | INFO    | TRAILING STOP: ADANIPORTS @ 206.32 (stop=212.11)
2026-05-30 20:05:31 | risk_manager         | WARNING | REDUCE: Drawdown -22.4% exceeds soft limit -15.0%
2026-05-30 20:05:31 | risk_manager         | WARNING | REDUCE: Drawdown -22.4% exceeds soft limit -15.0%
2026-05-30 20:05:31 | risk_manager         | WARNING | REDUCE: Drawdown -22.3% exceeds soft limit -15.0%
2026-05-30 20:05:31 | risk_manager         | WARNING | REDUCE: Drawdown -22.3% exceeds soft limit -15.0%
2026-05-30 20:05:31 | risk_manager         | WARNING | REDUCE: Drawdown -22.2% exceeds soft limit -15.0%
2026-05-30 20:05:31 | risk_manager         | WARNING | REDUCE: Drawdown -22.1% exceeds soft limit -15.0%
2026-05-30 20:05:31 | risk_manager         | WARNING | REDUCE: Drawdown -22.0% exceeds soft limit -15.0%
2026-05-30 20:05:31 | risk_manager         | WARNING | REDUCE: Drawdown -22.0% exceeds soft limit -15.0%
2026-05-30 20:05:31 | risk_manager         | WARNING | REDUCE: Drawdown -22.0% exceeds soft limit -15.0%
2026-05-30 20:05:31 | risk_manager         | WARNING | REDUCE: Drawdown -22.0% exceeds soft limit -15.0%
2026-05-30 20:05:31 | risk_manager         | WARNING | REDUCE: Drawdown -22.0% exceeds soft limit -15.0%
2026-05-30 20:05:31 | risk_manager         | WARNING | REDUCE: Drawdown -21.9% exceeds soft limit -15.0%
2026-05-30 20:05:31 | risk_manager         | WARNING | REDUCE: Drawdown -22.0% exceeds soft limit -15.0%
2026-05-30 20:05:31 | risk_manager         | WARNING | REDUCE: Drawdown -22.0% exceeds soft limit -15.0%
2026-05-30 20:05:31 | risk_manager         | INFO    | TIME STOP: BPCL after 62 days (max=60)
2026-05-30 20:05:31 | risk_manager         | INFO    | TIME STOP: ASIANPAINT after 62 days (max=60)
2026-05-30 20:05:31 | risk_manager         | INFO    | TIME STOP: DIVISLAB after 62 days (max=60)
2026-05-30 20:05:31 | risk_manager         | INFO    | TIME STOP: COALINDIA after 62 days (max=60)
2026-05-30 20:05:31 | risk_manager         | INFO    | TIME STOP: ADANIENT after 62 days (max=60)
2026-05-30 20:05:31 | risk_manager         | INFO    | TIME STOP: BAJAJFINSV after 62 days (max=60)
2026-05-30 20:05:31 | risk_manager         | INFO    | TIME STOP: CIPLA after 62 days (max=60)
2026-05-30 20:05:31 | risk_manager         | INFO    | TIME STOP: BAJFINANCE after 62 days (max=60)
2026-05-30 20:05:31 | risk_manager         | INFO    | TIME STOP: AXISBANK after 62 days (max=60)
2026-05-30 20:05:31 | risk_manager         | WARNING | REDUCE: Drawdown -22.0% exceeds soft limit -15.0%
2026-05-30 20:05:37 | risk_manager         | WARNING | REDUCE: Drawdown -22.5% exceeds soft limit -15.0%
2026-05-30 20:05:37 | risk_manager         | INFO    | TRAILING STOP: ADANIPORTS @ 198.18 (stop=205.51)
2026-05-30 20:05:37 | risk_manager         | WARNING | REDUCE: Drawdown -22.7% exceeds soft limit -15.0%
2026-05-30 20:05:37 | risk_manager         | INFO    | TRAILING STOP: ADANIENT @ 41.69 (stop=42.10)
2026-05-30 20:05:37 | risk_manager         | WARNING | REDUCE: Drawdown -22.7% exceeds soft limit -15.0%
2026-05-30 20:05:37 | risk_manager         | INFO    | TRAILING STOP: DRREDDY @ 536.02 (stop=546.87)
2026-05-30 20:05:37 | risk_manager         | WARNING | REDUCE: Drawdown -22.7% exceeds soft limit -15.0%
2026-05-30 20:05:37 | risk_manager         | WARNING | REDUCE: Drawdown -22.7% exceeds soft limit -15.0%
2026-05-30 20:05:37 | risk_manager         | WARNING | REDUCE: Drawdown -22.7% exceeds soft limit -15.0%
2026-05-30 20:05:37 | risk_manager         | WARNING | REDUCE: Drawdown -22.7% exceeds soft limit -15.0%
2026-05-30 20:05:37 | risk_manager         | WARNING | REDUCE: Drawdown -22.6% exceeds soft limit -15.0%
2026-05-30 20:05:37 | risk_manager         | WARNING | REDUCE: Drawdown -22.7% exceeds soft limit -15.0%
2026-05-30 20:05:37 | risk_manager         | WARNING | REDUCE: Drawdown -22.7% exceeds soft limit -15.0%
2026-05-30 20:05:37 | risk_manager         | WARNING | REDUCE: Drawdown -22.7% exceeds soft limit -15.0%
2026-05-30 20:05:37 | risk_manager         | WARNING | REDUCE: Drawdown -22.7% exceeds soft limit -15.0%
2026-05-30 20:05:37 | risk_manager         | INFO    | TRAILING STOP: BHARTIARTL @ 294.35 (stop=294.71)
2026-05-30 20:05:37 | risk_manager         | INFO    | TRAILING STOP: HINDUNILVR @ 693.38 (stop=697.65)
2026-05-30 20:05:37 | risk_manager         | WARNING | REDUCE: Drawdown -22.8% exceeds soft limit -15.0%
2026-05-30 20:05:37 | risk_manager         | INFO    | TRAILING STOP: CIPLA @ 474.93 (stop=478.49)
2026-05-30 20:05:37 | risk_manager         | INFO    | TRAILING STOP: BAJAJFINSV @ 179.79 (stop=179.80)
2026-05-30 20:05:37 | risk_manager         | INFO    | TRAILING STOP: RELIANCE @ 204.71 (stop=206.94)
2026-05-30 20:05:37 | risk_manager         | WARNING | REDUCE: Drawdown -22.9% exceeds soft limit -15.0%
2026-05-30 20:05:37 | risk_manager         | WARNING | REDUCE: Drawdown -23.0% exceeds soft limit -15.0%
2026-05-30 20:05:37 | risk_manager         | INFO    | TRAILING STOP: BPCL @ 80.76 (stop=82.18)
2026-05-30 20:05:37 | risk_manager         | WARNING | REDUCE: Drawdown -23.0% exceeds soft limit -15.0%
2026-05-30 20:05:37 | risk_manager         | WARNING | REDUCE: Drawdown -23.1% exceeds soft limit -15.0%
2026-05-30 20:05:37 | risk_manager         | WARNING | REDUCE: Drawdown -23.0% exceeds soft limit -15.0%
2026-05-30 20:05:37 | risk_manager         | WARNING | REDUCE: Drawdown -23.0% exceeds soft limit -15.0%
2026-05-30 20:05:37 | risk_manager         | WARNING | REDUCE: Drawdown -23.0% exceeds soft limit -15.0%
2026-05-30 20:05:37 | risk_manager         | WARNING | REDUCE: Drawdown -23.0% exceeds soft limit -15.0%
2026-05-30 20:05:37 | risk_manager         | WARNING | REDUCE: Drawdown -22.9% exceeds soft limit -15.0%
2026-05-30 20:05:44 | risk_manager         | WARNING | REDUCE: Drawdown -23.0% exceeds soft limit -15.0%
2026-05-30 20:05:44 | risk_manager         | WARNING | REDUCE: Drawdown -23.0% exceeds soft limit -15.0%
2026-05-30 20:05:44 | risk_manager         | WARNING | REDUCE: Drawdown -23.1% exceeds soft limit -15.0%
2026-05-30 20:05:44 | risk_manager         | WARNING | REDUCE: Drawdown -23.1% exceeds soft limit -15.0%
2026-05-30 20:05:44 | risk_manager         | WARNING | REDUCE: Drawdown -23.1% exceeds soft limit -15.0%
2026-05-30 20:05:44 | risk_manager         | INFO    | TRAILING STOP: INFY @ 457.73 (stop=461.08)
2026-05-30 20:05:44 | risk_manager         | WARNING | REDUCE: Drawdown -23.4% exceeds soft limit -15.0%
2026-05-30 20:05:44 | risk_manager         | WARNING | REDUCE: Drawdown -23.6% exceeds soft limit -15.0%
2026-05-30 20:05:44 | risk_manager         | WARNING | REDUCE: Drawdown -23.7% exceeds soft limit -15.0%
2026-05-30 20:05:44 | risk_manager         | INFO    | TRAILING STOP: ASIANPAINT @ 909.51 (stop=913.21)
2026-05-30 20:05:44 | risk_manager         | INFO    | TRAILING STOP: HEROMOTOCO @ 2181.50 (stop=2192.05)
2026-05-30 20:05:44 | risk_manager         | WARNING | REDUCE: Drawdown -23.7% exceeds soft limit -15.0%
2026-05-30 20:05:44 | risk_manager         | WARNING | REDUCE: Drawdown -23.4% exceeds soft limit -15.0%
2026-05-30 20:05:44 | risk_manager         | WARNING | REDUCE: Drawdown -23.5% exceeds soft limit -15.0%
2026-05-30 20:05:44 | risk_manager         | WARNING | REDUCE: Drawdown -23.4% exceeds soft limit -15.0%
2026-05-30 20:05:44 | risk_manager         | WARNING | REDUCE: Drawdown -23.4% exceeds soft limit -15.0%
2026-05-30 20:05:44 | risk_manager         | INFO    | TRAILING STOP: UPL @ 342.10 (stop=343.69)
2026-05-30 20:05:44 | risk_manager         | WARNING | REDUCE: Drawdown -23.4% exceeds soft limit -15.0%
2026-05-30 20:05:44 | risk_manager         | WARNING | REDUCE: Drawdown -23.5% exceeds soft limit -15.0%
2026-05-30 20:05:44 | risk_manager         | WARNING | REDUCE: Drawdown -23.3% exceeds soft limit -15.0%
2026-05-30 20:05:44 | risk_manager         | WARNING | REDUCE: Drawdown -23.5% exceeds soft limit -15.0%
2026-05-30 20:05:44 | risk_manager         | INFO    | TRAILING STOP: TCS @ 984.07 (stop=998.64)
2026-05-30 20:05:44 | risk_manager         | WARNING | REDUCE: Drawdown -23.3% exceeds soft limit -15.0%
2026-05-30 20:05:44 | risk_manager         | WARNING | REDUCE: Drawdown -23.1% exceeds soft limit -15.0%
2026-05-30 20:05:44 | risk_manager         | WARNING | REDUCE: Drawdown -22.8% exceeds soft limit -15.0%
2026-05-30 20:05:44 | risk_manager         | WARNING | REDUCE: Drawdown -22.4% exceeds soft limit -15.0%
2026-05-30 20:05:44 | risk_manager         | INFO    | TIME STOP: BAJFINANCE after 60 days (max=60)
2026-05-30 20:05:44 | risk_manager         | WARNING | REDUCE: Drawdown -22.3% exceeds soft limit -15.0%
2026-05-30 20:05:50 | risk_manager         | WARNING | REDUCE: Drawdown -22.7% exceeds soft limit -15.0%
2026-05-30 20:05:50 | risk_manager         | WARNING | REDUCE: Drawdown -22.9% exceeds soft limit -15.0%
2026-05-30 20:05:50 | risk_manager         | WARNING | REDUCE: Drawdown -22.9% exceeds soft limit -15.0%
2026-05-30 20:05:50 | risk_manager         | WARNING | REDUCE: Drawdown -22.8% exceeds soft limit -15.0%
2026-05-30 20:05:50 | risk_manager         | WARNING | REDUCE: Drawdown -22.4% exceeds soft limit -15.0%
2026-05-30 20:05:50 | risk_manager         | WARNING | REDUCE: Drawdown -22.3% exceeds soft limit -15.0%
2026-05-30 20:05:50 | risk_manager         | WARNING | REDUCE: Drawdown -22.5% exceeds soft limit -15.0%
2026-05-30 20:05:50 | risk_manager         | WARNING | REDUCE: Drawdown -22.3% exceeds soft limit -15.0%
2026-05-30 20:05:50 | risk_manager         | WARNING | REDUCE: Drawdown -22.1% exceeds soft limit -15.0%
2026-05-30 20:05:50 | risk_manager         | WARNING | REDUCE: Drawdown -22.1% exceeds soft limit -15.0%
2026-05-30 20:05:50 | risk_manager         | WARNING | REDUCE: Drawdown -22.0% exceeds soft limit -15.0%
2026-05-30 20:05:50 | risk_manager         | WARNING | REDUCE: Drawdown -21.9% exceeds soft limit -15.0%
2026-05-30 20:05:50 | risk_manager         | WARNING | REDUCE: Drawdown -21.9% exceeds soft limit -15.0%
2026-05-30 20:05:50 | risk_manager         | WARNING | REDUCE: Drawdown -21.7% exceeds soft limit -15.0%
2026-05-30 20:05:50 | risk_manager         | WARNING | REDUCE: Drawdown -21.5% exceeds soft limit -15.0%
2026-05-30 20:05:50 | risk_manager         | WARNING | REDUCE: Drawdown -21.3% exceeds soft limit -15.0%
2026-05-30 20:05:50 | risk_manager         | WARNING | REDUCE: Drawdown -21.2% exceeds soft limit -15.0%
2026-05-30 20:05:50 | risk_manager         | WARNING | REDUCE: Drawdown -21.0% exceeds soft limit -15.0%
2026-05-30 20:05:50 | risk_manager         | WARNING | REDUCE: Drawdown -20.9% exceeds soft limit -15.0%
2026-05-30 20:05:50 | risk_manager         | INFO    | TIME STOP: BPCL after 61 days (max=60)
2026-05-30 20:05:50 | risk_manager         | INFO    | TIME STOP: DIVISLAB after 61 days (max=60)
2026-05-30 20:05:50 | risk_manager         | INFO    | TIME STOP: INDUSINDBK after 61 days (max=60)
2026-05-30 20:05:50 | risk_manager         | INFO    | TIME STOP: HDFCBANK after 61 days (max=60)
2026-05-30 20:05:50 | risk_manager         | INFO    | TIME STOP: BAJAJFINSV after 61 days (max=60)
2026-05-30 20:05:50 | risk_manager         | INFO    | TIME STOP: JSWSTEEL after 61 days (max=60)
2026-05-30 20:05:50 | risk_manager         | INFO    | TIME STOP: GRASIM after 61 days (max=60)
2026-05-30 20:05:50 | risk_manager         | WARNING | REDUCE: Drawdown -20.6% exceeds soft limit -15.0%
2026-05-30 20:05:57 | risk_manager         | WARNING | REDUCE: Drawdown -21.2% exceeds soft limit -15.0%
2026-05-30 20:05:57 | risk_manager         | INFO    | TRAILING STOP: BAJFINANCE @ 97.20 (stop=104.26)
2026-05-30 20:05:57 | risk_manager         | WARNING | REDUCE: Drawdown -21.7% exceeds soft limit -15.0%
2026-05-30 20:05:57 | risk_manager         | WARNING | REDUCE: Drawdown -21.6% exceeds soft limit -15.0%
2026-05-30 20:05:57 | risk_manager         | WARNING | REDUCE: Drawdown -20.9% exceeds soft limit -15.0%
2026-05-30 20:05:57 | risk_manager         | WARNING | REDUCE: Drawdown -20.8% exceeds soft limit -15.0%
2026-05-30 20:05:57 | risk_manager         | WARNING | REDUCE: Drawdown -21.1% exceeds soft limit -15.0%
2026-05-30 20:05:57 | risk_manager         | INFO    | TRAILING STOP: GRASIM @ 705.82 (stop=737.40)
2026-05-30 20:05:57 | risk_manager         | WARNING | REDUCE: Drawdown -21.8% exceeds soft limit -15.0%
2026-05-30 20:05:57 | risk_manager         | INFO    | TRAILING STOP: M&M @ 654.31 (stop=655.57)
2026-05-30 20:05:57 | risk_manager         | WARNING | REDUCE: Drawdown -21.7% exceeds soft limit -15.0%
2026-05-30 20:05:57 | risk_manager         | WARNING | REDUCE: Drawdown -21.6% exceeds soft limit -15.0%
2026-05-30 20:05:57 | risk_manager         | INFO    | TRAILING STOP: HEROMOTOCO @ 2388.71 (stop=2393.41)
2026-05-30 20:05:57 | risk_manager         | WARNING | REDUCE: Drawdown -21.5% exceeds soft limit -15.0%
2026-05-30 20:05:57 | risk_manager         | WARNING | REDUCE: Drawdown -21.6% exceeds soft limit -15.0%
2026-05-30 20:05:57 | risk_manager         | WARNING | REDUCE: Drawdown -21.3% exceeds soft limit -15.0%
2026-05-30 20:05:57 | risk_manager         | WARNING | REDUCE: Drawdown -21.3% exceeds soft limit -15.0%
2026-05-30 20:05:57 | risk_manager         | WARNING | REDUCE: Drawdown -21.4% exceeds soft limit -15.0%
2026-05-30 20:05:57 | risk_manager         | WARNING | REDUCE: Drawdown -21.6% exceeds soft limit -15.0%
2026-05-30 20:05:57 | risk_manager         | WARNING | REDUCE: Drawdown -21.6% exceeds soft limit -15.0%
2026-05-30 20:05:57 | risk_manager         | WARNING | REDUCE: Drawdown -21.6% exceeds soft limit -15.0%
2026-05-30 20:05:57 | risk_manager         | WARNING | REDUCE: Drawdown -21.6% exceeds soft limit -15.0%
2026-05-30 20:05:57 | risk_manager         | WARNING | REDUCE: Drawdown -21.6% exceeds soft limit -15.0%
2026-05-30 20:05:57 | risk_manager         | INFO    | TIME STOP: ASIANPAINT after 60 days (max=60)
2026-05-30 20:05:57 | risk_manager         | INFO    | TIME STOP: POWERGRID after 60 days (max=60)
2026-05-30 20:05:57 | risk_manager         | INFO    | TIME STOP: ITC after 60 days (max=60)
2026-05-30 20:05:57 | risk_manager         | INFO    | TIME STOP: NTPC after 60 days (max=60)
2026-05-30 20:05:57 | risk_manager         | WARNING | REDUCE: Drawdown -21.2% exceeds soft limit -15.0%
2026-05-30 20:05:57 | risk_manager         | WARNING | REDUCE: Drawdown -21.4% exceeds soft limit -15.0%
2026-05-30 20:05:57 | risk_manager         | WARNING | REDUCE: Drawdown -21.3% exceeds soft limit -15.0%
2026-05-30 20:06:04 | risk_manager         | WARNING | REDUCE: Drawdown -21.6% exceeds soft limit -15.0%
2026-05-30 20:06:04 | risk_manager         | WARNING | REDUCE: Drawdown -21.3% exceeds soft limit -15.0%
2026-05-30 20:06:04 | risk_manager         | WARNING | REDUCE: Drawdown -21.4% exceeds soft limit -15.0%
2026-05-30 20:06:04 | risk_manager         | WARNING | REDUCE: Drawdown -21.3% exceeds soft limit -15.0%
2026-05-30 20:06:04 | risk_manager         | WARNING | REDUCE: Drawdown -21.5% exceeds soft limit -15.0%
2026-05-30 20:06:04 | risk_manager         | INFO    | TRAILING STOP: BPCL @ 103.55 (stop=104.61)
2026-05-30 20:06:04 | risk_manager         | INFO    | TRAILING STOP: JSWSTEEL @ 157.51 (stop=158.19)
2026-05-30 20:06:04 | risk_manager         | INFO    | TRAILING STOP: HINDALCO @ 133.01 (stop=142.15)
2026-05-30 20:06:04 | risk_manager         | INFO    | TRAILING STOP: ITC @ 169.27 (stop=170.14)
2026-05-30 20:06:04 | risk_manager         | WARNING | REDUCE: Drawdown -22.0% exceeds soft limit -15.0%
2026-05-30 20:06:04 | risk_manager         | WARNING | REDUCE: Drawdown -22.2% exceeds soft limit -15.0%
2026-05-30 20:06:04 | risk_manager         | INFO    | TRAILING STOP: POWERGRID @ 62.65 (stop=63.29)
2026-05-30 20:06:04 | risk_manager         | WARNING | REDUCE: Drawdown -22.3% exceeds soft limit -15.0%
2026-05-30 20:06:04 | risk_manager         | WARNING | REDUCE: Drawdown -22.3% exceeds soft limit -15.0%
2026-05-30 20:06:04 | risk_manager         | INFO    | TRAILING STOP: BAJFINANCE @ 104.52 (stop=105.54)
2026-05-30 20:06:04 | risk_manager         | WARNING | REDUCE: Drawdown -22.3% exceeds soft limit -15.0%
2026-05-30 20:06:04 | risk_manager         | WARNING | REDUCE: Drawdown -22.3% exceeds soft limit -15.0%
2026-05-30 20:06:04 | risk_manager         | WARNING | REDUCE: Drawdown -22.2% exceeds soft limit -15.0%
2026-05-30 20:06:04 | risk_manager         | WARNING | REDUCE: Drawdown -22.1% exceeds soft limit -15.0%
2026-05-30 20:06:04 | risk_manager         | WARNING | REDUCE: Drawdown -22.0% exceeds soft limit -15.0%
2026-05-30 20:06:04 | risk_manager         | WARNING | REDUCE: Drawdown -22.1% exceeds soft limit -15.0%
2026-05-30 20:06:04 | risk_manager         | WARNING | REDUCE: Drawdown -22.1% exceeds soft limit -15.0%
2026-05-30 20:06:04 | risk_manager         | WARNING | REDUCE: Drawdown -22.1% exceeds soft limit -15.0%
2026-05-30 20:06:04 | risk_manager         | WARNING | REDUCE: Drawdown -22.3% exceeds soft limit -15.0%
2026-05-30 20:06:04 | risk_manager         | INFO    | TIME STOP: INDUSINDBK after 60 days (max=60)
2026-05-30 20:06:04 | risk_manager         | INFO    | TIME STOP: BAJAJFINSV after 60 days (max=60)
2026-05-30 20:06:04 | risk_manager         | WARNING | REDUCE: Drawdown -22.3% exceeds soft limit -15.0%
2026-05-30 20:06:04 | risk_manager         | WARNING | REDUCE: Drawdown -22.2% exceeds soft limit -15.0%
2026-05-30 20:06:11 | risk_manager         | WARNING | REDUCE: Drawdown -22.5% exceeds soft limit -15.0%
2026-05-30 20:06:11 | risk_manager         | WARNING | REDUCE: Drawdown -22.4% exceeds soft limit -15.0%
2026-05-30 20:06:11 | risk_manager         | WARNING | REDUCE: Drawdown -22.4% exceeds soft limit -15.0%
2026-05-30 20:06:11 | risk_manager         | WARNING | REDUCE: Drawdown -22.4% exceeds soft limit -15.0%
2026-05-30 20:06:11 | risk_manager         | WARNING | REDUCE: Drawdown -22.3% exceeds soft limit -15.0%
2026-05-30 20:06:11 | risk_manager         | INFO    | TRAILING STOP: HDFCBANK @ 292.68 (stop=293.81)
2026-05-30 20:06:11 | risk_manager         | WARNING | REDUCE: Drawdown -22.6% exceeds soft limit -15.0%
2026-05-30 20:06:11 | risk_manager         | INFO    | TRAILING STOP: HINDUNILVR @ 724.38 (stop=724.64)
2026-05-30 20:06:11 | risk_manager         | WARNING | REDUCE: Drawdown -22.6% exceeds soft limit -15.0%
2026-05-30 20:06:11 | risk_manager         | WARNING | REDUCE: Drawdown -22.8% exceeds soft limit -15.0%
2026-05-30 20:06:11 | risk_manager         | WARNING | REDUCE: Drawdown -22.5% exceeds soft limit -15.0%
2026-05-30 20:06:11 | risk_manager         | WARNING | REDUCE: Drawdown -22.6% exceeds soft limit -15.0%
2026-05-30 20:06:11 | risk_manager         | WARNING | REDUCE: Drawdown -22.6% exceeds soft limit -15.0%
2026-05-30 20:06:11 | risk_manager         | INFO    | TRAILING STOP: ASIANPAINT @ 1069.15 (stop=1069.38)
2026-05-30 20:06:11 | risk_manager         | WARNING | REDUCE: Drawdown -22.6% exceeds soft limit -15.0%
2026-05-30 20:06:11 | risk_manager         | WARNING | REDUCE: Drawdown -22.7% exceeds soft limit -15.0%
2026-05-30 20:06:11 | risk_manager         | WARNING | REDUCE: Drawdown -22.7% exceeds soft limit -15.0%
2026-05-30 20:06:11 | risk_manager         | INFO    | TRAILING STOP: TATASTEEL @ 29.98 (stop=30.03)
2026-05-30 20:06:11 | risk_manager         | INFO    | TRAILING STOP: JSWSTEEL @ 150.58 (stop=153.06)
2026-05-30 20:06:11 | risk_manager         | WARNING | REDUCE: Drawdown -22.9% exceeds soft limit -15.0%
2026-05-30 20:06:11 | risk_manager         | WARNING | REDUCE: Drawdown -23.0% exceeds soft limit -15.0%
2026-05-30 20:06:11 | risk_manager         | WARNING | REDUCE: Drawdown -23.0% exceeds soft limit -15.0%
2026-05-30 20:06:11 | risk_manager         | WARNING | REDUCE: Drawdown -22.9% exceeds soft limit -15.0%
2026-05-30 20:06:18 | risk_manager         | INFO    | TRAILING STOP: BAJFINANCE @ 99.07 (stop=101.59)
2026-05-30 20:06:18 | risk_manager         | WARNING | REDUCE: Drawdown -23.5% exceeds soft limit -15.0%
2026-05-30 20:06:18 | risk_manager         | INFO    | TRAILING STOP: BPCL @ 117.85 (stop=118.45)
2026-05-30 20:06:18 | risk_manager         | WARNING | REDUCE: Drawdown -23.7% exceeds soft limit -15.0%
2026-05-30 20:06:18 | risk_manager         | WARNING | REDUCE: Drawdown -23.9% exceeds soft limit -15.0%
2026-05-30 20:06:18 | risk_manager         | INFO    | TRAILING STOP: BAJAJFINSV @ 312.94 (stop=314.57)
2026-05-30 20:06:18 | risk_manager         | WARNING | REDUCE: Drawdown -23.8% exceeds soft limit -15.0%
2026-05-30 20:06:18 | risk_manager         | WARNING | REDUCE: Drawdown -23.7% exceeds soft limit -15.0%
2026-05-30 20:06:18 | risk_manager         | INFO    | TRAILING STOP: TATACONSUM @ 109.89 (stop=113.17)
2026-05-30 20:06:18 | risk_manager         | WARNING | REDUCE: Drawdown -23.8% exceeds soft limit -15.0%
2026-05-30 20:06:18 | risk_manager         | WARNING | REDUCE: Drawdown -23.4% exceeds soft limit -15.0%
2026-05-30 20:06:18 | risk_manager         | INFO    | TRAILING STOP: ASIANPAINT @ 894.15 (stop=930.06)
2026-05-30 20:06:18 | risk_manager         | INFO    | TRAILING STOP: UPL @ 394.22 (stop=399.06)
2026-05-30 20:06:18 | risk_manager         | WARNING | REDUCE: Drawdown -23.8% exceeds soft limit -15.0%
2026-05-30 20:06:18 | risk_manager         | INFO    | TRAILING STOP: INDUSINDBK @ 1037.96 (stop=1103.03)
2026-05-30 20:06:18 | risk_manager         | INFO    | TRAILING STOP: TATASTEEL @ 29.56 (stop=30.32)
2026-05-30 20:06:18 | risk_manager         | WARNING | REDUCE: Drawdown -24.3% exceeds soft limit -15.0%
2026-05-30 20:06:18 | risk_manager         | INFO    | TRAILING STOP: KOTAKBANK @ 153.21 (stop=155.44)
2026-05-30 20:06:18 | risk_manager         | WARNING | REDUCE: Drawdown -24.4% exceeds soft limit -15.0%
2026-05-30 20:06:18 | risk_manager         | WARNING | REDUCE: Drawdown -24.4% exceeds soft limit -15.0%
2026-05-30 20:06:18 | risk_manager         | WARNING | REDUCE: Drawdown -24.4% exceeds soft limit -15.0%
2026-05-30 20:06:18 | risk_manager         | INFO    | TRAILING STOP: HINDALCO @ 148.60 (stop=152.39)
2026-05-30 20:06:18 | risk_manager         | INFO    | TRAILING STOP: JSWSTEEL @ 146.39 (stop=147.64)
2026-05-30 20:06:18 | risk_manager         | WARNING | REDUCE: Drawdown -24.6% exceeds soft limit -15.0%
2026-05-30 20:06:18 | risk_manager         | WARNING | REDUCE: Drawdown -24.7% exceeds soft limit -15.0%
2026-05-30 20:06:18 | risk_manager         | WARNING | REDUCE: Drawdown -24.7% exceeds soft limit -15.0%
2026-05-30 20:06:18 | risk_manager         | WARNING | REDUCE: Drawdown -24.7% exceeds soft limit -15.0%
2026-05-30 20:06:18 | risk_manager         | WARNING | REDUCE: Drawdown -24.6% exceeds soft limit -15.0%
2026-05-30 20:06:18 | risk_manager         | WARNING | REDUCE: Drawdown -24.6% exceeds soft limit -15.0%
2026-05-30 20:06:18 | risk_manager         | WARNING | REDUCE: Drawdown -24.6% exceeds soft limit -15.0%
2026-05-30 20:06:18 | risk_manager         | WARNING | REDUCE: Drawdown -24.6% exceeds soft limit -15.0%
2026-05-30 20:06:18 | risk_manager         | WARNING | REDUCE: Drawdown -24.7% exceeds soft limit -15.0%
2026-05-30 20:06:25 | risk_manager         | INFO    | TIME STOP: POWERGRID after 60 days (max=60)
2026-05-30 20:06:25 | risk_manager         | WARNING | LIQUIDATE: Drawdown -25.2% exceeds limit -25.0%
2026-05-30 20:06:25 | risk_manager         | WARNING | LIQUIDATE: Drawdown -25.8% exceeds limit -25.0%
2026-05-30 20:06:25 | risk_manager         | WARNING | LIQUIDATE: Drawdown -25.8% exceeds limit -25.0%
2026-05-30 20:06:25 | risk_manager         | WARNING | LIQUIDATE: Drawdown -25.8% exceeds limit -25.0%
2026-05-30 20:06:25 | risk_manager         | WARNING | LIQUIDATE: Drawdown -25.8% exceeds limit -25.0%
2026-05-30 20:06:25 | risk_manager         | WARNING | LIQUIDATE: Drawdown -25.8% exceeds limit -25.0%
2026-05-30 20:06:25 | risk_manager         | WARNING | LIQUIDATE: Drawdown -25.8% exceeds limit -25.0%
2026-05-30 20:06:25 | risk_manager         | WARNING | LIQUIDATE: Drawdown -25.8% exceeds limit -25.0%
2026-05-30 20:06:25 | risk_manager         | WARNING | LIQUIDATE: Drawdown -25.8% exceeds limit -25.0%
2026-05-30 20:06:25 | risk_manager         | WARNING | LIQUIDATE: Drawdown -25.8% exceeds limit -25.0%
2026-05-30 20:06:25 | risk_manager         | WARNING | LIQUIDATE: Drawdown -25.8% exceeds limit -25.0%
2026-05-30 20:06:25 | risk_manager         | WARNING | LIQUIDATE: Drawdown -25.8% exceeds limit -25.0%
2026-05-30 20:06:25 | risk_manager         | WARNING | LIQUIDATE: Drawdown -25.8% exceeds limit -25.0%
2026-05-30 20:06:25 | risk_manager         | WARNING | LIQUIDATE: Drawdown -25.8% exceeds limit -25.0%
2026-05-30 20:06:25 | risk_manager         | WARNING | LIQUIDATE: Drawdown -25.8% exceeds limit -25.0%
2026-05-30 20:06:25 | risk_manager         | WARNING | LIQUIDATE: Drawdown -25.8% exceeds limit -25.0%
2026-05-30 20:06:25 | risk_manager         | WARNING | LIQUIDATE: Drawdown -25.8% exceeds limit -25.0%
2026-05-30 20:06:25 | risk_manager         | WARNING | LIQUIDATE: Drawdown -25.8% exceeds limit -25.0%
2026-05-30 20:06:25 | risk_manager         | WARNING | LIQUIDATE: Drawdown -25.8% exceeds limit -25.0%
2026-05-30 20:06:25 | risk_manager         | WARNING | LIQUIDATE: Drawdown -25.8% exceeds limit -25.0%
2026-05-30 20:06:25 | risk_manager         | WARNING | LIQUIDATE: Drawdown -25.8% exceeds limit -25.0%
2026-05-30 20:06:25 | risk_manager         | WARNING | LIQUIDATE: Drawdown -25.8% exceeds limit -25.0%
2026-05-30 20:06:25 | risk_manager         | WARNING | LIQUIDATE: Drawdown -25.8% exceeds limit -25.0%
2026-05-30 20:06:25 | risk_manager         | WARNING | LIQUIDATE: Drawdown -25.8% exceeds limit -25.0%
2026-05-30 20:06:25 | risk_manager         | WARNING | LIQUIDATE: Drawdown -25.8% exceeds limit -25.0%
2026-05-30 20:06:25 | risk_manager         | WARNING | LIQUIDATE: Drawdown -25.8% exceeds limit -25.0%
2026-05-30 20:06:25 | risk_manager         | WARNING | LIQUIDATE: Drawdown -25.8% exceeds limit -25.0%
2026-05-30 20:06:25 | risk_manager         | WARNING | LIQUIDATE: Drawdown -25.8% exceeds limit -25.0%
2026-05-30 20:06:25 | risk_manager         | WARNING | LIQUIDATE: Drawdown -25.8% exceeds limit -25.0%
2026-05-30 20:06:25 | risk_manager         | WARNING | LIQUIDATE: Drawdown -25.8% exceeds limit -25.0%
2026-05-30 20:06:25 | risk_manager         | WARNING | LIQUIDATE: Drawdown -25.8% exceeds limit -25.0%
2026-05-30 20:06:25 | risk_manager         | WARNING | LIQUIDATE: Drawdown -25.8% exceeds limit -25.0%
2026-05-30 20:06:25 | risk_manager         | WARNING | LIQUIDATE: Drawdown -25.8% exceeds limit -25.0%
2026-05-30 20:06:25 | risk_manager         | WARNING | LIQUIDATE: Drawdown -25.8% exceeds limit -25.0%
2026-05-30 20:06:25 | risk_manager         | WARNING | LIQUIDATE: Drawdown -25.8% exceeds limit -25.0%
2026-05-30 20:06:25 | risk_manager         | WARNING | LIQUIDATE: Drawdown -25.8% exceeds limit -25.0%
2026-05-30 20:06:25 | risk_manager         | WARNING | LIQUIDATE: Drawdown -25.8% exceeds limit -25.0%
2026-05-30 20:06:25 | risk_manager         | WARNING | LIQUIDATE: Drawdown -25.8% exceeds limit -25.0%
2026-05-30 20:06:25 | risk_manager         | WARNING | LIQUIDATE: Drawdown -25.8% exceeds limit -25.0%
2026-05-30 20:06:25 | risk_manager         | WARNING | LIQUIDATE: Drawdown -25.8% exceeds limit -25.0%
2026-05-30 20:06:25 | risk_manager         | WARNING | LIQUIDATE: Drawdown -25.8% exceeds limit -25.0%
2026-05-30 20:06:25 | risk_manager         | WARNING | LIQUIDATE: Drawdown -25.8% exceeds limit -25.0%
2026-05-30 20:06:25 | risk_manager         | WARNING | LIQUIDATE: Drawdown -25.8% exceeds limit -25.0%
2026-05-30 20:06:25 | risk_manager         | WARNING | LIQUIDATE: Drawdown -25.8% exceeds limit -25.0%
2026-05-30 20:06:25 | risk_manager         | WARNING | LIQUIDATE: Drawdown -25.8% exceeds limit -25.0%
2026-05-30 20:06:25 | risk_manager         | WARNING | LIQUIDATE: Drawdown -25.8% exceeds limit -25.0%
2026-05-30 20:06:25 | risk_manager         | WARNING | LIQUIDATE: Drawdown -25.8% exceeds limit -25.0%
2026-05-30 20:06:25 | risk_manager         | WARNING | LIQUIDATE: Drawdown -25.8% exceeds limit -25.0%
2026-05-30 20:06:25 | risk_manager         | WARNING | LIQUIDATE: Drawdown -25.8% exceeds limit -25.0%
2026-05-30 20:06:25 | risk_manager         | WARNING | LIQUIDATE: Drawdown -25.8% exceeds limit -25.0%
2026-05-30 20:06:25 | risk_manager         | WARNING | LIQUIDATE: Drawdown -25.8% exceeds limit -25.0%
2026-05-30 20:06:25 | risk_manager         | WARNING | LIQUIDATE: Drawdown -25.8% exceeds limit -25.0%
2026-05-30 20:06:25 | risk_manager         | WARNING | LIQUIDATE: Drawdown -25.8% exceeds limit -25.0%
2026-05-30 20:06:25 | risk_manager         | WARNING | LIQUIDATE: Drawdown -25.8% exceeds limit -25.0%
2026-05-30 20:06:25 | risk_manager         | WARNING | LIQUIDATE: Drawdown -25.8% exceeds limit -25.0%
2026-05-30 20:06:25 | risk_manager         | WARNING | LIQUIDATE: Drawdown -25.8% exceeds limit -25.0%
2026-05-30 20:06:25 | risk_manager         | WARNING | LIQUIDATE: Drawdown -25.8% exceeds limit -25.0%
2026-05-30 20:06:25 | risk_manager         | WARNING | LIQUIDATE: Drawdown -25.8% exceeds limit -25.0%
2026-05-30 20:06:25 | risk_manager         | WARNING | LIQUIDATE: Drawdown -25.8% exceeds limit -25.0%
2026-05-30 20:06:25 | risk_manager         | WARNING | LIQUIDATE: Drawdown -25.8% exceeds limit -25.0%
2026-05-30 20:06:25 | risk_manager         | WARNING | LIQUIDATE: Drawdown -25.8% exceeds limit -25.0%
2026-05-30 20:06:25 | risk_manager         | WARNING | LIQUIDATE: Drawdown -25.8% exceeds limit -25.0%
2026-05-30 20:06:25 | risk_manager         | WARNING | LIQUIDATE: Drawdown -25.8% exceeds limit -25.0%
2026-05-30 20:06:25 | risk_manager         | WARNING | LIQUIDATE: Drawdown -25.8% exceeds limit -25.0%
2026-05-30 20:06:25 | risk_manager         | WARNING | LIQUIDATE: Drawdown -25.8% exceeds limit -25.0%
2026-05-30 20:06:25 | risk_manager         | WARNING | LIQUIDATE: Drawdown -25.8% exceeds limit -25.0%
2026-05-30 20:06:25 | risk_manager         | WARNING | LIQUIDATE: Drawdown -25.8% exceeds limit -25.0%
2026-05-30 20:06:25 | risk_manager         | WARNING | LIQUIDATE: Drawdown -25.8% exceeds limit -25.0%
2026-05-30 20:06:25 | risk_manager         | WARNING | LIQUIDATE: Drawdown -25.8% exceeds limit -25.0%
2026-05-30 20:06:25 | risk_manager         | WARNING | LIQUIDATE: Drawdown -25.8% exceeds limit -25.0%
2026-05-30 20:06:25 | risk_manager         | WARNING | LIQUIDATE: Drawdown -25.8% exceeds limit -25.0%
2026-05-30 20:06:25 | risk_manager         | WARNING | LIQUIDATE: Drawdown -25.8% exceeds limit -25.0%
2026-05-30 20:06:25 | risk_manager         | WARNING | LIQUIDATE: Drawdown -25.8% exceeds limit -25.0%
2026-05-30 20:06:25 | risk_manager         | WARNING | LIQUIDATE: Drawdown -25.8% exceeds limit -25.0%
2026-05-30 20:06:25 | risk_manager         | WARNING | LIQUIDATE: Drawdown -25.8% exceeds limit -25.0%
2026-05-30 20:06:25 | risk_manager         | WARNING | LIQUIDATE: Drawdown -25.8% exceeds limit -25.0%
2026-05-30 20:06:25 | risk_manager         | WARNING | LIQUIDATE: Drawdown -25.8% exceeds limit -25.0%
2026-05-30 20:06:25 | risk_manager         | WARNING | LIQUIDATE: Drawdown -25.8% exceeds limit -25.0%
2026-05-30 20:06:25 | risk_manager         | WARNING | LIQUIDATE: Drawdown -25.8% exceeds limit -25.0%
2026-05-30 20:06:25 | risk_manager         | WARNING | LIQUIDATE: Drawdown -25.8% exceeds limit -25.0%
2026-05-30 20:06:25 | risk_manager         | WARNING | LIQUIDATE: Drawdown -25.8% exceeds limit -25.0%
2026-05-30 20:06:25 | risk_manager         | WARNING | LIQUIDATE: Drawdown -25.8% exceeds limit -25.0%
2026-05-30 20:06:25 | risk_manager         | WARNING | LIQUIDATE: Drawdown -25.8% exceeds limit -25.0%
2026-05-30 20:06:25 | risk_manager         | WARNING | LIQUIDATE: Drawdown -25.8% exceeds limit -25.0%
2026-05-30 20:06:25 | risk_manager         | WARNING | LIQUIDATE: Drawdown -25.8% exceeds limit -25.0%
2026-05-30 20:06:25 | risk_manager         | WARNING | LIQUIDATE: Drawdown -25.8% exceeds limit -25.0%
2026-05-30 20:06:25 | risk_manager         | WARNING | LIQUIDATE: Drawdown -25.8% exceeds limit -25.0%
2026-05-30 20:06:25 | risk_manager         | WARNING | LIQUIDATE: Drawdown -25.8% exceeds limit -25.0%
2026-05-30 20:06:25 | risk_manager         | WARNING | LIQUIDATE: Drawdown -25.8% exceeds limit -25.0%
2026-05-30 20:06:25 | risk_manager         | WARNING | LIQUIDATE: Drawdown -25.8% exceeds limit -25.0%
2026-05-30 20:06:25 | risk_manager         | WARNING | LIQUIDATE: Drawdown -25.8% exceeds limit -25.0%
2026-05-30 20:06:25 | risk_manager         | WARNING | LIQUIDATE: Drawdown -25.8% exceeds limit -25.0%
2026-05-30 20:06:25 | risk_manager         | WARNING | LIQUIDATE: Drawdown -25.8% exceeds limit -25.0%
2026-05-30 20:06:25 | risk_manager         | WARNING | LIQUIDATE: Drawdown -25.8% exceeds limit -25.0%
2026-05-30 20:06:25 | risk_manager         | WARNING | LIQUIDATE: Drawdown -25.8% exceeds limit -25.0%
2026-05-30 20:06:25 | risk_manager         | WARNING | LIQUIDATE: Drawdown -25.8% exceeds limit -25.0%
2026-05-30 20:06:25 | risk_manager         | WARNING | LIQUIDATE: Drawdown -25.8% exceeds limit -25.0%
2026-05-30 20:06:25 | risk_manager         | WARNING | LIQUIDATE: Drawdown -25.8% exceeds limit -25.0%
2026-05-30 20:06:25 | risk_manager         | WARNING | LIQUIDATE: Drawdown -25.8% exceeds limit -25.0%
2026-05-30 20:06:25 | risk_manager         | WARNING | LIQUIDATE: Drawdown -25.8% exceeds limit -25.0%
2026-05-30 20:06:25 | risk_manager         | WARNING | LIQUIDATE: Drawdown -25.8% exceeds limit -25.0%
2026-05-30 20:06:25 | risk_manager         | WARNING | LIQUIDATE: Drawdown -25.8% exceeds limit -25.0%
2026-05-30 20:06:25 | risk_manager         | WARNING | LIQUIDATE: Drawdown -25.8% exceeds limit -25.0%
2026-05-30 20:06:25 | risk_manager         | WARNING | LIQUIDATE: Drawdown -25.8% exceeds limit -25.0%
2026-05-30 20:06:25 | risk_manager         | WARNING | LIQUIDATE: Drawdown -25.8% exceeds limit -25.0%
2026-05-30 20:06:25 | risk_manager         | WARNING | LIQUIDATE: Drawdown -25.8% exceeds limit -25.0%
2026-05-30 20:06:25 | risk_manager         | WARNING | LIQUIDATE: Drawdown -25.8% exceeds limit -25.0%
2026-05-30 20:06:25 | risk_manager         | WARNING | LIQUIDATE: Drawdown -25.8% exceeds limit -25.0%
2026-05-30 20:06:25 | risk_manager         | WARNING | LIQUIDATE: Drawdown -25.8% exceeds limit -25.0%
2026-05-30 20:06:25 | risk_manager         | WARNING | LIQUIDATE: Drawdown -25.8% exceeds limit -25.0%
2026-05-30 20:06:25 | risk_manager         | WARNING | LIQUIDATE: Drawdown -25.8% exceeds limit -25.0%
2026-05-30 20:06:25 | risk_manager         | WARNING | LIQUIDATE: Drawdown -25.8% exceeds limit -25.0%
2026-05-30 20:06:25 | risk_manager         | WARNING | LIQUIDATE: Drawdown -25.8% exceeds limit -25.0%
2026-05-30 20:06:25 | risk_manager         | WARNING | LIQUIDATE: Drawdown -25.8% exceeds limit -25.0%
2026-05-30 20:06:25 | risk_manager         | WARNING | LIQUIDATE: Drawdown -25.8% exceeds limit -25.0%
2026-05-30 20:06:25 | risk_manager         | WARNING | LIQUIDATE: Drawdown -25.8% exceeds limit -25.0%
2026-05-30 20:06:25 | risk_manager         | WARNING | LIQUIDATE: Drawdown -25.8% exceeds limit -25.0%
2026-05-30 20:06:25 | risk_manager         | WARNING | LIQUIDATE: Drawdown -25.8% exceeds limit -25.0%
2026-05-30 20:06:25 | risk_manager         | WARNING | LIQUIDATE: Drawdown -25.8% exceeds limit -25.0%
2026-05-30 20:06:25 | risk_manager         | WARNING | LIQUIDATE: Drawdown -25.8% exceeds limit -25.0%
2026-05-30 20:06:25 | risk_manager         | WARNING | LIQUIDATE: Drawdown -25.8% exceeds limit -25.0%
2026-05-30 20:06:25 | risk_manager         | WARNING | LIQUIDATE: Drawdown -25.8% exceeds limit -25.0%
2026-05-30 20:06:25 | risk_manager         | WARNING | LIQUIDATE: Drawdown -25.8% exceeds limit -25.0%
2026-05-30 20:06:25 | risk_manager         | WARNING | LIQUIDATE: Drawdown -25.8% exceeds limit -25.0%
2026-05-30 20:06:25 | risk_manager         | WARNING | LIQUIDATE: Drawdown -25.8% exceeds limit -25.0%
2026-05-30 20:06:25 | risk_manager         | WARNING | LIQUIDATE: Drawdown -25.8% exceeds limit -25.0%
2026-05-30 20:06:25 | risk_manager         | WARNING | LIQUIDATE: Drawdown -25.8% exceeds limit -25.0%
2026-05-30 20:06:25 | risk_manager         | WARNING | LIQUIDATE: Drawdown -25.8% exceeds limit -25.0%
2026-05-30 20:06:25 | risk_manager         | WARNING | LIQUIDATE: Drawdown -25.8% exceeds limit -25.0%
2026-05-30 20:06:25 | risk_manager         | WARNING | LIQUIDATE: Drawdown -25.8% exceeds limit -25.0%
2026-05-30 20:06:25 | risk_manager         | WARNING | LIQUIDATE: Drawdown -25.8% exceeds limit -25.0%
2026-05-30 20:06:25 | risk_manager         | WARNING | LIQUIDATE: Drawdown -25.8% exceeds limit -25.0%
2026-05-30 20:06:25 | risk_manager         | WARNING | LIQUIDATE: Drawdown -25.8% exceeds limit -25.0%
2026-05-30 20:06:25 | risk_manager         | WARNING | LIQUIDATE: Drawdown -25.8% exceeds limit -25.0%
2026-05-30 20:06:25 | risk_manager         | WARNING | LIQUIDATE: Drawdown -25.8% exceeds limit -25.0%
2026-05-30 20:06:25 | risk_manager         | WARNING | LIQUIDATE: Drawdown -25.8% exceeds limit -25.0%
2026-05-30 20:06:25 | risk_manager         | WARNING | LIQUIDATE: Drawdown -25.8% exceeds limit -25.0%
2026-05-30 20:06:25 | risk_manager         | WARNING | LIQUIDATE: Drawdown -25.8% exceeds limit -25.0%
2026-05-30 20:06:25 | risk_manager         | WARNING | LIQUIDATE: Drawdown -25.8% exceeds limit -25.0%
2026-05-30 20:06:25 | risk_manager         | WARNING | LIQUIDATE: Drawdown -25.8% exceeds limit -25.0%
2026-05-30 20:06:25 | risk_manager         | WARNING | LIQUIDATE: Drawdown -25.8% exceeds limit -25.0%
2026-05-30 20:06:25 | risk_manager         | WARNING | LIQUIDATE: Drawdown -25.8% exceeds limit -25.0%
2026-05-30 20:06:25 | risk_manager         | WARNING | LIQUIDATE: Drawdown -25.8% exceeds limit -25.0%
2026-05-30 20:06:25 | risk_manager         | WARNING | LIQUIDATE: Drawdown -25.8% exceeds limit -25.0%
2026-05-30 20:06:25 | risk_manager         | WARNING | LIQUIDATE: Drawdown -25.8% exceeds limit -25.0%
2026-05-30 20:06:25 | risk_manager         | WARNING | LIQUIDATE: Drawdown -25.8% exceeds limit -25.0%
2026-05-30 20:06:25 | risk_manager         | WARNING | LIQUIDATE: Drawdown -25.8% exceeds limit -25.0%
2026-05-30 20:06:25 | risk_manager         | WARNING | LIQUIDATE: Drawdown -25.8% exceeds limit -25.0%
2026-05-30 20:06:25 | risk_manager         | WARNING | LIQUIDATE: Drawdown -25.8% exceeds limit -25.0%
2026-05-30 20:06:25 | risk_manager         | WARNING | LIQUIDATE: Drawdown -25.8% exceeds limit -25.0%
2026-05-30 20:06:25 | risk_manager         | WARNING | LIQUIDATE: Drawdown -25.8% exceeds limit -25.0%
2026-05-30 20:06:25 | risk_manager         | WARNING | LIQUIDATE: Drawdown -25.8% exceeds limit -25.0%
2026-05-30 20:06:25 | risk_manager         | WARNING | LIQUIDATE: Drawdown -25.8% exceeds limit -25.0%
2026-05-30 20:06:25 | risk_manager         | WARNING | LIQUIDATE: Drawdown -25.8% exceeds limit -25.0%
2026-05-30 20:06:25 | risk_manager         | WARNING | LIQUIDATE: Drawdown -25.8% exceeds limit -25.0%
2026-05-30 20:06:25 | risk_manager         | WARNING | LIQUIDATE: Drawdown -25.8% exceeds limit -25.0%
2026-05-30 20:06:25 | risk_manager         | WARNING | LIQUIDATE: Drawdown -25.8% exceeds limit -25.0%
2026-05-30 20:06:25 | risk_manager         | WARNING | LIQUIDATE: Drawdown -25.8% exceeds limit -25.0%
2026-05-30 20:06:25 | risk_manager         | WARNING | LIQUIDATE: Drawdown -25.8% exceeds limit -25.0%
2026-05-30 20:06:25 | risk_manager         | WARNING | LIQUIDATE: Drawdown -25.8% exceeds limit -25.0%
2026-05-30 20:06:25 | risk_manager         | WARNING | LIQUIDATE: Drawdown -25.8% exceeds limit -25.0%
2026-05-30 20:06:25 | risk_manager         | WARNING | LIQUIDATE: Drawdown -25.8% exceeds limit -25.0%
2026-05-30 20:06:25 | risk_manager         | WARNING | LIQUIDATE: Drawdown -25.8% exceeds limit -25.0%
2026-05-30 20:06:25 | risk_manager         | WARNING | LIQUIDATE: Drawdown -25.8% exceeds limit -25.0%
2026-05-30 20:06:25 | risk_manager         | WARNING | LIQUIDATE: Drawdown -25.8% exceeds limit -25.0%
2026-05-30 20:06:25 | risk_manager         | WARNING | LIQUIDATE: Drawdown -25.8% exceeds limit -25.0%
2026-05-30 20:06:25 | risk_manager         | WARNING | LIQUIDATE: Drawdown -25.8% exceeds limit -25.0%
2026-05-30 20:06:25 | risk_manager         | WARNING | LIQUIDATE: Drawdown -25.8% exceeds limit -25.0%
2026-05-30 20:06:25 | risk_manager         | WARNING | LIQUIDATE: Drawdown -25.8% exceeds limit -25.0%
2026-05-30 20:06:25 | risk_manager         | WARNING | LIQUIDATE: Drawdown -25.8% exceeds limit -25.0%
2026-05-30 20:06:25 | risk_manager         | WARNING | LIQUIDATE: Drawdown -25.8% exceeds limit -25.0%
2026-05-30 20:06:25 | risk_manager         | WARNING | LIQUIDATE: Drawdown -25.8% exceeds limit -25.0%
2026-05-30 20:06:25 | risk_manager         | WARNING | LIQUIDATE: Drawdown -25.8% exceeds limit -25.0%
2026-05-30 20:06:25 | risk_manager         | WARNING | LIQUIDATE: Drawdown -25.8% exceeds limit -25.0%
2026-05-30 20:06:25 | risk_manager         | WARNING | LIQUIDATE: Drawdown -25.8% exceeds limit -25.0%
2026-05-30 20:06:25 | risk_manager         | WARNING | LIQUIDATE: Drawdown -25.8% exceeds limit -25.0%
2026-05-30 20:06:25 | risk_manager         | WARNING | LIQUIDATE: Drawdown -25.8% exceeds limit -25.0%
2026-05-30 20:06:25 | risk_manager         | WARNING | LIQUIDATE: Drawdown -25.8% exceeds limit -25.0%
2026-05-30 20:06:25 | risk_manager         | WARNING | LIQUIDATE: Drawdown -25.8% exceeds limit -25.0%
2026-05-30 20:06:25 | risk_manager         | WARNING | LIQUIDATE: Drawdown -25.8% exceeds limit -25.0%
2026-05-30 20:06:25 | risk_manager         | WARNING | LIQUIDATE: Drawdown -25.8% exceeds limit -25.0%
2026-05-30 20:06:25 | risk_manager         | WARNING | LIQUIDATE: Drawdown -25.8% exceeds limit -25.0%
2026-05-30 20:06:25 | risk_manager         | WARNING | LIQUIDATE: Drawdown -25.8% exceeds limit -25.0%
2026-05-30 20:06:25 | risk_manager         | WARNING | LIQUIDATE: Drawdown -25.8% exceeds limit -25.0%
2026-05-30 20:06:25 | risk_manager         | WARNING | LIQUIDATE: Drawdown -25.8% exceeds limit -25.0%
2026-05-30 20:06:25 | risk_manager         | WARNING | LIQUIDATE: Drawdown -25.8% exceeds limit -25.0%
2026-05-30 20:06:25 | risk_manager         | WARNING | LIQUIDATE: Drawdown -25.8% exceeds limit -25.0%
2026-05-30 20:06:25 | risk_manager         | WARNING | LIQUIDATE: Drawdown -25.8% exceeds limit -25.0%
2026-05-30 20:06:25 | risk_manager         | WARNING | LIQUIDATE: Drawdown -25.8% exceeds limit -25.0%
2026-05-30 20:06:25 | risk_manager         | WARNING | LIQUIDATE: Drawdown -25.8% exceeds limit -25.0%
2026-05-30 20:06:25 | risk_manager         | WARNING | LIQUIDATE: Drawdown -25.8% exceeds limit -25.0%
2026-05-30 20:06:25 | risk_manager         | WARNING | LIQUIDATE: Drawdown -25.8% exceeds limit -25.0%
2026-05-30 20:06:25 | risk_manager         | WARNING | LIQUIDATE: Drawdown -25.8% exceeds limit -25.0%
2026-05-30 20:06:25 | risk_manager         | WARNING | LIQUIDATE: Drawdown -25.8% exceeds limit -25.0%
2026-05-30 20:06:25 | risk_manager         | WARNING | LIQUIDATE: Drawdown -25.8% exceeds limit -25.0%
2026-05-30 20:06:25 | risk_manager         | WARNING | LIQUIDATE: Drawdown -25.8% exceeds limit -25.0%
2026-05-30 20:06:25 | risk_manager         | WARNING | LIQUIDATE: Drawdown -25.8% exceeds limit -25.0%
2026-05-30 20:06:25 | risk_manager         | WARNING | LIQUIDATE: Drawdown -25.8% exceeds limit -25.0%
2026-05-30 20:06:25 | risk_manager         | WARNING | LIQUIDATE: Drawdown -25.8% exceeds limit -25.0%
2026-05-30 20:06:25 | risk_manager         | WARNING | LIQUIDATE: Drawdown -25.8% exceeds limit -25.0%
2026-05-30 20:06:25 | risk_manager         | WARNING | LIQUIDATE: Drawdown -25.8% exceeds limit -25.0%
2026-05-30 20:06:25 | risk_manager         | WARNING | LIQUIDATE: Drawdown -25.8% exceeds limit -25.0%
2026-05-30 20:06:25 | risk_manager         | WARNING | LIQUIDATE: Drawdown -25.8% exceeds limit -25.0%
2026-05-30 20:06:25 | risk_manager         | WARNING | LIQUIDATE: Drawdown -25.8% exceeds limit -25.0%
2026-05-30 20:06:25 | risk_manager         | WARNING | LIQUIDATE: Drawdown -25.8% exceeds limit -25.0%
2026-05-30 20:06:25 | risk_manager         | WARNING | LIQUIDATE: Drawdown -25.8% exceeds limit -25.0%
2026-05-30 20:06:25 | risk_manager         | WARNING | LIQUIDATE: Drawdown -25.8% exceeds limit -25.0%
2026-05-30 20:06:25 | risk_manager         | WARNING | LIQUIDATE: Drawdown -25.8% exceeds limit -25.0%
2026-05-30 20:06:25 | risk_manager         | WARNING | LIQUIDATE: Drawdown -25.8% exceeds limit -25.0%
2026-05-30 20:06:25 | risk_manager         | WARNING | LIQUIDATE: Drawdown -25.8% exceeds limit -25.0%
2026-05-30 20:06:25 | risk_manager         | WARNING | LIQUIDATE: Drawdown -25.8% exceeds limit -25.0%
2026-05-30 20:06:25 | risk_manager         | WARNING | LIQUIDATE: Drawdown -25.8% exceeds limit -25.0%
2026-05-30 20:06:25 | risk_manager         | WARNING | LIQUIDATE: Drawdown -25.8% exceeds limit -25.0%
2026-05-30 20:06:25 | risk_manager         | WARNING | LIQUIDATE: Drawdown -25.8% exceeds limit -25.0%
2026-05-30 20:06:25 | risk_manager         | WARNING | LIQUIDATE: Drawdown -25.8% exceeds limit -25.0%
2026-05-30 20:06:25 | risk_manager         | WARNING | LIQUIDATE: Drawdown -25.8% exceeds limit -25.0%
2026-05-30 20:06:25 | risk_manager         | WARNING | LIQUIDATE: Drawdown -25.8% exceeds limit -25.0%
2026-05-30 20:06:25 | risk_manager         | WARNING | LIQUIDATE: Drawdown -25.8% exceeds limit -25.0%
2026-05-30 20:06:25 | risk_manager         | WARNING | LIQUIDATE: Drawdown -25.8% exceeds limit -25.0%
2026-05-30 20:06:25 | risk_manager         | WARNING | LIQUIDATE: Drawdown -25.8% exceeds limit -25.0%
2026-05-30 20:06:25 | risk_manager         | WARNING | LIQUIDATE: Drawdown -25.8% exceeds limit -25.0%
2026-05-30 20:06:25 | risk_manager         | WARNING | LIQUIDATE: Drawdown -25.8% exceeds limit -25.0%
2026-05-30 20:06:25 | risk_manager         | WARNING | LIQUIDATE: Drawdown -25.8% exceeds limit -25.0%
2026-05-30 20:06:25 | risk_manager         | WARNING | LIQUIDATE: Drawdown -25.8% exceeds limit -25.0%
2026-05-30 20:06:25 | risk_manager         | WARNING | LIQUIDATE: Drawdown -25.8% exceeds limit -25.0%
2026-05-30 20:06:25 | risk_manager         | WARNING | LIQUIDATE: Drawdown -25.8% exceeds limit -25.0%
2026-05-30 20:06:25 | risk_manager         | WARNING | LIQUIDATE: Drawdown -25.8% exceeds limit -25.0%
2026-05-30 20:06:25 | risk_manager         | WARNING | LIQUIDATE: Drawdown -25.8% exceeds limit -25.0%
2026-05-30 20:06:25 | risk_manager         | WARNING | LIQUIDATE: Drawdown -25.8% exceeds limit -25.0%
2026-05-30 20:06:25 | risk_manager         | WARNING | LIQUIDATE: Drawdown -25.8% exceeds limit -25.0%
2026-05-30 20:06:25 | risk_manager         | WARNING | LIQUIDATE: Drawdown -25.8% exceeds limit -25.0%
2026-05-30 20:06:25 | risk_manager         | WARNING | LIQUIDATE: Drawdown -25.8% exceeds limit -25.0%
2026-05-30 20:06:25 | risk_manager         | WARNING | LIQUIDATE: Drawdown -25.8% exceeds limit -25.0%
2026-05-30 20:06:25 | risk_manager         | WARNING | LIQUIDATE: Drawdown -25.8% exceeds limit -25.0%
2026-05-30 20:06:25 | risk_manager         | WARNING | LIQUIDATE: Drawdown -25.8% exceeds limit -25.0%
2026-05-30 20:06:25 | risk_manager         | WARNING | LIQUIDATE: Drawdown -25.8% exceeds limit -25.0%
2026-05-30 20:06:25 | risk_manager         | WARNING | LIQUIDATE: Drawdown -25.8% exceeds limit -25.0%
2026-05-30 20:06:25 | risk_manager         | WARNING | LIQUIDATE: Drawdown -25.8% exceeds limit -25.0%
2026-05-30 20:06:25 | risk_manager         | WARNING | LIQUIDATE: Drawdown -25.8% exceeds limit -25.0%
2026-05-30 20:06:25 | risk_manager         | WARNING | LIQUIDATE: Drawdown -25.8% exceeds limit -25.0%
2026-05-30 20:06:25 | risk_manager         | WARNING | LIQUIDATE: Drawdown -25.8% exceeds limit -25.0%
2026-05-30 20:06:25 | risk_manager         | WARNING | LIQUIDATE: Drawdown -25.8% exceeds limit -25.0%
2026-05-30 20:06:25 | risk_manager         | WARNING | LIQUIDATE: Drawdown -25.8% exceeds limit -25.0%
2026-05-30 20:06:25 | risk_manager         | WARNING | LIQUIDATE: Drawdown -25.8% exceeds limit -25.0%
2026-05-30 20:06:25 | risk_manager         | WARNING | LIQUIDATE: Drawdown -25.8% exceeds limit -25.0%
2026-05-30 20:06:25 | risk_manager         | WARNING | LIQUIDATE: Drawdown -25.8% exceeds limit -25.0%
2026-05-30 20:06:25 | risk_manager         | WARNING | LIQUIDATE: Drawdown -25.8% exceeds limit -25.0%
2026-05-30 20:06:25 | risk_manager         | WARNING | LIQUIDATE: Drawdown -25.8% exceeds limit -25.0%
2026-05-30 20:06:25 | risk_manager         | WARNING | LIQUIDATE: Drawdown -25.8% exceeds limit -25.0%
2026-05-30 20:06:25 | risk_manager         | WARNING | LIQUIDATE: Drawdown -25.8% exceeds limit -25.0%
2026-05-30 20:06:25 | risk_manager         | WARNING | LIQUIDATE: Drawdown -25.8% exceeds limit -25.0%
2026-05-30 20:06:25 | risk_manager         | WARNING | LIQUIDATE: Drawdown -25.8% exceeds limit -25.0%
2026-05-30 20:06:25 | risk_manager         | WARNING | LIQUIDATE: Drawdown -25.8% exceeds limit -25.0%
2026-05-30 20:06:25 | risk_manager         | WARNING | LIQUIDATE: Drawdown -25.8% exceeds limit -25.0%
2026-05-30 20:06:25 | risk_manager         | WARNING | LIQUIDATE: Drawdown -25.8% exceeds limit -25.0%
2026-05-30 20:06:25 | risk_manager         | WARNING | LIQUIDATE: Drawdown -25.8% exceeds limit -25.0%
2026-05-30 20:06:25 | risk_manager         | WARNING | LIQUIDATE: Drawdown -25.8% exceeds limit -25.0%
2026-05-30 20:06:25 | risk_manager         | WARNING | LIQUIDATE: Drawdown -25.8% exceeds limit -25.0%
2026-05-30 20:06:25 | risk_manager         | WARNING | LIQUIDATE: Drawdown -25.8% exceeds limit -25.0%
2026-05-30 20:06:25 | risk_manager         | WARNING | LIQUIDATE: Drawdown -25.8% exceeds limit -25.0%
2026-05-30 20:06:25 | risk_manager         | WARNING | LIQUIDATE: Drawdown -25.8% exceeds limit -25.0%
2026-05-30 20:06:25 | risk_manager         | WARNING | LIQUIDATE: Drawdown -25.8% exceeds limit -25.0%
2026-05-30 20:06:25 | risk_manager         | WARNING | LIQUIDATE: Drawdown -25.8% exceeds limit -25.0%
2026-05-30 20:06:25 | risk_manager         | WARNING | LIQUIDATE: Drawdown -25.8% exceeds limit -25.0%
2026-05-30 20:06:25 | risk_manager         | WARNING | LIQUIDATE: Drawdown -25.8% exceeds limit -25.0%
2026-05-30 20:06:25 | risk_manager         | WARNING | LIQUIDATE: Drawdown -25.8% exceeds limit -25.0%
2026-05-30 20:06:25 | risk_manager         | WARNING | LIQUIDATE: Drawdown -25.8% exceeds limit -25.0%
2026-05-30 20:06:25 | risk_manager         | WARNING | LIQUIDATE: Drawdown -25.8% exceeds limit -25.0%
2026-05-30 20:06:25 | risk_manager         | WARNING | LIQUIDATE: Drawdown -25.8% exceeds limit -25.0%
2026-05-30 20:06:25 | risk_manager         | WARNING | LIQUIDATE: Drawdown -25.8% exceeds limit -25.0%
2026-05-30 20:06:25 | risk_manager         | WARNING | LIQUIDATE: Drawdown -25.8% exceeds limit -25.0%
2026-05-30 20:06:25 | risk_manager         | WARNING | LIQUIDATE: Drawdown -25.8% exceeds limit -25.0%
2026-05-30 20:06:25 | risk_manager         | WARNING | LIQUIDATE: Drawdown -25.8% exceeds limit -25.0%
2026-05-30 20:06:25 | risk_manager         | WARNING | LIQUIDATE: Drawdown -25.8% exceeds limit -25.0%
2026-05-30 20:06:25 | risk_manager         | WARNING | LIQUIDATE: Drawdown -25.8% exceeds limit -25.0%
2026-05-30 20:06:25 | risk_manager         | WARNING | LIQUIDATE: Drawdown -25.8% exceeds limit -25.0%
2026-05-30 20:06:25 | risk_manager         | WARNING | LIQUIDATE: Drawdown -25.8% exceeds limit -25.0%
2026-05-30 20:06:25 | risk_manager         | WARNING | LIQUIDATE: Drawdown -25.8% exceeds limit -25.0%
2026-05-30 20:06:25 | risk_manager         | WARNING | LIQUIDATE: Drawdown -25.8% exceeds limit -25.0%
2026-05-30 20:06:25 | risk_manager         | WARNING | LIQUIDATE: Drawdown -25.8% exceeds limit -25.0%
2026-05-30 20:06:25 | risk_manager         | WARNING | LIQUIDATE: Drawdown -25.8% exceeds limit -25.0%
2026-05-30 20:06:25 | risk_manager         | WARNING | LIQUIDATE: Drawdown -25.8% exceeds limit -25.0%
2026-05-30 20:06:25 | risk_manager         | WARNING | LIQUIDATE: Drawdown -25.8% exceeds limit -25.0%
2026-05-30 20:06:25 | risk_manager         | WARNING | LIQUIDATE: Drawdown -25.8% exceeds limit -25.0%
2026-05-30 20:06:25 | risk_manager         | WARNING | LIQUIDATE: Drawdown -25.8% exceeds limit -25.0%
2026-05-30 20:06:25 | risk_manager         | WARNING | LIQUIDATE: Drawdown -25.8% exceeds limit -25.0%
2026-05-30 20:06:25 | risk_manager         | WARNING | LIQUIDATE: Drawdown -25.8% exceeds limit -25.0%
2026-05-30 20:06:25 | risk_manager         | WARNING | LIQUIDATE: Drawdown -25.8% exceeds limit -25.0%
2026-05-30 20:06:25 | risk_manager         | WARNING | LIQUIDATE: Drawdown -25.8% exceeds limit -25.0%
2026-05-30 20:06:25 | risk_manager         | WARNING | LIQUIDATE: Drawdown -25.8% exceeds limit -25.0%
2026-05-30 20:06:25 | risk_manager         | WARNING | LIQUIDATE: Drawdown -25.8% exceeds limit -25.0%
2026-05-30 20:06:25 | risk_manager         | WARNING | LIQUIDATE: Drawdown -25.8% exceeds limit -25.0%
2026-05-30 20:06:25 | risk_manager         | WARNING | LIQUIDATE: Drawdown -25.8% exceeds limit -25.0%
2026-05-30 20:06:25 | risk_manager         | WARNING | LIQUIDATE: Drawdown -25.8% exceeds limit -25.0%
2026-05-30 20:06:25 | risk_manager         | WARNING | LIQUIDATE: Drawdown -25.8% exceeds limit -25.0%
2026-05-30 20:06:25 | risk_manager         | WARNING | LIQUIDATE: Drawdown -25.8% exceeds limit -25.0%
2026-05-30 20:06:25 | risk_manager         | WARNING | LIQUIDATE: Drawdown -25.8% exceeds limit -25.0%
2026-05-30 20:06:25 | risk_manager         | WARNING | LIQUIDATE: Drawdown -25.8% exceeds limit -25.0%
2026-05-30 20:06:25 | risk_manager         | WARNING | LIQUIDATE: Drawdown -25.8% exceeds limit -25.0%
2026-05-30 20:06:25 | risk_manager         | WARNING | LIQUIDATE: Drawdown -25.8% exceeds limit -25.0%
2026-05-30 20:06:25 | risk_manager         | WARNING | LIQUIDATE: Drawdown -25.8% exceeds limit -25.0%
2026-05-30 20:06:25 | risk_manager         | WARNING | LIQUIDATE: Drawdown -25.8% exceeds limit -25.0%
2026-05-30 20:06:25 | risk_manager         | WARNING | LIQUIDATE: Drawdown -25.8% exceeds limit -25.0%
2026-05-30 20:06:25 | risk_manager         | WARNING | LIQUIDATE: Drawdown -25.8% exceeds limit -25.0%
2026-05-30 20:06:25 | risk_manager         | WARNING | LIQUIDATE: Drawdown -25.8% exceeds limit -25.0%
2026-05-30 20:06:25 | risk_manager         | WARNING | LIQUIDATE: Drawdown -25.8% exceeds limit -25.0%
2026-05-30 20:06:25 | risk_manager         | WARNING | LIQUIDATE: Drawdown -25.8% exceeds limit -25.0%
2026-05-30 20:06:25 | risk_manager         | WARNING | LIQUIDATE: Drawdown -25.8% exceeds limit -25.0%
2026-05-30 20:06:25 | risk_manager         | WARNING | LIQUIDATE: Drawdown -25.8% exceeds limit -25.0%
2026-05-30 20:06:25 | risk_manager         | WARNING | LIQUIDATE: Drawdown -25.8% exceeds limit -25.0%
2026-05-30 20:06:25 | risk_manager         | WARNING | LIQUIDATE: Drawdown -25.8% exceeds limit -25.0%
2026-05-30 20:06:25 | risk_manager         | WARNING | LIQUIDATE: Drawdown -25.8% exceeds limit -25.0%
2026-05-30 20:06:25 | risk_manager         | WARNING | LIQUIDATE: Drawdown -25.8% exceeds limit -25.0%
2026-05-30 20:06:25 | risk_manager         | WARNING | LIQUIDATE: Drawdown -25.8% exceeds limit -25.0%
2026-05-30 20:06:25 | risk_manager         | WARNING | LIQUIDATE: Drawdown -25.8% exceeds limit -25.0%
2026-05-30 20:06:25 | risk_manager         | WARNING | LIQUIDATE: Drawdown -25.8% exceeds limit -25.0%
2026-05-30 20:06:25 | risk_manager         | WARNING | LIQUIDATE: Drawdown -25.8% exceeds limit -25.0%
2026-05-30 20:06:25 | risk_manager         | WARNING | LIQUIDATE: Drawdown -25.8% exceeds limit -25.0%
2026-05-30 20:06:25 | risk_manager         | WARNING | LIQUIDATE: Drawdown -25.8% exceeds limit -25.0%
2026-05-30 20:06:25 | risk_manager         | WARNING | LIQUIDATE: Drawdown -25.8% exceeds limit -25.0%
2026-05-30 20:06:25 | risk_manager         | WARNING | LIQUIDATE: Drawdown -25.8% exceeds limit -25.0%
2026-05-30 20:06:25 | risk_manager         | WARNING | LIQUIDATE: Drawdown -25.8% exceeds limit -25.0%
2026-05-30 20:06:25 | risk_manager         | WARNING | LIQUIDATE: Drawdown -25.8% exceeds limit -25.0%
2026-05-30 20:06:25 | risk_manager         | WARNING | LIQUIDATE: Drawdown -25.8% exceeds limit -25.0%
2026-05-30 20:06:25 | risk_manager         | WARNING | LIQUIDATE: Drawdown -25.8% exceeds limit -25.0%
2026-05-30 20:06:25 | risk_manager         | WARNING | LIQUIDATE: Drawdown -25.8% exceeds limit -25.0%
2026-05-30 20:06:25 | risk_manager         | WARNING | LIQUIDATE: Drawdown -25.8% exceeds limit -25.0%
2026-05-30 20:06:25 | risk_manager         | WARNING | LIQUIDATE: Drawdown -25.8% exceeds limit -25.0%
2026-05-30 20:06:25 | risk_manager         | WARNING | LIQUIDATE: Drawdown -25.8% exceeds limit -25.0%
2026-05-30 20:06:25 | risk_manager         | WARNING | LIQUIDATE: Drawdown -25.8% exceeds limit -25.0%
2026-05-30 20:06:25 | risk_manager         | WARNING | LIQUIDATE: Drawdown -25.8% exceeds limit -25.0%
2026-05-30 20:06:25 | risk_manager         | WARNING | LIQUIDATE: Drawdown -25.8% exceeds limit -25.0%
2026-05-30 20:06:25 | risk_manager         | WARNING | LIQUIDATE: Drawdown -25.8% exceeds limit -25.0%
2026-05-30 20:06:25 | risk_manager         | WARNING | LIQUIDATE: Drawdown -25.8% exceeds limit -25.0%
2026-05-30 20:06:25 | risk_manager         | WARNING | LIQUIDATE: Drawdown -25.8% exceeds limit -25.0%
2026-05-30 20:06:25 | risk_manager         | WARNING | LIQUIDATE: Drawdown -25.8% exceeds limit -25.0%
2026-05-30 20:06:25 | risk_manager         | WARNING | LIQUIDATE: Drawdown -25.8% exceeds limit -25.0%
2026-05-30 20:06:25 | risk_manager         | WARNING | LIQUIDATE: Drawdown -25.8% exceeds limit -25.0%
2026-05-30 20:06:25 | risk_manager         | WARNING | LIQUIDATE: Drawdown -25.8% exceeds limit -25.0%
2026-05-30 20:06:25 | risk_manager         | WARNING | LIQUIDATE: Drawdown -25.8% exceeds limit -25.0%
2026-05-30 20:06:25 | risk_manager         | WARNING | LIQUIDATE: Drawdown -25.8% exceeds limit -25.0%
2026-05-30 20:06:25 | risk_manager         | WARNING | LIQUIDATE: Drawdown -25.8% exceeds limit -25.0%
2026-05-30 20:06:25 | risk_manager         | WARNING | LIQUIDATE: Drawdown -25.8% exceeds limit -25.0%
2026-05-30 20:06:25 | risk_manager         | WARNING | LIQUIDATE: Drawdown -25.8% exceeds limit -25.0%
2026-05-30 20:06:25 | risk_manager         | WARNING | LIQUIDATE: Drawdown -25.8% exceeds limit -25.0%
2026-05-30 20:06:25 | risk_manager         | WARNING | LIQUIDATE: Drawdown -25.8% exceeds limit -25.0%
2026-05-30 20:06:25 | risk_manager         | WARNING | LIQUIDATE: Drawdown -25.8% exceeds limit -25.0%
2026-05-30 20:06:25 | risk_manager         | WARNING | LIQUIDATE: Drawdown -25.8% exceeds limit -25.0%
2026-05-30 20:06:25 | risk_manager         | WARNING | LIQUIDATE: Drawdown -25.8% exceeds limit -25.0%
2026-05-30 20:06:25 | risk_manager         | WARNING | LIQUIDATE: Drawdown -25.8% exceeds limit -25.0%
2026-05-30 20:06:25 | risk_manager         | WARNING | LIQUIDATE: Drawdown -25.8% exceeds limit -25.0%
2026-05-30 20:06:25 | risk_manager         | WARNING | LIQUIDATE: Drawdown -25.8% exceeds limit -25.0%
2026-05-30 20:06:25 | risk_manager         | WARNING | LIQUIDATE: Drawdown -25.8% exceeds limit -25.0%
2026-05-30 20:06:25 | risk_manager         | WARNING | LIQUIDATE: Drawdown -25.8% exceeds limit -25.0%
2026-05-30 20:06:25 | risk_manager         | WARNING | LIQUIDATE: Drawdown -25.8% exceeds limit -25.0%
2026-05-30 20:06:25 | risk_manager         | WARNING | LIQUIDATE: Drawdown -25.8% exceeds limit -25.0%
2026-05-30 20:06:25 | risk_manager         | WARNING | LIQUIDATE: Drawdown -25.8% exceeds limit -25.0%
2026-05-30 20:06:25 | risk_manager         | WARNING | LIQUIDATE: Drawdown -25.8% exceeds limit -25.0%
2026-05-30 20:06:25 | risk_manager         | WARNING | LIQUIDATE: Drawdown -25.8% exceeds limit -25.0%
2026-05-30 20:06:25 | risk_manager         | WARNING | LIQUIDATE: Drawdown -25.8% exceeds limit -25.0%
2026-05-30 20:06:25 | risk_manager         | WARNING | LIQUIDATE: Drawdown -25.8% exceeds limit -25.0%
2026-05-30 20:06:25 | risk_manager         | WARNING | LIQUIDATE: Drawdown -25.8% exceeds limit -25.0%
2026-05-30 20:06:25 | risk_manager         | WARNING | LIQUIDATE: Drawdown -25.8% exceeds limit -25.0%
2026-05-30 20:06:25 | risk_manager         | WARNING | LIQUIDATE: Drawdown -25.8% exceeds limit -25.0%
2026-05-30 20:06:25 | risk_manager         | WARNING | LIQUIDATE: Drawdown -25.8% exceeds limit -25.0%
2026-05-30 20:06:25 | risk_manager         | WARNING | LIQUIDATE: Drawdown -25.8% exceeds limit -25.0%
2026-05-30 20:06:25 | risk_manager         | WARNING | LIQUIDATE: Drawdown -25.8% exceeds limit -25.0%
2026-05-30 20:06:25 | risk_manager         | WARNING | LIQUIDATE: Drawdown -25.8% exceeds limit -25.0%
2026-05-30 20:06:25 | risk_manager         | WARNING | LIQUIDATE: Drawdown -25.8% exceeds limit -25.0%
2026-05-30 20:06:25 | risk_manager         | WARNING | LIQUIDATE: Drawdown -25.8% exceeds limit -25.0%
2026-05-30 20:06:25 | risk_manager         | WARNING | LIQUIDATE: Drawdown -25.8% exceeds limit -25.0%
2026-05-30 20:06:25 | risk_manager         | WARNING | LIQUIDATE: Drawdown -25.8% exceeds limit -25.0%
2026-05-30 20:06:25 | risk_manager         | WARNING | LIQUIDATE: Drawdown -25.8% exceeds limit -25.0%
2026-05-30 20:06:25 | risk_manager         | WARNING | LIQUIDATE: Drawdown -25.8% exceeds limit -25.0%
2026-05-30 20:06:25 | risk_manager         | WARNING | LIQUIDATE: Drawdown -25.8% exceeds limit -25.0%
2026-05-30 20:06:25 | risk_manager         | WARNING | LIQUIDATE: Drawdown -25.8% exceeds limit -25.0%
2026-05-30 20:06:25 | risk_manager         | WARNING | LIQUIDATE: Drawdown -25.8% exceeds limit -25.0%
2026-05-30 20:06:25 | risk_manager         | WARNING | LIQUIDATE: Drawdown -25.8% exceeds limit -25.0%
2026-05-30 20:06:25 | risk_manager         | WARNING | LIQUIDATE: Drawdown -25.8% exceeds limit -25.0%
2026-05-30 20:06:25 | risk_manager         | WARNING | LIQUIDATE: Drawdown -25.8% exceeds limit -25.0%
2026-05-30 20:06:25 | risk_manager         | WARNING | LIQUIDATE: Drawdown -25.8% exceeds limit -25.0%
2026-05-30 20:06:25 | risk_manager         | WARNING | LIQUIDATE: Drawdown -25.8% exceeds limit -25.0%
2026-05-30 20:06:25 | risk_manager         | WARNING | LIQUIDATE: Drawdown -25.8% exceeds limit -25.0%
2026-05-30 20:06:25 | risk_manager         | WARNING | LIQUIDATE: Drawdown -25.8% exceeds limit -25.0%
2026-05-30 20:06:25 | risk_manager         | WARNING | LIQUIDATE: Drawdown -25.8% exceeds limit -25.0%
2026-05-30 20:06:25 | risk_manager         | WARNING | LIQUIDATE: Drawdown -25.8% exceeds limit -25.0%
2026-05-30 20:06:25 | risk_manager         | WARNING | LIQUIDATE: Drawdown -25.8% exceeds limit -25.0%
2026-05-30 20:06:25 | risk_manager         | WARNING | LIQUIDATE: Drawdown -25.8% exceeds limit -25.0%
2026-05-30 20:06:25 | risk_manager         | WARNING | LIQUIDATE: Drawdown -25.8% exceeds limit -25.0%
2026-05-30 20:06:25 | risk_manager         | WARNING | LIQUIDATE: Drawdown -25.8% exceeds limit -25.0%
2026-05-30 20:06:25 | risk_manager         | WARNING | LIQUIDATE: Drawdown -25.8% exceeds limit -25.0%
2026-05-30 20:06:25 | risk_manager         | WARNING | LIQUIDATE: Drawdown -25.8% exceeds limit -25.0%
2026-05-30 20:06:25 | risk_manager         | WARNING | LIQUIDATE: Drawdown -25.8% exceeds limit -25.0%
2026-05-30 20:06:25 | risk_manager         | WARNING | LIQUIDATE: Drawdown -25.8% exceeds limit -25.0%
2026-05-30 20:06:25 | risk_manager         | WARNING | LIQUIDATE: Drawdown -25.8% exceeds limit -25.0%
2026-05-30 20:06:25 | risk_manager         | WARNING | LIQUIDATE: Drawdown -25.8% exceeds limit -25.0%
2026-05-30 20:06:25 | risk_manager         | WARNING | LIQUIDATE: Drawdown -25.8% exceeds limit -25.0%
2026-05-30 20:06:25 | risk_manager         | WARNING | LIQUIDATE: Drawdown -25.8% exceeds limit -25.0%
2026-05-30 20:06:25 | risk_manager         | WARNING | LIQUIDATE: Drawdown -25.8% exceeds limit -25.0%
2026-05-30 20:06:25 | risk_manager         | WARNING | LIQUIDATE: Drawdown -25.8% exceeds limit -25.0%
2026-05-30 20:06:25 | risk_manager         | WARNING | LIQUIDATE: Drawdown -25.8% exceeds limit -25.0%
2026-05-30 20:06:25 | risk_manager         | WARNING | LIQUIDATE: Drawdown -25.8% exceeds limit -25.0%
2026-05-30 20:06:25 | risk_manager         | WARNING | LIQUIDATE: Drawdown -25.8% exceeds limit -25.0%
2026-05-30 20:06:25 | risk_manager         | WARNING | LIQUIDATE: Drawdown -25.8% exceeds limit -25.0%
2026-05-30 20:06:25 | risk_manager         | WARNING | LIQUIDATE: Drawdown -25.8% exceeds limit -25.0%
2026-05-30 20:06:25 | risk_manager         | WARNING | LIQUIDATE: Drawdown -25.8% exceeds limit -25.0%
2026-05-30 20:06:25 | risk_manager         | WARNING | LIQUIDATE: Drawdown -25.8% exceeds limit -25.0%
2026-05-30 20:06:25 | risk_manager         | WARNING | LIQUIDATE: Drawdown -25.8% exceeds limit -25.0%
2026-05-30 20:06:25 | risk_manager         | WARNING | LIQUIDATE: Drawdown -25.8% exceeds limit -25.0%
2026-05-30 20:06:25 | risk_manager         | WARNING | LIQUIDATE: Drawdown -25.8% exceeds limit -25.0%
2026-05-30 20:06:25 | risk_manager         | WARNING | LIQUIDATE: Drawdown -25.8% exceeds limit -25.0%
2026-05-30 20:06:25 | risk_manager         | WARNING | LIQUIDATE: Drawdown -25.8% exceeds limit -25.0%
2026-05-30 20:06:25 | risk_manager         | WARNING | LIQUIDATE: Drawdown -25.8% exceeds limit -25.0%
2026-05-30 20:06:25 | risk_manager         | WARNING | LIQUIDATE: Drawdown -25.8% exceeds limit -25.0%
2026-05-30 20:06:25 | risk_manager         | WARNING | LIQUIDATE: Drawdown -25.8% exceeds limit -25.0%
2026-05-30 20:06:25 | risk_manager         | WARNING | LIQUIDATE: Drawdown -25.8% exceeds limit -25.0%
2026-05-30 20:06:25 | risk_manager         | WARNING | LIQUIDATE: Drawdown -25.8% exceeds limit -25.0%
2026-05-30 20:06:25 | risk_manager         | WARNING | LIQUIDATE: Drawdown -25.8% exceeds limit -25.0%
2026-05-30 20:06:25 | risk_manager         | WARNING | LIQUIDATE: Drawdown -25.8% exceeds limit -25.0%
2026-05-30 20:06:25 | risk_manager         | WARNING | LIQUIDATE: Drawdown -25.8% exceeds limit -25.0%
2026-05-30 20:06:25 | risk_manager         | WARNING | LIQUIDATE: Drawdown -25.8% exceeds limit -25.0%
2026-05-30 20:06:25 | risk_manager         | WARNING | LIQUIDATE: Drawdown -25.8% exceeds limit -25.0%
2026-05-30 20:06:25 | risk_manager         | WARNING | LIQUIDATE: Drawdown -25.8% exceeds limit -25.0%
2026-05-30 20:06:25 | risk_manager         | WARNING | LIQUIDATE: Drawdown -25.8% exceeds limit -25.0%
2026-05-30 20:06:25 | risk_manager         | WARNING | LIQUIDATE: Drawdown -25.8% exceeds limit -25.0%
2026-05-30 20:06:25 | risk_manager         | WARNING | LIQUIDATE: Drawdown -25.8% exceeds limit -25.0%
2026-05-30 20:06:25 | risk_manager         | WARNING | LIQUIDATE: Drawdown -25.8% exceeds limit -25.0%
2026-05-30 20:06:25 | risk_manager         | WARNING | LIQUIDATE: Drawdown -25.8% exceeds limit -25.0%
2026-05-30 20:06:25 | risk_manager         | WARNING | LIQUIDATE: Drawdown -25.8% exceeds limit -25.0%
2026-05-30 20:06:25 | risk_manager         | WARNING | LIQUIDATE: Drawdown -25.8% exceeds limit -25.0%
2026-05-30 20:06:25 | risk_manager         | WARNING | LIQUIDATE: Drawdown -25.8% exceeds limit -25.0%
2026-05-30 20:06:25 | risk_manager         | WARNING | LIQUIDATE: Drawdown -25.8% exceeds limit -25.0%
2026-05-30 20:06:25 | risk_manager         | WARNING | LIQUIDATE: Drawdown -25.8% exceeds limit -25.0%
2026-05-30 20:06:25 | risk_manager         | WARNING | LIQUIDATE: Drawdown -25.8% exceeds limit -25.0%
2026-05-30 20:06:25 | risk_manager         | WARNING | LIQUIDATE: Drawdown -25.8% exceeds limit -25.0%
2026-05-30 20:06:25 | risk_manager         | WARNING | LIQUIDATE: Drawdown -25.8% exceeds limit -25.0%
2026-05-30 20:06:25 | risk_manager         | WARNING | LIQUIDATE: Drawdown -25.8% exceeds limit -25.0%
2026-05-30 20:06:25 | risk_manager         | WARNING | LIQUIDATE: Drawdown -25.8% exceeds limit -25.0%
2026-05-30 20:06:25 | risk_manager         | WARNING | LIQUIDATE: Drawdown -25.8% exceeds limit -25.0%
2026-05-30 20:06:25 | risk_manager         | WARNING | LIQUIDATE: Drawdown -25.8% exceeds limit -25.0%
2026-05-30 20:06:25 | risk_manager         | WARNING | LIQUIDATE: Drawdown -25.8% exceeds limit -25.0%
2026-05-30 20:06:25 | risk_manager         | WARNING | LIQUIDATE: Drawdown -25.8% exceeds limit -25.0%
2026-05-30 20:06:25 | risk_manager         | WARNING | LIQUIDATE: Drawdown -25.8% exceeds limit -25.0%
2026-05-30 20:06:25 | risk_manager         | WARNING | LIQUIDATE: Drawdown -25.8% exceeds limit -25.0%
2026-05-30 20:06:25 | risk_manager         | WARNING | LIQUIDATE: Drawdown -25.8% exceeds limit -25.0%
2026-05-30 20:06:25 | risk_manager         | WARNING | LIQUIDATE: Drawdown -25.8% exceeds limit -25.0%
2026-05-30 20:06:25 | risk_manager         | WARNING | LIQUIDATE: Drawdown -25.8% exceeds limit -25.0%
2026-05-30 20:06:25 | risk_manager         | WARNING | LIQUIDATE: Drawdown -25.8% exceeds limit -25.0%
2026-05-30 20:06:25 | risk_manager         | WARNING | LIQUIDATE: Drawdown -25.8% exceeds limit -25.0%
2026-05-30 20:06:25 | risk_manager         | WARNING | LIQUIDATE: Drawdown -25.8% exceeds limit -25.0%
2026-05-30 20:06:25 | risk_manager         | WARNING | LIQUIDATE: Drawdown -25.8% exceeds limit -25.0%
2026-05-30 20:06:25 | risk_manager         | WARNING | LIQUIDATE: Drawdown -25.8% exceeds limit -25.0%
2026-05-30 20:06:25 | risk_manager         | WARNING | LIQUIDATE: Drawdown -25.8% exceeds limit -25.0%
2026-05-30 20:06:25 | risk_manager         | WARNING | LIQUIDATE: Drawdown -25.8% exceeds limit -25.0%
2026-05-30 20:06:25 | risk_manager         | WARNING | LIQUIDATE: Drawdown -25.8% exceeds limit -25.0%
2026-05-30 20:06:25 | risk_manager         | WARNING | LIQUIDATE: Drawdown -25.8% exceeds limit -25.0%
2026-05-30 20:06:25 | risk_manager         | WARNING | LIQUIDATE: Drawdown -25.8% exceeds limit -25.0%
2026-05-30 20:06:25 | risk_manager         | WARNING | LIQUIDATE: Drawdown -25.8% exceeds limit -25.0%
2026-05-30 20:06:25 | risk_manager         | WARNING | LIQUIDATE: Drawdown -25.8% exceeds limit -25.0%
2026-05-30 20:06:25 | risk_manager         | WARNING | LIQUIDATE: Drawdown -25.8% exceeds limit -25.0%
2026-05-30 20:06:25 | risk_manager         | WARNING | LIQUIDATE: Drawdown -25.8% exceeds limit -25.0%
2026-05-30 20:06:25 | risk_manager         | WARNING | LIQUIDATE: Drawdown -25.8% exceeds limit -25.0%
2026-05-30 20:06:25 | risk_manager         | WARNING | LIQUIDATE: Drawdown -25.8% exceeds limit -25.0%
2026-05-30 20:06:25 | risk_manager         | WARNING | LIQUIDATE: Drawdown -25.8% exceeds limit -25.0%
2026-05-30 20:06:25 | risk_manager         | WARNING | LIQUIDATE: Drawdown -25.8% exceeds limit -25.0%
2026-05-30 20:06:25 | risk_manager         | WARNING | LIQUIDATE: Drawdown -25.8% exceeds limit -25.0%
2026-05-30 20:06:25 | risk_manager         | WARNING | LIQUIDATE: Drawdown -25.8% exceeds limit -25.0%
2026-05-30 20:06:25 | risk_manager         | WARNING | LIQUIDATE: Drawdown -25.8% exceeds limit -25.0%
2026-05-30 20:06:25 | risk_manager         | WARNING | LIQUIDATE: Drawdown -25.8% exceeds limit -25.0%
2026-05-30 20:06:25 | risk_manager         | WARNING | LIQUIDATE: Drawdown -25.8% exceeds limit -25.0%
2026-05-30 20:06:25 | risk_manager         | WARNING | LIQUIDATE: Drawdown -25.8% exceeds limit -25.0%
2026-05-30 20:06:25 | risk_manager         | WARNING | LIQUIDATE: Drawdown -25.8% exceeds limit -25.0%
2026-05-30 20:06:25 | risk_manager         | WARNING | LIQUIDATE: Drawdown -25.8% exceeds limit -25.0%
2026-05-30 20:06:25 | risk_manager         | WARNING | LIQUIDATE: Drawdown -25.8% exceeds limit -25.0%
2026-05-30 20:06:25 | risk_manager         | WARNING | LIQUIDATE: Drawdown -25.8% exceeds limit -25.0%
2026-05-30 20:06:25 | risk_manager         | WARNING | LIQUIDATE: Drawdown -25.8% exceeds limit -25.0%
2026-05-30 20:06:25 | risk_manager         | WARNING | LIQUIDATE: Drawdown -25.8% exceeds limit -25.0%
2026-05-30 20:06:25 | risk_manager         | WARNING | LIQUIDATE: Drawdown -25.8% exceeds limit -25.0%
2026-05-30 20:06:25 | risk_manager         | WARNING | LIQUIDATE: Drawdown -25.8% exceeds limit -25.0%
2026-05-30 20:06:25 | risk_manager         | WARNING | LIQUIDATE: Drawdown -25.8% exceeds limit -25.0%
2026-05-30 20:06:25 | risk_manager         | WARNING | LIQUIDATE: Drawdown -25.8% exceeds limit -25.0%
2026-05-30 20:06:25 | risk_manager         | WARNING | LIQUIDATE: Drawdown -25.8% exceeds limit -25.0%
2026-05-30 20:06:25 | risk_manager         | WARNING | LIQUIDATE: Drawdown -25.8% exceeds limit -25.0%
2026-05-30 20:06:25 | risk_manager         | WARNING | LIQUIDATE: Drawdown -25.8% exceeds limit -25.0%
2026-05-30 20:06:25 | risk_manager         | WARNING | LIQUIDATE: Drawdown -25.8% exceeds limit -25.0%
2026-05-30 20:06:25 | risk_manager         | WARNING | LIQUIDATE: Drawdown -25.8% exceeds limit -25.0%
2026-05-30 20:06:25 | risk_manager         | WARNING | LIQUIDATE: Drawdown -25.8% exceeds limit -25.0%
2026-05-30 20:06:25 | risk_manager         | WARNING | LIQUIDATE: Drawdown -25.8% exceeds limit -25.0%
2026-05-30 20:06:25 | risk_manager         | WARNING | LIQUIDATE: Drawdown -25.8% exceeds limit -25.0%
2026-05-30 20:06:25 | risk_manager         | WARNING | LIQUIDATE: Drawdown -25.8% exceeds limit -25.0%
2026-05-30 20:06:25 | risk_manager         | WARNING | LIQUIDATE: Drawdown -25.8% exceeds limit -25.0%
2026-05-30 20:06:25 | risk_manager         | WARNING | LIQUIDATE: Drawdown -25.8% exceeds limit -25.0%
2026-05-30 20:06:25 | risk_manager         | WARNING | LIQUIDATE: Drawdown -25.8% exceeds limit -25.0%
2026-05-30 20:06:25 | risk_manager         | WARNING | LIQUIDATE: Drawdown -25.8% exceeds limit -25.0%
2026-05-30 20:06:25 | risk_manager         | WARNING | LIQUIDATE: Drawdown -25.8% exceeds limit -25.0%
2026-05-30 20:06:25 | risk_manager         | WARNING | LIQUIDATE: Drawdown -25.8% exceeds limit -25.0%
2026-05-30 20:06:25 | risk_manager         | WARNING | LIQUIDATE: Drawdown -25.8% exceeds limit -25.0%
2026-05-30 20:06:25 | risk_manager         | WARNING | LIQUIDATE: Drawdown -25.8% exceeds limit -25.0%
2026-05-30 20:06:25 | risk_manager         | WARNING | LIQUIDATE: Drawdown -25.8% exceeds limit -25.0%
2026-05-30 20:06:25 | risk_manager         | WARNING | LIQUIDATE: Drawdown -25.8% exceeds limit -25.0%
2026-05-30 20:06:25 | risk_manager         | WARNING | LIQUIDATE: Drawdown -25.8% exceeds limit -25.0%
2026-05-30 20:06:25 | risk_manager         | WARNING | LIQUIDATE: Drawdown -25.8% exceeds limit -25.0%
2026-05-30 20:06:25 | risk_manager         | WARNING | LIQUIDATE: Drawdown -25.8% exceeds limit -25.0%
2026-05-30 20:06:25 | risk_manager         | WARNING | LIQUIDATE: Drawdown -25.8% exceeds limit -25.0%
2026-05-30 20:06:25 | risk_manager         | WARNING | LIQUIDATE: Drawdown -25.8% exceeds limit -25.0%
2026-05-30 20:06:25 | risk_manager         | WARNING | LIQUIDATE: Drawdown -25.8% exceeds limit -25.0%
2026-05-30 20:06:25 | risk_manager         | WARNING | LIQUIDATE: Drawdown -25.8% exceeds limit -25.0%
2026-05-30 20:06:25 | risk_manager         | WARNING | LIQUIDATE: Drawdown -25.8% exceeds limit -25.0%
2026-05-30 20:06:25 | risk_manager         | WARNING | LIQUIDATE: Drawdown -25.8% exceeds limit -25.0%
2026-05-30 20:06:25 | risk_manager         | WARNING | LIQUIDATE: Drawdown -25.8% exceeds limit -25.0%
2026-05-30 20:06:25 | risk_manager         | WARNING | LIQUIDATE: Drawdown -25.8% exceeds limit -25.0%
2026-05-30 20:06:25 | risk_manager         | WARNING | LIQUIDATE: Drawdown -25.8% exceeds limit -25.0%
2026-05-30 20:06:25 | risk_manager         | WARNING | LIQUIDATE: Drawdown -25.8% exceeds limit -25.0%
2026-05-30 20:06:25 | risk_manager         | WARNING | LIQUIDATE: Drawdown -25.8% exceeds limit -25.0%
2026-05-30 20:06:25 | risk_manager         | WARNING | LIQUIDATE: Drawdown -25.8% exceeds limit -25.0%
2026-05-30 20:06:25 | risk_manager         | WARNING | LIQUIDATE: Drawdown -25.8% exceeds limit -25.0%
2026-05-30 20:06:25 | risk_manager         | WARNING | LIQUIDATE: Drawdown -25.8% exceeds limit -25.0%
2026-05-30 20:06:25 | risk_manager         | WARNING | LIQUIDATE: Drawdown -25.8% exceeds limit -25.0%
2026-05-30 20:06:25 | risk_manager         | WARNING | LIQUIDATE: Drawdown -25.8% exceeds limit -25.0%
2026-05-30 20:06:25 | risk_manager         | WARNING | LIQUIDATE: Drawdown -25.8% exceeds limit -25.0%
2026-05-30 20:06:25 | risk_manager         | WARNING | LIQUIDATE: Drawdown -25.8% exceeds limit -25.0%
2026-05-30 20:06:25 | risk_manager         | WARNING | LIQUIDATE: Drawdown -25.8% exceeds limit -25.0%
2026-05-30 20:06:25 | risk_manager         | WARNING | LIQUIDATE: Drawdown -25.8% exceeds limit -25.0%
2026-05-30 20:06:25 | risk_manager         | WARNING | LIQUIDATE: Drawdown -25.8% exceeds limit -25.0%
2026-05-30 20:06:25 | risk_manager         | WARNING | LIQUIDATE: Drawdown -25.8% exceeds limit -25.0%
2026-05-30 20:06:25 | risk_manager         | WARNING | LIQUIDATE: Drawdown -25.8% exceeds limit -25.0%
2026-05-30 20:06:25 | risk_manager         | WARNING | LIQUIDATE: Drawdown -25.8% exceeds limit -25.0%
2026-05-30 20:06:25 | risk_manager         | WARNING | LIQUIDATE: Drawdown -25.8% exceeds limit -25.0%
2026-05-30 20:06:25 | risk_manager         | WARNING | LIQUIDATE: Drawdown -25.8% exceeds limit -25.0%
2026-05-30 20:06:25 | risk_manager         | WARNING | LIQUIDATE: Drawdown -25.8% exceeds limit -25.0%
2026-05-30 20:06:25 | risk_manager         | WARNING | LIQUIDATE: Drawdown -25.8% exceeds limit -25.0%
2026-05-30 20:06:25 | risk_manager         | WARNING | LIQUIDATE: Drawdown -25.8% exceeds limit -25.0%
2026-05-30 20:06:25 | risk_manager         | WARNING | LIQUIDATE: Drawdown -25.8% exceeds limit -25.0%
2026-05-30 20:06:25 | risk_manager         | WARNING | LIQUIDATE: Drawdown -25.8% exceeds limit -25.0%
2026-05-30 20:06:25 | risk_manager         | WARNING | LIQUIDATE: Drawdown -25.8% exceeds limit -25.0%
2026-05-30 20:06:25 | risk_manager         | WARNING | LIQUIDATE: Drawdown -25.8% exceeds limit -25.0%
2026-05-30 20:06:25 | risk_manager         | WARNING | LIQUIDATE: Drawdown -25.8% exceeds limit -25.0%
2026-05-30 20:06:25 | risk_manager         | WARNING | LIQUIDATE: Drawdown -25.8% exceeds limit -25.0%
2026-05-30 20:06:25 | risk_manager         | WARNING | LIQUIDATE: Drawdown -25.8% exceeds limit -25.0%
2026-05-30 20:06:25 | risk_manager         | WARNING | LIQUIDATE: Drawdown -25.8% exceeds limit -25.0%
2026-05-30 20:06:25 | risk_manager         | WARNING | LIQUIDATE: Drawdown -25.8% exceeds limit -25.0%
2026-05-30 20:06:25 | risk_manager         | WARNING | LIQUIDATE: Drawdown -25.8% exceeds limit -25.0%
2026-05-30 20:06:25 | risk_manager         | WARNING | LIQUIDATE: Drawdown -25.8% exceeds limit -25.0%
2026-05-30 20:06:25 | risk_manager         | WARNING | LIQUIDATE: Drawdown -25.8% exceeds limit -25.0%
2026-05-30 20:06:25 | risk_manager         | WARNING | LIQUIDATE: Drawdown -25.8% exceeds limit -25.0%
2026-05-30 20:06:25 | risk_manager         | WARNING | LIQUIDATE: Drawdown -25.8% exceeds limit -25.0%
2026-05-30 20:06:25 | risk_manager         | WARNING | LIQUIDATE: Drawdown -25.8% exceeds limit -25.0%
2026-05-30 20:06:25 | risk_manager         | WARNING | LIQUIDATE: Drawdown -25.8% exceeds limit -25.0%
2026-05-30 20:06:25 | risk_manager         | WARNING | LIQUIDATE: Drawdown -25.8% exceeds limit -25.0%
2026-05-30 20:06:25 | risk_manager         | WARNING | LIQUIDATE: Drawdown -25.8% exceeds limit -25.0%
2026-05-30 20:06:25 | risk_manager         | WARNING | LIQUIDATE: Drawdown -25.8% exceeds limit -25.0%
2026-05-30 20:06:25 | risk_manager         | WARNING | LIQUIDATE: Drawdown -25.8% exceeds limit -25.0%
2026-05-30 20:06:25 | risk_manager         | WARNING | LIQUIDATE: Drawdown -25.8% exceeds limit -25.0%
2026-05-30 20:06:25 | risk_manager         | WARNING | LIQUIDATE: Drawdown -25.8% exceeds limit -25.0%
2026-05-30 20:06:25 | risk_manager         | WARNING | LIQUIDATE: Drawdown -25.8% exceeds limit -25.0%
2026-05-30 20:06:25 | risk_manager         | WARNING | LIQUIDATE: Drawdown -25.8% exceeds limit -25.0%
2026-05-30 20:06:25 | risk_manager         | WARNING | LIQUIDATE: Drawdown -25.8% exceeds limit -25.0%
2026-05-30 20:06:25 | risk_manager         | WARNING | LIQUIDATE: Drawdown -25.8% exceeds limit -25.0%
2026-05-30 20:06:25 | risk_manager         | WARNING | LIQUIDATE: Drawdown -25.8% exceeds limit -25.0%
2026-05-30 20:06:25 | risk_manager         | WARNING | LIQUIDATE: Drawdown -25.8% exceeds limit -25.0%
2026-05-30 20:06:25 | risk_manager         | WARNING | LIQUIDATE: Drawdown -25.8% exceeds limit -25.0%
2026-05-30 20:06:25 | risk_manager         | WARNING | LIQUIDATE: Drawdown -25.8% exceeds limit -25.0%
2026-05-30 20:06:25 | risk_manager         | WARNING | LIQUIDATE: Drawdown -25.8% exceeds limit -25.0%
2026-05-30 20:06:25 | risk_manager         | WARNING | LIQUIDATE: Drawdown -25.8% exceeds limit -25.0%
2026-05-30 20:06:25 | risk_manager         | WARNING | LIQUIDATE: Drawdown -25.8% exceeds limit -25.0%
2026-05-30 20:06:25 | risk_manager         | WARNING | LIQUIDATE: Drawdown -25.8% exceeds limit -25.0%
2026-05-30 20:06:25 | risk_manager         | WARNING | LIQUIDATE: Drawdown -25.8% exceeds limit -25.0%
2026-05-30 20:06:25 | risk_manager         | WARNING | LIQUIDATE: Drawdown -25.8% exceeds limit -25.0%
2026-05-30 20:06:25 | risk_manager         | WARNING | LIQUIDATE: Drawdown -25.8% exceeds limit -25.0%
2026-05-30 20:06:25 | risk_manager         | WARNING | LIQUIDATE: Drawdown -25.8% exceeds limit -25.0%
2026-05-30 20:06:25 | risk_manager         | WARNING | LIQUIDATE: Drawdown -25.8% exceeds limit -25.0%
2026-05-30 20:06:25 | risk_manager         | WARNING | LIQUIDATE: Drawdown -25.8% exceeds limit -25.0%
2026-05-30 20:06:25 | risk_manager         | WARNING | LIQUIDATE: Drawdown -25.8% exceeds limit -25.0%
2026-05-30 20:06:25 | risk_manager         | WARNING | LIQUIDATE: Drawdown -25.8% exceeds limit -25.0%
2026-05-30 20:06:25 | risk_manager         | WARNING | LIQUIDATE: Drawdown -25.8% exceeds limit -25.0%
2026-05-30 20:06:25 | risk_manager         | WARNING | LIQUIDATE: Drawdown -25.8% exceeds limit -25.0%
2026-05-30 20:06:25 | risk_manager         | WARNING | LIQUIDATE: Drawdown -25.8% exceeds limit -25.0%
2026-05-30 20:06:25 | risk_manager         | WARNING | LIQUIDATE: Drawdown -25.8% exceeds limit -25.0%
2026-05-30 20:06:25 | risk_manager         | WARNING | LIQUIDATE: Drawdown -25.8% exceeds limit -25.0%
2026-05-30 20:06:25 | risk_manager         | WARNING | LIQUIDATE: Drawdown -25.8% exceeds limit -25.0%
2026-05-30 20:06:25 | risk_manager         | WARNING | LIQUIDATE: Drawdown -25.8% exceeds limit -25.0%
2026-05-30 20:06:25 | risk_manager         | WARNING | LIQUIDATE: Drawdown -25.8% exceeds limit -25.0%
2026-05-30 20:06:25 | risk_manager         | WARNING | LIQUIDATE: Drawdown -25.8% exceeds limit -25.0%
2026-05-30 20:06:25 | risk_manager         | WARNING | LIQUIDATE: Drawdown -25.8% exceeds limit -25.0%
2026-05-30 20:06:25 | risk_manager         | WARNING | LIQUIDATE: Drawdown -25.8% exceeds limit -25.0%
2026-05-30 20:06:25 | risk_manager         | WARNING | LIQUIDATE: Drawdown -25.8% exceeds limit -25.0%
2026-05-30 20:06:25 | risk_manager         | WARNING | LIQUIDATE: Drawdown -25.8% exceeds limit -25.0%
2026-05-30 20:06:25 | risk_manager         | WARNING | LIQUIDATE: Drawdown -25.8% exceeds limit -25.0%
2026-05-30 20:06:25 | risk_manager         | WARNING | LIQUIDATE: Drawdown -25.8% exceeds limit -25.0%
2026-05-30 20:06:25 | risk_manager         | WARNING | LIQUIDATE: Drawdown -25.8% exceeds limit -25.0%
2026-05-30 20:06:25 | risk_manager         | WARNING | LIQUIDATE: Drawdown -25.8% exceeds limit -25.0%
2026-05-30 20:06:25 | risk_manager         | WARNING | LIQUIDATE: Drawdown -25.8% exceeds limit -25.0%
2026-05-30 20:06:25 | risk_manager         | WARNING | LIQUIDATE: Drawdown -25.8% exceeds limit -25.0%
2026-05-30 20:06:25 | risk_manager         | WARNING | LIQUIDATE: Drawdown -25.8% exceeds limit -25.0%
2026-05-30 20:06:25 | risk_manager         | WARNING | LIQUIDATE: Drawdown -25.8% exceeds limit -25.0%
2026-05-30 20:06:25 | risk_manager         | WARNING | LIQUIDATE: Drawdown -25.8% exceeds limit -25.0%
2026-05-30 20:06:25 | risk_manager         | WARNING | LIQUIDATE: Drawdown -25.8% exceeds limit -25.0%
2026-05-30 20:06:25 | risk_manager         | WARNING | LIQUIDATE: Drawdown -25.8% exceeds limit -25.0%
2026-05-30 20:06:25 | risk_manager         | WARNING | LIQUIDATE: Drawdown -25.8% exceeds limit -25.0%
2026-05-30 20:06:25 | risk_manager         | WARNING | LIQUIDATE: Drawdown -25.8% exceeds limit -25.0%
2026-05-30 20:06:25 | risk_manager         | WARNING | LIQUIDATE: Drawdown -25.8% exceeds limit -25.0%
2026-05-30 20:06:25 | risk_manager         | WARNING | LIQUIDATE: Drawdown -25.8% exceeds limit -25.0%
2026-05-30 20:06:25 | risk_manager         | WARNING | LIQUIDATE: Drawdown -25.8% exceeds limit -25.0%
2026-05-30 20:06:25 | risk_manager         | WARNING | LIQUIDATE: Drawdown -25.8% exceeds limit -25.0%
2026-05-30 20:06:25 | risk_manager         | WARNING | LIQUIDATE: Drawdown -25.8% exceeds limit -25.0%
2026-05-30 20:06:25 | risk_manager         | WARNING | LIQUIDATE: Drawdown -25.8% exceeds limit -25.0%
2026-05-30 20:06:25 | risk_manager         | WARNING | LIQUIDATE: Drawdown -25.8% exceeds limit -25.0%
2026-05-30 20:06:25 | risk_manager         | WARNING | LIQUIDATE: Drawdown -25.8% exceeds limit -25.0%
2026-05-30 20:06:25 | risk_manager         | WARNING | LIQUIDATE: Drawdown -25.8% exceeds limit -25.0%
2026-05-30 20:06:25 | risk_manager         | WARNING | LIQUIDATE: Drawdown -25.8% exceeds limit -25.0%
2026-05-30 20:06:25 | risk_manager         | WARNING | LIQUIDATE: Drawdown -25.8% exceeds limit -25.0%
2026-05-30 20:06:25 | risk_manager         | WARNING | LIQUIDATE: Drawdown -25.8% exceeds limit -25.0%
2026-05-30 20:06:25 | risk_manager         | WARNING | LIQUIDATE: Drawdown -25.8% exceeds limit -25.0%
2026-05-30 20:06:25 | risk_manager         | WARNING | LIQUIDATE: Drawdown -25.8% exceeds limit -25.0%
2026-05-30 20:06:25 | risk_manager         | WARNING | LIQUIDATE: Drawdown -25.8% exceeds limit -25.0%
2026-05-30 20:06:25 | risk_manager         | WARNING | LIQUIDATE: Drawdown -25.8% exceeds limit -25.0%
2026-05-30 20:06:25 | risk_manager         | WARNING | LIQUIDATE: Drawdown -25.8% exceeds limit -25.0%
2026-05-30 20:06:25 | risk_manager         | WARNING | LIQUIDATE: Drawdown -25.8% exceeds limit -25.0%
2026-05-30 20:06:25 | risk_manager         | WARNING | LIQUIDATE: Drawdown -25.8% exceeds limit -25.0%
2026-05-30 20:06:25 | risk_manager         | WARNING | LIQUIDATE: Drawdown -25.8% exceeds limit -25.0%
2026-05-30 20:06:25 | risk_manager         | WARNING | LIQUIDATE: Drawdown -25.8% exceeds limit -25.0%
2026-05-30 20:06:25 | risk_manager         | WARNING | LIQUIDATE: Drawdown -25.8% exceeds limit -25.0%
2026-05-30 20:06:25 | risk_manager         | WARNING | LIQUIDATE: Drawdown -25.8% exceeds limit -25.0%
2026-05-30 20:06:25 | risk_manager         | WARNING | LIQUIDATE: Drawdown -25.8% exceeds limit -25.0%
2026-05-30 20:06:25 | risk_manager         | WARNING | LIQUIDATE: Drawdown -25.8% exceeds limit -25.0%
2026-05-30 20:06:25 | risk_manager         | WARNING | LIQUIDATE: Drawdown -25.8% exceeds limit -25.0%
2026-05-30 20:06:25 | risk_manager         | WARNING | LIQUIDATE: Drawdown -25.8% exceeds limit -25.0%
2026-05-30 20:06:25 | risk_manager         | WARNING | LIQUIDATE: Drawdown -25.8% exceeds limit -25.0%
2026-05-30 20:06:25 | risk_manager         | WARNING | LIQUIDATE: Drawdown -25.8% exceeds limit -25.0%
2026-05-30 20:06:25 | risk_manager         | WARNING | LIQUIDATE: Drawdown -25.8% exceeds limit -25.0%
2026-05-30 20:06:25 | risk_manager         | WARNING | LIQUIDATE: Drawdown -25.8% exceeds limit -25.0%
2026-05-30 20:06:25 | risk_manager         | WARNING | LIQUIDATE: Drawdown -25.8% exceeds limit -25.0%
2026-05-30 20:06:25 | risk_manager         | WARNING | LIQUIDATE: Drawdown -25.8% exceeds limit -25.0%
2026-05-30 20:06:25 | risk_manager         | WARNING | LIQUIDATE: Drawdown -25.8% exceeds limit -25.0%
2026-05-30 20:06:25 | risk_manager         | WARNING | LIQUIDATE: Drawdown -25.8% exceeds limit -25.0%
2026-05-30 20:06:25 | risk_manager         | WARNING | LIQUIDATE: Drawdown -25.8% exceeds limit -25.0%
2026-05-30 20:06:25 | risk_manager         | WARNING | LIQUIDATE: Drawdown -25.8% exceeds limit -25.0%
2026-05-30 20:06:25 | risk_manager         | WARNING | LIQUIDATE: Drawdown -25.8% exceeds limit -25.0%
2026-05-30 20:06:25 | risk_manager         | WARNING | LIQUIDATE: Drawdown -25.8% exceeds limit -25.0%
2026-05-30 20:06:25 | risk_manager         | WARNING | LIQUIDATE: Drawdown -25.8% exceeds limit -25.0%
2026-05-30 20:06:25 | risk_manager         | WARNING | LIQUIDATE: Drawdown -25.8% exceeds limit -25.0%
2026-05-30 20:06:25 | risk_manager         | WARNING | LIQUIDATE: Drawdown -25.8% exceeds limit -25.0%
2026-05-30 20:06:25 | risk_manager         | WARNING | LIQUIDATE: Drawdown -25.8% exceeds limit -25.0%
2026-05-30 20:06:25 | risk_manager         | WARNING | LIQUIDATE: Drawdown -25.8% exceeds limit -25.0%
2026-05-30 20:06:25 | risk_manager         | WARNING | LIQUIDATE: Drawdown -25.8% exceeds limit -25.0%
2026-05-30 20:06:25 | risk_manager         | WARNING | LIQUIDATE: Drawdown -25.8% exceeds limit -25.0%
2026-05-30 20:06:25 | risk_manager         | WARNING | LIQUIDATE: Drawdown -25.8% exceeds limit -25.0%
2026-05-30 20:06:25 | risk_manager         | WARNING | LIQUIDATE: Drawdown -25.8% exceeds limit -25.0%
2026-05-30 20:06:25 | risk_manager         | WARNING | LIQUIDATE: Drawdown -25.8% exceeds limit -25.0%
2026-05-30 20:06:25 | risk_manager         | WARNING | LIQUIDATE: Drawdown -25.8% exceeds limit -25.0%
2026-05-30 20:06:25 | risk_manager         | WARNING | LIQUIDATE: Drawdown -25.8% exceeds limit -25.0%
2026-05-30 20:06:25 | risk_manager         | WARNING | LIQUIDATE: Drawdown -25.8% exceeds limit -25.0%
2026-05-30 20:06:25 | risk_manager         | WARNING | LIQUIDATE: Drawdown -25.8% exceeds limit -25.0%
2026-05-30 20:06:25 | risk_manager         | WARNING | LIQUIDATE: Drawdown -25.8% exceeds limit -25.0%
2026-05-30 20:06:25 | risk_manager         | WARNING | LIQUIDATE: Drawdown -25.8% exceeds limit -25.0%
2026-05-30 20:06:25 | risk_manager         | WARNING | LIQUIDATE: Drawdown -25.8% exceeds limit -25.0%
2026-05-30 20:06:25 | risk_manager         | WARNING | LIQUIDATE: Drawdown -25.8% exceeds limit -25.0%
2026-05-30 20:06:25 | risk_manager         | WARNING | LIQUIDATE: Drawdown -25.8% exceeds limit -25.0%
2026-05-30 20:06:25 | risk_manager         | WARNING | LIQUIDATE: Drawdown -25.8% exceeds limit -25.0%
2026-05-30 20:06:25 | risk_manager         | WARNING | LIQUIDATE: Drawdown -25.8% exceeds limit -25.0%
2026-05-30 20:06:25 | risk_manager         | WARNING | LIQUIDATE: Drawdown -25.8% exceeds limit -25.0%
2026-05-30 20:06:25 | risk_manager         | WARNING | LIQUIDATE: Drawdown -25.8% exceeds limit -25.0%
2026-05-30 20:06:25 | risk_manager         | WARNING | LIQUIDATE: Drawdown -25.8% exceeds limit -25.0%
2026-05-30 20:06:25 | risk_manager         | WARNING | LIQUIDATE: Drawdown -25.8% exceeds limit -25.0%
2026-05-30 20:06:25 | risk_manager         | WARNING | LIQUIDATE: Drawdown -25.8% exceeds limit -25.0%
2026-05-30 20:06:25 | risk_manager         | WARNING | LIQUIDATE: Drawdown -25.8% exceeds limit -25.0%
2026-05-30 20:06:25 | risk_manager         | WARNING | LIQUIDATE: Drawdown -25.8% exceeds limit -25.0%
2026-05-30 20:06:25 | risk_manager         | WARNING | LIQUIDATE: Drawdown -25.8% exceeds limit -25.0%
2026-05-30 20:06:25 | risk_manager         | WARNING | LIQUIDATE: Drawdown -25.8% exceeds limit -25.0%
2026-05-30 20:06:25 | risk_manager         | WARNING | LIQUIDATE: Drawdown -25.8% exceeds limit -25.0%
2026-05-30 20:06:25 | risk_manager         | WARNING | LIQUIDATE: Drawdown -25.8% exceeds limit -25.0%
2026-05-30 20:06:25 | risk_manager         | WARNING | LIQUIDATE: Drawdown -25.8% exceeds limit -25.0%
2026-05-30 20:06:25 | risk_manager         | WARNING | LIQUIDATE: Drawdown -25.8% exceeds limit -25.0%
2026-05-30 20:06:25 | risk_manager         | WARNING | LIQUIDATE: Drawdown -25.8% exceeds limit -25.0%
2026-05-30 20:06:25 | risk_manager         | WARNING | LIQUIDATE: Drawdown -25.8% exceeds limit -25.0%
2026-05-30 20:06:25 | risk_manager         | WARNING | LIQUIDATE: Drawdown -25.8% exceeds limit -25.0%
2026-05-30 20:06:25 | risk_manager         | WARNING | LIQUIDATE: Drawdown -25.8% exceeds limit -25.0%
2026-05-30 20:06:25 | risk_manager         | WARNING | LIQUIDATE: Drawdown -25.8% exceeds limit -25.0%
2026-05-30 20:06:25 | risk_manager         | WARNING | LIQUIDATE: Drawdown -25.8% exceeds limit -25.0%
2026-05-30 20:06:25 | risk_manager         | WARNING | LIQUIDATE: Drawdown -25.8% exceeds limit -25.0%
2026-05-30 20:06:25 | risk_manager         | WARNING | LIQUIDATE: Drawdown -25.8% exceeds limit -25.0%
2026-05-30 20:06:25 | risk_manager         | WARNING | LIQUIDATE: Drawdown -25.8% exceeds limit -25.0%
2026-05-30 20:06:25 | risk_manager         | WARNING | LIQUIDATE: Drawdown -25.8% exceeds limit -25.0%
2026-05-30 20:06:25 | risk_manager         | WARNING | LIQUIDATE: Drawdown -25.8% exceeds limit -25.0%
2026-05-30 20:06:25 | risk_manager         | WARNING | LIQUIDATE: Drawdown -25.8% exceeds limit -25.0%
2026-05-30 20:06:25 | risk_manager         | WARNING | LIQUIDATE: Drawdown -25.8% exceeds limit -25.0%
2026-05-30 20:06:25 | risk_manager         | WARNING | LIQUIDATE: Drawdown -25.8% exceeds limit -25.0%
2026-05-30 20:06:25 | risk_manager         | WARNING | LIQUIDATE: Drawdown -25.8% exceeds limit -25.0%
2026-05-30 20:06:25 | risk_manager         | WARNING | LIQUIDATE: Drawdown -25.8% exceeds limit -25.0%
2026-05-30 20:06:25 | risk_manager         | WARNING | LIQUIDATE: Drawdown -25.8% exceeds limit -25.0%
2026-05-30 20:06:25 | risk_manager         | WARNING | LIQUIDATE: Drawdown -25.8% exceeds limit -25.0%
2026-05-30 20:06:25 | risk_manager         | WARNING | LIQUIDATE: Drawdown -25.8% exceeds limit -25.0%
2026-05-30 20:06:25 | risk_manager         | WARNING | LIQUIDATE: Drawdown -25.8% exceeds limit -25.0%
2026-05-30 20:06:25 | risk_manager         | WARNING | LIQUIDATE: Drawdown -25.8% exceeds limit -25.0%
2026-05-30 20:06:25 | risk_manager         | WARNING | LIQUIDATE: Drawdown -25.8% exceeds limit -25.0%
2026-05-30 20:06:25 | risk_manager         | WARNING | LIQUIDATE: Drawdown -25.8% exceeds limit -25.0%
2026-05-30 20:06:25 | risk_manager         | WARNING | LIQUIDATE: Drawdown -25.8% exceeds limit -25.0%
2026-05-30 20:06:25 | risk_manager         | WARNING | LIQUIDATE: Drawdown -25.8% exceeds limit -25.0%
2026-05-30 20:06:25 | risk_manager         | WARNING | LIQUIDATE: Drawdown -25.8% exceeds limit -25.0%
2026-05-30 20:06:25 | risk_manager         | WARNING | LIQUIDATE: Drawdown -25.8% exceeds limit -25.0%
2026-05-30 20:06:25 | risk_manager         | WARNING | LIQUIDATE: Drawdown -25.8% exceeds limit -25.0%
2026-05-30 20:06:25 | risk_manager         | WARNING | LIQUIDATE: Drawdown -25.8% exceeds limit -25.0%
2026-05-30 20:06:25 | risk_manager         | WARNING | LIQUIDATE: Drawdown -25.8% exceeds limit -25.0%
2026-05-30 20:06:25 | risk_manager         | WARNING | LIQUIDATE: Drawdown -25.8% exceeds limit -25.0%
2026-05-30 20:06:25 | risk_manager         | WARNING | LIQUIDATE: Drawdown -25.8% exceeds limit -25.0%
2026-05-30 20:06:25 | risk_manager         | WARNING | LIQUIDATE: Drawdown -25.8% exceeds limit -25.0%
2026-05-30 20:06:25 | risk_manager         | WARNING | LIQUIDATE: Drawdown -25.8% exceeds limit -25.0%
2026-05-30 20:06:25 | risk_manager         | WARNING | LIQUIDATE: Drawdown -25.8% exceeds limit -25.0%
2026-05-30 20:06:25 | risk_manager         | WARNING | LIQUIDATE: Drawdown -25.8% exceeds limit -25.0%
2026-05-30 20:06:25 | risk_manager         | WARNING | LIQUIDATE: Drawdown -25.8% exceeds limit -25.0%
2026-05-30 20:06:25 | risk_manager         | WARNING | LIQUIDATE: Drawdown -25.8% exceeds limit -25.0%
2026-05-30 20:06:25 | risk_manager         | WARNING | LIQUIDATE: Drawdown -25.8% exceeds limit -25.0%
2026-05-30 20:06:25 | risk_manager         | WARNING | LIQUIDATE: Drawdown -25.8% exceeds limit -25.0%
2026-05-30 20:06:25 | risk_manager         | WARNING | LIQUIDATE: Drawdown -25.8% exceeds limit -25.0%
2026-05-30 20:06:25 | risk_manager         | WARNING | LIQUIDATE: Drawdown -25.8% exceeds limit -25.0%
2026-05-30 20:06:25 | risk_manager         | WARNING | LIQUIDATE: Drawdown -25.8% exceeds limit -25.0%
2026-05-30 20:06:25 | risk_manager         | WARNING | LIQUIDATE: Drawdown -25.8% exceeds limit -25.0%
2026-05-30 20:06:25 | risk_manager         | WARNING | LIQUIDATE: Drawdown -25.8% exceeds limit -25.0%
2026-05-30 20:06:25 | risk_manager         | WARNING | LIQUIDATE: Drawdown -25.8% exceeds limit -25.0%
2026-05-30 20:06:25 | risk_manager         | WARNING | LIQUIDATE: Drawdown -25.8% exceeds limit -25.0%
2026-05-30 20:06:25 | risk_manager         | WARNING | LIQUIDATE: Drawdown -25.8% exceeds limit -25.0%
2026-05-30 20:06:25 | risk_manager         | WARNING | LIQUIDATE: Drawdown -25.8% exceeds limit -25.0%
2026-05-30 20:06:25 | risk_manager         | WARNING | LIQUIDATE: Drawdown -25.8% exceeds limit -25.0%
2026-05-30 20:06:25 | risk_manager         | WARNING | LIQUIDATE: Drawdown -25.8% exceeds limit -25.0%
2026-05-30 20:06:25 | risk_manager         | WARNING | LIQUIDATE: Drawdown -25.8% exceeds limit -25.0%
2026-05-30 20:06:25 | risk_manager         | WARNING | LIQUIDATE: Drawdown -25.8% exceeds limit -25.0%
2026-05-30 20:06:25 | risk_manager         | WARNING | LIQUIDATE: Drawdown -25.8% exceeds limit -25.0%
2026-05-30 20:06:25 | risk_manager         | WARNING | LIQUIDATE: Drawdown -25.8% exceeds limit -25.0%
2026-05-30 20:06:25 | risk_manager         | WARNING | LIQUIDATE: Drawdown -25.8% exceeds limit -25.0%
2026-05-30 20:06:25 | risk_manager         | WARNING | LIQUIDATE: Drawdown -25.8% exceeds limit -25.0%
2026-05-30 20:06:25 | risk_manager         | WARNING | LIQUIDATE: Drawdown -25.8% exceeds limit -25.0%
2026-05-30 20:06:25 | risk_manager         | WARNING | LIQUIDATE: Drawdown -25.8% exceeds limit -25.0%
2026-05-30 20:06:25 | risk_manager         | WARNING | LIQUIDATE: Drawdown -25.8% exceeds limit -25.0%
2026-05-30 20:06:25 | risk_manager         | WARNING | LIQUIDATE: Drawdown -25.8% exceeds limit -25.0%
2026-05-30 20:06:25 | risk_manager         | WARNING | LIQUIDATE: Drawdown -25.8% exceeds limit -25.0%
2026-05-30 20:06:25 | risk_manager         | WARNING | LIQUIDATE: Drawdown -25.8% exceeds limit -25.0%
2026-05-30 20:06:25 | risk_manager         | WARNING | LIQUIDATE: Drawdown -25.8% exceeds limit -25.0%
2026-05-30 20:06:25 | risk_manager         | WARNING | LIQUIDATE: Drawdown -25.8% exceeds limit -25.0%
2026-05-30 20:06:25 | risk_manager         | WARNING | LIQUIDATE: Drawdown -25.8% exceeds limit -25.0%
2026-05-30 20:06:25 | risk_manager         | WARNING | LIQUIDATE: Drawdown -25.8% exceeds limit -25.0%
2026-05-30 20:06:25 | risk_manager         | WARNING | LIQUIDATE: Drawdown -25.8% exceeds limit -25.0%
2026-05-30 20:06:25 | risk_manager         | WARNING | LIQUIDATE: Drawdown -25.8% exceeds limit -25.0%
2026-05-30 20:06:25 | risk_manager         | WARNING | LIQUIDATE: Drawdown -25.8% exceeds limit -25.0%
2026-05-30 20:06:25 | risk_manager         | WARNING | LIQUIDATE: Drawdown -25.8% exceeds limit -25.0%
2026-05-30 20:06:25 | risk_manager         | WARNING | LIQUIDATE: Drawdown -25.8% exceeds limit -25.0%
2026-05-30 20:06:25 | risk_manager         | WARNING | LIQUIDATE: Drawdown -25.8% exceeds limit -25.0%
2026-05-30 20:06:25 | risk_manager         | WARNING | LIQUIDATE: Drawdown -25.8% exceeds limit -25.0%
2026-05-30 20:06:25 | risk_manager         | WARNING | LIQUIDATE: Drawdown -25.8% exceeds limit -25.0%
2026-05-30 20:06:25 | risk_manager         | WARNING | LIQUIDATE: Drawdown -25.8% exceeds limit -25.0%
2026-05-30 20:06:25 | risk_manager         | WARNING | LIQUIDATE: Drawdown -25.8% exceeds limit -25.0%
2026-05-30 20:06:25 | risk_manager         | WARNING | LIQUIDATE: Drawdown -25.8% exceeds limit -25.0%
2026-05-30 20:06:25 | risk_manager         | WARNING | LIQUIDATE: Drawdown -25.8% exceeds limit -25.0%
2026-05-30 20:06:25 | risk_manager         | WARNING | LIQUIDATE: Drawdown -25.8% exceeds limit -25.0%
2026-05-30 20:06:25 | risk_manager         | WARNING | LIQUIDATE: Drawdown -25.8% exceeds limit -25.0%
2026-05-30 20:06:25 | risk_manager         | WARNING | LIQUIDATE: Drawdown -25.8% exceeds limit -25.0%
2026-05-30 20:06:25 | risk_manager         | WARNING | LIQUIDATE: Drawdown -25.8% exceeds limit -25.0%
2026-05-30 20:06:25 | risk_manager         | WARNING | LIQUIDATE: Drawdown -25.8% exceeds limit -25.0%
2026-05-30 20:06:25 | risk_manager         | WARNING | LIQUIDATE: Drawdown -25.8% exceeds limit -25.0%
2026-05-30 20:06:25 | risk_manager         | WARNING | LIQUIDATE: Drawdown -25.8% exceeds limit -25.0%
2026-05-30 20:06:25 | risk_manager         | WARNING | LIQUIDATE: Drawdown -25.8% exceeds limit -25.0%
2026-05-30 20:06:25 | risk_manager         | WARNING | LIQUIDATE: Drawdown -25.8% exceeds limit -25.0%
2026-05-30 20:06:25 | risk_manager         | WARNING | LIQUIDATE: Drawdown -25.8% exceeds limit -25.0%
2026-05-30 20:06:25 | risk_manager         | WARNING | LIQUIDATE: Drawdown -25.8% exceeds limit -25.0%
2026-05-30 20:06:25 | risk_manager         | WARNING | LIQUIDATE: Drawdown -25.8% exceeds limit -25.0%
2026-05-30 20:06:25 | risk_manager         | WARNING | LIQUIDATE: Drawdown -25.8% exceeds limit -25.0%
2026-05-30 20:06:25 | risk_manager         | WARNING | LIQUIDATE: Drawdown -25.8% exceeds limit -25.0%
2026-05-30 20:06:25 | risk_manager         | WARNING | LIQUIDATE: Drawdown -25.8% exceeds limit -25.0%
2026-05-30 20:06:25 | risk_manager         | WARNING | LIQUIDATE: Drawdown -25.8% exceeds limit -25.0%
2026-05-30 20:06:25 | risk_manager         | WARNING | LIQUIDATE: Drawdown -25.8% exceeds limit -25.0%
2026-05-30 20:06:25 | risk_manager         | WARNING | LIQUIDATE: Drawdown -25.8% exceeds limit -25.0%
2026-05-30 20:06:25 | risk_manager         | WARNING | LIQUIDATE: Drawdown -25.8% exceeds limit -25.0%
2026-05-30 20:06:25 | risk_manager         | WARNING | LIQUIDATE: Drawdown -25.8% exceeds limit -25.0%
2026-05-30 20:06:25 | risk_manager         | WARNING | LIQUIDATE: Drawdown -25.8% exceeds limit -25.0%
2026-05-30 20:06:25 | risk_manager         | WARNING | LIQUIDATE: Drawdown -25.8% exceeds limit -25.0%
2026-05-30 20:06:25 | risk_manager         | WARNING | LIQUIDATE: Drawdown -25.8% exceeds limit -25.0%
2026-05-30 20:06:25 | risk_manager         | WARNING | LIQUIDATE: Drawdown -25.8% exceeds limit -25.0%
2026-05-30 20:06:25 | risk_manager         | WARNING | LIQUIDATE: Drawdown -25.8% exceeds limit -25.0%
2026-05-30 20:06:25 | risk_manager         | WARNING | LIQUIDATE: Drawdown -25.8% exceeds limit -25.0%
2026-05-30 20:06:25 | risk_manager         | WARNING | LIQUIDATE: Drawdown -25.8% exceeds limit -25.0%
2026-05-30 20:06:25 | risk_manager         | WARNING | LIQUIDATE: Drawdown -25.8% exceeds limit -25.0%
2026-05-30 20:06:25 | risk_manager         | WARNING | LIQUIDATE: Drawdown -25.8% exceeds limit -25.0%
2026-05-30 20:06:25 | risk_manager         | WARNING | LIQUIDATE: Drawdown -25.8% exceeds limit -25.0%
2026-05-30 20:06:25 | risk_manager         | WARNING | LIQUIDATE: Drawdown -25.8% exceeds limit -25.0%
2026-05-30 20:06:25 | risk_manager         | WARNING | LIQUIDATE: Drawdown -25.8% exceeds limit -25.0%
2026-05-30 20:06:25 | risk_manager         | WARNING | LIQUIDATE: Drawdown -25.8% exceeds limit -25.0%
2026-05-30 20:06:25 | risk_manager         | WARNING | LIQUIDATE: Drawdown -25.8% exceeds limit -25.0%
2026-05-30 20:06:25 | risk_manager         | WARNING | LIQUIDATE: Drawdown -25.8% exceeds limit -25.0%
2026-05-30 20:06:25 | risk_manager         | WARNING | LIQUIDATE: Drawdown -25.8% exceeds limit -25.0%
2026-05-30 20:06:25 | risk_manager         | WARNING | LIQUIDATE: Drawdown -25.8% exceeds limit -25.0%
2026-05-30 20:06:25 | risk_manager         | WARNING | LIQUIDATE: Drawdown -25.8% exceeds limit -25.0%
2026-05-30 20:06:25 | risk_manager         | WARNING | LIQUIDATE: Drawdown -25.8% exceeds limit -25.0%
2026-05-30 20:06:25 | risk_manager         | WARNING | LIQUIDATE: Drawdown -25.8% exceeds limit -25.0%
2026-05-30 20:06:25 | risk_manager         | WARNING | LIQUIDATE: Drawdown -25.8% exceeds limit -25.0%
2026-05-30 20:06:25 | risk_manager         | WARNING | LIQUIDATE: Drawdown -25.8% exceeds limit -25.0%
2026-05-30 20:06:25 | risk_manager         | WARNING | LIQUIDATE: Drawdown -25.8% exceeds limit -25.0%
2026-05-30 20:06:25 | risk_manager         | WARNING | LIQUIDATE: Drawdown -25.8% exceeds limit -25.0%
2026-05-30 20:06:25 | risk_manager         | WARNING | LIQUIDATE: Drawdown -25.8% exceeds limit -25.0%
2026-05-30 20:06:25 | risk_manager         | WARNING | LIQUIDATE: Drawdown -25.8% exceeds limit -25.0%
2026-05-30 20:06:25 | risk_manager         | WARNING | LIQUIDATE: Drawdown -25.8% exceeds limit -25.0%
2026-05-30 20:06:25 | risk_manager         | WARNING | LIQUIDATE: Drawdown -25.8% exceeds limit -25.0%
2026-05-30 20:06:25 | risk_manager         | WARNING | LIQUIDATE: Drawdown -25.8% exceeds limit -25.0%
2026-05-30 20:06:25 | risk_manager         | WARNING | LIQUIDATE: Drawdown -25.8% exceeds limit -25.0%
2026-05-30 20:06:25 | risk_manager         | WARNING | LIQUIDATE: Drawdown -25.8% exceeds limit -25.0%
2026-05-30 20:06:25 | risk_manager         | WARNING | LIQUIDATE: Drawdown -25.8% exceeds limit -25.0%
2026-05-30 20:06:25 | risk_manager         | WARNING | LIQUIDATE: Drawdown -25.8% exceeds limit -25.0%
2026-05-30 20:06:25 | risk_manager         | WARNING | LIQUIDATE: Drawdown -25.8% exceeds limit -25.0%
2026-05-30 20:06:25 | risk_manager         | WARNING | LIQUIDATE: Drawdown -25.8% exceeds limit -25.0%
2026-05-30 20:06:25 | risk_manager         | WARNING | LIQUIDATE: Drawdown -25.8% exceeds limit -25.0%
2026-05-30 20:06:25 | risk_manager         | WARNING | LIQUIDATE: Drawdown -25.8% exceeds limit -25.0%
2026-05-30 20:06:25 | risk_manager         | WARNING | LIQUIDATE: Drawdown -25.8% exceeds limit -25.0%
2026-05-30 20:06:25 | risk_manager         | WARNING | LIQUIDATE: Drawdown -25.8% exceeds limit -25.0%
2026-05-30 20:06:25 | risk_manager         | WARNING | LIQUIDATE: Drawdown -25.8% exceeds limit -25.0%
2026-05-30 20:06:25 | risk_manager         | WARNING | LIQUIDATE: Drawdown -25.8% exceeds limit -25.0%
2026-05-30 20:06:25 | risk_manager         | WARNING | LIQUIDATE: Drawdown -25.8% exceeds limit -25.0%
2026-05-30 20:06:25 | risk_manager         | WARNING | LIQUIDATE: Drawdown -25.8% exceeds limit -25.0%
2026-05-30 20:06:25 | risk_manager         | WARNING | LIQUIDATE: Drawdown -25.8% exceeds limit -25.0%
2026-05-30 20:06:25 | risk_manager         | WARNING | LIQUIDATE: Drawdown -25.8% exceeds limit -25.0%
2026-05-30 20:06:25 | risk_manager         | WARNING | LIQUIDATE: Drawdown -25.8% exceeds limit -25.0%
2026-05-30 20:06:25 | risk_manager         | WARNING | LIQUIDATE: Drawdown -25.8% exceeds limit -25.0%
2026-05-30 20:06:25 | risk_manager         | WARNING | LIQUIDATE: Drawdown -25.8% exceeds limit -25.0%
2026-05-30 20:06:25 | risk_manager         | WARNING | LIQUIDATE: Drawdown -25.8% exceeds limit -25.0%
2026-05-30 20:06:25 | risk_manager         | WARNING | LIQUIDATE: Drawdown -25.8% exceeds limit -25.0%
2026-05-30 20:06:25 | risk_manager         | WARNING | LIQUIDATE: Drawdown -25.8% exceeds limit -25.0%
2026-05-30 20:06:25 | risk_manager         | WARNING | LIQUIDATE: Drawdown -25.8% exceeds limit -25.0%
2026-05-30 20:06:25 | risk_manager         | WARNING | LIQUIDATE: Drawdown -25.8% exceeds limit -25.0%
2026-05-30 20:06:25 | risk_manager         | WARNING | LIQUIDATE: Drawdown -25.8% exceeds limit -25.0%
2026-05-30 20:06:25 | risk_manager         | WARNING | LIQUIDATE: Drawdown -25.8% exceeds limit -25.0%
2026-05-30 20:06:25 | risk_manager         | WARNING | LIQUIDATE: Drawdown -25.8% exceeds limit -25.0%
2026-05-30 20:06:25 | risk_manager         | WARNING | LIQUIDATE: Drawdown -25.8% exceeds limit -25.0%
2026-05-30 20:06:25 | risk_manager         | WARNING | LIQUIDATE: Drawdown -25.8% exceeds limit -25.0%
2026-05-30 20:06:25 | risk_manager         | WARNING | LIQUIDATE: Drawdown -25.8% exceeds limit -25.0%
2026-05-30 20:06:25 | risk_manager         | WARNING | LIQUIDATE: Drawdown -25.8% exceeds limit -25.0%
2026-05-30 20:06:25 | risk_manager         | WARNING | LIQUIDATE: Drawdown -25.8% exceeds limit -25.0%
2026-05-30 20:06:25 | risk_manager         | WARNING | LIQUIDATE: Drawdown -25.8% exceeds limit -25.0%
2026-05-30 20:06:25 | risk_manager         | WARNING | LIQUIDATE: Drawdown -25.8% exceeds limit -25.0%
2026-05-30 20:06:25 | risk_manager         | WARNING | LIQUIDATE: Drawdown -25.8% exceeds limit -25.0%
2026-05-30 20:06:25 | risk_manager         | WARNING | LIQUIDATE: Drawdown -25.8% exceeds limit -25.0%
2026-05-30 20:06:25 | risk_manager         | WARNING | LIQUIDATE: Drawdown -25.8% exceeds limit -25.0%
2026-05-30 20:06:25 | risk_manager         | WARNING | LIQUIDATE: Drawdown -25.8% exceeds limit -25.0%
2026-05-30 20:06:25 | risk_manager         | WARNING | LIQUIDATE: Drawdown -25.8% exceeds limit -25.0%
2026-05-30 20:06:25 | risk_manager         | WARNING | LIQUIDATE: Drawdown -25.8% exceeds limit -25.0%
2026-05-30 20:06:25 | risk_manager         | WARNING | LIQUIDATE: Drawdown -25.8% exceeds limit -25.0%
2026-05-30 20:06:25 | risk_manager         | WARNING | LIQUIDATE: Drawdown -25.8% exceeds limit -25.0%
2026-05-30 20:06:25 | risk_manager         | WARNING | LIQUIDATE: Drawdown -25.8% exceeds limit -25.0%
2026-05-30 20:06:25 | risk_manager         | WARNING | LIQUIDATE: Drawdown -25.8% exceeds limit -25.0%
2026-05-30 20:06:25 | risk_manager         | WARNING | LIQUIDATE: Drawdown -25.8% exceeds limit -25.0%
2026-05-30 20:06:25 | risk_manager         | WARNING | LIQUIDATE: Drawdown -25.8% exceeds limit -25.0%
2026-05-30 20:06:25 | risk_manager         | WARNING | LIQUIDATE: Drawdown -25.8% exceeds limit -25.0%
2026-05-30 20:06:25 | risk_manager         | WARNING | LIQUIDATE: Drawdown -25.8% exceeds limit -25.0%
2026-05-30 20:06:25 | risk_manager         | WARNING | LIQUIDATE: Drawdown -25.8% exceeds limit -25.0%
2026-05-30 20:06:25 | risk_manager         | WARNING | LIQUIDATE: Drawdown -25.8% exceeds limit -25.0%
2026-05-30 20:06:25 | risk_manager         | WARNING | LIQUIDATE: Drawdown -25.8% exceeds limit -25.0%
2026-05-30 20:06:25 | risk_manager         | WARNING | LIQUIDATE: Drawdown -25.8% exceeds limit -25.0%
2026-05-30 20:06:25 | risk_manager         | WARNING | LIQUIDATE: Drawdown -25.8% exceeds limit -25.0%
2026-05-30 20:06:25 | risk_manager         | WARNING | LIQUIDATE: Drawdown -25.8% exceeds limit -25.0%
2026-05-30 20:06:25 | risk_manager         | WARNING | LIQUIDATE: Drawdown -25.8% exceeds limit -25.0%
2026-05-30 20:06:25 | risk_manager         | WARNING | LIQUIDATE: Drawdown -25.8% exceeds limit -25.0%
2026-05-30 20:06:25 | risk_manager         | WARNING | LIQUIDATE: Drawdown -25.8% exceeds limit -25.0%
2026-05-30 20:06:25 | risk_manager         | WARNING | LIQUIDATE: Drawdown -25.8% exceeds limit -25.0%
2026-05-30 20:06:25 | risk_manager         | WARNING | LIQUIDATE: Drawdown -25.8% exceeds limit -25.0%
2026-05-30 20:06:25 | risk_manager         | WARNING | LIQUIDATE: Drawdown -25.8% exceeds limit -25.0%
2026-05-30 20:06:25 | risk_manager         | WARNING | LIQUIDATE: Drawdown -25.8% exceeds limit -25.0%
2026-05-30 20:06:25 | risk_manager         | WARNING | LIQUIDATE: Drawdown -25.8% exceeds limit -25.0%
2026-05-30 20:06:25 | risk_manager         | WARNING | LIQUIDATE: Drawdown -25.8% exceeds limit -25.0%
2026-05-30 20:06:25 | risk_manager         | WARNING | LIQUIDATE: Drawdown -25.8% exceeds limit -25.0%
2026-05-30 20:06:25 | risk_manager         | WARNING | LIQUIDATE: Drawdown -25.8% exceeds limit -25.0%
2026-05-30 20:06:25 | risk_manager         | WARNING | LIQUIDATE: Drawdown -25.8% exceeds limit -25.0%
2026-05-30 20:06:25 | risk_manager         | WARNING | LIQUIDATE: Drawdown -25.8% exceeds limit -25.0%
2026-05-30 20:06:25 | risk_manager         | WARNING | LIQUIDATE: Drawdown -25.8% exceeds limit -25.0%
2026-05-30 20:06:25 | risk_manager         | WARNING | LIQUIDATE: Drawdown -25.8% exceeds limit -25.0%
2026-05-30 20:06:25 | risk_manager         | WARNING | LIQUIDATE: Drawdown -25.8% exceeds limit -25.0%
2026-05-30 20:06:25 | risk_manager         | WARNING | LIQUIDATE: Drawdown -25.8% exceeds limit -25.0%
2026-05-30 20:06:25 | risk_manager         | WARNING | LIQUIDATE: Drawdown -25.8% exceeds limit -25.0%
2026-05-30 20:06:25 | risk_manager         | WARNING | LIQUIDATE: Drawdown -25.8% exceeds limit -25.0%
2026-05-30 20:06:25 | risk_manager         | WARNING | LIQUIDATE: Drawdown -25.8% exceeds limit -25.0%
2026-05-30 20:06:25 | risk_manager         | WARNING | LIQUIDATE: Drawdown -25.8% exceeds limit -25.0%
2026-05-30 20:06:25 | risk_manager         | WARNING | LIQUIDATE: Drawdown -25.8% exceeds limit -25.0%
2026-05-30 20:06:25 | risk_manager         | WARNING | LIQUIDATE: Drawdown -25.8% exceeds limit -25.0%
2026-05-30 20:06:25 | risk_manager         | WARNING | LIQUIDATE: Drawdown -25.8% exceeds limit -25.0%
2026-05-30 20:06:25 | risk_manager         | WARNING | LIQUIDATE: Drawdown -25.8% exceeds limit -25.0%
2026-05-30 20:06:25 | risk_manager         | WARNING | LIQUIDATE: Drawdown -25.8% exceeds limit -25.0%
2026-05-30 20:06:25 | risk_manager         | WARNING | LIQUIDATE: Drawdown -25.8% exceeds limit -25.0%
2026-05-30 20:06:25 | risk_manager         | WARNING | LIQUIDATE: Drawdown -25.8% exceeds limit -25.0%
2026-05-30 20:06:25 | risk_manager         | WARNING | LIQUIDATE: Drawdown -25.8% exceeds limit -25.0%
2026-05-30 20:06:25 | risk_manager         | WARNING | LIQUIDATE: Drawdown -25.8% exceeds limit -25.0%
2026-05-30 20:06:25 | risk_manager         | WARNING | LIQUIDATE: Drawdown -25.8% exceeds limit -25.0%
2026-05-30 20:06:25 | risk_manager         | WARNING | LIQUIDATE: Drawdown -25.8% exceeds limit -25.0%
2026-05-30 20:06:25 | risk_manager         | WARNING | LIQUIDATE: Drawdown -25.8% exceeds limit -25.0%
2026-05-30 20:06:25 | risk_manager         | WARNING | LIQUIDATE: Drawdown -25.8% exceeds limit -25.0%
2026-05-30 20:06:25 | risk_manager         | WARNING | LIQUIDATE: Drawdown -25.8% exceeds limit -25.0%
2026-05-30 20:06:25 | risk_manager         | WARNING | LIQUIDATE: Drawdown -25.8% exceeds limit -25.0%
2026-05-30 20:06:25 | risk_manager         | WARNING | LIQUIDATE: Drawdown -25.8% exceeds limit -25.0%
2026-05-30 20:06:25 | risk_manager         | WARNING | LIQUIDATE: Drawdown -25.8% exceeds limit -25.0%
2026-05-30 20:06:25 | risk_manager         | WARNING | LIQUIDATE: Drawdown -25.8% exceeds limit -25.0%
2026-05-30 20:06:25 | risk_manager         | WARNING | LIQUIDATE: Drawdown -25.8% exceeds limit -25.0%
2026-05-30 20:06:25 | risk_manager         | WARNING | LIQUIDATE: Drawdown -25.8% exceeds limit -25.0%
2026-05-30 20:06:25 | risk_manager         | WARNING | LIQUIDATE: Drawdown -25.8% exceeds limit -25.0%
2026-05-30 20:06:25 | risk_manager         | WARNING | LIQUIDATE: Drawdown -25.8% exceeds limit -25.0%
2026-05-30 20:06:25 | risk_manager         | WARNING | LIQUIDATE: Drawdown -25.8% exceeds limit -25.0%
2026-05-30 20:06:25 | risk_manager         | WARNING | LIQUIDATE: Drawdown -25.8% exceeds limit -25.0%
2026-05-30 20:06:25 | risk_manager         | WARNING | LIQUIDATE: Drawdown -25.8% exceeds limit -25.0%
2026-05-30 20:06:25 | risk_manager         | WARNING | LIQUIDATE: Drawdown -25.8% exceeds limit -25.0%
2026-05-30 20:06:25 | risk_manager         | WARNING | LIQUIDATE: Drawdown -25.8% exceeds limit -25.0%
2026-05-30 20:06:25 | risk_manager         | WARNING | LIQUIDATE: Drawdown -25.8% exceeds limit -25.0%
2026-05-30 20:06:25 | risk_manager         | WARNING | LIQUIDATE: Drawdown -25.8% exceeds limit -25.0%
2026-05-30 20:06:25 | risk_manager         | WARNING | LIQUIDATE: Drawdown -25.8% exceeds limit -25.0%
2026-05-30 20:06:25 | risk_manager         | WARNING | LIQUIDATE: Drawdown -25.8% exceeds limit -25.0%
2026-05-30 20:06:25 | risk_manager         | WARNING | LIQUIDATE: Drawdown -25.8% exceeds limit -25.0%
2026-05-30 20:06:25 | risk_manager         | WARNING | LIQUIDATE: Drawdown -25.8% exceeds limit -25.0%
2026-05-30 20:06:25 | risk_manager         | WARNING | LIQUIDATE: Drawdown -25.8% exceeds limit -25.0%
2026-05-30 20:06:25 | risk_manager         | WARNING | LIQUIDATE: Drawdown -25.8% exceeds limit -25.0%
2026-05-30 20:06:25 | risk_manager         | WARNING | LIQUIDATE: Drawdown -25.8% exceeds limit -25.0%
2026-05-30 20:06:25 | risk_manager         | WARNING | LIQUIDATE: Drawdown -25.8% exceeds limit -25.0%
2026-05-30 20:06:25 | risk_manager         | WARNING | LIQUIDATE: Drawdown -25.8% exceeds limit -25.0%
2026-05-30 20:06:25 | risk_manager         | WARNING | LIQUIDATE: Drawdown -25.8% exceeds limit -25.0%
2026-05-30 20:06:25 | risk_manager         | WARNING | LIQUIDATE: Drawdown -25.8% exceeds limit -25.0%
2026-05-30 20:06:25 | risk_manager         | WARNING | LIQUIDATE: Drawdown -25.8% exceeds limit -25.0%
2026-05-30 20:06:25 | risk_manager         | WARNING | LIQUIDATE: Drawdown -25.8% exceeds limit -25.0%
2026-05-30 20:06:25 | risk_manager         | WARNING | LIQUIDATE: Drawdown -25.8% exceeds limit -25.0%
2026-05-30 20:06:25 | risk_manager         | WARNING | LIQUIDATE: Drawdown -25.8% exceeds limit -25.0%
2026-05-30 20:06:25 | risk_manager         | WARNING | LIQUIDATE: Drawdown -25.8% exceeds limit -25.0%
2026-05-30 20:06:25 | risk_manager         | WARNING | LIQUIDATE: Drawdown -25.8% exceeds limit -25.0%
2026-05-30 20:06:25 | risk_manager         | WARNING | LIQUIDATE: Drawdown -25.8% exceeds limit -25.0%
2026-05-30 20:06:25 | risk_manager         | WARNING | LIQUIDATE: Drawdown -25.8% exceeds limit -25.0%
2026-05-30 20:06:25 | risk_manager         | WARNING | LIQUIDATE: Drawdown -25.8% exceeds limit -25.0%
2026-05-30 20:06:25 | risk_manager         | WARNING | LIQUIDATE: Drawdown -25.8% exceeds limit -25.0%
2026-05-30 20:06:25 | risk_manager         | WARNING | LIQUIDATE: Drawdown -25.8% exceeds limit -25.0%
2026-05-30 20:06:25 | risk_manager         | WARNING | LIQUIDATE: Drawdown -25.8% exceeds limit -25.0%
2026-05-30 20:06:25 | risk_manager         | WARNING | LIQUIDATE: Drawdown -25.8% exceeds limit -25.0%
2026-05-30 20:06:25 | risk_manager         | WARNING | LIQUIDATE: Drawdown -25.8% exceeds limit -25.0%
2026-05-30 20:06:25 | risk_manager         | WARNING | LIQUIDATE: Drawdown -25.8% exceeds limit -25.0%
2026-05-30 20:06:25 | risk_manager         | WARNING | LIQUIDATE: Drawdown -25.8% exceeds limit -25.0%
2026-05-30 20:06:25 | risk_manager         | WARNING | LIQUIDATE: Drawdown -25.8% exceeds limit -25.0%
2026-05-30 20:06:25 | risk_manager         | WARNING | LIQUIDATE: Drawdown -25.8% exceeds limit -25.0%
2026-05-30 20:06:25 | risk_manager         | WARNING | LIQUIDATE: Drawdown -25.8% exceeds limit -25.0%
2026-05-30 20:06:25 | risk_manager         | WARNING | LIQUIDATE: Drawdown -25.8% exceeds limit -25.0%
2026-05-30 20:06:25 | risk_manager         | WARNING | LIQUIDATE: Drawdown -25.8% exceeds limit -25.0%
2026-05-30 20:06:25 | risk_manager         | WARNING | LIQUIDATE: Drawdown -25.8% exceeds limit -25.0%
2026-05-30 20:06:25 | risk_manager         | WARNING | LIQUIDATE: Drawdown -25.8% exceeds limit -25.0%
2026-05-30 20:06:25 | risk_manager         | WARNING | LIQUIDATE: Drawdown -25.8% exceeds limit -25.0%
2026-05-30 20:06:25 | risk_manager         | WARNING | LIQUIDATE: Drawdown -25.8% exceeds limit -25.0%
2026-05-30 20:06:25 | risk_manager         | WARNING | LIQUIDATE: Drawdown -25.8% exceeds limit -25.0%
2026-05-30 20:06:25 | risk_manager         | WARNING | LIQUIDATE: Drawdown -25.8% exceeds limit -25.0%
2026-05-30 20:06:25 | risk_manager         | WARNING | LIQUIDATE: Drawdown -25.8% exceeds limit -25.0%
2026-05-30 20:06:25 | risk_manager         | WARNING | LIQUIDATE: Drawdown -25.8% exceeds limit -25.0%
2026-05-30 20:06:25 | risk_manager         | WARNING | LIQUIDATE: Drawdown -25.8% exceeds limit -25.0%
2026-05-30 20:06:25 | risk_manager         | WARNING | LIQUIDATE: Drawdown -25.8% exceeds limit -25.0%
2026-05-30 20:06:25 | risk_manager         | WARNING | LIQUIDATE: Drawdown -25.8% exceeds limit -25.0%
2026-05-30 20:06:25 | risk_manager         | WARNING | LIQUIDATE: Drawdown -25.8% exceeds limit -25.0%
2026-05-30 20:06:25 | risk_manager         | WARNING | LIQUIDATE: Drawdown -25.8% exceeds limit -25.0%
2026-05-30 20:06:25 | risk_manager         | WARNING | LIQUIDATE: Drawdown -25.8% exceeds limit -25.0%
2026-05-30 20:06:25 | risk_manager         | WARNING | LIQUIDATE: Drawdown -25.8% exceeds limit -25.0%
2026-05-30 20:06:25 | risk_manager         | WARNING | LIQUIDATE: Drawdown -25.8% exceeds limit -25.0%
2026-05-30 20:06:25 | risk_manager         | WARNING | LIQUIDATE: Drawdown -25.8% exceeds limit -25.0%
2026-05-30 20:06:25 | risk_manager         | WARNING | LIQUIDATE: Drawdown -25.8% exceeds limit -25.0%
2026-05-30 20:06:25 | risk_manager         | WARNING | LIQUIDATE: Drawdown -25.8% exceeds limit -25.0%
2026-05-30 20:06:25 | risk_manager         | WARNING | LIQUIDATE: Drawdown -25.8% exceeds limit -25.0%
2026-05-30 20:06:25 | risk_manager         | WARNING | LIQUIDATE: Drawdown -25.8% exceeds limit -25.0%
2026-05-30 20:06:25 | risk_manager         | WARNING | LIQUIDATE: Drawdown -25.8% exceeds limit -25.0%
2026-05-30 20:06:25 | risk_manager         | WARNING | LIQUIDATE: Drawdown -25.8% exceeds limit -25.0%
2026-05-30 20:06:25 | risk_manager         | WARNING | LIQUIDATE: Drawdown -25.8% exceeds limit -25.0%
2026-05-30 20:06:25 | risk_manager         | WARNING | LIQUIDATE: Drawdown -25.8% exceeds limit -25.0%
2026-05-30 20:06:25 | risk_manager         | WARNING | LIQUIDATE: Drawdown -25.8% exceeds limit -25.0%
2026-05-30 20:06:25 | risk_manager         | WARNING | LIQUIDATE: Drawdown -25.8% exceeds limit -25.0%
2026-05-30 20:06:25 | risk_manager         | WARNING | LIQUIDATE: Drawdown -25.8% exceeds limit -25.0%
2026-05-30 20:06:25 | risk_manager         | WARNING | LIQUIDATE: Drawdown -25.8% exceeds limit -25.0%
2026-05-30 20:06:25 | risk_manager         | WARNING | LIQUIDATE: Drawdown -25.8% exceeds limit -25.0%
2026-05-30 20:06:25 | risk_manager         | WARNING | LIQUIDATE: Drawdown -25.8% exceeds limit -25.0%
2026-05-30 20:06:25 | risk_manager         | WARNING | LIQUIDATE: Drawdown -25.8% exceeds limit -25.0%
2026-05-30 20:06:25 | risk_manager         | WARNING | LIQUIDATE: Drawdown -25.8% exceeds limit -25.0%
2026-05-30 20:06:25 | risk_manager         | WARNING | LIQUIDATE: Drawdown -25.8% exceeds limit -25.0%
2026-05-30 20:06:25 | risk_manager         | WARNING | LIQUIDATE: Drawdown -25.8% exceeds limit -25.0%
2026-05-30 20:06:25 | risk_manager         | WARNING | LIQUIDATE: Drawdown -25.8% exceeds limit -25.0%
2026-05-30 20:06:25 | risk_manager         | WARNING | LIQUIDATE: Drawdown -25.8% exceeds limit -25.0%
2026-05-30 20:06:25 | risk_manager         | WARNING | LIQUIDATE: Drawdown -25.8% exceeds limit -25.0%
2026-05-30 20:06:25 | risk_manager         | WARNING | LIQUIDATE: Drawdown -25.8% exceeds limit -25.0%
2026-05-30 20:06:25 | risk_manager         | WARNING | LIQUIDATE: Drawdown -25.8% exceeds limit -25.0%
2026-05-30 20:06:25 | risk_manager         | WARNING | LIQUIDATE: Drawdown -25.8% exceeds limit -25.0%
2026-05-30 20:06:25 | risk_manager         | WARNING | LIQUIDATE: Drawdown -25.8% exceeds limit -25.0%
2026-05-30 20:06:25 | risk_manager         | WARNING | LIQUIDATE: Drawdown -25.8% exceeds limit -25.0%
2026-05-30 20:06:25 | risk_manager         | WARNING | LIQUIDATE: Drawdown -25.8% exceeds limit -25.0%
2026-05-30 20:06:25 | risk_manager         | WARNING | LIQUIDATE: Drawdown -25.8% exceeds limit -25.0%
2026-05-30 20:06:25 | risk_manager         | WARNING | LIQUIDATE: Drawdown -25.8% exceeds limit -25.0%
2026-05-30 20:06:25 | risk_manager         | WARNING | LIQUIDATE: Drawdown -25.8% exceeds limit -25.0%
2026-05-30 20:06:25 | risk_manager         | WARNING | LIQUIDATE: Drawdown -25.8% exceeds limit -25.0%
2026-05-30 20:06:25 | risk_manager         | WARNING | LIQUIDATE: Drawdown -25.8% exceeds limit -25.0%
2026-05-30 20:06:25 | risk_manager         | WARNING | LIQUIDATE: Drawdown -25.8% exceeds limit -25.0%
2026-05-30 20:06:25 | risk_manager         | WARNING | LIQUIDATE: Drawdown -25.8% exceeds limit -25.0%
2026-05-30 20:06:25 | risk_manager         | WARNING | LIQUIDATE: Drawdown -25.8% exceeds limit -25.0%
2026-05-30 20:06:25 | risk_manager         | WARNING | LIQUIDATE: Drawdown -25.8% exceeds limit -25.0%
2026-05-30 20:06:25 | risk_manager         | WARNING | LIQUIDATE: Drawdown -25.8% exceeds limit -25.0%
2026-05-30 20:06:25 | risk_manager         | WARNING | LIQUIDATE: Drawdown -25.8% exceeds limit -25.0%
2026-05-30 20:06:25 | risk_manager         | WARNING | LIQUIDATE: Drawdown -25.8% exceeds limit -25.0%
2026-05-30 20:06:25 | risk_manager         | WARNING | LIQUIDATE: Drawdown -25.8% exceeds limit -25.0%
2026-05-30 20:06:25 | risk_manager         | WARNING | LIQUIDATE: Drawdown -25.8% exceeds limit -25.0%
2026-05-30 20:06:25 | risk_manager         | WARNING | LIQUIDATE: Drawdown -25.8% exceeds limit -25.0%
2026-05-30 20:06:25 | risk_manager         | WARNING | LIQUIDATE: Drawdown -25.8% exceeds limit -25.0%
2026-05-30 20:06:25 | risk_manager         | WARNING | LIQUIDATE: Drawdown -25.8% exceeds limit -25.0%
2026-05-30 20:06:25 | risk_manager         | WARNING | LIQUIDATE: Drawdown -25.8% exceeds limit -25.0%
2026-05-30 20:06:25 | risk_manager         | WARNING | LIQUIDATE: Drawdown -25.8% exceeds limit -25.0%
2026-05-30 20:06:25 | risk_manager         | WARNING | LIQUIDATE: Drawdown -25.8% exceeds limit -25.0%
2026-05-30 20:06:25 | risk_manager         | WARNING | LIQUIDATE: Drawdown -25.8% exceeds limit -25.0%
2026-05-30 20:06:25 | risk_manager         | WARNING | LIQUIDATE: Drawdown -25.8% exceeds limit -25.0%
2026-05-30 20:06:25 | risk_manager         | WARNING | LIQUIDATE: Drawdown -25.8% exceeds limit -25.0%
2026-05-30 20:06:25 | risk_manager         | WARNING | LIQUIDATE: Drawdown -25.8% exceeds limit -25.0%
2026-05-30 20:06:25 | risk_manager         | WARNING | LIQUIDATE: Drawdown -25.8% exceeds limit -25.0%
2026-05-30 20:06:25 | risk_manager         | WARNING | LIQUIDATE: Drawdown -25.8% exceeds limit -25.0%
2026-05-30 20:06:25 | risk_manager         | WARNING | LIQUIDATE: Drawdown -25.8% exceeds limit -25.0%
2026-05-30 20:06:25 | risk_manager         | WARNING | LIQUIDATE: Drawdown -25.8% exceeds limit -25.0%
2026-05-30 20:06:25 | risk_manager         | WARNING | LIQUIDATE: Drawdown -25.8% exceeds limit -25.0%
2026-05-30 20:06:25 | risk_manager         | WARNING | LIQUIDATE: Drawdown -25.8% exceeds limit -25.0%
2026-05-30 20:06:25 | risk_manager         | WARNING | LIQUIDATE: Drawdown -25.8% exceeds limit -25.0%
2026-05-30 20:06:25 | risk_manager         | WARNING | LIQUIDATE: Drawdown -25.8% exceeds limit -25.0%
2026-05-30 20:06:25 | risk_manager         | WARNING | LIQUIDATE: Drawdown -25.8% exceeds limit -25.0%
2026-05-30 20:06:25 | risk_manager         | WARNING | LIQUIDATE: Drawdown -25.8% exceeds limit -25.0%
2026-05-30 20:06:25 | risk_manager         | WARNING | LIQUIDATE: Drawdown -25.8% exceeds limit -25.0%
2026-05-30 20:06:25 | risk_manager         | WARNING | LIQUIDATE: Drawdown -25.8% exceeds limit -25.0%
2026-05-30 20:06:25 | risk_manager         | WARNING | LIQUIDATE: Drawdown -25.8% exceeds limit -25.0%
2026-05-30 20:06:25 | risk_manager         | WARNING | LIQUIDATE: Drawdown -25.8% exceeds limit -25.0%
2026-05-30 20:06:25 | risk_manager         | WARNING | LIQUIDATE: Drawdown -25.8% exceeds limit -25.0%
2026-05-30 20:06:25 | risk_manager         | WARNING | LIQUIDATE: Drawdown -25.8% exceeds limit -25.0%
2026-05-30 20:06:25 | risk_manager         | WARNING | LIQUIDATE: Drawdown -25.8% exceeds limit -25.0%
2026-05-30 20:06:25 | risk_manager         | WARNING | LIQUIDATE: Drawdown -25.8% exceeds limit -25.0%
2026-05-30 20:06:25 | risk_manager         | WARNING | LIQUIDATE: Drawdown -25.8% exceeds limit -25.0%
2026-05-30 20:06:25 | risk_manager         | WARNING | LIQUIDATE: Drawdown -25.8% exceeds limit -25.0%
2026-05-30 20:06:25 | risk_manager         | WARNING | LIQUIDATE: Drawdown -25.8% exceeds limit -25.0%
2026-05-30 20:06:25 | risk_manager         | WARNING | LIQUIDATE: Drawdown -25.8% exceeds limit -25.0%
2026-05-30 20:06:25 | risk_manager         | WARNING | LIQUIDATE: Drawdown -25.8% exceeds limit -25.0%
2026-05-30 20:06:25 | risk_manager         | WARNING | LIQUIDATE: Drawdown -25.8% exceeds limit -25.0%
2026-05-30 20:06:25 | risk_manager         | WARNING | LIQUIDATE: Drawdown -25.8% exceeds limit -25.0%
2026-05-30 20:06:25 | risk_manager         | WARNING | LIQUIDATE: Drawdown -25.8% exceeds limit -25.0%
2026-05-30 20:06:25 | risk_manager         | WARNING | LIQUIDATE: Drawdown -25.8% exceeds limit -25.0%
2026-05-30 20:06:25 | risk_manager         | WARNING | LIQUIDATE: Drawdown -25.8% exceeds limit -25.0%
2026-05-30 20:06:25 | risk_manager         | WARNING | LIQUIDATE: Drawdown -25.8% exceeds limit -25.0%
2026-05-30 20:06:25 | risk_manager         | WARNING | LIQUIDATE: Drawdown -25.8% exceeds limit -25.0%
2026-05-30 20:06:25 | risk_manager         | WARNING | LIQUIDATE: Drawdown -25.8% exceeds limit -25.0%
2026-05-30 20:06:25 | risk_manager         | WARNING | LIQUIDATE: Drawdown -25.8% exceeds limit -25.0%
2026-05-30 20:06:25 | risk_manager         | WARNING | LIQUIDATE: Drawdown -25.8% exceeds limit -25.0%
2026-05-30 20:06:25 | risk_manager         | WARNING | LIQUIDATE: Drawdown -25.8% exceeds limit -25.0%
2026-05-30 20:06:25 | risk_manager         | WARNING | LIQUIDATE: Drawdown -25.8% exceeds limit -25.0%
2026-05-30 20:06:25 | risk_manager         | WARNING | LIQUIDATE: Drawdown -25.8% exceeds limit -25.0%
2026-05-30 20:06:25 | risk_manager         | WARNING | LIQUIDATE: Drawdown -25.8% exceeds limit -25.0%
2026-05-30 20:06:25 | risk_manager         | WARNING | LIQUIDATE: Drawdown -25.8% exceeds limit -25.0%
2026-05-30 20:06:25 | risk_manager         | WARNING | LIQUIDATE: Drawdown -25.8% exceeds limit -25.0%
2026-05-30 20:06:25 | risk_manager         | WARNING | LIQUIDATE: Drawdown -25.8% exceeds limit -25.0%
2026-05-30 20:06:25 | risk_manager         | WARNING | LIQUIDATE: Drawdown -25.8% exceeds limit -25.0%
2026-05-30 20:06:25 | risk_manager         | WARNING | LIQUIDATE: Drawdown -25.8% exceeds limit -25.0%
2026-05-30 20:06:25 | risk_manager         | WARNING | LIQUIDATE: Drawdown -25.8% exceeds limit -25.0%
2026-05-30 20:06:25 | risk_manager         | WARNING | LIQUIDATE: Drawdown -25.8% exceeds limit -25.0%
2026-05-30 20:06:25 | risk_manager         | WARNING | LIQUIDATE: Drawdown -25.8% exceeds limit -25.0%
2026-05-30 20:06:25 | risk_manager         | WARNING | LIQUIDATE: Drawdown -25.8% exceeds limit -25.0%
2026-05-30 20:06:25 | risk_manager         | WARNING | LIQUIDATE: Drawdown -25.8% exceeds limit -25.0%
2026-05-30 20:06:25 | risk_manager         | WARNING | LIQUIDATE: Drawdown -25.8% exceeds limit -25.0%
2026-05-30 20:06:25 | risk_manager         | WARNING | LIQUIDATE: Drawdown -25.8% exceeds limit -25.0%
2026-05-30 20:06:25 | risk_manager         | WARNING | LIQUIDATE: Drawdown -25.8% exceeds limit -25.0%
2026-05-30 20:06:25 | risk_manager         | WARNING | LIQUIDATE: Drawdown -25.8% exceeds limit -25.0%
2026-05-30 20:06:25 | risk_manager         | WARNING | LIQUIDATE: Drawdown -25.8% exceeds limit -25.0%
2026-05-30 20:06:25 | risk_manager         | WARNING | LIQUIDATE: Drawdown -25.8% exceeds limit -25.0%
2026-05-30 20:06:25 | risk_manager         | WARNING | LIQUIDATE: Drawdown -25.8% exceeds limit -25.0%
2026-05-30 20:06:25 | risk_manager         | WARNING | LIQUIDATE: Drawdown -25.8% exceeds limit -25.0%
2026-05-30 20:06:25 | risk_manager         | WARNING | LIQUIDATE: Drawdown -25.8% exceeds limit -25.0%
2026-05-30 20:06:25 | risk_manager         | WARNING | LIQUIDATE: Drawdown -25.8% exceeds limit -25.0%
2026-05-30 20:06:25 | risk_manager         | WARNING | LIQUIDATE: Drawdown -25.8% exceeds limit -25.0%
2026-05-30 20:06:25 | risk_manager         | WARNING | LIQUIDATE: Drawdown -25.8% exceeds limit -25.0%
2026-05-30 20:06:25 | risk_manager         | WARNING | LIQUIDATE: Drawdown -25.8% exceeds limit -25.0%
2026-05-30 20:06:25 | risk_manager         | WARNING | LIQUIDATE: Drawdown -25.8% exceeds limit -25.0%
2026-05-30 20:06:25 | risk_manager         | WARNING | LIQUIDATE: Drawdown -25.8% exceeds limit -25.0%
2026-05-30 20:06:25 | risk_manager         | WARNING | LIQUIDATE: Drawdown -25.8% exceeds limit -25.0%
2026-05-30 20:06:25 | risk_manager         | WARNING | LIQUIDATE: Drawdown -25.8% exceeds limit -25.0%
2026-05-30 20:06:25 | risk_manager         | WARNING | LIQUIDATE: Drawdown -25.8% exceeds limit -25.0%
2026-05-30 20:06:25 | risk_manager         | WARNING | LIQUIDATE: Drawdown -25.8% exceeds limit -25.0%
2026-05-30 20:06:25 | risk_manager         | WARNING | LIQUIDATE: Drawdown -25.8% exceeds limit -25.0%
2026-05-30 20:06:25 | risk_manager         | WARNING | LIQUIDATE: Drawdown -25.8% exceeds limit -25.0%
2026-05-30 20:06:25 | risk_manager         | WARNING | LIQUIDATE: Drawdown -25.8% exceeds limit -25.0%
2026-05-30 20:06:25 | risk_manager         | WARNING | LIQUIDATE: Drawdown -25.8% exceeds limit -25.0%
2026-05-30 20:06:25 | risk_manager         | WARNING | LIQUIDATE: Drawdown -25.8% exceeds limit -25.0%
2026-05-30 20:06:25 | risk_manager         | WARNING | LIQUIDATE: Drawdown -25.8% exceeds limit -25.0%
2026-05-30 20:06:25 | risk_manager         | WARNING | LIQUIDATE: Drawdown -25.8% exceeds limit -25.0%
2026-05-30 20:06:25 | risk_manager         | WARNING | LIQUIDATE: Drawdown -25.8% exceeds limit -25.0%
2026-05-30 20:06:25 | risk_manager         | WARNING | LIQUIDATE: Drawdown -25.8% exceeds limit -25.0%
2026-05-30 20:06:25 | risk_manager         | WARNING | LIQUIDATE: Drawdown -25.8% exceeds limit -25.0%
2026-05-30 20:06:25 | risk_manager         | WARNING | LIQUIDATE: Drawdown -25.8% exceeds limit -25.0%
2026-05-30 20:06:25 | risk_manager         | WARNING | LIQUIDATE: Drawdown -25.8% exceeds limit -25.0%
2026-05-30 20:06:25 | risk_manager         | WARNING | LIQUIDATE: Drawdown -25.8% exceeds limit -25.0%
2026-05-30 20:06:25 | risk_manager         | WARNING | LIQUIDATE: Drawdown -25.8% exceeds limit -25.0%
2026-05-30 20:06:25 | risk_manager         | WARNING | LIQUIDATE: Drawdown -25.8% exceeds limit -25.0%
2026-05-30 20:06:25 | risk_manager         | WARNING | LIQUIDATE: Drawdown -25.8% exceeds limit -25.0%
2026-05-30 20:06:25 | risk_manager         | WARNING | LIQUIDATE: Drawdown -25.8% exceeds limit -25.0%
2026-05-30 20:06:25 | risk_manager         | WARNING | LIQUIDATE: Drawdown -25.8% exceeds limit -25.0%
2026-05-30 20:06:25 | risk_manager         | WARNING | LIQUIDATE: Drawdown -25.8% exceeds limit -25.0%
2026-05-30 20:06:25 | risk_manager         | WARNING | LIQUIDATE: Drawdown -25.8% exceeds limit -25.0%
2026-05-30 20:06:25 | risk_manager         | WARNING | LIQUIDATE: Drawdown -25.8% exceeds limit -25.0%
2026-05-30 20:06:25 | risk_manager         | WARNING | LIQUIDATE: Drawdown -25.8% exceeds limit -25.0%
2026-05-30 20:06:25 | risk_manager         | WARNING | LIQUIDATE: Drawdown -25.8% exceeds limit -25.0%
2026-05-30 20:06:25 | risk_manager         | WARNING | LIQUIDATE: Drawdown -25.8% exceeds limit -25.0%
2026-05-30 20:06:25 | risk_manager         | WARNING | LIQUIDATE: Drawdown -25.8% exceeds limit -25.0%
2026-05-30 20:06:25 | risk_manager         | WARNING | LIQUIDATE: Drawdown -25.8% exceeds limit -25.0%
2026-05-30 20:06:25 | risk_manager         | WARNING | LIQUIDATE: Drawdown -25.8% exceeds limit -25.0%
2026-05-30 20:06:25 | risk_manager         | WARNING | LIQUIDATE: Drawdown -25.8% exceeds limit -25.0%
2026-05-30 20:06:25 | risk_manager         | WARNING | LIQUIDATE: Drawdown -25.8% exceeds limit -25.0%
2026-05-30 20:06:25 | risk_manager         | WARNING | LIQUIDATE: Drawdown -25.8% exceeds limit -25.0%
2026-05-30 20:06:25 | risk_manager         | WARNING | LIQUIDATE: Drawdown -25.8% exceeds limit -25.0%
2026-05-30 20:06:25 | risk_manager         | WARNING | LIQUIDATE: Drawdown -25.8% exceeds limit -25.0%
2026-05-30 20:06:25 | risk_manager         | WARNING | LIQUIDATE: Drawdown -25.8% exceeds limit -25.0%
2026-05-30 20:06:25 | risk_manager         | WARNING | LIQUIDATE: Drawdown -25.8% exceeds limit -25.0%
2026-05-30 20:06:25 | risk_manager         | WARNING | LIQUIDATE: Drawdown -25.8% exceeds limit -25.0%
2026-05-30 20:06:25 | risk_manager         | WARNING | LIQUIDATE: Drawdown -25.8% exceeds limit -25.0%
2026-05-30 20:06:25 | risk_manager         | WARNING | LIQUIDATE: Drawdown -25.8% exceeds limit -25.0%
2026-05-30 20:06:25 | risk_manager         | WARNING | LIQUIDATE: Drawdown -25.8% exceeds limit -25.0%
2026-05-30 20:06:25 | risk_manager         | WARNING | LIQUIDATE: Drawdown -25.8% exceeds limit -25.0%
2026-05-30 20:06:25 | risk_manager         | WARNING | LIQUIDATE: Drawdown -25.8% exceeds limit -25.0%
2026-05-30 20:06:25 | risk_manager         | WARNING | LIQUIDATE: Drawdown -25.8% exceeds limit -25.0%
2026-05-30 20:06:25 | risk_manager         | WARNING | LIQUIDATE: Drawdown -25.8% exceeds limit -25.0%
2026-05-30 20:06:25 | risk_manager         | WARNING | LIQUIDATE: Drawdown -25.8% exceeds limit -25.0%
2026-05-30 20:06:25 | risk_manager         | WARNING | LIQUIDATE: Drawdown -25.8% exceeds limit -25.0%
2026-05-30 20:06:25 | risk_manager         | WARNING | LIQUIDATE: Drawdown -25.8% exceeds limit -25.0%
2026-05-30 20:06:25 | risk_manager         | WARNING | LIQUIDATE: Drawdown -25.8% exceeds limit -25.0%
2026-05-30 20:06:25 | risk_manager         | WARNING | LIQUIDATE: Drawdown -25.8% exceeds limit -25.0%
2026-05-30 20:06:25 | risk_manager         | WARNING | LIQUIDATE: Drawdown -25.8% exceeds limit -25.0%
2026-05-30 20:06:25 | risk_manager         | WARNING | LIQUIDATE: Drawdown -25.8% exceeds limit -25.0%
2026-05-30 20:06:25 | risk_manager         | WARNING | LIQUIDATE: Drawdown -25.8% exceeds limit -25.0%
2026-05-30 20:06:25 | risk_manager         | WARNING | LIQUIDATE: Drawdown -25.8% exceeds limit -25.0%
2026-05-30 20:06:25 | risk_manager         | WARNING | LIQUIDATE: Drawdown -25.8% exceeds limit -25.0%
2026-05-30 20:06:25 | risk_manager         | WARNING | LIQUIDATE: Drawdown -25.8% exceeds limit -25.0%
2026-05-30 20:06:25 | risk_manager         | WARNING | LIQUIDATE: Drawdown -25.8% exceeds limit -25.0%
2026-05-30 20:06:25 | risk_manager         | WARNING | LIQUIDATE: Drawdown -25.8% exceeds limit -25.0%
2026-05-30 20:06:25 | risk_manager         | WARNING | LIQUIDATE: Drawdown -25.8% exceeds limit -25.0%
2026-05-30 20:06:25 | risk_manager         | WARNING | LIQUIDATE: Drawdown -25.8% exceeds limit -25.0%
2026-05-30 20:06:25 | risk_manager         | WARNING | LIQUIDATE: Drawdown -25.8% exceeds limit -25.0%
2026-05-30 20:06:25 | risk_manager         | WARNING | LIQUIDATE: Drawdown -25.8% exceeds limit -25.0%
2026-05-30 20:06:25 | risk_manager         | WARNING | LIQUIDATE: Drawdown -25.8% exceeds limit -25.0%
2026-05-30 20:06:25 | risk_manager         | WARNING | LIQUIDATE: Drawdown -25.8% exceeds limit -25.0%
2026-05-30 20:06:25 | risk_manager         | WARNING | LIQUIDATE: Drawdown -25.8% exceeds limit -25.0%
2026-05-30 20:06:25 | risk_manager         | WARNING | LIQUIDATE: Drawdown -25.8% exceeds limit -25.0%
2026-05-30 20:06:25 | risk_manager         | WARNING | LIQUIDATE: Drawdown -25.8% exceeds limit -25.0%
2026-05-30 20:06:25 | risk_manager         | WARNING | LIQUIDATE: Drawdown -25.8% exceeds limit -25.0%
2026-05-30 20:06:25 | risk_manager         | WARNING | LIQUIDATE: Drawdown -25.8% exceeds limit -25.0%
2026-05-30 20:06:25 | risk_manager         | WARNING | LIQUIDATE: Drawdown -25.8% exceeds limit -25.0%
2026-05-30 20:06:25 | risk_manager         | WARNING | LIQUIDATE: Drawdown -25.8% exceeds limit -25.0%
2026-05-30 20:06:25 | risk_manager         | WARNING | LIQUIDATE: Drawdown -25.8% exceeds limit -25.0%
2026-05-30 20:06:25 | risk_manager         | WARNING | LIQUIDATE: Drawdown -25.8% exceeds limit -25.0%
2026-05-30 20:06:25 | risk_manager         | WARNING | LIQUIDATE: Drawdown -25.8% exceeds limit -25.0%
2026-05-30 20:06:25 | risk_manager         | WARNING | LIQUIDATE: Drawdown -25.8% exceeds limit -25.0%
2026-05-30 20:06:25 | risk_manager         | WARNING | LIQUIDATE: Drawdown -25.8% exceeds limit -25.0%
2026-05-30 20:06:25 | risk_manager         | WARNING | LIQUIDATE: Drawdown -25.8% exceeds limit -25.0%
2026-05-30 20:06:25 | risk_manager         | WARNING | LIQUIDATE: Drawdown -25.8% exceeds limit -25.0%
2026-05-30 20:06:25 | risk_manager         | WARNING | LIQUIDATE: Drawdown -25.8% exceeds limit -25.0%
2026-05-30 20:06:25 | risk_manager         | WARNING | LIQUIDATE: Drawdown -25.8% exceeds limit -25.0%
2026-05-30 20:06:25 | risk_manager         | WARNING | LIQUIDATE: Drawdown -25.8% exceeds limit -25.0%
2026-05-30 20:06:25 | risk_manager         | WARNING | LIQUIDATE: Drawdown -25.8% exceeds limit -25.0%
2026-05-30 20:06:25 | risk_manager         | WARNING | LIQUIDATE: Drawdown -25.8% exceeds limit -25.0%
2026-05-30 20:06:25 | risk_manager         | WARNING | LIQUIDATE: Drawdown -25.8% exceeds limit -25.0%
2026-05-30 20:06:25 | risk_manager         | WARNING | LIQUIDATE: Drawdown -25.8% exceeds limit -25.0%
2026-05-30 20:06:25 | risk_manager         | WARNING | LIQUIDATE: Drawdown -25.8% exceeds limit -25.0%
2026-05-30 20:06:25 | risk_manager         | WARNING | LIQUIDATE: Drawdown -25.8% exceeds limit -25.0%
2026-05-30 20:06:25 | risk_manager         | WARNING | LIQUIDATE: Drawdown -25.8% exceeds limit -25.0%
2026-05-30 20:06:25 | risk_manager         | WARNING | LIQUIDATE: Drawdown -25.8% exceeds limit -25.0%
2026-05-30 20:06:25 | risk_manager         | WARNING | LIQUIDATE: Drawdown -25.8% exceeds limit -25.0%
2026-05-30 20:06:25 | risk_manager         | WARNING | LIQUIDATE: Drawdown -25.8% exceeds limit -25.0%
2026-05-30 20:06:25 | risk_manager         | WARNING | LIQUIDATE: Drawdown -25.8% exceeds limit -25.0%
2026-05-30 20:06:25 | risk_manager         | WARNING | LIQUIDATE: Drawdown -25.8% exceeds limit -25.0%
2026-05-30 20:06:25 | risk_manager         | WARNING | LIQUIDATE: Drawdown -25.8% exceeds limit -25.0%
2026-05-30 20:06:25 | risk_manager         | WARNING | LIQUIDATE: Drawdown -25.8% exceeds limit -25.0%
2026-05-30 20:06:25 | risk_manager         | WARNING | LIQUIDATE: Drawdown -25.8% exceeds limit -25.0%
2026-05-30 20:06:25 | risk_manager         | WARNING | LIQUIDATE: Drawdown -25.8% exceeds limit -25.0%
2026-05-30 20:06:25 | risk_manager         | WARNING | LIQUIDATE: Drawdown -25.8% exceeds limit -25.0%
2026-05-30 20:06:25 | risk_manager         | WARNING | LIQUIDATE: Drawdown -25.8% exceeds limit -25.0%
2026-05-30 20:06:25 | risk_manager         | WARNING | LIQUIDATE: Drawdown -25.8% exceeds limit -25.0%
2026-05-30 20:06:25 | risk_manager         | WARNING | LIQUIDATE: Drawdown -25.8% exceeds limit -25.0%
2026-05-30 20:06:25 | risk_manager         | WARNING | LIQUIDATE: Drawdown -25.8% exceeds limit -25.0%
2026-05-30 20:06:25 | risk_manager         | WARNING | LIQUIDATE: Drawdown -25.8% exceeds limit -25.0%
2026-05-30 20:06:25 | risk_manager         | WARNING | LIQUIDATE: Drawdown -25.8% exceeds limit -25.0%
2026-05-30 20:06:25 | risk_manager         | WARNING | LIQUIDATE: Drawdown -25.8% exceeds limit -25.0%
2026-05-30 20:06:25 | risk_manager         | WARNING | LIQUIDATE: Drawdown -25.8% exceeds limit -25.0%
2026-05-30 20:06:25 | risk_manager         | WARNING | LIQUIDATE: Drawdown -25.8% exceeds limit -25.0%
2026-05-30 20:06:25 | risk_manager         | WARNING | LIQUIDATE: Drawdown -25.8% exceeds limit -25.0%
2026-05-30 20:06:25 | risk_manager         | WARNING | LIQUIDATE: Drawdown -25.8% exceeds limit -25.0%
2026-05-30 20:06:25 | risk_manager         | WARNING | LIQUIDATE: Drawdown -25.8% exceeds limit -25.0%
2026-05-30 20:06:25 | risk_manager         | WARNING | LIQUIDATE: Drawdown -25.8% exceeds limit -25.0%
2026-05-30 20:06:25 | risk_manager         | WARNING | LIQUIDATE: Drawdown -25.8% exceeds limit -25.0%
2026-05-30 20:06:25 | risk_manager         | WARNING | LIQUIDATE: Drawdown -25.8% exceeds limit -25.0%
2026-05-30 20:06:25 | risk_manager         | WARNING | LIQUIDATE: Drawdown -25.8% exceeds limit -25.0%
2026-05-30 20:06:25 | risk_manager         | WARNING | LIQUIDATE: Drawdown -25.8% exceeds limit -25.0%
2026-05-30 20:06:25 | risk_manager         | WARNING | LIQUIDATE: Drawdown -25.8% exceeds limit -25.0%
2026-05-30 20:06:25 | risk_manager         | WARNING | LIQUIDATE: Drawdown -25.8% exceeds limit -25.0%
2026-05-30 20:06:25 | risk_manager         | WARNING | LIQUIDATE: Drawdown -25.8% exceeds limit -25.0%
2026-05-30 20:06:25 | risk_manager         | WARNING | LIQUIDATE: Drawdown -25.8% exceeds limit -25.0%
2026-05-30 20:06:25 | risk_manager         | WARNING | LIQUIDATE: Drawdown -25.8% exceeds limit -25.0%
2026-05-30 20:06:25 | risk_manager         | WARNING | LIQUIDATE: Drawdown -25.8% exceeds limit -25.0%
2026-05-30 20:06:25 | risk_manager         | WARNING | LIQUIDATE: Drawdown -25.8% exceeds limit -25.0%
2026-05-30 20:06:25 | risk_manager         | WARNING | LIQUIDATE: Drawdown -25.8% exceeds limit -25.0%
2026-05-30 20:06:25 | risk_manager         | WARNING | LIQUIDATE: Drawdown -25.8% exceeds limit -25.0%
2026-05-30 20:06:25 | risk_manager         | WARNING | LIQUIDATE: Drawdown -25.8% exceeds limit -25.0%
2026-05-30 20:06:25 | risk_manager         | WARNING | LIQUIDATE: Drawdown -25.8% exceeds limit -25.0%
2026-05-30 20:06:25 | risk_manager         | WARNING | LIQUIDATE: Drawdown -25.8% exceeds limit -25.0%
2026-05-30 20:06:25 | risk_manager         | WARNING | LIQUIDATE: Drawdown -25.8% exceeds limit -25.0%
2026-05-30 20:06:25 | risk_manager         | WARNING | LIQUIDATE: Drawdown -25.8% exceeds limit -25.0%
2026-05-30 20:06:25 | risk_manager         | WARNING | LIQUIDATE: Drawdown -25.8% exceeds limit -25.0%
2026-05-30 20:06:25 | risk_manager         | WARNING | LIQUIDATE: Drawdown -25.8% exceeds limit -25.0%
2026-05-30 20:06:25 | risk_manager         | WARNING | LIQUIDATE: Drawdown -25.8% exceeds limit -25.0%
2026-05-30 20:06:25 | risk_manager         | WARNING | LIQUIDATE: Drawdown -25.8% exceeds limit -25.0%
2026-05-30 20:06:25 | risk_manager         | WARNING | LIQUIDATE: Drawdown -25.8% exceeds limit -25.0%
2026-05-30 20:06:25 | risk_manager         | WARNING | LIQUIDATE: Drawdown -25.8% exceeds limit -25.0%
2026-05-30 20:06:25 | risk_manager         | WARNING | LIQUIDATE: Drawdown -25.8% exceeds limit -25.0%
2026-05-30 20:06:25 | risk_manager         | WARNING | LIQUIDATE: Drawdown -25.8% exceeds limit -25.0%
2026-05-30 20:06:25 | risk_manager         | WARNING | LIQUIDATE: Drawdown -25.8% exceeds limit -25.0%
2026-05-30 20:06:25 | risk_manager         | WARNING | LIQUIDATE: Drawdown -25.8% exceeds limit -25.0%
2026-05-30 20:06:25 | risk_manager         | WARNING | LIQUIDATE: Drawdown -25.8% exceeds limit -25.0%
2026-05-30 20:06:25 | risk_manager         | WARNING | LIQUIDATE: Drawdown -25.8% exceeds limit -25.0%
2026-05-30 20:06:25 | risk_manager         | WARNING | LIQUIDATE: Drawdown -25.8% exceeds limit -25.0%
2026-05-30 20:06:25 | risk_manager         | WARNING | LIQUIDATE: Drawdown -25.8% exceeds limit -25.0%
2026-05-30 20:06:25 | risk_manager         | WARNING | LIQUIDATE: Drawdown -25.8% exceeds limit -25.0%
2026-05-30 20:06:25 | risk_manager         | WARNING | LIQUIDATE: Drawdown -25.8% exceeds limit -25.0%
2026-05-30 20:06:25 | risk_manager         | WARNING | LIQUIDATE: Drawdown -25.8% exceeds limit -25.0%
2026-05-30 20:06:25 | risk_manager         | WARNING | LIQUIDATE: Drawdown -25.8% exceeds limit -25.0%
2026-05-30 20:06:25 | risk_manager         | WARNING | LIQUIDATE: Drawdown -25.8% exceeds limit -25.0%
2026-05-30 20:06:25 | risk_manager         | WARNING | LIQUIDATE: Drawdown -25.8% exceeds limit -25.0%
2026-05-30 20:06:25 | risk_manager         | WARNING | LIQUIDATE: Drawdown -25.8% exceeds limit -25.0%
2026-05-30 20:06:25 | risk_manager         | WARNING | LIQUIDATE: Drawdown -25.8% exceeds limit -25.0%
2026-05-30 20:06:25 | risk_manager         | WARNING | LIQUIDATE: Drawdown -25.8% exceeds limit -25.0%
2026-05-30 20:06:25 | risk_manager         | WARNING | LIQUIDATE: Drawdown -25.8% exceeds limit -25.0%
2026-05-30 20:06:25 | risk_manager         | WARNING | LIQUIDATE: Drawdown -25.8% exceeds limit -25.0%
2026-05-30 20:06:25 | risk_manager         | WARNING | LIQUIDATE: Drawdown -25.8% exceeds limit -25.0%
2026-05-30 20:06:25 | risk_manager         | WARNING | LIQUIDATE: Drawdown -25.8% exceeds limit -25.0%
2026-05-30 20:06:25 | risk_manager         | WARNING | LIQUIDATE: Drawdown -25.8% exceeds limit -25.0%
2026-05-30 20:06:25 | risk_manager         | WARNING | LIQUIDATE: Drawdown -25.8% exceeds limit -25.0%
2026-05-30 20:06:25 | risk_manager         | WARNING | LIQUIDATE: Drawdown -25.8% exceeds limit -25.0%
2026-05-30 20:06:25 | risk_manager         | WARNING | LIQUIDATE: Drawdown -25.8% exceeds limit -25.0%
2026-05-30 20:06:25 | risk_manager         | WARNING | LIQUIDATE: Drawdown -25.8% exceeds limit -25.0%
2026-05-30 20:06:25 | risk_manager         | WARNING | LIQUIDATE: Drawdown -25.8% exceeds limit -25.0%
2026-05-30 20:06:25 | risk_manager         | WARNING | LIQUIDATE: Drawdown -25.8% exceeds limit -25.0%
2026-05-30 20:06:25 | risk_manager         | WARNING | LIQUIDATE: Drawdown -25.8% exceeds limit -25.0%
2026-05-30 20:06:25 | risk_manager         | WARNING | LIQUIDATE: Drawdown -25.8% exceeds limit -25.0%
2026-05-30 20:06:25 | risk_manager         | WARNING | LIQUIDATE: Drawdown -25.8% exceeds limit -25.0%
2026-05-30 20:06:25 | risk_manager         | WARNING | LIQUIDATE: Drawdown -25.8% exceeds limit -25.0%
2026-05-30 20:06:25 | risk_manager         | WARNING | LIQUIDATE: Drawdown -25.8% exceeds limit -25.0%
2026-05-30 20:06:25 | risk_manager         | WARNING | LIQUIDATE: Drawdown -25.8% exceeds limit -25.0%
2026-05-30 20:06:25 | risk_manager         | WARNING | LIQUIDATE: Drawdown -25.8% exceeds limit -25.0%
2026-05-30 20:06:25 | risk_manager         | WARNING | LIQUIDATE: Drawdown -25.8% exceeds limit -25.0%
2026-05-30 20:06:25 | risk_manager         | WARNING | LIQUIDATE: Drawdown -25.8% exceeds limit -25.0%
2026-05-30 20:06:25 | risk_manager         | WARNING | LIQUIDATE: Drawdown -25.8% exceeds limit -25.0%
2026-05-30 20:06:25 | risk_manager         | WARNING | LIQUIDATE: Drawdown -25.8% exceeds limit -25.0%
2026-05-30 20:06:25 | risk_manager         | WARNING | LIQUIDATE: Drawdown -25.8% exceeds limit -25.0%
2026-05-30 20:06:25 | risk_manager         | WARNING | LIQUIDATE: Drawdown -25.8% exceeds limit -25.0%
2026-05-30 20:06:25 | risk_manager         | WARNING | LIQUIDATE: Drawdown -25.8% exceeds limit -25.0%
2026-05-30 20:06:25 | risk_manager         | WARNING | LIQUIDATE: Drawdown -25.8% exceeds limit -25.0%
2026-05-30 20:06:25 | risk_manager         | WARNING | LIQUIDATE: Drawdown -25.8% exceeds limit -25.0%
2026-05-30 20:06:25 | risk_manager         | WARNING | LIQUIDATE: Drawdown -25.8% exceeds limit -25.0%
2026-05-30 20:06:25 | risk_manager         | WARNING | LIQUIDATE: Drawdown -25.8% exceeds limit -25.0%
2026-05-30 20:06:25 | risk_manager         | WARNING | LIQUIDATE: Drawdown -25.8% exceeds limit -25.0%
2026-05-30 20:06:25 | risk_manager         | WARNING | LIQUIDATE: Drawdown -25.8% exceeds limit -25.0%
2026-05-30 20:06:25 | risk_manager         | WARNING | LIQUIDATE: Drawdown -25.8% exceeds limit -25.0%
2026-05-30 20:06:25 | risk_manager         | WARNING | LIQUIDATE: Drawdown -25.8% exceeds limit -25.0%
2026-05-30 20:06:25 | risk_manager         | WARNING | LIQUIDATE: Drawdown -25.8% exceeds limit -25.0%
2026-05-30 20:06:25 | risk_manager         | WARNING | LIQUIDATE: Drawdown -25.8% exceeds limit -25.0%
2026-05-30 20:06:25 | risk_manager         | WARNING | LIQUIDATE: Drawdown -25.8% exceeds limit -25.0%
2026-05-30 20:06:25 | risk_manager         | WARNING | LIQUIDATE: Drawdown -25.8% exceeds limit -25.0%
2026-05-30 20:06:25 | risk_manager         | WARNING | LIQUIDATE: Drawdown -25.8% exceeds limit -25.0%
2026-05-30 20:06:25 | risk_manager         | WARNING | LIQUIDATE: Drawdown -25.8% exceeds limit -25.0%
2026-05-30 20:06:25 | risk_manager         | WARNING | LIQUIDATE: Drawdown -25.8% exceeds limit -25.0%
2026-05-30 20:06:25 | risk_manager         | WARNING | LIQUIDATE: Drawdown -25.8% exceeds limit -25.0%
2026-05-30 20:06:25 | risk_manager         | WARNING | LIQUIDATE: Drawdown -25.8% exceeds limit -25.0%
2026-05-30 20:06:25 | risk_manager         | WARNING | LIQUIDATE: Drawdown -25.8% exceeds limit -25.0%
2026-05-30 20:06:25 | risk_manager         | WARNING | LIQUIDATE: Drawdown -25.8% exceeds limit -25.0%
2026-05-30 20:06:25 | risk_manager         | WARNING | LIQUIDATE: Drawdown -25.8% exceeds limit -25.0%
2026-05-30 20:06:25 | risk_manager         | WARNING | LIQUIDATE: Drawdown -25.8% exceeds limit -25.0%
2026-05-30 20:06:25 | risk_manager         | WARNING | LIQUIDATE: Drawdown -25.8% exceeds limit -25.0%
2026-05-30 20:06:25 | risk_manager         | WARNING | LIQUIDATE: Drawdown -25.8% exceeds limit -25.0%
2026-05-30 20:06:25 | risk_manager         | WARNING | LIQUIDATE: Drawdown -25.8% exceeds limit -25.0%
2026-05-30 20:06:25 | risk_manager         | WARNING | LIQUIDATE: Drawdown -25.8% exceeds limit -25.0%
2026-05-30 20:06:25 | risk_manager         | WARNING | LIQUIDATE: Drawdown -25.8% exceeds limit -25.0%
2026-05-30 20:06:25 | risk_manager         | WARNING | LIQUIDATE: Drawdown -25.8% exceeds limit -25.0%
2026-05-30 20:06:25 | risk_manager         | WARNING | LIQUIDATE: Drawdown -25.8% exceeds limit -25.0%
2026-05-30 20:06:25 | risk_manager         | WARNING | LIQUIDATE: Drawdown -25.8% exceeds limit -25.0%
2026-05-30 20:06:25 | risk_manager         | WARNING | LIQUIDATE: Drawdown -25.8% exceeds limit -25.0%
2026-05-30 20:06:25 | risk_manager         | WARNING | LIQUIDATE: Drawdown -25.8% exceeds limit -25.0%
2026-05-30 20:06:25 | risk_manager         | WARNING | LIQUIDATE: Drawdown -25.8% exceeds limit -25.0%
2026-05-30 20:06:25 | risk_manager         | WARNING | LIQUIDATE: Drawdown -25.8% exceeds limit -25.0%
2026-05-30 20:06:25 | risk_manager         | WARNING | LIQUIDATE: Drawdown -25.8% exceeds limit -25.0%
2026-05-30 20:06:25 | risk_manager         | WARNING | LIQUIDATE: Drawdown -25.8% exceeds limit -25.0%
2026-05-30 20:06:25 | risk_manager         | WARNING | LIQUIDATE: Drawdown -25.8% exceeds limit -25.0%
2026-05-30 20:06:25 | risk_manager         | WARNING | LIQUIDATE: Drawdown -25.8% exceeds limit -25.0%
2026-05-30 20:06:25 | risk_manager         | WARNING | LIQUIDATE: Drawdown -25.8% exceeds limit -25.0%
2026-05-30 20:06:25 | risk_manager         | WARNING | LIQUIDATE: Drawdown -25.8% exceeds limit -25.0%
2026-05-30 20:06:25 | risk_manager         | WARNING | LIQUIDATE: Drawdown -25.8% exceeds limit -25.0%
2026-05-30 20:06:25 | risk_manager         | WARNING | LIQUIDATE: Drawdown -25.8% exceeds limit -25.0%
2026-05-30 20:06:25 | risk_manager         | WARNING | LIQUIDATE: Drawdown -25.8% exceeds limit -25.0%
2026-05-30 20:06:25 | risk_manager         | WARNING | LIQUIDATE: Drawdown -25.8% exceeds limit -25.0%
2026-05-30 20:06:25 | risk_manager         | WARNING | LIQUIDATE: Drawdown -25.8% exceeds limit -25.0%
2026-05-30 20:06:25 | risk_manager         | WARNING | LIQUIDATE: Drawdown -25.8% exceeds limit -25.0%
2026-05-30 20:06:25 | risk_manager         | WARNING | LIQUIDATE: Drawdown -25.8% exceeds limit -25.0%
2026-05-30 20:06:25 | risk_manager         | WARNING | LIQUIDATE: Drawdown -25.8% exceeds limit -25.0%
2026-05-30 20:06:25 | risk_manager         | WARNING | LIQUIDATE: Drawdown -25.8% exceeds limit -25.0%
2026-05-30 20:06:25 | risk_manager         | WARNING | LIQUIDATE: Drawdown -25.8% exceeds limit -25.0%
2026-05-30 20:06:25 | risk_manager         | WARNING | LIQUIDATE: Drawdown -25.8% exceeds limit -25.0%
2026-05-30 20:06:25 | risk_manager         | WARNING | LIQUIDATE: Drawdown -25.8% exceeds limit -25.0%
2026-05-30 20:06:25 | risk_manager         | WARNING | LIQUIDATE: Drawdown -25.8% exceeds limit -25.0%
2026-05-30 20:06:25 | risk_manager         | WARNING | LIQUIDATE: Drawdown -25.8% exceeds limit -25.0%
2026-05-30 20:06:25 | risk_manager         | WARNING | LIQUIDATE: Drawdown -25.8% exceeds limit -25.0%
2026-05-30 20:06:25 | risk_manager         | WARNING | LIQUIDATE: Drawdown -25.8% exceeds limit -25.0%
2026-05-30 20:06:25 | risk_manager         | WARNING | LIQUIDATE: Drawdown -25.8% exceeds limit -25.0%
2026-05-30 20:06:25 | risk_manager         | WARNING | LIQUIDATE: Drawdown -25.8% exceeds limit -25.0%
2026-05-30 20:06:25 | risk_manager         | WARNING | LIQUIDATE: Drawdown -25.8% exceeds limit -25.0%
2026-05-30 20:06:25 | risk_manager         | WARNING | LIQUIDATE: Drawdown -25.8% exceeds limit -25.0%
2026-05-30 20:06:25 | risk_manager         | WARNING | LIQUIDATE: Drawdown -25.8% exceeds limit -25.0%
2026-05-30 20:06:25 | risk_manager         | WARNING | LIQUIDATE: Drawdown -25.8% exceeds limit -25.0%
2026-05-30 20:06:25 | risk_manager         | WARNING | LIQUIDATE: Drawdown -25.8% exceeds limit -25.0%
2026-05-30 20:06:25 | risk_manager         | WARNING | LIQUIDATE: Drawdown -25.8% exceeds limit -25.0%
2026-05-30 20:06:25 | risk_manager         | WARNING | LIQUIDATE: Drawdown -25.8% exceeds limit -25.0%
2026-05-30 20:06:25 | risk_manager         | WARNING | LIQUIDATE: Drawdown -25.8% exceeds limit -25.0%
2026-05-30 20:06:25 | risk_manager         | WARNING | LIQUIDATE: Drawdown -25.8% exceeds limit -25.0%
2026-05-30 20:06:25 | risk_manager         | WARNING | LIQUIDATE: Drawdown -25.8% exceeds limit -25.0%
2026-05-30 20:06:25 | risk_manager         | WARNING | LIQUIDATE: Drawdown -25.8% exceeds limit -25.0%
2026-05-30 20:06:25 | risk_manager         | WARNING | LIQUIDATE: Drawdown -25.8% exceeds limit -25.0%
2026-05-30 20:06:25 | risk_manager         | WARNING | LIQUIDATE: Drawdown -25.8% exceeds limit -25.0%
2026-05-30 20:06:25 | risk_manager         | WARNING | LIQUIDATE: Drawdown -25.8% exceeds limit -25.0%
2026-05-30 20:06:25 | risk_manager         | WARNING | LIQUIDATE: Drawdown -25.8% exceeds limit -25.0%
2026-05-30 20:06:25 | risk_manager         | WARNING | LIQUIDATE: Drawdown -25.8% exceeds limit -25.0%
2026-05-30 20:06:25 | risk_manager         | WARNING | LIQUIDATE: Drawdown -25.8% exceeds limit -25.0%
2026-05-30 20:06:25 | risk_manager         | WARNING | LIQUIDATE: Drawdown -25.8% exceeds limit -25.0%
2026-05-30 20:06:25 | risk_manager         | WARNING | LIQUIDATE: Drawdown -25.8% exceeds limit -25.0%
2026-05-30 20:06:25 | risk_manager         | WARNING | LIQUIDATE: Drawdown -25.8% exceeds limit -25.0%
2026-05-30 20:06:25 | risk_manager         | WARNING | LIQUIDATE: Drawdown -25.8% exceeds limit -25.0%
2026-05-30 20:06:25 | risk_manager         | WARNING | LIQUIDATE: Drawdown -25.8% exceeds limit -25.0%
2026-05-30 20:06:25 | risk_manager         | WARNING | LIQUIDATE: Drawdown -25.8% exceeds limit -25.0%
2026-05-30 20:06:25 | risk_manager         | WARNING | LIQUIDATE: Drawdown -25.8% exceeds limit -25.0%
2026-05-30 20:06:25 | risk_manager         | WARNING | LIQUIDATE: Drawdown -25.8% exceeds limit -25.0%
2026-05-30 20:06:25 | risk_manager         | WARNING | LIQUIDATE: Drawdown -25.8% exceeds limit -25.0%
2026-05-30 20:06:25 | risk_manager         | WARNING | LIQUIDATE: Drawdown -25.8% exceeds limit -25.0%
2026-05-30 20:06:25 | risk_manager         | WARNING | LIQUIDATE: Drawdown -25.8% exceeds limit -25.0%
2026-05-30 20:06:25 | risk_manager         | WARNING | LIQUIDATE: Drawdown -25.8% exceeds limit -25.0%
2026-05-30 20:06:25 | risk_manager         | WARNING | LIQUIDATE: Drawdown -25.8% exceeds limit -25.0%
2026-05-30 20:06:25 | risk_manager         | WARNING | LIQUIDATE: Drawdown -25.8% exceeds limit -25.0%
2026-05-30 20:06:25 | risk_manager         | WARNING | LIQUIDATE: Drawdown -25.8% exceeds limit -25.0%
2026-05-30 20:06:25 | risk_manager         | WARNING | LIQUIDATE: Drawdown -25.8% exceeds limit -25.0%
2026-05-30 20:06:25 | risk_manager         | WARNING | LIQUIDATE: Drawdown -25.8% exceeds limit -25.0%
2026-05-30 20:06:25 | risk_manager         | WARNING | LIQUIDATE: Drawdown -25.8% exceeds limit -25.0%
2026-05-30 20:06:25 | risk_manager         | WARNING | LIQUIDATE: Drawdown -25.8% exceeds limit -25.0%
2026-05-30 20:06:25 | risk_manager         | WARNING | LIQUIDATE: Drawdown -25.8% exceeds limit -25.0%
2026-05-30 20:06:25 | risk_manager         | WARNING | LIQUIDATE: Drawdown -25.8% exceeds limit -25.0%
2026-05-30 20:06:25 | risk_manager         | WARNING | LIQUIDATE: Drawdown -25.8% exceeds limit -25.0%
2026-05-30 20:06:25 | risk_manager         | WARNING | LIQUIDATE: Drawdown -25.8% exceeds limit -25.0%
2026-05-30 20:06:25 | risk_manager         | WARNING | LIQUIDATE: Drawdown -25.8% exceeds limit -25.0%
2026-05-30 20:06:25 | risk_manager         | WARNING | LIQUIDATE: Drawdown -25.8% exceeds limit -25.0%
2026-05-30 20:06:25 | risk_manager         | WARNING | LIQUIDATE: Drawdown -25.8% exceeds limit -25.0%
2026-05-30 20:06:25 | risk_manager         | WARNING | LIQUIDATE: Drawdown -25.8% exceeds limit -25.0%
2026-05-30 20:06:25 | risk_manager         | WARNING | LIQUIDATE: Drawdown -25.8% exceeds limit -25.0%
2026-05-30 20:06:25 | risk_manager         | WARNING | LIQUIDATE: Drawdown -25.8% exceeds limit -25.0%
2026-05-30 20:06:25 | risk_manager         | WARNING | LIQUIDATE: Drawdown -25.8% exceeds limit -25.0%
2026-05-30 20:06:25 | risk_manager         | WARNING | LIQUIDATE: Drawdown -25.8% exceeds limit -25.0%
2026-05-30 20:06:25 | risk_manager         | WARNING | LIQUIDATE: Drawdown -25.8% exceeds limit -25.0%
2026-05-30 20:06:25 | risk_manager         | WARNING | LIQUIDATE: Drawdown -25.8% exceeds limit -25.0%
2026-05-30 20:06:25 | risk_manager         | WARNING | LIQUIDATE: Drawdown -25.8% exceeds limit -25.0%
2026-05-30 20:06:25 | risk_manager         | WARNING | LIQUIDATE: Drawdown -25.8% exceeds limit -25.0%
2026-05-30 20:06:25 | risk_manager         | WARNING | LIQUIDATE: Drawdown -25.8% exceeds limit -25.0%
2026-05-30 20:06:25 | risk_manager         | WARNING | LIQUIDATE: Drawdown -25.8% exceeds limit -25.0%
2026-05-30 20:06:25 | risk_manager         | WARNING | LIQUIDATE: Drawdown -25.8% exceeds limit -25.0%
2026-05-30 20:06:25 | risk_manager         | WARNING | LIQUIDATE: Drawdown -25.8% exceeds limit -25.0%
2026-05-30 20:06:25 | risk_manager         | WARNING | LIQUIDATE: Drawdown -25.8% exceeds limit -25.0%
2026-05-30 20:06:25 | risk_manager         | WARNING | LIQUIDATE: Drawdown -25.8% exceeds limit -25.0%
2026-05-30 20:06:25 | risk_manager         | WARNING | LIQUIDATE: Drawdown -25.8% exceeds limit -25.0%
2026-05-30 20:06:25 | risk_manager         | WARNING | LIQUIDATE: Drawdown -25.8% exceeds limit -25.0%
2026-05-30 20:06:25 | risk_manager         | WARNING | LIQUIDATE: Drawdown -25.8% exceeds limit -25.0%
2026-05-30 20:06:25 | risk_manager         | WARNING | LIQUIDATE: Drawdown -25.8% exceeds limit -25.0%
2026-05-30 20:06:25 | risk_manager         | WARNING | LIQUIDATE: Drawdown -25.8% exceeds limit -25.0%
2026-05-30 20:06:25 | risk_manager         | WARNING | LIQUIDATE: Drawdown -25.8% exceeds limit -25.0%
2026-05-30 20:06:25 | risk_manager         | WARNING | LIQUIDATE: Drawdown -25.8% exceeds limit -25.0%
2026-05-30 20:06:25 | risk_manager         | WARNING | LIQUIDATE: Drawdown -25.8% exceeds limit -25.0%
2026-05-30 20:06:25 | risk_manager         | WARNING | LIQUIDATE: Drawdown -25.8% exceeds limit -25.0%
2026-05-30 20:06:25 | risk_manager         | WARNING | LIQUIDATE: Drawdown -25.8% exceeds limit -25.0%
2026-05-30 20:06:25 | risk_manager         | WARNING | LIQUIDATE: Drawdown -25.8% exceeds limit -25.0%
2026-05-30 20:06:25 | risk_manager         | WARNING | LIQUIDATE: Drawdown -25.8% exceeds limit -25.0%
2026-05-30 20:06:25 | risk_manager         | WARNING | LIQUIDATE: Drawdown -25.8% exceeds limit -25.0%
2026-05-30 20:06:25 | risk_manager         | WARNING | LIQUIDATE: Drawdown -25.8% exceeds limit -25.0%
2026-05-30 20:06:25 | risk_manager         | WARNING | LIQUIDATE: Drawdown -25.8% exceeds limit -25.0%
2026-05-30 20:06:25 | risk_manager         | WARNING | LIQUIDATE: Drawdown -25.8% exceeds limit -25.0%
2026-05-30 20:06:25 | risk_manager         | WARNING | LIQUIDATE: Drawdown -25.8% exceeds limit -25.0%
2026-05-30 20:06:25 | risk_manager         | WARNING | LIQUIDATE: Drawdown -25.8% exceeds limit -25.0%
2026-05-30 20:06:25 | risk_manager         | WARNING | LIQUIDATE: Drawdown -25.8% exceeds limit -25.0%
2026-05-30 20:06:25 | risk_manager         | WARNING | LIQUIDATE: Drawdown -25.8% exceeds limit -25.0%
2026-05-30 20:06:25 | risk_manager         | WARNING | LIQUIDATE: Drawdown -25.8% exceeds limit -25.0%
2026-05-30 20:06:25 | risk_manager         | WARNING | LIQUIDATE: Drawdown -25.8% exceeds limit -25.0%
2026-05-30 20:06:25 | risk_manager         | WARNING | LIQUIDATE: Drawdown -25.8% exceeds limit -25.0%
2026-05-30 20:06:25 | risk_manager         | WARNING | LIQUIDATE: Drawdown -25.8% exceeds limit -25.0%
2026-05-30 20:06:25 | risk_manager         | WARNING | LIQUIDATE: Drawdown -25.8% exceeds limit -25.0%
2026-05-30 20:06:25 | risk_manager         | WARNING | LIQUIDATE: Drawdown -25.8% exceeds limit -25.0%
2026-05-30 20:06:25 | risk_manager         | WARNING | LIQUIDATE: Drawdown -25.8% exceeds limit -25.0%
2026-05-30 20:06:25 | risk_manager         | WARNING | LIQUIDATE: Drawdown -25.8% exceeds limit -25.0%
2026-05-30 20:06:25 | risk_manager         | WARNING | LIQUIDATE: Drawdown -25.8% exceeds limit -25.0%
2026-05-30 20:06:25 | risk_manager         | WARNING | LIQUIDATE: Drawdown -25.8% exceeds limit -25.0%
2026-05-30 20:06:25 | risk_manager         | WARNING | LIQUIDATE: Drawdown -25.8% exceeds limit -25.0%
2026-05-30 20:06:25 | risk_manager         | WARNING | LIQUIDATE: Drawdown -25.8% exceeds limit -25.0%
2026-05-30 20:06:25 | risk_manager         | WARNING | LIQUIDATE: Drawdown -25.8% exceeds limit -25.0%
2026-05-30 20:06:25 | risk_manager         | WARNING | LIQUIDATE: Drawdown -25.8% exceeds limit -25.0%
2026-05-30 20:06:25 | risk_manager         | WARNING | LIQUIDATE: Drawdown -25.8% exceeds limit -25.0%
2026-05-30 20:06:25 | risk_manager         | WARNING | LIQUIDATE: Drawdown -25.8% exceeds limit -25.0%
2026-05-30 20:06:25 | risk_manager         | WARNING | LIQUIDATE: Drawdown -25.8% exceeds limit -25.0%
2026-05-30 20:06:25 | risk_manager         | WARNING | LIQUIDATE: Drawdown -25.8% exceeds limit -25.0%
2026-05-30 20:06:25 | risk_manager         | WARNING | LIQUIDATE: Drawdown -25.8% exceeds limit -25.0%
2026-05-30 20:06:25 | risk_manager         | WARNING | LIQUIDATE: Drawdown -25.8% exceeds limit -25.0%
2026-05-30 20:06:25 | risk_manager         | WARNING | LIQUIDATE: Drawdown -25.8% exceeds limit -25.0%
2026-05-30 20:06:25 | risk_manager         | WARNING | LIQUIDATE: Drawdown -25.8% exceeds limit -25.0%
2026-05-30 20:06:25 | risk_manager         | WARNING | LIQUIDATE: Drawdown -25.8% exceeds limit -25.0%
2026-05-30 20:06:25 | risk_manager         | WARNING | LIQUIDATE: Drawdown -25.8% exceeds limit -25.0%
2026-05-30 20:06:25 | risk_manager         | WARNING | LIQUIDATE: Drawdown -25.8% exceeds limit -25.0%
2026-05-30 20:06:25 | risk_manager         | WARNING | LIQUIDATE: Drawdown -25.8% exceeds limit -25.0%
2026-05-30 20:06:25 | risk_manager         | WARNING | LIQUIDATE: Drawdown -25.8% exceeds limit -25.0%
2026-05-30 20:06:25 | risk_manager         | WARNING | LIQUIDATE: Drawdown -25.8% exceeds limit -25.0%
2026-05-30 20:06:25 | risk_manager         | WARNING | LIQUIDATE: Drawdown -25.8% exceeds limit -25.0%
2026-05-30 20:06:25 | risk_manager         | WARNING | LIQUIDATE: Drawdown -25.8% exceeds limit -25.0%
2026-05-30 20:06:25 | risk_manager         | WARNING | LIQUIDATE: Drawdown -25.8% exceeds limit -25.0%
2026-05-30 20:06:25 | risk_manager         | WARNING | LIQUIDATE: Drawdown -25.8% exceeds limit -25.0%
2026-05-30 20:06:25 | risk_manager         | WARNING | LIQUIDATE: Drawdown -25.8% exceeds limit -25.0%
2026-05-30 20:06:25 | risk_manager         | WARNING | LIQUIDATE: Drawdown -25.8% exceeds limit -25.0%
2026-05-30 20:06:25 | risk_manager         | WARNING | LIQUIDATE: Drawdown -25.8% exceeds limit -25.0%
2026-05-30 20:06:25 | risk_manager         | WARNING | LIQUIDATE: Drawdown -25.8% exceeds limit -25.0%
2026-05-30 20:06:25 | risk_manager         | WARNING | LIQUIDATE: Drawdown -25.8% exceeds limit -25.0%
2026-05-30 20:06:25 | risk_manager         | WARNING | LIQUIDATE: Drawdown -25.8% exceeds limit -25.0%
2026-05-30 20:06:25 | risk_manager         | WARNING | LIQUIDATE: Drawdown -25.8% exceeds limit -25.0%
2026-05-30 20:06:25 | risk_manager         | WARNING | LIQUIDATE: Drawdown -25.8% exceeds limit -25.0%
2026-05-30 20:06:25 | risk_manager         | WARNING | LIQUIDATE: Drawdown -25.8% exceeds limit -25.0%
2026-05-30 20:06:25 | risk_manager         | WARNING | LIQUIDATE: Drawdown -25.8% exceeds limit -25.0%
2026-05-30 20:06:25 | risk_manager         | WARNING | LIQUIDATE: Drawdown -25.8% exceeds limit -25.0%
2026-05-30 20:06:25 | risk_manager         | WARNING | LIQUIDATE: Drawdown -25.8% exceeds limit -25.0%
2026-05-30 20:06:25 | risk_manager         | WARNING | LIQUIDATE: Drawdown -25.8% exceeds limit -25.0%
2026-05-30 20:06:25 | risk_manager         | WARNING | LIQUIDATE: Drawdown -25.8% exceeds limit -25.0%
2026-05-30 20:06:25 | risk_manager         | WARNING | LIQUIDATE: Drawdown -25.8% exceeds limit -25.0%
2026-05-30 20:06:25 | risk_manager         | WARNING | LIQUIDATE: Drawdown -25.8% exceeds limit -25.0%
2026-05-30 20:06:25 | risk_manager         | WARNING | LIQUIDATE: Drawdown -25.8% exceeds limit -25.0%
2026-05-30 20:06:25 | risk_manager         | WARNING | LIQUIDATE: Drawdown -25.8% exceeds limit -25.0%
2026-05-30 20:06:25 | risk_manager         | WARNING | LIQUIDATE: Drawdown -25.8% exceeds limit -25.0%
2026-05-30 20:06:25 | risk_manager         | WARNING | LIQUIDATE: Drawdown -25.8% exceeds limit -25.0%
2026-05-30 20:06:25 | risk_manager         | WARNING | LIQUIDATE: Drawdown -25.8% exceeds limit -25.0%
2026-05-30 20:06:25 | risk_manager         | WARNING | LIQUIDATE: Drawdown -25.8% exceeds limit -25.0%
2026-05-30 20:06:25 | risk_manager         | WARNING | LIQUIDATE: Drawdown -25.8% exceeds limit -25.0%
2026-05-30 20:06:25 | risk_manager         | WARNING | LIQUIDATE: Drawdown -25.8% exceeds limit -25.0%
2026-05-30 20:06:25 | risk_manager         | WARNING | LIQUIDATE: Drawdown -25.8% exceeds limit -25.0%
2026-05-30 20:06:25 | risk_manager         | WARNING | LIQUIDATE: Drawdown -25.8% exceeds limit -25.0%
2026-05-30 20:06:25 | risk_manager         | WARNING | LIQUIDATE: Drawdown -25.8% exceeds limit -25.0%
2026-05-30 20:06:25 | risk_manager         | WARNING | LIQUIDATE: Drawdown -25.8% exceeds limit -25.0%
2026-05-30 20:06:25 | risk_manager         | WARNING | LIQUIDATE: Drawdown -25.8% exceeds limit -25.0%
2026-05-30 20:06:25 | risk_manager         | WARNING | LIQUIDATE: Drawdown -25.8% exceeds limit -25.0%
2026-05-30 20:06:25 | risk_manager         | WARNING | LIQUIDATE: Drawdown -25.8% exceeds limit -25.0%
2026-05-30 20:06:25 | risk_manager         | WARNING | LIQUIDATE: Drawdown -25.8% exceeds limit -25.0%
2026-05-30 20:06:25 | risk_manager         | WARNING | LIQUIDATE: Drawdown -25.8% exceeds limit -25.0%
2026-05-30 20:06:25 | risk_manager         | WARNING | LIQUIDATE: Drawdown -25.8% exceeds limit -25.0%
2026-05-30 20:06:25 | risk_manager         | WARNING | LIQUIDATE: Drawdown -25.8% exceeds limit -25.0%
2026-05-30 20:06:25 | risk_manager         | WARNING | LIQUIDATE: Drawdown -25.8% exceeds limit -25.0%
2026-05-30 20:06:25 | risk_manager         | WARNING | LIQUIDATE: Drawdown -25.8% exceeds limit -25.0%
2026-05-30 20:06:25 | risk_manager         | WARNING | LIQUIDATE: Drawdown -25.8% exceeds limit -25.0%
2026-05-30 20:06:25 | risk_manager         | WARNING | LIQUIDATE: Drawdown -25.8% exceeds limit -25.0%
2026-05-30 20:06:25 | risk_manager         | WARNING | LIQUIDATE: Drawdown -25.8% exceeds limit -25.0%
2026-05-30 20:06:25 | risk_manager         | WARNING | LIQUIDATE: Drawdown -25.8% exceeds limit -25.0%
2026-05-30 20:06:25 | risk_manager         | WARNING | LIQUIDATE: Drawdown -25.8% exceeds limit -25.0%
2026-05-30 20:06:25 | risk_manager         | WARNING | LIQUIDATE: Drawdown -25.8% exceeds limit -25.0%
2026-05-30 20:06:25 | risk_manager         | WARNING | LIQUIDATE: Drawdown -25.8% exceeds limit -25.0%
2026-05-30 20:06:25 | risk_manager         | WARNING | LIQUIDATE: Drawdown -25.8% exceeds limit -25.0%
2026-05-30 20:06:25 | risk_manager         | WARNING | LIQUIDATE: Drawdown -25.8% exceeds limit -25.0%
2026-05-30 20:06:25 | risk_manager         | WARNING | LIQUIDATE: Drawdown -25.8% exceeds limit -25.0%
2026-05-30 20:06:25 | risk_manager         | WARNING | LIQUIDATE: Drawdown -25.8% exceeds limit -25.0%
2026-05-30 20:06:25 | risk_manager         | WARNING | LIQUIDATE: Drawdown -25.8% exceeds limit -25.0%
2026-05-30 20:06:25 | risk_manager         | WARNING | LIQUIDATE: Drawdown -25.8% exceeds limit -25.0%
2026-05-30 20:06:25 | risk_manager         | WARNING | LIQUIDATE: Drawdown -25.8% exceeds limit -25.0%
2026-05-30 20:06:25 | risk_manager         | WARNING | LIQUIDATE: Drawdown -25.8% exceeds limit -25.0%
2026-05-30 20:06:25 | risk_manager         | WARNING | LIQUIDATE: Drawdown -25.8% exceeds limit -25.0%
2026-05-30 20:06:25 | risk_manager         | WARNING | LIQUIDATE: Drawdown -25.8% exceeds limit -25.0%
2026-05-30 20:06:25 | risk_manager         | WARNING | LIQUIDATE: Drawdown -25.8% exceeds limit -25.0%
2026-05-30 20:06:25 | risk_manager         | WARNING | LIQUIDATE: Drawdown -25.8% exceeds limit -25.0%
2026-05-30 20:06:25 | risk_manager         | WARNING | LIQUIDATE: Drawdown -25.8% exceeds limit -25.0%
2026-05-30 20:06:25 | risk_manager         | WARNING | LIQUIDATE: Drawdown -25.8% exceeds limit -25.0%
2026-05-30 20:06:25 | risk_manager         | WARNING | LIQUIDATE: Drawdown -25.8% exceeds limit -25.0%
2026-05-30 20:06:25 | risk_manager         | WARNING | LIQUIDATE: Drawdown -25.8% exceeds limit -25.0%
2026-05-30 20:06:25 | risk_manager         | WARNING | LIQUIDATE: Drawdown -25.8% exceeds limit -25.0%
2026-05-30 20:06:25 | risk_manager         | WARNING | LIQUIDATE: Drawdown -25.8% exceeds limit -25.0%
2026-05-30 20:06:25 | risk_manager         | WARNING | LIQUIDATE: Drawdown -25.8% exceeds limit -25.0%
2026-05-30 20:06:25 | risk_manager         | WARNING | LIQUIDATE: Drawdown -25.8% exceeds limit -25.0%
2026-05-30 20:06:25 | risk_manager         | WARNING | LIQUIDATE: Drawdown -25.8% exceeds limit -25.0%
2026-05-30 20:06:25 | risk_manager         | WARNING | LIQUIDATE: Drawdown -25.8% exceeds limit -25.0%
2026-05-30 20:06:25 | risk_manager         | WARNING | LIQUIDATE: Drawdown -25.8% exceeds limit -25.0%
2026-05-30 20:06:25 | risk_manager         | WARNING | LIQUIDATE: Drawdown -25.8% exceeds limit -25.0%
2026-05-30 20:06:25 | risk_manager         | WARNING | LIQUIDATE: Drawdown -25.8% exceeds limit -25.0%
2026-05-30 20:06:25 | risk_manager         | WARNING | LIQUIDATE: Drawdown -25.8% exceeds limit -25.0%
2026-05-30 20:06:25 | risk_manager         | WARNING | LIQUIDATE: Drawdown -25.8% exceeds limit -25.0%
2026-05-30 20:06:25 | risk_manager         | WARNING | LIQUIDATE: Drawdown -25.8% exceeds limit -25.0%
2026-05-30 20:06:25 | risk_manager         | WARNING | LIQUIDATE: Drawdown -25.8% exceeds limit -25.0%
2026-05-30 20:06:25 | risk_manager         | WARNING | LIQUIDATE: Drawdown -25.8% exceeds limit -25.0%
2026-05-30 20:06:25 | risk_manager         | WARNING | LIQUIDATE: Drawdown -25.8% exceeds limit -25.0%
2026-05-30 20:06:25 | risk_manager         | WARNING | LIQUIDATE: Drawdown -25.8% exceeds limit -25.0%
2026-05-30 20:06:25 | risk_manager         | WARNING | LIQUIDATE: Drawdown -25.8% exceeds limit -25.0%
2026-05-30 20:06:25 | risk_manager         | WARNING | LIQUIDATE: Drawdown -25.8% exceeds limit -25.0%
2026-05-30 20:06:25 | risk_manager         | WARNING | LIQUIDATE: Drawdown -25.8% exceeds limit -25.0%
2026-05-30 20:06:25 | risk_manager         | WARNING | LIQUIDATE: Drawdown -25.8% exceeds limit -25.0%
2026-05-30 20:06:25 | risk_manager         | WARNING | LIQUIDATE: Drawdown -25.8% exceeds limit -25.0%
2026-05-30 20:06:25 | risk_manager         | WARNING | LIQUIDATE: Drawdown -25.8% exceeds limit -25.0%
2026-05-30 20:06:25 | risk_manager         | WARNING | LIQUIDATE: Drawdown -25.8% exceeds limit -25.0%
2026-05-30 20:06:25 | risk_manager         | WARNING | LIQUIDATE: Drawdown -25.8% exceeds limit -25.0%
2026-05-30 20:06:25 | risk_manager         | WARNING | LIQUIDATE: Drawdown -25.8% exceeds limit -25.0%
2026-05-30 20:06:25 | risk_manager         | WARNING | LIQUIDATE: Drawdown -25.8% exceeds limit -25.0%
2026-05-30 20:06:25 | risk_manager         | WARNING | LIQUIDATE: Drawdown -25.8% exceeds limit -25.0%
2026-05-30 20:06:25 | risk_manager         | WARNING | LIQUIDATE: Drawdown -25.8% exceeds limit -25.0%
2026-05-30 20:06:25 | risk_manager         | WARNING | LIQUIDATE: Drawdown -25.8% exceeds limit -25.0%
2026-05-30 20:06:25 | risk_manager         | WARNING | LIQUIDATE: Drawdown -25.8% exceeds limit -25.0%
2026-05-30 20:06:25 | risk_manager         | WARNING | LIQUIDATE: Drawdown -25.8% exceeds limit -25.0%
2026-05-30 20:06:25 | risk_manager         | WARNING | LIQUIDATE: Drawdown -25.8% exceeds limit -25.0%
2026-05-30 20:06:25 | risk_manager         | WARNING | LIQUIDATE: Drawdown -25.8% exceeds limit -25.0%
2026-05-30 20:06:25 | risk_manager         | WARNING | LIQUIDATE: Drawdown -25.8% exceeds limit -25.0%
2026-05-30 20:06:25 | risk_manager         | WARNING | LIQUIDATE: Drawdown -25.8% exceeds limit -25.0%
2026-05-30 20:06:25 | risk_manager         | WARNING | LIQUIDATE: Drawdown -25.8% exceeds limit -25.0%
2026-05-30 20:06:25 | risk_manager         | WARNING | LIQUIDATE: Drawdown -25.8% exceeds limit -25.0%
2026-05-30 20:06:25 | risk_manager         | WARNING | LIQUIDATE: Drawdown -25.8% exceeds limit -25.0%
2026-05-30 20:06:25 | risk_manager         | WARNING | LIQUIDATE: Drawdown -25.8% exceeds limit -25.0%
2026-05-30 20:06:25 | risk_manager         | WARNING | LIQUIDATE: Drawdown -25.8% exceeds limit -25.0%
2026-05-30 20:06:25 | risk_manager         | WARNING | LIQUIDATE: Drawdown -25.8% exceeds limit -25.0%
2026-05-30 20:06:25 | risk_manager         | WARNING | LIQUIDATE: Drawdown -25.8% exceeds limit -25.0%
2026-05-30 20:06:25 | risk_manager         | WARNING | LIQUIDATE: Drawdown -25.8% exceeds limit -25.0%
2026-05-30 20:06:25 | risk_manager         | WARNING | LIQUIDATE: Drawdown -25.8% exceeds limit -25.0%
2026-05-30 20:06:25 | risk_manager         | WARNING | LIQUIDATE: Drawdown -25.8% exceeds limit -25.0%
2026-05-30 20:06:25 | risk_manager         | WARNING | LIQUIDATE: Drawdown -25.8% exceeds limit -25.0%
2026-05-30 20:06:25 | risk_manager         | WARNING | LIQUIDATE: Drawdown -25.8% exceeds limit -25.0%
2026-05-30 20:06:25 | risk_manager         | WARNING | LIQUIDATE: Drawdown -25.8% exceeds limit -25.0%
2026-05-30 20:06:25 | risk_manager         | WARNING | LIQUIDATE: Drawdown -25.8% exceeds limit -25.0%
2026-05-30 20:06:25 | risk_manager         | WARNING | LIQUIDATE: Drawdown -25.8% exceeds limit -25.0%
2026-05-30 20:06:25 | risk_manager         | WARNING | LIQUIDATE: Drawdown -25.8% exceeds limit -25.0%
2026-05-30 20:06:25 | risk_manager         | WARNING | LIQUIDATE: Drawdown -25.8% exceeds limit -25.0%
2026-05-30 20:06:25 | risk_manager         | WARNING | LIQUIDATE: Drawdown -25.8% exceeds limit -25.0%
2026-05-30 20:06:25 | risk_manager         | WARNING | LIQUIDATE: Drawdown -25.8% exceeds limit -25.0%
2026-05-30 20:06:25 | risk_manager         | WARNING | LIQUIDATE: Drawdown -25.8% exceeds limit -25.0%
2026-05-30 20:06:25 | risk_manager         | WARNING | LIQUIDATE: Drawdown -25.8% exceeds limit -25.0%
2026-05-30 20:06:25 | risk_manager         | WARNING | LIQUIDATE: Drawdown -25.8% exceeds limit -25.0%
2026-05-30 20:06:25 | risk_manager         | WARNING | LIQUIDATE: Drawdown -25.8% exceeds limit -25.0%
2026-05-30 20:06:25 | risk_manager         | WARNING | LIQUIDATE: Drawdown -25.8% exceeds limit -25.0%
2026-05-30 20:06:25 | risk_manager         | WARNING | LIQUIDATE: Drawdown -25.8% exceeds limit -25.0%
2026-05-30 20:06:25 | risk_manager         | WARNING | LIQUIDATE: Drawdown -25.8% exceeds limit -25.0%
2026-05-30 20:06:25 | risk_manager         | WARNING | LIQUIDATE: Drawdown -25.8% exceeds limit -25.0%
2026-05-30 20:06:25 | risk_manager         | WARNING | LIQUIDATE: Drawdown -25.8% exceeds limit -25.0%
2026-05-30 20:06:25 | risk_manager         | WARNING | LIQUIDATE: Drawdown -25.8% exceeds limit -25.0%
2026-05-30 20:06:25 | risk_manager         | WARNING | LIQUIDATE: Drawdown -25.8% exceeds limit -25.0%
2026-05-30 20:06:25 | risk_manager         | WARNING | LIQUIDATE: Drawdown -25.8% exceeds limit -25.0%
2026-05-30 20:06:25 | risk_manager         | WARNING | LIQUIDATE: Drawdown -25.8% exceeds limit -25.0%
2026-05-30 20:06:25 | risk_manager         | WARNING | LIQUIDATE: Drawdown -25.8% exceeds limit -25.0%
2026-05-30 20:06:25 | risk_manager         | WARNING | LIQUIDATE: Drawdown -25.8% exceeds limit -25.0%
2026-05-30 20:06:25 | risk_manager         | WARNING | LIQUIDATE: Drawdown -25.8% exceeds limit -25.0%
2026-05-30 20:06:25 | risk_manager         | WARNING | LIQUIDATE: Drawdown -25.8% exceeds limit -25.0%
2026-05-30 20:06:25 | risk_manager         | WARNING | LIQUIDATE: Drawdown -25.8% exceeds limit -25.0%
2026-05-30 20:06:25 | risk_manager         | WARNING | LIQUIDATE: Drawdown -25.8% exceeds limit -25.0%
2026-05-30 20:06:25 | risk_manager         | WARNING | LIQUIDATE: Drawdown -25.8% exceeds limit -25.0%
2026-05-30 20:06:25 | risk_manager         | WARNING | LIQUIDATE: Drawdown -25.8% exceeds limit -25.0%
2026-05-30 20:06:25 | risk_manager         | WARNING | LIQUIDATE: Drawdown -25.8% exceeds limit -25.0%
2026-05-30 20:06:25 | risk_manager         | WARNING | LIQUIDATE: Drawdown -25.8% exceeds limit -25.0%
2026-05-30 20:06:25 | risk_manager         | WARNING | LIQUIDATE: Drawdown -25.8% exceeds limit -25.0%
2026-05-30 20:06:25 | risk_manager         | WARNING | LIQUIDATE: Drawdown -25.8% exceeds limit -25.0%
2026-05-30 20:06:25 | risk_manager         | WARNING | LIQUIDATE: Drawdown -25.8% exceeds limit -25.0%
2026-05-30 20:06:25 | risk_manager         | WARNING | LIQUIDATE: Drawdown -25.8% exceeds limit -25.0%
2026-05-30 20:06:25 | risk_manager         | WARNING | LIQUIDATE: Drawdown -25.8% exceeds limit -25.0%
2026-05-30 20:06:25 | risk_manager         | WARNING | LIQUIDATE: Drawdown -25.8% exceeds limit -25.0%
2026-05-30 20:06:25 | risk_manager         | WARNING | LIQUIDATE: Drawdown -25.8% exceeds limit -25.0%
2026-05-30 20:06:25 | risk_manager         | WARNING | LIQUIDATE: Drawdown -25.8% exceeds limit -25.0%
2026-05-30 20:06:25 | risk_manager         | WARNING | LIQUIDATE: Drawdown -25.8% exceeds limit -25.0%
2026-05-30 20:06:25 | risk_manager         | WARNING | LIQUIDATE: Drawdown -25.8% exceeds limit -25.0%
2026-05-30 20:06:25 | risk_manager         | WARNING | LIQUIDATE: Drawdown -25.8% exceeds limit -25.0%
2026-05-30 20:06:25 | risk_manager         | WARNING | LIQUIDATE: Drawdown -25.8% exceeds limit -25.0%
2026-05-30 20:06:25 | risk_manager         | WARNING | LIQUIDATE: Drawdown -25.8% exceeds limit -25.0%
2026-05-30 20:06:25 | risk_manager         | WARNING | LIQUIDATE: Drawdown -25.8% exceeds limit -25.0%
2026-05-30 20:06:25 | risk_manager         | WARNING | LIQUIDATE: Drawdown -25.8% exceeds limit -25.0%
2026-05-30 20:06:25 | risk_manager         | WARNING | LIQUIDATE: Drawdown -25.8% exceeds limit -25.0%
2026-05-30 20:06:25 | risk_manager         | WARNING | LIQUIDATE: Drawdown -25.8% exceeds limit -25.0%
2026-05-30 20:06:25 | risk_manager         | WARNING | LIQUIDATE: Drawdown -25.8% exceeds limit -25.0%
2026-05-30 20:06:25 | risk_manager         | WARNING | LIQUIDATE: Drawdown -25.8% exceeds limit -25.0%
2026-05-30 20:06:25 | risk_manager         | WARNING | LIQUIDATE: Drawdown -25.8% exceeds limit -25.0%
2026-05-30 20:06:25 | risk_manager         | WARNING | LIQUIDATE: Drawdown -25.8% exceeds limit -25.0%
2026-05-30 20:06:25 | risk_manager         | WARNING | LIQUIDATE: Drawdown -25.8% exceeds limit -25.0%
2026-05-30 20:06:25 | risk_manager         | WARNING | LIQUIDATE: Drawdown -25.8% exceeds limit -25.0%
2026-05-30 20:06:25 | risk_manager         | WARNING | LIQUIDATE: Drawdown -25.8% exceeds limit -25.0%
2026-05-30 20:06:25 | risk_manager         | WARNING | LIQUIDATE: Drawdown -25.8% exceeds limit -25.0%
2026-05-30 20:06:25 | risk_manager         | WARNING | LIQUIDATE: Drawdown -25.8% exceeds limit -25.0%
2026-05-30 20:06:25 | risk_manager         | WARNING | LIQUIDATE: Drawdown -25.8% exceeds limit -25.0%
2026-05-30 20:06:25 | risk_manager         | WARNING | LIQUIDATE: Drawdown -25.8% exceeds limit -25.0%
2026-05-30 20:06:25 | risk_manager         | WARNING | LIQUIDATE: Drawdown -25.8% exceeds limit -25.0%
2026-05-30 20:06:25 | risk_manager         | WARNING | LIQUIDATE: Drawdown -25.8% exceeds limit -25.0%
2026-05-30 20:06:25 | risk_manager         | WARNING | LIQUIDATE: Drawdown -25.8% exceeds limit -25.0%
2026-05-30 20:06:25 | risk_manager         | WARNING | LIQUIDATE: Drawdown -25.8% exceeds limit -25.0%
2026-05-30 20:06:25 | risk_manager         | WARNING | LIQUIDATE: Drawdown -25.8% exceeds limit -25.0%
2026-05-30 20:06:25 | risk_manager         | WARNING | LIQUIDATE: Drawdown -25.8% exceeds limit -25.0%
2026-05-30 20:06:25 | risk_manager         | WARNING | LIQUIDATE: Drawdown -25.8% exceeds limit -25.0%
2026-05-30 20:06:25 | risk_manager         | WARNING | LIQUIDATE: Drawdown -25.8% exceeds limit -25.0%
2026-05-30 20:06:25 | risk_manager         | WARNING | LIQUIDATE: Drawdown -25.8% exceeds limit -25.0%
2026-05-30 20:06:25 | risk_manager         | WARNING | LIQUIDATE: Drawdown -25.8% exceeds limit -25.0%
2026-05-30 20:06:25 | risk_manager         | WARNING | LIQUIDATE: Drawdown -25.8% exceeds limit -25.0%
2026-05-30 20:06:25 | risk_manager         | WARNING | LIQUIDATE: Drawdown -25.8% exceeds limit -25.0%
2026-05-30 20:06:25 | risk_manager         | WARNING | LIQUIDATE: Drawdown -25.8% exceeds limit -25.0%
2026-05-30 20:06:25 | risk_manager         | WARNING | LIQUIDATE: Drawdown -25.8% exceeds limit -25.0%
2026-05-30 20:06:25 | risk_manager         | WARNING | LIQUIDATE: Drawdown -25.8% exceeds limit -25.0%
2026-05-30 20:06:25 | risk_manager         | WARNING | LIQUIDATE: Drawdown -25.8% exceeds limit -25.0%
2026-05-30 20:06:25 | risk_manager         | WARNING | LIQUIDATE: Drawdown -25.8% exceeds limit -25.0%
2026-05-30 20:06:25 | risk_manager         | WARNING | LIQUIDATE: Drawdown -25.8% exceeds limit -25.0%
2026-05-30 20:06:25 | risk_manager         | WARNING | LIQUIDATE: Drawdown -25.8% exceeds limit -25.0%
2026-05-30 20:06:25 | risk_manager         | WARNING | LIQUIDATE: Drawdown -25.8% exceeds limit -25.0%
2026-05-30 20:06:25 | risk_manager         | WARNING | LIQUIDATE: Drawdown -25.8% exceeds limit -25.0%
2026-05-30 20:06:25 | risk_manager         | WARNING | LIQUIDATE: Drawdown -25.8% exceeds limit -25.0%
2026-05-30 20:06:25 | risk_manager         | WARNING | LIQUIDATE: Drawdown -25.8% exceeds limit -25.0%
2026-05-30 20:06:25 | risk_manager         | WARNING | LIQUIDATE: Drawdown -25.8% exceeds limit -25.0%
2026-05-30 20:06:25 | risk_manager         | WARNING | LIQUIDATE: Drawdown -25.8% exceeds limit -25.0%
2026-05-30 20:06:25 | risk_manager         | WARNING | LIQUIDATE: Drawdown -25.8% exceeds limit -25.0%
2026-05-30 20:06:25 | risk_manager         | WARNING | LIQUIDATE: Drawdown -25.8% exceeds limit -25.0%
2026-05-30 20:06:25 | risk_manager         | WARNING | LIQUIDATE: Drawdown -25.8% exceeds limit -25.0%
2026-05-30 20:06:25 | risk_manager         | WARNING | LIQUIDATE: Drawdown -25.8% exceeds limit -25.0%
2026-05-30 20:06:25 | risk_manager         | WARNING | LIQUIDATE: Drawdown -25.8% exceeds limit -25.0%
2026-05-30 20:06:25 | risk_manager         | WARNING | LIQUIDATE: Drawdown -25.8% exceeds limit -25.0%
2026-05-30 20:06:25 | risk_manager         | WARNING | LIQUIDATE: Drawdown -25.8% exceeds limit -25.0%
2026-05-30 20:06:25 | risk_manager         | WARNING | LIQUIDATE: Drawdown -25.8% exceeds limit -25.0%
2026-05-30 20:06:25 | risk_manager         | WARNING | LIQUIDATE: Drawdown -25.8% exceeds limit -25.0%
2026-05-30 20:06:25 | risk_manager         | WARNING | LIQUIDATE: Drawdown -25.8% exceeds limit -25.0%
2026-05-30 20:06:25 | risk_manager         | WARNING | LIQUIDATE: Drawdown -25.8% exceeds limit -25.0%
2026-05-30 20:06:25 | risk_manager         | WARNING | LIQUIDATE: Drawdown -25.8% exceeds limit -25.0%
2026-05-30 20:06:25 | risk_manager         | WARNING | LIQUIDATE: Drawdown -25.8% exceeds limit -25.0%
2026-05-30 20:06:25 | risk_manager         | WARNING | LIQUIDATE: Drawdown -25.8% exceeds limit -25.0%
2026-05-30 20:06:25 | risk_manager         | WARNING | LIQUIDATE: Drawdown -25.8% exceeds limit -25.0%
2026-05-30 20:06:25 | risk_manager         | WARNING | LIQUIDATE: Drawdown -25.8% exceeds limit -25.0%
2026-05-30 20:06:25 | risk_manager         | WARNING | LIQUIDATE: Drawdown -25.8% exceeds limit -25.0%
2026-05-30 20:06:25 | risk_manager         | WARNING | LIQUIDATE: Drawdown -25.8% exceeds limit -25.0%
2026-05-30 20:06:25 | risk_manager         | WARNING | LIQUIDATE: Drawdown -25.8% exceeds limit -25.0%
2026-05-30 20:06:25 | risk_manager         | WARNING | LIQUIDATE: Drawdown -25.8% exceeds limit -25.0%
2026-05-30 20:06:25 | risk_manager         | WARNING | LIQUIDATE: Drawdown -25.8% exceeds limit -25.0%
2026-05-30 20:06:25 | risk_manager         | WARNING | LIQUIDATE: Drawdown -25.8% exceeds limit -25.0%
2026-05-30 20:06:25 | risk_manager         | WARNING | LIQUIDATE: Drawdown -25.8% exceeds limit -25.0%
2026-05-30 20:06:25 | risk_manager         | WARNING | LIQUIDATE: Drawdown -25.8% exceeds limit -25.0%
2026-05-30 20:06:25 | risk_manager         | WARNING | LIQUIDATE: Drawdown -25.8% exceeds limit -25.0%
2026-05-30 20:06:25 | risk_manager         | WARNING | LIQUIDATE: Drawdown -25.8% exceeds limit -25.0%
2026-05-30 20:06:25 | risk_manager         | WARNING | LIQUIDATE: Drawdown -25.8% exceeds limit -25.0%
2026-05-30 20:06:25 | risk_manager         | WARNING | LIQUIDATE: Drawdown -25.8% exceeds limit -25.0%
2026-05-30 20:06:25 | risk_manager         | WARNING | LIQUIDATE: Drawdown -25.8% exceeds limit -25.0%
2026-05-30 20:06:25 | risk_manager         | WARNING | LIQUIDATE: Drawdown -25.8% exceeds limit -25.0%
2026-05-30 20:06:25 | risk_manager         | WARNING | LIQUIDATE: Drawdown -25.8% exceeds limit -25.0%
2026-05-30 20:06:25 | risk_manager         | WARNING | LIQUIDATE: Drawdown -25.8% exceeds limit -25.0%
2026-05-30 20:06:25 | risk_manager         | WARNING | LIQUIDATE: Drawdown -25.8% exceeds limit -25.0%
2026-05-30 20:06:25 | risk_manager         | WARNING | LIQUIDATE: Drawdown -25.8% exceeds limit -25.0%
2026-05-30 20:06:25 | risk_manager         | WARNING | LIQUIDATE: Drawdown -25.8% exceeds limit -25.0%
2026-05-30 20:06:25 | risk_manager         | WARNING | LIQUIDATE: Drawdown -25.8% exceeds limit -25.0%
2026-05-30 20:06:25 | risk_manager         | WARNING | LIQUIDATE: Drawdown -25.8% exceeds limit -25.0%
2026-05-30 20:06:25 | risk_manager         | WARNING | LIQUIDATE: Drawdown -25.8% exceeds limit -25.0%
2026-05-30 20:06:25 | risk_manager         | WARNING | LIQUIDATE: Drawdown -25.8% exceeds limit -25.0%
2026-05-30 20:06:25 | risk_manager         | WARNING | LIQUIDATE: Drawdown -25.8% exceeds limit -25.0%
2026-05-30 20:06:25 | risk_manager         | WARNING | LIQUIDATE: Drawdown -25.8% exceeds limit -25.0%
2026-05-30 20:06:25 | risk_manager         | WARNING | LIQUIDATE: Drawdown -25.8% exceeds limit -25.0%
2026-05-30 20:06:25 | risk_manager         | WARNING | LIQUIDATE: Drawdown -25.8% exceeds limit -25.0%
2026-05-30 20:06:25 | risk_manager         | WARNING | LIQUIDATE: Drawdown -25.8% exceeds limit -25.0%
2026-05-30 20:06:25 | risk_manager         | WARNING | LIQUIDATE: Drawdown -25.8% exceeds limit -25.0%
2026-05-30 20:06:25 | risk_manager         | WARNING | LIQUIDATE: Drawdown -25.8% exceeds limit -25.0%
2026-05-30 20:06:25 | risk_manager         | WARNING | LIQUIDATE: Drawdown -25.8% exceeds limit -25.0%
2026-05-30 20:06:25 | risk_manager         | WARNING | LIQUIDATE: Drawdown -25.8% exceeds limit -25.0%
2026-05-30 20:06:25 | risk_manager         | WARNING | LIQUIDATE: Drawdown -25.8% exceeds limit -25.0%
2026-05-30 20:06:25 | risk_manager         | WARNING | LIQUIDATE: Drawdown -25.8% exceeds limit -25.0%
2026-05-30 20:06:25 | risk_manager         | WARNING | LIQUIDATE: Drawdown -25.8% exceeds limit -25.0%
2026-05-30 20:06:25 | risk_manager         | WARNING | LIQUIDATE: Drawdown -25.8% exceeds limit -25.0%
2026-05-30 20:06:25 | risk_manager         | WARNING | LIQUIDATE: Drawdown -25.8% exceeds limit -25.0%
2026-05-30 20:06:25 | risk_manager         | WARNING | LIQUIDATE: Drawdown -25.8% exceeds limit -25.0%
2026-05-30 20:06:25 | risk_manager         | WARNING | LIQUIDATE: Drawdown -25.8% exceeds limit -25.0%
2026-05-30 20:06:25 | risk_manager         | WARNING | LIQUIDATE: Drawdown -25.8% exceeds limit -25.0%
2026-05-30 20:06:25 | risk_manager         | WARNING | LIQUIDATE: Drawdown -25.8% exceeds limit -25.0%
2026-05-30 20:06:25 | risk_manager         | WARNING | LIQUIDATE: Drawdown -25.8% exceeds limit -25.0%
2026-05-30 20:06:25 | risk_manager         | WARNING | LIQUIDATE: Drawdown -25.8% exceeds limit -25.0%
2026-05-30 20:06:25 | risk_manager         | WARNING | LIQUIDATE: Drawdown -25.8% exceeds limit -25.0%
2026-05-30 20:06:25 | risk_manager         | WARNING | LIQUIDATE: Drawdown -25.8% exceeds limit -25.0%
2026-05-30 20:06:25 | risk_manager         | WARNING | LIQUIDATE: Drawdown -25.8% exceeds limit -25.0%
2026-05-30 20:06:25 | risk_manager         | WARNING | LIQUIDATE: Drawdown -25.8% exceeds limit -25.0%
2026-05-30 20:06:25 | risk_manager         | WARNING | LIQUIDATE: Drawdown -25.8% exceeds limit -25.0%
2026-05-30 20:06:25 | risk_manager         | WARNING | LIQUIDATE: Drawdown -25.8% exceeds limit -25.0%
2026-05-30 20:06:25 | risk_manager         | WARNING | LIQUIDATE: Drawdown -25.8% exceeds limit -25.0%
2026-05-30 20:06:25 | risk_manager         | WARNING | LIQUIDATE: Drawdown -25.8% exceeds limit -25.0%
2026-05-30 20:06:25 | risk_manager         | WARNING | LIQUIDATE: Drawdown -25.8% exceeds limit -25.0%
2026-05-30 20:06:25 | risk_manager         | WARNING | LIQUIDATE: Drawdown -25.8% exceeds limit -25.0%
2026-05-30 20:06:25 | risk_manager         | WARNING | LIQUIDATE: Drawdown -25.8% exceeds limit -25.0%
2026-05-30 20:06:25 | risk_manager         | WARNING | LIQUIDATE: Drawdown -25.8% exceeds limit -25.0%
2026-05-30 20:06:25 | risk_manager         | WARNING | LIQUIDATE: Drawdown -25.8% exceeds limit -25.0%
2026-05-30 20:06:25 | risk_manager         | WARNING | LIQUIDATE: Drawdown -25.8% exceeds limit -25.0%
2026-05-30 20:06:25 | risk_manager         | WARNING | LIQUIDATE: Drawdown -25.8% exceeds limit -25.0%
2026-05-30 20:06:25 | risk_manager         | WARNING | LIQUIDATE: Drawdown -25.8% exceeds limit -25.0%
2026-05-30 20:06:25 | risk_manager         | WARNING | LIQUIDATE: Drawdown -25.8% exceeds limit -25.0%
2026-05-30 20:06:25 | risk_manager         | WARNING | LIQUIDATE: Drawdown -25.8% exceeds limit -25.0%
2026-05-30 20:06:25 | risk_manager         | WARNING | LIQUIDATE: Drawdown -25.8% exceeds limit -25.0%
2026-05-30 20:06:25 | risk_manager         | WARNING | LIQUIDATE: Drawdown -25.8% exceeds limit -25.0%
2026-05-30 20:06:25 | risk_manager         | WARNING | LIQUIDATE: Drawdown -25.8% exceeds limit -25.0%
2026-05-30 20:06:25 | risk_manager         | WARNING | LIQUIDATE: Drawdown -25.8% exceeds limit -25.0%
2026-05-30 20:06:25 | risk_manager         | WARNING | LIQUIDATE: Drawdown -25.8% exceeds limit -25.0%
2026-05-30 20:06:25 | risk_manager         | WARNING | LIQUIDATE: Drawdown -25.8% exceeds limit -25.0%
2026-05-30 20:06:25 | risk_manager         | WARNING | LIQUIDATE: Drawdown -25.8% exceeds limit -25.0%
2026-05-30 20:06:25 | risk_manager         | WARNING | LIQUIDATE: Drawdown -25.8% exceeds limit -25.0%
2026-05-30 20:06:25 | risk_manager         | WARNING | LIQUIDATE: Drawdown -25.8% exceeds limit -25.0%
2026-05-30 20:06:25 | risk_manager         | WARNING | LIQUIDATE: Drawdown -25.8% exceeds limit -25.0%
2026-05-30 20:06:25 | risk_manager         | WARNING | LIQUIDATE: Drawdown -25.8% exceeds limit -25.0%
2026-05-30 20:06:25 | risk_manager         | WARNING | LIQUIDATE: Drawdown -25.8% exceeds limit -25.0%
2026-05-30 20:06:25 | risk_manager         | WARNING | LIQUIDATE: Drawdown -25.8% exceeds limit -25.0%
2026-05-30 20:06:25 | risk_manager         | WARNING | LIQUIDATE: Drawdown -25.8% exceeds limit -25.0%
2026-05-30 20:06:25 | risk_manager         | WARNING | LIQUIDATE: Drawdown -25.8% exceeds limit -25.0%
2026-05-30 20:06:25 | risk_manager         | WARNING | LIQUIDATE: Drawdown -25.8% exceeds limit -25.0%
2026-05-30 20:06:25 | risk_manager         | WARNING | LIQUIDATE: Drawdown -25.8% exceeds limit -25.0%
2026-05-30 20:06:25 | risk_manager         | WARNING | LIQUIDATE: Drawdown -25.8% exceeds limit -25.0%
2026-05-30 20:06:25 | risk_manager         | WARNING | LIQUIDATE: Drawdown -25.8% exceeds limit -25.0%
2026-05-30 20:06:25 | risk_manager         | WARNING | LIQUIDATE: Drawdown -25.8% exceeds limit -25.0%
2026-05-30 20:06:25 | risk_manager         | WARNING | LIQUIDATE: Drawdown -25.8% exceeds limit -25.0%
2026-05-30 20:06:25 | risk_manager         | WARNING | LIQUIDATE: Drawdown -25.8% exceeds limit -25.0%
2026-05-30 20:06:25 | risk_manager         | WARNING | LIQUIDATE: Drawdown -25.8% exceeds limit -25.0%
2026-05-30 20:06:25 | risk_manager         | WARNING | LIQUIDATE: Drawdown -25.8% exceeds limit -25.0%
2026-05-30 20:06:25 | risk_manager         | WARNING | LIQUIDATE: Drawdown -25.8% exceeds limit -25.0%
2026-05-30 20:06:25 | risk_manager         | WARNING | LIQUIDATE: Drawdown -25.8% exceeds limit -25.0%
2026-05-30 20:06:25 | risk_manager         | WARNING | LIQUIDATE: Drawdown -25.8% exceeds limit -25.0%
2026-05-30 20:06:25 | risk_manager         | WARNING | LIQUIDATE: Drawdown -25.8% exceeds limit -25.0%
2026-05-30 20:06:25 | risk_manager         | WARNING | LIQUIDATE: Drawdown -25.8% exceeds limit -25.0%
2026-05-30 20:06:25 | risk_manager         | WARNING | LIQUIDATE: Drawdown -25.8% exceeds limit -25.0%
2026-05-30 20:06:25 | risk_manager         | WARNING | LIQUIDATE: Drawdown -25.8% exceeds limit -25.0%
2026-05-30 20:06:25 | risk_manager         | WARNING | LIQUIDATE: Drawdown -25.8% exceeds limit -25.0%
2026-05-30 20:06:25 | risk_manager         | WARNING | LIQUIDATE: Drawdown -25.8% exceeds limit -25.0%
2026-05-30 20:06:25 | risk_manager         | WARNING | LIQUIDATE: Drawdown -25.8% exceeds limit -25.0%
2026-05-30 20:06:25 | risk_manager         | WARNING | LIQUIDATE: Drawdown -25.8% exceeds limit -25.0%
2026-05-30 20:06:25 | risk_manager         | WARNING | LIQUIDATE: Drawdown -25.8% exceeds limit -25.0%
2026-05-30 20:06:25 | risk_manager         | WARNING | LIQUIDATE: Drawdown -25.8% exceeds limit -25.0%
2026-05-30 20:06:25 | risk_manager         | WARNING | LIQUIDATE: Drawdown -25.8% exceeds limit -25.0%
2026-05-30 20:06:25 | risk_manager         | WARNING | LIQUIDATE: Drawdown -25.8% exceeds limit -25.0%
2026-05-30 20:06:25 | risk_manager         | WARNING | LIQUIDATE: Drawdown -25.8% exceeds limit -25.0%
2026-05-30 20:06:25 | risk_manager         | WARNING | LIQUIDATE: Drawdown -25.8% exceeds limit -25.0%
2026-05-30 20:06:25 | risk_manager         | WARNING | LIQUIDATE: Drawdown -25.8% exceeds limit -25.0%
2026-05-30 20:06:25 | risk_manager         | WARNING | LIQUIDATE: Drawdown -25.8% exceeds limit -25.0%
2026-05-30 20:06:25 | risk_manager         | WARNING | LIQUIDATE: Drawdown -25.8% exceeds limit -25.0%
2026-05-30 20:06:25 | risk_manager         | WARNING | LIQUIDATE: Drawdown -25.8% exceeds limit -25.0%
2026-05-30 20:06:25 | risk_manager         | WARNING | LIQUIDATE: Drawdown -25.8% exceeds limit -25.0%
2026-05-30 20:06:25 | risk_manager         | WARNING | LIQUIDATE: Drawdown -25.8% exceeds limit -25.0%
2026-05-30 20:06:25 | risk_manager         | WARNING | LIQUIDATE: Drawdown -25.8% exceeds limit -25.0%
2026-05-30 20:06:25 | risk_manager         | WARNING | LIQUIDATE: Drawdown -25.8% exceeds limit -25.0%
2026-05-30 20:06:25 | risk_manager         | WARNING | LIQUIDATE: Drawdown -25.8% exceeds limit -25.0%
2026-05-30 20:06:25 | risk_manager         | WARNING | LIQUIDATE: Drawdown -25.8% exceeds limit -25.0%
2026-05-30 20:06:25 | risk_manager         | WARNING | LIQUIDATE: Drawdown -25.8% exceeds limit -25.0%
2026-05-30 20:06:25 | risk_manager         | WARNING | LIQUIDATE: Drawdown -25.8% exceeds limit -25.0%
2026-05-30 20:06:25 | risk_manager         | WARNING | LIQUIDATE: Drawdown -25.8% exceeds limit -25.0%
2026-05-30 20:06:25 | risk_manager         | WARNING | LIQUIDATE: Drawdown -25.8% exceeds limit -25.0%
2026-05-30 20:06:25 | risk_manager         | WARNING | LIQUIDATE: Drawdown -25.8% exceeds limit -25.0%
2026-05-30 20:06:25 | risk_manager         | WARNING | LIQUIDATE: Drawdown -25.8% exceeds limit -25.0%
2026-05-30 20:06:25 | risk_manager         | WARNING | LIQUIDATE: Drawdown -25.8% exceeds limit -25.0%
2026-05-30 20:06:25 | risk_manager         | WARNING | LIQUIDATE: Drawdown -25.8% exceeds limit -25.0%
2026-05-30 20:06:25 | risk_manager         | WARNING | LIQUIDATE: Drawdown -25.8% exceeds limit -25.0%
2026-05-30 20:06:25 | risk_manager         | WARNING | LIQUIDATE: Drawdown -25.8% exceeds limit -25.0%
2026-05-30 20:06:25 | risk_manager         | WARNING | LIQUIDATE: Drawdown -25.8% exceeds limit -25.0%
2026-05-30 20:06:25 | risk_manager         | WARNING | LIQUIDATE: Drawdown -25.8% exceeds limit -25.0%
2026-05-30 20:06:25 | risk_manager         | WARNING | LIQUIDATE: Drawdown -25.8% exceeds limit -25.0%
2026-05-30 20:06:25 | risk_manager         | WARNING | LIQUIDATE: Drawdown -25.8% exceeds limit -25.0%
2026-05-30 20:06:25 | risk_manager         | WARNING | LIQUIDATE: Drawdown -25.8% exceeds limit -25.0%
2026-05-30 20:06:25 | risk_manager         | WARNING | LIQUIDATE: Drawdown -25.8% exceeds limit -25.0%
2026-05-30 20:06:25 | risk_manager         | WARNING | LIQUIDATE: Drawdown -25.8% exceeds limit -25.0%
2026-05-30 20:06:25 | risk_manager         | WARNING | LIQUIDATE: Drawdown -25.8% exceeds limit -25.0%
2026-05-30 20:06:25 | risk_manager         | WARNING | LIQUIDATE: Drawdown -25.8% exceeds limit -25.0%
2026-05-30 20:06:25 | risk_manager         | WARNING | LIQUIDATE: Drawdown -25.8% exceeds limit -25.0%
2026-05-30 20:06:25 | risk_manager         | WARNING | LIQUIDATE: Drawdown -25.8% exceeds limit -25.0%
2026-05-30 20:06:25 | risk_manager         | WARNING | LIQUIDATE: Drawdown -25.8% exceeds limit -25.0%
2026-05-30 20:06:25 | risk_manager         | WARNING | LIQUIDATE: Drawdown -25.8% exceeds limit -25.0%
2026-05-30 20:06:25 | risk_manager         | WARNING | LIQUIDATE: Drawdown -25.8% exceeds limit -25.0%
2026-05-30 20:06:25 | risk_manager         | WARNING | LIQUIDATE: Drawdown -25.8% exceeds limit -25.0%
2026-05-30 20:06:25 | risk_manager         | WARNING | LIQUIDATE: Drawdown -25.8% exceeds limit -25.0%
2026-05-30 20:06:25 | risk_manager         | WARNING | LIQUIDATE: Drawdown -25.8% exceeds limit -25.0%
2026-05-30 20:06:25 | risk_manager         | WARNING | LIQUIDATE: Drawdown -25.8% exceeds limit -25.0%
2026-05-30 20:06:25 | risk_manager         | WARNING | LIQUIDATE: Drawdown -25.8% exceeds limit -25.0%
2026-05-30 20:06:25 | risk_manager         | WARNING | LIQUIDATE: Drawdown -25.8% exceeds limit -25.0%
2026-05-30 20:06:25 | risk_manager         | WARNING | LIQUIDATE: Drawdown -25.8% exceeds limit -25.0%
2026-05-30 20:06:25 | risk_manager         | WARNING | LIQUIDATE: Drawdown -25.8% exceeds limit -25.0%
2026-05-30 20:06:25 | risk_manager         | WARNING | LIQUIDATE: Drawdown -25.8% exceeds limit -25.0%
2026-05-30 20:06:25 | risk_manager         | WARNING | LIQUIDATE: Drawdown -25.8% exceeds limit -25.0%
2026-05-30 20:06:25 | risk_manager         | WARNING | LIQUIDATE: Drawdown -25.8% exceeds limit -25.0%
2026-05-30 20:06:25 | risk_manager         | WARNING | LIQUIDATE: Drawdown -25.8% exceeds limit -25.0%
2026-05-30 20:06:25 | risk_manager         | WARNING | LIQUIDATE: Drawdown -25.8% exceeds limit -25.0%
2026-05-30 20:06:25 | risk_manager         | WARNING | LIQUIDATE: Drawdown -25.8% exceeds limit -25.0%
2026-05-30 20:06:25 | risk_manager         | WARNING | LIQUIDATE: Drawdown -25.8% exceeds limit -25.0%
2026-05-30 20:06:25 | risk_manager         | WARNING | LIQUIDATE: Drawdown -25.8% exceeds limit -25.0%
2026-05-30 20:06:25 | risk_manager         | WARNING | LIQUIDATE: Drawdown -25.8% exceeds limit -25.0%
2026-05-30 20:06:25 | risk_manager         | WARNING | LIQUIDATE: Drawdown -25.8% exceeds limit -25.0%
2026-05-30 20:06:25 | risk_manager         | WARNING | LIQUIDATE: Drawdown -25.8% exceeds limit -25.0%
2026-05-30 20:06:25 | risk_manager         | WARNING | LIQUIDATE: Drawdown -25.8% exceeds limit -25.0%
2026-05-30 20:06:25 | risk_manager         | WARNING | LIQUIDATE: Drawdown -25.8% exceeds limit -25.0%
2026-05-30 20:06:25 | risk_manager         | WARNING | LIQUIDATE: Drawdown -25.8% exceeds limit -25.0%
2026-05-30 20:06:25 | risk_manager         | WARNING | LIQUIDATE: Drawdown -25.8% exceeds limit -25.0%
2026-05-30 20:06:25 | risk_manager         | WARNING | LIQUIDATE: Drawdown -25.8% exceeds limit -25.0%
2026-05-30 20:06:25 | risk_manager         | WARNING | LIQUIDATE: Drawdown -25.8% exceeds limit -25.0%
2026-05-30 20:06:25 | risk_manager         | WARNING | LIQUIDATE: Drawdown -25.8% exceeds limit -25.0%
2026-05-30 20:06:25 | risk_manager         | WARNING | LIQUIDATE: Drawdown -25.8% exceeds limit -25.0%
2026-05-30 20:06:25 | risk_manager         | WARNING | LIQUIDATE: Drawdown -25.8% exceeds limit -25.0%
2026-05-30 20:06:25 | risk_manager         | WARNING | LIQUIDATE: Drawdown -25.8% exceeds limit -25.0%
2026-05-30 20:06:25 | risk_manager         | WARNING | LIQUIDATE: Drawdown -25.8% exceeds limit -25.0%
2026-05-30 20:06:25 | risk_manager         | WARNING | LIQUIDATE: Drawdown -25.8% exceeds limit -25.0%
2026-05-30 20:06:25 | risk_manager         | WARNING | LIQUIDATE: Drawdown -25.8% exceeds limit -25.0%
2026-05-30 20:06:25 | risk_manager         | WARNING | LIQUIDATE: Drawdown -25.8% exceeds limit -25.0%
2026-05-30 20:06:25 | risk_manager         | WARNING | LIQUIDATE: Drawdown -25.8% exceeds limit -25.0%
2026-05-30 20:06:25 | risk_manager         | WARNING | LIQUIDATE: Drawdown -25.8% exceeds limit -25.0%
2026-05-30 20:06:25 | risk_manager         | WARNING | LIQUIDATE: Drawdown -25.8% exceeds limit -25.0%
2026-05-30 20:06:25 | risk_manager         | WARNING | LIQUIDATE: Drawdown -25.8% exceeds limit -25.0%
2026-05-30 20:06:25 | risk_manager         | WARNING | LIQUIDATE: Drawdown -25.8% exceeds limit -25.0%
2026-05-30 20:06:25 | risk_manager         | WARNING | LIQUIDATE: Drawdown -25.8% exceeds limit -25.0%
2026-05-30 20:06:25 | risk_manager         | WARNING | LIQUIDATE: Drawdown -25.8% exceeds limit -25.0%
2026-05-30 20:06:25 | risk_manager         | WARNING | LIQUIDATE: Drawdown -25.8% exceeds limit -25.0%
2026-05-30 20:06:25 | risk_manager         | WARNING | LIQUIDATE: Drawdown -25.8% exceeds limit -25.0%
2026-05-30 20:06:25 | risk_manager         | WARNING | LIQUIDATE: Drawdown -25.8% exceeds limit -25.0%
2026-05-30 20:06:25 | risk_manager         | WARNING | LIQUIDATE: Drawdown -25.8% exceeds limit -25.0%
2026-05-30 20:06:25 | risk_manager         | WARNING | LIQUIDATE: Drawdown -25.8% exceeds limit -25.0%
2026-05-30 20:06:25 | risk_manager         | WARNING | LIQUIDATE: Drawdown -25.8% exceeds limit -25.0%
2026-05-30 20:06:25 | risk_manager         | WARNING | LIQUIDATE: Drawdown -25.8% exceeds limit -25.0%
2026-05-30 20:06:25 | risk_manager         | WARNING | LIQUIDATE: Drawdown -25.8% exceeds limit -25.0%
2026-05-30 20:06:25 | risk_manager         | WARNING | LIQUIDATE: Drawdown -25.8% exceeds limit -25.0%
2026-05-30 20:06:25 | risk_manager         | WARNING | LIQUIDATE: Drawdown -25.8% exceeds limit -25.0%
2026-05-30 20:06:25 | risk_manager         | WARNING | LIQUIDATE: Drawdown -25.8% exceeds limit -25.0%
2026-05-30 20:06:25 | risk_manager         | WARNING | LIQUIDATE: Drawdown -25.8% exceeds limit -25.0%
2026-05-30 20:06:25 | risk_manager         | WARNING | LIQUIDATE: Drawdown -25.8% exceeds limit -25.0%
2026-05-30 20:06:25 | risk_manager         | WARNING | LIQUIDATE: Drawdown -25.8% exceeds limit -25.0%
2026-05-30 20:06:25 | risk_manager         | WARNING | LIQUIDATE: Drawdown -25.8% exceeds limit -25.0%
2026-05-30 20:06:25 | risk_manager         | WARNING | LIQUIDATE: Drawdown -25.8% exceeds limit -25.0%
2026-05-30 20:06:25 | risk_manager         | WARNING | LIQUIDATE: Drawdown -25.8% exceeds limit -25.0%
2026-05-30 20:06:25 | risk_manager         | WARNING | LIQUIDATE: Drawdown -25.8% exceeds limit -25.0%
2026-05-30 20:06:25 | risk_manager         | WARNING | LIQUIDATE: Drawdown -25.8% exceeds limit -25.0%
2026-05-30 20:06:25 | risk_manager         | WARNING | LIQUIDATE: Drawdown -25.8% exceeds limit -25.0%
2026-05-30 20:06:25 | risk_manager         | WARNING | LIQUIDATE: Drawdown -25.8% exceeds limit -25.0%
2026-05-30 20:06:25 | risk_manager         | WARNING | LIQUIDATE: Drawdown -25.8% exceeds limit -25.0%
2026-05-30 20:06:25 | risk_manager         | WARNING | LIQUIDATE: Drawdown -25.8% exceeds limit -25.0%
2026-05-30 20:06:25 | risk_manager         | WARNING | LIQUIDATE: Drawdown -25.8% exceeds limit -25.0%
2026-05-30 20:06:25 | risk_manager         | WARNING | LIQUIDATE: Drawdown -25.8% exceeds limit -25.0%
2026-05-30 20:06:25 | risk_manager         | WARNING | LIQUIDATE: Drawdown -25.8% exceeds limit -25.0%
2026-05-30 20:06:25 | risk_manager         | WARNING | LIQUIDATE: Drawdown -25.8% exceeds limit -25.0%
2026-05-30 20:06:25 | risk_manager         | WARNING | LIQUIDATE: Drawdown -25.8% exceeds limit -25.0%
2026-05-30 20:06:25 | risk_manager         | WARNING | LIQUIDATE: Drawdown -25.8% exceeds limit -25.0%
2026-05-30 20:06:25 | risk_manager         | WARNING | LIQUIDATE: Drawdown -25.8% exceeds limit -25.0%
2026-05-30 20:06:25 | risk_manager         | WARNING | LIQUIDATE: Drawdown -25.8% exceeds limit -25.0%
2026-05-30 20:06:25 | risk_manager         | WARNING | LIQUIDATE: Drawdown -25.8% exceeds limit -25.0%
2026-05-30 20:06:25 | risk_manager         | WARNING | LIQUIDATE: Drawdown -25.8% exceeds limit -25.0%
2026-05-30 20:06:25 | risk_manager         | WARNING | LIQUIDATE: Drawdown -25.8% exceeds limit -25.0%
2026-05-30 20:06:25 | risk_manager         | WARNING | LIQUIDATE: Drawdown -25.8% exceeds limit -25.0%
2026-05-30 20:06:25 | risk_manager         | WARNING | LIQUIDATE: Drawdown -25.8% exceeds limit -25.0%
2026-05-30 20:06:25 | risk_manager         | WARNING | LIQUIDATE: Drawdown -25.8% exceeds limit -25.0%
2026-05-30 20:06:25 | risk_manager         | WARNING | LIQUIDATE: Drawdown -25.8% exceeds limit -25.0%
2026-05-30 20:06:25 | risk_manager         | WARNING | LIQUIDATE: Drawdown -25.8% exceeds limit -25.0%
2026-05-30 20:06:25 | risk_manager         | WARNING | LIQUIDATE: Drawdown -25.8% exceeds limit -25.0%
2026-05-30 20:06:25 | risk_manager         | WARNING | LIQUIDATE: Drawdown -25.8% exceeds limit -25.0%
2026-05-30 20:06:25 | risk_manager         | WARNING | LIQUIDATE: Drawdown -25.8% exceeds limit -25.0%
2026-05-30 20:06:25 | risk_manager         | WARNING | LIQUIDATE: Drawdown -25.8% exceeds limit -25.0%
2026-05-30 20:06:25 | risk_manager         | WARNING | LIQUIDATE: Drawdown -25.8% exceeds limit -25.0%
2026-05-30 20:06:25 | risk_manager         | WARNING | LIQUIDATE: Drawdown -25.8% exceeds limit -25.0%
2026-05-30 20:06:25 | risk_manager         | WARNING | LIQUIDATE: Drawdown -25.8% exceeds limit -25.0%
2026-05-30 20:06:25 | risk_manager         | WARNING | LIQUIDATE: Drawdown -25.8% exceeds limit -25.0%
2026-05-30 20:06:25 | risk_manager         | WARNING | LIQUIDATE: Drawdown -25.8% exceeds limit -25.0%
2026-05-30 20:06:25 | risk_manager         | WARNING | LIQUIDATE: Drawdown -25.8% exceeds limit -25.0%
2026-05-30 20:06:25 | risk_manager         | WARNING | LIQUIDATE: Drawdown -25.8% exceeds limit -25.0%
2026-05-30 20:06:25 | risk_manager         | WARNING | LIQUIDATE: Drawdown -25.8% exceeds limit -25.0%
2026-05-30 20:06:25 | risk_manager         | WARNING | LIQUIDATE: Drawdown -25.8% exceeds limit -25.0%
2026-05-30 20:06:25 | risk_manager         | WARNING | LIQUIDATE: Drawdown -25.8% exceeds limit -25.0%
2026-05-30 20:06:25 | risk_manager         | WARNING | LIQUIDATE: Drawdown -25.8% exceeds limit -25.0%
2026-05-30 20:06:25 | risk_manager         | WARNING | LIQUIDATE: Drawdown -25.8% exceeds limit -25.0%
2026-05-30 20:06:25 | risk_manager         | WARNING | LIQUIDATE: Drawdown -25.8% exceeds limit -25.0%
2026-05-30 20:06:25 | risk_manager         | WARNING | LIQUIDATE: Drawdown -25.8% exceeds limit -25.0%
2026-05-30 20:06:25 | risk_manager         | WARNING | LIQUIDATE: Drawdown -25.8% exceeds limit -25.0%
2026-05-30 20:06:25 | risk_manager         | WARNING | LIQUIDATE: Drawdown -25.8% exceeds limit -25.0%
2026-05-30 20:06:25 | risk_manager         | WARNING | LIQUIDATE: Drawdown -25.8% exceeds limit -25.0%
2026-05-30 20:06:25 | risk_manager         | WARNING | LIQUIDATE: Drawdown -25.8% exceeds limit -25.0%
2026-05-30 20:06:25 | risk_manager         | WARNING | LIQUIDATE: Drawdown -25.8% exceeds limit -25.0%
2026-05-30 20:06:25 | risk_manager         | WARNING | LIQUIDATE: Drawdown -25.8% exceeds limit -25.0%
2026-05-30 20:06:25 | risk_manager         | WARNING | LIQUIDATE: Drawdown -25.8% exceeds limit -25.0%
2026-05-30 20:06:25 | risk_manager         | WARNING | LIQUIDATE: Drawdown -25.8% exceeds limit -25.0%
2026-05-30 20:06:25 | risk_manager         | WARNING | LIQUIDATE: Drawdown -25.8% exceeds limit -25.0%
2026-05-30 20:06:25 | risk_manager         | WARNING | LIQUIDATE: Drawdown -25.8% exceeds limit -25.0%
2026-05-30 20:06:25 | risk_manager         | WARNING | LIQUIDATE: Drawdown -25.8% exceeds limit -25.0%
2026-05-30 20:06:25 | risk_manager         | WARNING | LIQUIDATE: Drawdown -25.8% exceeds limit -25.0%
2026-05-30 20:06:25 | risk_manager         | WARNING | LIQUIDATE: Drawdown -25.8% exceeds limit -25.0%
2026-05-30 20:06:25 | risk_manager         | WARNING | LIQUIDATE: Drawdown -25.8% exceeds limit -25.0%
2026-05-30 20:06:25 | risk_manager         | WARNING | LIQUIDATE: Drawdown -25.8% exceeds limit -25.0%
2026-05-30 20:06:25 | risk_manager         | WARNING | LIQUIDATE: Drawdown -25.8% exceeds limit -25.0%
2026-05-30 20:06:25 | risk_manager         | WARNING | LIQUIDATE: Drawdown -25.8% exceeds limit -25.0%
2026-05-30 20:06:25 | risk_manager         | WARNING | LIQUIDATE: Drawdown -25.8% exceeds limit -25.0%
2026-05-30 20:06:25 | risk_manager         | WARNING | LIQUIDATE: Drawdown -25.8% exceeds limit -25.0%
2026-05-30 20:06:25 | risk_manager         | WARNING | LIQUIDATE: Drawdown -25.8% exceeds limit -25.0%
2026-05-30 20:06:25 | risk_manager         | WARNING | LIQUIDATE: Drawdown -25.8% exceeds limit -25.0%
2026-05-30 20:06:25 | risk_manager         | WARNING | LIQUIDATE: Drawdown -25.8% exceeds limit -25.0%
2026-05-30 20:06:25 | risk_manager         | WARNING | LIQUIDATE: Drawdown -25.8% exceeds limit -25.0%
2026-05-30 20:06:25 | risk_manager         | WARNING | LIQUIDATE: Drawdown -25.8% exceeds limit -25.0%
2026-05-30 20:06:25 | risk_manager         | WARNING | LIQUIDATE: Drawdown -25.8% exceeds limit -25.0%
2026-05-30 20:06:25 | risk_manager         | WARNING | LIQUIDATE: Drawdown -25.8% exceeds limit -25.0%
2026-05-30 20:06:25 | risk_manager         | WARNING | LIQUIDATE: Drawdown -25.8% exceeds limit -25.0%
2026-05-30 20:06:25 | risk_manager         | WARNING | LIQUIDATE: Drawdown -25.8% exceeds limit -25.0%
2026-05-30 20:06:25 | risk_manager         | WARNING | LIQUIDATE: Drawdown -25.8% exceeds limit -25.0%
2026-05-30 20:06:25 | risk_manager         | WARNING | LIQUIDATE: Drawdown -25.8% exceeds limit -25.0%
2026-05-30 20:06:25 | risk_manager         | WARNING | LIQUIDATE: Drawdown -25.8% exceeds limit -25.0%
2026-05-30 20:06:25 | risk_manager         | WARNING | LIQUIDATE: Drawdown -25.8% exceeds limit -25.0%
2026-05-30 20:06:25 | risk_manager         | WARNING | LIQUIDATE: Drawdown -25.8% exceeds limit -25.0%
2026-05-30 20:06:25 | risk_manager         | WARNING | LIQUIDATE: Drawdown -25.8% exceeds limit -25.0%
2026-05-30 20:06:25 | risk_manager         | WARNING | LIQUIDATE: Drawdown -25.8% exceeds limit -25.0%
2026-05-30 20:06:25 | risk_manager         | WARNING | LIQUIDATE: Drawdown -25.8% exceeds limit -25.0%
2026-05-30 20:06:25 | risk_manager         | WARNING | LIQUIDATE: Drawdown -25.8% exceeds limit -25.0%
2026-05-30 20:06:25 | risk_manager         | WARNING | LIQUIDATE: Drawdown -25.8% exceeds limit -25.0%
2026-05-30 20:06:25 | risk_manager         | WARNING | LIQUIDATE: Drawdown -25.8% exceeds limit -25.0%
2026-05-30 20:06:25 | risk_manager         | WARNING | LIQUIDATE: Drawdown -25.8% exceeds limit -25.0%
2026-05-30 20:06:25 | risk_manager         | WARNING | LIQUIDATE: Drawdown -25.8% exceeds limit -25.0%
2026-05-30 20:06:25 | risk_manager         | WARNING | LIQUIDATE: Drawdown -25.8% exceeds limit -25.0%
2026-05-30 20:06:25 | risk_manager         | WARNING | LIQUIDATE: Drawdown -25.8% exceeds limit -25.0%
2026-05-30 20:06:25 | risk_manager         | WARNING | LIQUIDATE: Drawdown -25.8% exceeds limit -25.0%
2026-05-30 20:06:25 | risk_manager         | WARNING | LIQUIDATE: Drawdown -25.8% exceeds limit -25.0%
2026-05-30 20:06:25 | risk_manager         | WARNING | LIQUIDATE: Drawdown -25.8% exceeds limit -25.0%
2026-05-30 20:06:25 | risk_manager         | WARNING | LIQUIDATE: Drawdown -25.8% exceeds limit -25.0%
2026-05-30 20:06:25 | risk_manager         | WARNING | LIQUIDATE: Drawdown -25.8% exceeds limit -25.0%
2026-05-30 20:06:25 | risk_manager         | WARNING | LIQUIDATE: Drawdown -25.8% exceeds limit -25.0%
2026-05-30 20:06:25 | risk_manager         | WARNING | LIQUIDATE: Drawdown -25.8% exceeds limit -25.0%
2026-05-30 20:06:25 | risk_manager         | WARNING | LIQUIDATE: Drawdown -25.8% exceeds limit -25.0%
2026-05-30 20:06:25 | risk_manager         | WARNING | LIQUIDATE: Drawdown -25.8% exceeds limit -25.0%
2026-05-30 20:06:25 | risk_manager         | WARNING | LIQUIDATE: Drawdown -25.8% exceeds limit -25.0%
2026-05-30 20:06:25 | risk_manager         | WARNING | LIQUIDATE: Drawdown -25.8% exceeds limit -25.0%
2026-05-30 20:06:25 | risk_manager         | WARNING | LIQUIDATE: Drawdown -25.8% exceeds limit -25.0%
2026-05-30 20:06:25 | risk_manager         | WARNING | LIQUIDATE: Drawdown -25.8% exceeds limit -25.0%
2026-05-30 20:06:25 | risk_manager         | WARNING | LIQUIDATE: Drawdown -25.8% exceeds limit -25.0%
2026-05-30 20:06:25 | risk_manager         | WARNING | LIQUIDATE: Drawdown -25.8% exceeds limit -25.0%
2026-05-30 20:06:25 | risk_manager         | WARNING | LIQUIDATE: Drawdown -25.8% exceeds limit -25.0%
2026-05-30 20:06:25 | risk_manager         | WARNING | LIQUIDATE: Drawdown -25.8% exceeds limit -25.0%
2026-05-30 20:06:25 | risk_manager         | WARNING | LIQUIDATE: Drawdown -25.8% exceeds limit -25.0%
2026-05-30 20:06:25 | risk_manager         | WARNING | LIQUIDATE: Drawdown -25.8% exceeds limit -25.0%
2026-05-30 20:06:25 | risk_manager         | WARNING | LIQUIDATE: Drawdown -25.8% exceeds limit -25.0%
2026-05-30 20:06:25 | risk_manager         | WARNING | LIQUIDATE: Drawdown -25.8% exceeds limit -25.0%
2026-05-30 20:06:25 | risk_manager         | WARNING | LIQUIDATE: Drawdown -25.8% exceeds limit -25.0%
2026-05-30 20:06:25 | risk_manager         | WARNING | LIQUIDATE: Drawdown -25.8% exceeds limit -25.0%
2026-05-30 20:06:25 | risk_manager         | WARNING | LIQUIDATE: Drawdown -25.8% exceeds limit -25.0%
2026-05-30 20:06:25 | risk_manager         | WARNING | LIQUIDATE: Drawdown -25.8% exceeds limit -25.0%
2026-05-30 20:06:25 | risk_manager         | WARNING | LIQUIDATE: Drawdown -25.8% exceeds limit -25.0%
2026-05-30 20:06:25 | risk_manager         | WARNING | LIQUIDATE: Drawdown -25.8% exceeds limit -25.0%
2026-05-30 20:06:25 | risk_manager         | WARNING | LIQUIDATE: Drawdown -25.8% exceeds limit -25.0%
2026-05-30 20:06:25 | risk_manager         | WARNING | LIQUIDATE: Drawdown -25.8% exceeds limit -25.0%
2026-05-30 20:06:25 | risk_manager         | WARNING | LIQUIDATE: Drawdown -25.8% exceeds limit -25.0%
2026-05-30 20:06:25 | risk_manager         | WARNING | LIQUIDATE: Drawdown -25.8% exceeds limit -25.0%
2026-05-30 20:06:25 | risk_manager         | WARNING | LIQUIDATE: Drawdown -25.8% exceeds limit -25.0%
2026-05-30 20:06:25 | risk_manager         | WARNING | LIQUIDATE: Drawdown -25.8% exceeds limit -25.0%
2026-05-30 20:06:25 | risk_manager         | WARNING | LIQUIDATE: Drawdown -25.8% exceeds limit -25.0%
2026-05-30 20:06:25 | risk_manager         | WARNING | LIQUIDATE: Drawdown -25.8% exceeds limit -25.0%
2026-05-30 20:06:25 | risk_manager         | WARNING | LIQUIDATE: Drawdown -25.8% exceeds limit -25.0%
2026-05-30 20:06:25 | risk_manager         | WARNING | LIQUIDATE: Drawdown -25.8% exceeds limit -25.0%
2026-05-30 20:06:25 | risk_manager         | WARNING | LIQUIDATE: Drawdown -25.8% exceeds limit -25.0%
2026-05-30 20:06:25 | risk_manager         | WARNING | LIQUIDATE: Drawdown -25.8% exceeds limit -25.0%
2026-05-30 20:06:25 | risk_manager         | WARNING | LIQUIDATE: Drawdown -25.8% exceeds limit -25.0%
2026-05-30 20:06:25 | risk_manager         | WARNING | LIQUIDATE: Drawdown -25.8% exceeds limit -25.0%
2026-05-30 20:06:25 | risk_manager         | WARNING | LIQUIDATE: Drawdown -25.8% exceeds limit -25.0%
2026-05-30 20:06:25 | risk_manager         | WARNING | LIQUIDATE: Drawdown -25.8% exceeds limit -25.0%
2026-05-30 20:06:25 | risk_manager         | WARNING | LIQUIDATE: Drawdown -25.8% exceeds limit -25.0%
2026-05-30 20:06:25 | risk_manager         | WARNING | LIQUIDATE: Drawdown -25.8% exceeds limit -25.0%
2026-05-30 20:06:25 | risk_manager         | WARNING | LIQUIDATE: Drawdown -25.8% exceeds limit -25.0%
2026-05-30 20:06:25 | risk_manager         | WARNING | LIQUIDATE: Drawdown -25.8% exceeds limit -25.0%
2026-05-30 20:06:25 | risk_manager         | WARNING | LIQUIDATE: Drawdown -25.8% exceeds limit -25.0%
2026-05-30 20:06:25 | risk_manager         | WARNING | LIQUIDATE: Drawdown -25.8% exceeds limit -25.0%
2026-05-30 20:06:25 | risk_manager         | WARNING | LIQUIDATE: Drawdown -25.8% exceeds limit -25.0%
2026-05-30 20:06:25 | risk_manager         | WARNING | LIQUIDATE: Drawdown -25.8% exceeds limit -25.0%
2026-05-30 20:06:25 | risk_manager         | WARNING | LIQUIDATE: Drawdown -25.8% exceeds limit -25.0%
2026-05-30 20:06:25 | risk_manager         | WARNING | LIQUIDATE: Drawdown -25.8% exceeds limit -25.0%
2026-05-30 20:06:25 | risk_manager         | WARNING | LIQUIDATE: Drawdown -25.8% exceeds limit -25.0%
2026-05-30 20:06:25 | risk_manager         | WARNING | LIQUIDATE: Drawdown -25.8% exceeds limit -25.0%
2026-05-30 20:06:25 | risk_manager         | WARNING | LIQUIDATE: Drawdown -25.8% exceeds limit -25.0%
2026-05-30 20:06:25 | risk_manager         | WARNING | LIQUIDATE: Drawdown -25.8% exceeds limit -25.0%
2026-05-30 20:06:25 | risk_manager         | WARNING | LIQUIDATE: Drawdown -25.8% exceeds limit -25.0%
2026-05-30 20:06:25 | risk_manager         | WARNING | LIQUIDATE: Drawdown -25.8% exceeds limit -25.0%
2026-05-30 20:06:25 | risk_manager         | WARNING | LIQUIDATE: Drawdown -25.8% exceeds limit -25.0%
2026-05-30 20:06:25 | risk_manager         | WARNING | LIQUIDATE: Drawdown -25.8% exceeds limit -25.0%
2026-05-30 20:06:25 | risk_manager         | WARNING | LIQUIDATE: Drawdown -25.8% exceeds limit -25.0%
2026-05-30 20:06:25 | risk_manager         | WARNING | LIQUIDATE: Drawdown -25.8% exceeds limit -25.0%
2026-05-30 20:06:25 | risk_manager         | WARNING | LIQUIDATE: Drawdown -25.8% exceeds limit -25.0%
2026-05-30 20:06:25 | risk_manager         | WARNING | LIQUIDATE: Drawdown -25.8% exceeds limit -25.0%
2026-05-30 20:06:25 | risk_manager         | WARNING | LIQUIDATE: Drawdown -25.8% exceeds limit -25.0%
2026-05-30 20:06:25 | risk_manager         | WARNING | LIQUIDATE: Drawdown -25.8% exceeds limit -25.0%
2026-05-30 20:06:25 | risk_manager         | WARNING | LIQUIDATE: Drawdown -25.8% exceeds limit -25.0%
2026-05-30 20:06:25 | risk_manager         | WARNING | LIQUIDATE: Drawdown -25.8% exceeds limit -25.0%
2026-05-30 20:06:25 | risk_manager         | WARNING | LIQUIDATE: Drawdown -25.8% exceeds limit -25.0%
2026-05-30 20:06:25 | risk_manager         | WARNING | LIQUIDATE: Drawdown -25.8% exceeds limit -25.0%
2026-05-30 20:06:25 | risk_manager         | WARNING | LIQUIDATE: Drawdown -25.8% exceeds limit -25.0%
2026-05-30 20:06:25 | risk_manager         | WARNING | LIQUIDATE: Drawdown -25.8% exceeds limit -25.0%
2026-05-30 20:06:25 | risk_manager         | WARNING | LIQUIDATE: Drawdown -25.8% exceeds limit -25.0%
2026-05-30 20:06:25 | risk_manager         | WARNING | LIQUIDATE: Drawdown -25.8% exceeds limit -25.0%
2026-05-30 20:06:25 | risk_manager         | WARNING | LIQUIDATE: Drawdown -25.8% exceeds limit -25.0%
2026-05-30 20:06:25 | risk_manager         | WARNING | LIQUIDATE: Drawdown -25.8% exceeds limit -25.0%
2026-05-30 20:06:25 | risk_manager         | WARNING | LIQUIDATE: Drawdown -25.8% exceeds limit -25.0%
2026-05-30 20:06:25 | risk_manager         | WARNING | LIQUIDATE: Drawdown -25.8% exceeds limit -25.0%
2026-05-30 20:06:25 | risk_manager         | WARNING | LIQUIDATE: Drawdown -25.8% exceeds limit -25.0%
2026-05-30 20:06:25 | risk_manager         | WARNING | LIQUIDATE: Drawdown -25.8% exceeds limit -25.0%
2026-05-30 20:06:25 | risk_manager         | WARNING | LIQUIDATE: Drawdown -25.8% exceeds limit -25.0%
2026-05-30 20:06:25 | risk_manager         | WARNING | LIQUIDATE: Drawdown -25.8% exceeds limit -25.0%
2026-05-30 20:06:25 | risk_manager         | WARNING | LIQUIDATE: Drawdown -25.8% exceeds limit -25.0%
2026-05-30 20:06:25 | risk_manager         | WARNING | LIQUIDATE: Drawdown -25.8% exceeds limit -25.0%
2026-05-30 20:06:25 | risk_manager         | WARNING | LIQUIDATE: Drawdown -25.8% exceeds limit -25.0%
2026-05-30 20:06:25 | risk_manager         | WARNING | LIQUIDATE: Drawdown -25.8% exceeds limit -25.0%
2026-05-30 20:06:25 | risk_manager         | WARNING | LIQUIDATE: Drawdown -25.8% exceeds limit -25.0%
2026-05-30 20:06:25 | risk_manager         | WARNING | LIQUIDATE: Drawdown -25.8% exceeds limit -25.0%
2026-05-30 20:06:25 | risk_manager         | WARNING | LIQUIDATE: Drawdown -25.8% exceeds limit -25.0%
2026-05-30 20:06:25 | risk_manager         | WARNING | LIQUIDATE: Drawdown -25.8% exceeds limit -25.0%
2026-05-30 20:06:25 | risk_manager         | WARNING | LIQUIDATE: Drawdown -25.8% exceeds limit -25.0%
2026-05-30 20:06:25 | risk_manager         | WARNING | LIQUIDATE: Drawdown -25.8% exceeds limit -25.0%
2026-05-30 20:06:25 | risk_manager         | WARNING | LIQUIDATE: Drawdown -25.8% exceeds limit -25.0%
2026-05-30 20:06:25 | risk_manager         | WARNING | LIQUIDATE: Drawdown -25.8% exceeds limit -25.0%
2026-05-30 20:06:25 | risk_manager         | WARNING | LIQUIDATE: Drawdown -25.8% exceeds limit -25.0%
2026-05-30 20:06:25 | risk_manager         | WARNING | LIQUIDATE: Drawdown -25.8% exceeds limit -25.0%
2026-05-30 20:06:25 | risk_manager         | WARNING | LIQUIDATE: Drawdown -25.8% exceeds limit -25.0%
2026-05-30 20:06:25 | risk_manager         | WARNING | LIQUIDATE: Drawdown -25.8% exceeds limit -25.0%
2026-05-30 20:06:25 | risk_manager         | WARNING | LIQUIDATE: Drawdown -25.8% exceeds limit -25.0%
2026-05-30 20:06:25 | risk_manager         | WARNING | LIQUIDATE: Drawdown -25.8% exceeds limit -25.0%
2026-05-30 20:06:25 | risk_manager         | WARNING | LIQUIDATE: Drawdown -25.8% exceeds limit -25.0%
2026-05-30 20:06:25 | risk_manager         | WARNING | LIQUIDATE: Drawdown -25.8% exceeds limit -25.0%
2026-05-30 20:06:25 | risk_manager         | WARNING | LIQUIDATE: Drawdown -25.8% exceeds limit -25.0%
2026-05-30 20:06:25 | risk_manager         | WARNING | LIQUIDATE: Drawdown -25.8% exceeds limit -25.0%
2026-05-30 20:06:25 | risk_manager         | WARNING | LIQUIDATE: Drawdown -25.8% exceeds limit -25.0%
2026-05-30 20:06:25 | risk_manager         | WARNING | LIQUIDATE: Drawdown -25.8% exceeds limit -25.0%
2026-05-30 20:06:25 | risk_manager         | WARNING | LIQUIDATE: Drawdown -25.8% exceeds limit -25.0%
2026-05-30 20:06:25 | risk_manager         | WARNING | LIQUIDATE: Drawdown -25.8% exceeds limit -25.0%
2026-05-30 20:06:25 | risk_manager         | WARNING | LIQUIDATE: Drawdown -25.8% exceeds limit -25.0%
2026-05-30 20:06:25 | risk_manager         | WARNING | LIQUIDATE: Drawdown -25.8% exceeds limit -25.0%
2026-05-30 20:06:25 | risk_manager         | WARNING | LIQUIDATE: Drawdown -25.8% exceeds limit -25.0%
2026-05-30 20:06:25 | risk_manager         | WARNING | LIQUIDATE: Drawdown -25.8% exceeds limit -25.0%
2026-05-30 20:06:25 | risk_manager         | WARNING | LIQUIDATE: Drawdown -25.8% exceeds limit -25.0%
2026-05-30 20:06:25 | risk_manager         | WARNING | LIQUIDATE: Drawdown -25.8% exceeds limit -25.0%
2026-05-30 20:06:25 | risk_manager         | WARNING | LIQUIDATE: Drawdown -25.8% exceeds limit -25.0%
2026-05-30 20:06:25 | risk_manager         | WARNING | LIQUIDATE: Drawdown -25.8% exceeds limit -25.0%
2026-05-30 20:06:25 | risk_manager         | WARNING | LIQUIDATE: Drawdown -25.8% exceeds limit -25.0%
2026-05-30 20:06:25 | risk_manager         | WARNING | LIQUIDATE: Drawdown -25.8% exceeds limit -25.0%
2026-05-30 20:06:25 | risk_manager         | WARNING | LIQUIDATE: Drawdown -25.8% exceeds limit -25.0%
2026-05-30 20:06:25 | risk_manager         | WARNING | LIQUIDATE: Drawdown -25.8% exceeds limit -25.0%
2026-05-30 20:06:25 | risk_manager         | WARNING | LIQUIDATE: Drawdown -25.8% exceeds limit -25.0%
2026-05-30 20:06:25 | risk_manager         | WARNING | LIQUIDATE: Drawdown -25.8% exceeds limit -25.0%
2026-05-30 20:06:25 | risk_manager         | WARNING | LIQUIDATE: Drawdown -25.8% exceeds limit -25.0%
2026-05-30 20:06:25 | risk_manager         | WARNING | LIQUIDATE: Drawdown -25.8% exceeds limit -25.0%
2026-05-30 20:06:25 | risk_manager         | WARNING | LIQUIDATE: Drawdown -25.8% exceeds limit -25.0%
2026-05-30 20:06:25 | risk_manager         | WARNING | LIQUIDATE: Drawdown -25.8% exceeds limit -25.0%
2026-05-30 20:06:25 | risk_manager         | WARNING | LIQUIDATE: Drawdown -25.8% exceeds limit -25.0%
2026-05-30 20:06:25 | risk_manager         | WARNING | LIQUIDATE: Drawdown -25.8% exceeds limit -25.0%
2026-05-30 20:06:25 | risk_manager         | WARNING | LIQUIDATE: Drawdown -25.8% exceeds limit -25.0%
2026-05-30 20:06:25 | risk_manager         | WARNING | LIQUIDATE: Drawdown -25.8% exceeds limit -25.0%
2026-05-30 20:06:25 | risk_manager         | WARNING | LIQUIDATE: Drawdown -25.8% exceeds limit -25.0%
2026-05-30 20:06:25 | risk_manager         | WARNING | LIQUIDATE: Drawdown -25.8% exceeds limit -25.0%
2026-05-30 20:06:25 | risk_manager         | WARNING | LIQUIDATE: Drawdown -25.8% exceeds limit -25.0%
2026-05-30 20:06:25 | risk_manager         | WARNING | LIQUIDATE: Drawdown -25.8% exceeds limit -25.0%
2026-05-30 20:06:25 | risk_manager         | WARNING | LIQUIDATE: Drawdown -25.8% exceeds limit -25.0%
2026-05-30 20:06:25 | risk_manager         | WARNING | LIQUIDATE: Drawdown -25.8% exceeds limit -25.0%
2026-05-30 20:06:25 | risk_manager         | WARNING | LIQUIDATE: Drawdown -25.8% exceeds limit -25.0%
2026-05-30 20:06:25 | risk_manager         | WARNING | LIQUIDATE: Drawdown -25.8% exceeds limit -25.0%
2026-05-30 20:06:25 | risk_manager         | WARNING | LIQUIDATE: Drawdown -25.8% exceeds limit -25.0%
2026-05-30 20:06:25 | risk_manager         | WARNING | LIQUIDATE: Drawdown -25.8% exceeds limit -25.0%
2026-05-30 20:06:25 | risk_manager         | WARNING | LIQUIDATE: Drawdown -25.8% exceeds limit -25.0%
2026-05-30 20:06:25 | risk_manager         | WARNING | LIQUIDATE: Drawdown -25.8% exceeds limit -25.0%
2026-05-30 20:06:25 | risk_manager         | WARNING | LIQUIDATE: Drawdown -25.8% exceeds limit -25.0%
2026-05-30 20:06:25 | risk_manager         | WARNING | LIQUIDATE: Drawdown -25.8% exceeds limit -25.0%
2026-05-30 20:06:25 | risk_manager         | WARNING | LIQUIDATE: Drawdown -25.8% exceeds limit -25.0%
2026-05-30 20:06:25 | risk_manager         | WARNING | LIQUIDATE: Drawdown -25.8% exceeds limit -25.0%
2026-05-30 20:06:25 | risk_manager         | WARNING | LIQUIDATE: Drawdown -25.8% exceeds limit -25.0%
2026-05-30 20:06:25 | risk_manager         | WARNING | LIQUIDATE: Drawdown -25.8% exceeds limit -25.0%
2026-05-30 20:06:25 | risk_manager         | WARNING | LIQUIDATE: Drawdown -25.8% exceeds limit -25.0%
2026-05-30 20:06:25 | risk_manager         | WARNING | LIQUIDATE: Drawdown -25.8% exceeds limit -25.0%
2026-05-30 20:06:25 | risk_manager         | WARNING | LIQUIDATE: Drawdown -25.8% exceeds limit -25.0%
2026-05-30 20:06:25 | risk_manager         | WARNING | LIQUIDATE: Drawdown -25.8% exceeds limit -25.0%
2026-05-30 20:06:25 | risk_manager         | WARNING | LIQUIDATE: Drawdown -25.8% exceeds limit -25.0%
2026-05-30 20:06:25 | risk_manager         | WARNING | LIQUIDATE: Drawdown -25.8% exceeds limit -25.0%
2026-05-30 20:06:25 | risk_manager         | WARNING | LIQUIDATE: Drawdown -25.8% exceeds limit -25.0%
2026-05-30 20:06:25 | risk_manager         | WARNING | LIQUIDATE: Drawdown -25.8% exceeds limit -25.0%
2026-05-30 20:06:25 | risk_manager         | WARNING | LIQUIDATE: Drawdown -25.8% exceeds limit -25.0%
2026-05-30 20:06:25 | risk_manager         | WARNING | LIQUIDATE: Drawdown -25.8% exceeds limit -25.0%
2026-05-30 20:06:25 | risk_manager         | WARNING | LIQUIDATE: Drawdown -25.8% exceeds limit -25.0%
2026-05-30 20:06:25 | risk_manager         | WARNING | LIQUIDATE: Drawdown -25.8% exceeds limit -25.0%
2026-05-30 20:06:25 | risk_manager         | WARNING | LIQUIDATE: Drawdown -25.8% exceeds limit -25.0%
2026-05-30 20:06:25 | risk_manager         | WARNING | LIQUIDATE: Drawdown -25.8% exceeds limit -25.0%
2026-05-30 20:06:25 | risk_manager         | WARNING | LIQUIDATE: Drawdown -25.8% exceeds limit -25.0%
2026-05-30 20:06:25 | risk_manager         | WARNING | LIQUIDATE: Drawdown -25.8% exceeds limit -25.0%
2026-05-30 20:06:25 | risk_manager         | WARNING | LIQUIDATE: Drawdown -25.8% exceeds limit -25.0%
2026-05-30 20:06:25 | risk_manager         | WARNING | LIQUIDATE: Drawdown -25.8% exceeds limit -25.0%
2026-05-30 20:06:25 | risk_manager         | WARNING | LIQUIDATE: Drawdown -25.8% exceeds limit -25.0%
2026-05-30 20:06:25 | risk_manager         | WARNING | LIQUIDATE: Drawdown -25.8% exceeds limit -25.0%
2026-05-30 20:06:25 | risk_manager         | WARNING | LIQUIDATE: Drawdown -25.8% exceeds limit -25.0%
2026-05-30 20:06:25 | risk_manager         | WARNING | LIQUIDATE: Drawdown -25.8% exceeds limit -25.0%
2026-05-30 20:06:25 | risk_manager         | WARNING | LIQUIDATE: Drawdown -25.8% exceeds limit -25.0%
2026-05-30 20:06:25 | risk_manager         | WARNING | LIQUIDATE: Drawdown -25.8% exceeds limit -25.0%
2026-05-30 20:06:25 | risk_manager         | WARNING | LIQUIDATE: Drawdown -25.8% exceeds limit -25.0%
2026-05-30 20:06:25 | risk_manager         | WARNING | LIQUIDATE: Drawdown -25.8% exceeds limit -25.0%
2026-05-30 20:06:25 | risk_manager         | WARNING | LIQUIDATE: Drawdown -25.8% exceeds limit -25.0%
2026-05-30 20:06:25 | risk_manager         | WARNING | LIQUIDATE: Drawdown -25.8% exceeds limit -25.0%
2026-05-30 20:06:25 | risk_manager         | WARNING | LIQUIDATE: Drawdown -25.8% exceeds limit -25.0%
2026-05-30 20:06:25 | risk_manager         | WARNING | LIQUIDATE: Drawdown -25.8% exceeds limit -25.0%
2026-05-30 20:06:25 | risk_manager         | WARNING | LIQUIDATE: Drawdown -25.8% exceeds limit -25.0%
2026-05-30 20:06:25 | risk_manager         | WARNING | LIQUIDATE: Drawdown -25.8% exceeds limit -25.0%
2026-05-30 20:06:25 | risk_manager         | WARNING | LIQUIDATE: Drawdown -25.8% exceeds limit -25.0%
2026-05-30 20:06:25 | risk_manager         | WARNING | LIQUIDATE: Drawdown -25.8% exceeds limit -25.0%
2026-05-30 20:06:25 | risk_manager         | WARNING | LIQUIDATE: Drawdown -25.8% exceeds limit -25.0%
2026-05-30 20:06:25 | risk_manager         | WARNING | LIQUIDATE: Drawdown -25.8% exceeds limit -25.0%
2026-05-30 20:06:25 | risk_manager         | WARNING | LIQUIDATE: Drawdown -25.8% exceeds limit -25.0%
2026-05-30 20:06:25 | risk_manager         | WARNING | LIQUIDATE: Drawdown -25.8% exceeds limit -25.0%
2026-05-30 20:06:25 | risk_manager         | WARNING | LIQUIDATE: Drawdown -25.8% exceeds limit -25.0%
2026-05-30 20:06:25 | risk_manager         | WARNING | LIQUIDATE: Drawdown -25.8% exceeds limit -25.0%
2026-05-30 20:06:25 | risk_manager         | WARNING | LIQUIDATE: Drawdown -25.8% exceeds limit -25.0%
2026-05-30 20:06:25 | risk_manager         | WARNING | LIQUIDATE: Drawdown -25.8% exceeds limit -25.0%
2026-05-30 20:06:25 | risk_manager         | WARNING | LIQUIDATE: Drawdown -25.8% exceeds limit -25.0%
2026-05-30 20:06:25 | risk_manager         | WARNING | LIQUIDATE: Drawdown -25.8% exceeds limit -25.0%
2026-05-30 20:06:25 | risk_manager         | WARNING | LIQUIDATE: Drawdown -25.8% exceeds limit -25.0%
2026-05-30 20:06:25 | risk_manager         | WARNING | LIQUIDATE: Drawdown -25.8% exceeds limit -25.0%
2026-05-30 20:06:25 | risk_manager         | WARNING | LIQUIDATE: Drawdown -25.8% exceeds limit -25.0%
2026-05-30 20:06:25 | risk_manager         | WARNING | LIQUIDATE: Drawdown -25.8% exceeds limit -25.0%
2026-05-30 20:06:25 | risk_manager         | WARNING | LIQUIDATE: Drawdown -25.8% exceeds limit -25.0%
2026-05-30 20:06:25 | risk_manager         | WARNING | LIQUIDATE: Drawdown -25.8% exceeds limit -25.0%
2026-05-30 20:06:25 | risk_manager         | WARNING | LIQUIDATE: Drawdown -25.8% exceeds limit -25.0%
2026-05-30 20:06:25 | risk_manager         | WARNING | LIQUIDATE: Drawdown -25.8% exceeds limit -25.0%
2026-05-30 20:06:25 | risk_manager         | WARNING | LIQUIDATE: Drawdown -25.8% exceeds limit -25.0%
2026-05-30 20:06:25 | risk_manager         | WARNING | LIQUIDATE: Drawdown -25.8% exceeds limit -25.0%
2026-05-30 20:06:25 | risk_manager         | WARNING | LIQUIDATE: Drawdown -25.8% exceeds limit -25.0%
2026-05-30 20:06:25 | risk_manager         | WARNING | LIQUIDATE: Drawdown -25.8% exceeds limit -25.0%
2026-05-30 20:06:25 | risk_manager         | WARNING | LIQUIDATE: Drawdown -25.8% exceeds limit -25.0%
2026-05-30 20:06:25 | risk_manager         | WARNING | LIQUIDATE: Drawdown -25.8% exceeds limit -25.0%
2026-05-30 20:06:25 | risk_manager         | WARNING | LIQUIDATE: Drawdown -25.8% exceeds limit -25.0%
2026-05-30 20:06:25 | risk_manager         | WARNING | LIQUIDATE: Drawdown -25.8% exceeds limit -25.0%
2026-05-30 20:06:25 | risk_manager         | WARNING | LIQUIDATE: Drawdown -25.8% exceeds limit -25.0%
2026-05-30 20:06:25 | risk_manager         | WARNING | LIQUIDATE: Drawdown -25.8% exceeds limit -25.0%
2026-05-30 20:06:25 | risk_manager         | WARNING | LIQUIDATE: Drawdown -25.8% exceeds limit -25.0%
2026-05-30 20:06:25 | risk_manager         | WARNING | LIQUIDATE: Drawdown -25.8% exceeds limit -25.0%
2026-05-30 20:06:25 | risk_manager         | WARNING | LIQUIDATE: Drawdown -25.8% exceeds limit -25.0%
2026-05-30 20:06:25 | risk_manager         | WARNING | LIQUIDATE: Drawdown -25.8% exceeds limit -25.0%
2026-05-30 20:06:25 | risk_manager         | WARNING | LIQUIDATE: Drawdown -25.8% exceeds limit -25.0%
2026-05-30 20:06:25 | risk_manager         | WARNING | LIQUIDATE: Drawdown -25.8% exceeds limit -25.0%
2026-05-30 20:06:25 | risk_manager         | WARNING | LIQUIDATE: Drawdown -25.8% exceeds limit -25.0%
2026-05-30 20:06:25 | risk_manager         | WARNING | LIQUIDATE: Drawdown -25.8% exceeds limit -25.0%
2026-05-30 20:06:25 | risk_manager         | WARNING | LIQUIDATE: Drawdown -25.8% exceeds limit -25.0%
2026-05-30 20:06:25 | risk_manager         | WARNING | LIQUIDATE: Drawdown -25.8% exceeds limit -25.0%
2026-05-30 20:06:25 | risk_manager         | WARNING | LIQUIDATE: Drawdown -25.8% exceeds limit -25.0%
2026-05-30 20:06:25 | risk_manager         | WARNING | LIQUIDATE: Drawdown -25.8% exceeds limit -25.0%
2026-05-30 20:06:25 | risk_manager         | WARNING | LIQUIDATE: Drawdown -25.8% exceeds limit -25.0%
2026-05-30 20:06:25 | risk_manager         | WARNING | LIQUIDATE: Drawdown -25.8% exceeds limit -25.0%
2026-05-30 20:06:25 | risk_manager         | WARNING | LIQUIDATE: Drawdown -25.8% exceeds limit -25.0%
2026-05-30 20:06:25 | risk_manager         | WARNING | LIQUIDATE: Drawdown -25.8% exceeds limit -25.0%
2026-05-30 20:06:25 | risk_manager         | WARNING | LIQUIDATE: Drawdown -25.8% exceeds limit -25.0%
2026-05-30 20:06:25 | risk_manager         | WARNING | LIQUIDATE: Drawdown -25.8% exceeds limit -25.0%
2026-05-30 20:06:25 | risk_manager         | WARNING | LIQUIDATE: Drawdown -25.8% exceeds limit -25.0%
2026-05-30 20:06:25 | risk_manager         | WARNING | LIQUIDATE: Drawdown -25.8% exceeds limit -25.0%
2026-05-30 20:06:25 | risk_manager         | WARNING | LIQUIDATE: Drawdown -25.8% exceeds limit -25.0%
2026-05-30 20:06:25 | risk_manager         | WARNING | LIQUIDATE: Drawdown -25.8% exceeds limit -25.0%
2026-05-30 20:06:25 | risk_manager         | WARNING | LIQUIDATE: Drawdown -25.8% exceeds limit -25.0%
2026-05-30 20:06:25 | risk_manager         | WARNING | LIQUIDATE: Drawdown -25.8% exceeds limit -25.0%
2026-05-30 20:06:25 | risk_manager         | WARNING | LIQUIDATE: Drawdown -25.8% exceeds limit -25.0%
2026-05-30 20:06:25 | risk_manager         | WARNING | LIQUIDATE: Drawdown -25.8% exceeds limit -25.0%
2026-05-30 20:06:25 | risk_manager         | WARNING | LIQUIDATE: Drawdown -25.8% exceeds limit -25.0%
2026-05-30 20:06:25 | risk_manager         | WARNING | LIQUIDATE: Drawdown -25.8% exceeds limit -25.0%
2026-05-30 20:06:25 | risk_manager         | WARNING | LIQUIDATE: Drawdown -25.8% exceeds limit -25.0%
2026-05-30 20:06:25 | risk_manager         | WARNING | LIQUIDATE: Drawdown -25.8% exceeds limit -25.0%
2026-05-30 20:06:25 | risk_manager         | WARNING | LIQUIDATE: Drawdown -25.8% exceeds limit -25.0%
2026-05-30 20:06:25 | risk_manager         | WARNING | LIQUIDATE: Drawdown -25.8% exceeds limit -25.0%
2026-05-30 20:06:25 | risk_manager         | WARNING | LIQUIDATE: Drawdown -25.8% exceeds limit -25.0%
2026-05-30 20:06:25 | risk_manager         | WARNING | LIQUIDATE: Drawdown -25.8% exceeds limit -25.0%
2026-05-30 20:06:25 | risk_manager         | WARNING | LIQUIDATE: Drawdown -25.8% exceeds limit -25.0%
2026-05-30 20:06:25 | risk_manager         | WARNING | LIQUIDATE: Drawdown -25.8% exceeds limit -25.0%
2026-05-30 20:06:25 | risk_manager         | WARNING | LIQUIDATE: Drawdown -25.8% exceeds limit -25.0%
2026-05-30 20:06:25 | risk_manager         | WARNING | LIQUIDATE: Drawdown -25.8% exceeds limit -25.0%
2026-05-30 20:06:25 | risk_manager         | WARNING | LIQUIDATE: Drawdown -25.8% exceeds limit -25.0%
2026-05-30 20:06:25 | risk_manager         | WARNING | LIQUIDATE: Drawdown -25.8% exceeds limit -25.0%
2026-05-30 20:06:25 | risk_manager         | WARNING | LIQUIDATE: Drawdown -25.8% exceeds limit -25.0%
2026-05-30 20:06:25 | risk_manager         | WARNING | LIQUIDATE: Drawdown -25.8% exceeds limit -25.0%
2026-05-30 20:06:25 | risk_manager         | WARNING | LIQUIDATE: Drawdown -25.8% exceeds limit -25.0%
2026-05-30 20:06:25 | risk_manager         | WARNING | LIQUIDATE: Drawdown -25.8% exceeds limit -25.0%
2026-05-30 20:06:25 | risk_manager         | WARNING | LIQUIDATE: Drawdown -25.8% exceeds limit -25.0%
2026-05-30 20:06:25 | risk_manager         | WARNING | LIQUIDATE: Drawdown -25.8% exceeds limit -25.0%
2026-05-30 20:06:25 | risk_manager         | WARNING | LIQUIDATE: Drawdown -25.8% exceeds limit -25.0%
2026-05-30 20:06:25 | risk_manager         | WARNING | LIQUIDATE: Drawdown -25.8% exceeds limit -25.0%
2026-05-30 20:06:25 | risk_manager         | WARNING | LIQUIDATE: Drawdown -25.8% exceeds limit -25.0%
2026-05-30 20:06:25 | risk_manager         | WARNING | LIQUIDATE: Drawdown -25.8% exceeds limit -25.0%
2026-05-30 20:06:25 | risk_manager         | WARNING | LIQUIDATE: Drawdown -25.8% exceeds limit -25.0%
2026-05-30 20:06:25 | risk_manager         | WARNING | LIQUIDATE: Drawdown -25.8% exceeds limit -25.0%
2026-05-30 20:06:25 | risk_manager         | WARNING | LIQUIDATE: Drawdown -25.8% exceeds limit -25.0%
2026-05-30 20:06:25 | risk_manager         | WARNING | LIQUIDATE: Drawdown -25.8% exceeds limit -25.0%
2026-05-30 20:06:25 | risk_manager         | WARNING | LIQUIDATE: Drawdown -25.8% exceeds limit -25.0%
2026-05-30 20:06:25 | risk_manager         | WARNING | LIQUIDATE: Drawdown -25.8% exceeds limit -25.0%
2026-05-30 20:06:25 | risk_manager         | WARNING | LIQUIDATE: Drawdown -25.8% exceeds limit -25.0%
2026-05-30 20:06:25 | risk_manager         | WARNING | LIQUIDATE: Drawdown -25.8% exceeds limit -25.0%
2026-05-30 20:06:25 | risk_manager         | WARNING | LIQUIDATE: Drawdown -25.8% exceeds limit -25.0%
2026-05-30 20:06:25 | risk_manager         | WARNING | LIQUIDATE: Drawdown -25.8% exceeds limit -25.0%
2026-05-30 20:06:25 | risk_manager         | WARNING | LIQUIDATE: Drawdown -25.8% exceeds limit -25.0%
2026-05-30 20:06:25 | risk_manager         | WARNING | LIQUIDATE: Drawdown -25.8% exceeds limit -25.0%
2026-05-30 20:06:25 | risk_manager         | WARNING | LIQUIDATE: Drawdown -25.8% exceeds limit -25.0%
2026-05-30 20:06:25 | risk_manager         | WARNING | LIQUIDATE: Drawdown -25.8% exceeds limit -25.0%
2026-05-30 20:06:25 | risk_manager         | WARNING | LIQUIDATE: Drawdown -25.8% exceeds limit -25.0%
2026-05-30 20:06:25 | risk_manager         | WARNING | LIQUIDATE: Drawdown -25.8% exceeds limit -25.0%
2026-05-30 20:06:25 | risk_manager         | WARNING | LIQUIDATE: Drawdown -25.8% exceeds limit -25.0%
2026-05-30 20:06:25 | risk_manager         | WARNING | LIQUIDATE: Drawdown -25.8% exceeds limit -25.0%
2026-05-30 20:06:25 | risk_manager         | WARNING | LIQUIDATE: Drawdown -25.8% exceeds limit -25.0%
2026-05-30 20:06:25 | risk_manager         | WARNING | LIQUIDATE: Drawdown -25.8% exceeds limit -25.0%
2026-05-30 20:06:25 | risk_manager         | WARNING | LIQUIDATE: Drawdown -25.8% exceeds limit -25.0%
2026-05-30 20:06:25 | risk_manager         | WARNING | LIQUIDATE: Drawdown -25.8% exceeds limit -25.0%
2026-05-30 20:06:25 | risk_manager         | WARNING | LIQUIDATE: Drawdown -25.8% exceeds limit -25.0%
2026-05-30 20:06:25 | risk_manager         | WARNING | LIQUIDATE: Drawdown -25.8% exceeds limit -25.0%
2026-05-30 20:06:25 | risk_manager         | WARNING | LIQUIDATE: Drawdown -25.8% exceeds limit -25.0%
2026-05-30 20:06:25 | risk_manager         | WARNING | LIQUIDATE: Drawdown -25.8% exceeds limit -25.0%
2026-05-30 20:06:25 | risk_manager         | WARNING | LIQUIDATE: Drawdown -25.8% exceeds limit -25.0%
2026-05-30 20:06:25 | risk_manager         | WARNING | LIQUIDATE: Drawdown -25.8% exceeds limit -25.0%
2026-05-30 20:06:25 | risk_manager         | WARNING | LIQUIDATE: Drawdown -25.8% exceeds limit -25.0%
2026-05-30 20:06:25 | risk_manager         | WARNING | LIQUIDATE: Drawdown -25.8% exceeds limit -25.0%
2026-05-30 20:06:25 | risk_manager         | WARNING | LIQUIDATE: Drawdown -25.8% exceeds limit -25.0%
2026-05-30 20:06:25 | risk_manager         | WARNING | LIQUIDATE: Drawdown -25.8% exceeds limit -25.0%
2026-05-30 20:06:25 | risk_manager         | WARNING | LIQUIDATE: Drawdown -25.8% exceeds limit -25.0%
2026-05-30 20:06:25 | risk_manager         | WARNING | LIQUIDATE: Drawdown -25.8% exceeds limit -25.0%
2026-05-30 20:06:25 | risk_manager         | WARNING | LIQUIDATE: Drawdown -25.8% exceeds limit -25.0%
2026-05-30 20:06:25 | risk_manager         | WARNING | LIQUIDATE: Drawdown -25.8% exceeds limit -25.0%
2026-05-30 20:06:25 | risk_manager         | WARNING | LIQUIDATE: Drawdown -25.8% exceeds limit -25.0%
2026-05-30 20:06:25 | risk_manager         | WARNING | LIQUIDATE: Drawdown -25.8% exceeds limit -25.0%
2026-05-30 20:06:25 | risk_manager         | WARNING | LIQUIDATE: Drawdown -25.8% exceeds limit -25.0%
2026-05-30 20:06:25 | risk_manager         | WARNING | LIQUIDATE: Drawdown -25.8% exceeds limit -25.0%
2026-05-30 20:06:25 | risk_manager         | WARNING | LIQUIDATE: Drawdown -25.8% exceeds limit -25.0%
2026-05-30 20:06:25 | risk_manager         | WARNING | LIQUIDATE: Drawdown -25.8% exceeds limit -25.0%
2026-05-30 20:06:25 | risk_manager         | WARNING | LIQUIDATE: Drawdown -25.8% exceeds limit -25.0%
2026-05-30 20:06:25 | risk_manager         | WARNING | LIQUIDATE: Drawdown -25.8% exceeds limit -25.0%
2026-05-30 20:06:25 | risk_manager         | WARNING | LIQUIDATE: Drawdown -25.8% exceeds limit -25.0%
2026-05-30 20:06:25 | risk_manager         | WARNING | LIQUIDATE: Drawdown -25.8% exceeds limit -25.0%
2026-05-30 20:06:25 | risk_manager         | WARNING | LIQUIDATE: Drawdown -25.8% exceeds limit -25.0%
2026-05-30 20:06:25 | risk_manager         | WARNING | LIQUIDATE: Drawdown -25.8% exceeds limit -25.0%
2026-05-30 20:06:25 | risk_manager         | WARNING | LIQUIDATE: Drawdown -25.8% exceeds limit -25.0%
2026-05-30 20:06:25 | risk_manager         | WARNING | LIQUIDATE: Drawdown -25.8% exceeds limit -25.0%
2026-05-30 20:06:25 | risk_manager         | WARNING | LIQUIDATE: Drawdown -25.8% exceeds limit -25.0%
2026-05-30 20:06:25 | risk_manager         | WARNING | LIQUIDATE: Drawdown -25.8% exceeds limit -25.0%
2026-05-30 20:06:25 | risk_manager         | WARNING | LIQUIDATE: Drawdown -25.8% exceeds limit -25.0%
2026-05-30 20:06:25 | risk_manager         | WARNING | LIQUIDATE: Drawdown -25.8% exceeds limit -25.0%
2026-05-30 20:06:25 | risk_manager         | WARNING | LIQUIDATE: Drawdown -25.8% exceeds limit -25.0%
2026-05-30 20:06:25 | risk_manager         | WARNING | LIQUIDATE: Drawdown -25.8% exceeds limit -25.0%
2026-05-30 20:06:25 | risk_manager         | WARNING | LIQUIDATE: Drawdown -25.8% exceeds limit -25.0%
2026-05-30 20:06:25 | risk_manager         | WARNING | LIQUIDATE: Drawdown -25.8% exceeds limit -25.0%
2026-05-30 20:06:25 | risk_manager         | WARNING | LIQUIDATE: Drawdown -25.8% exceeds limit -25.0%
2026-05-30 20:06:25 | risk_manager         | WARNING | LIQUIDATE: Drawdown -25.8% exceeds limit -25.0%
2026-05-30 20:06:25 | risk_manager         | WARNING | LIQUIDATE: Drawdown -25.8% exceeds limit -25.0%
2026-05-30 20:06:25 | risk_manager         | WARNING | LIQUIDATE: Drawdown -25.8% exceeds limit -25.0%
2026-05-30 20:06:25 | risk_manager         | WARNING | LIQUIDATE: Drawdown -25.8% exceeds limit -25.0%
2026-05-30 20:06:25 | risk_manager         | WARNING | LIQUIDATE: Drawdown -25.8% exceeds limit -25.0%
2026-05-30 20:06:25 | risk_manager         | WARNING | LIQUIDATE: Drawdown -25.8% exceeds limit -25.0%
2026-05-30 20:06:25 | risk_manager         | WARNING | LIQUIDATE: Drawdown -25.8% exceeds limit -25.0%
2026-05-30 20:06:25 | risk_manager         | WARNING | LIQUIDATE: Drawdown -25.8% exceeds limit -25.0%
2026-05-30 20:06:25 | risk_manager         | WARNING | LIQUIDATE: Drawdown -25.8% exceeds limit -25.0%
2026-05-30 20:06:25 | risk_manager         | WARNING | LIQUIDATE: Drawdown -25.8% exceeds limit -25.0%
2026-05-30 20:06:25 | risk_manager         | WARNING | LIQUIDATE: Drawdown -25.8% exceeds limit -25.0%
2026-05-30 20:06:25 | risk_manager         | WARNING | LIQUIDATE: Drawdown -25.8% exceeds limit -25.0%
2026-05-30 20:06:25 | risk_manager         | WARNING | LIQUIDATE: Drawdown -25.8% exceeds limit -25.0%
2026-05-30 20:06:25 | risk_manager         | WARNING | LIQUIDATE: Drawdown -25.8% exceeds limit -25.0%
2026-05-30 20:06:25 | risk_manager         | WARNING | LIQUIDATE: Drawdown -25.8% exceeds limit -25.0%
2026-05-30 20:06:25 | risk_manager         | WARNING | LIQUIDATE: Drawdown -25.8% exceeds limit -25.0%
2026-05-30 20:06:25 | risk_manager         | WARNING | LIQUIDATE: Drawdown -25.8% exceeds limit -25.0%
2026-05-30 20:06:25 | risk_manager         | WARNING | LIQUIDATE: Drawdown -25.8% exceeds limit -25.0%
2026-05-30 20:06:25 | risk_manager         | WARNING | LIQUIDATE: Drawdown -25.8% exceeds limit -25.0%
2026-05-30 20:06:25 | risk_manager         | WARNING | LIQUIDATE: Drawdown -25.8% exceeds limit -25.0%
2026-05-30 20:06:25 | risk_manager         | WARNING | LIQUIDATE: Drawdown -25.8% exceeds limit -25.0%
2026-05-30 20:06:25 | risk_manager         | WARNING | LIQUIDATE: Drawdown -25.8% exceeds limit -25.0%
2026-05-30 20:06:25 | risk_manager         | WARNING | LIQUIDATE: Drawdown -25.8% exceeds limit -25.0%
2026-05-30 20:06:25 | risk_manager         | WARNING | LIQUIDATE: Drawdown -25.8% exceeds limit -25.0%
2026-05-30 20:06:25 | risk_manager         | WARNING | LIQUIDATE: Drawdown -25.8% exceeds limit -25.0%
2026-05-30 20:06:25 | risk_manager         | WARNING | LIQUIDATE: Drawdown -25.8% exceeds limit -25.0%
2026-05-30 20:06:25 | risk_manager         | WARNING | LIQUIDATE: Drawdown -25.8% exceeds limit -25.0%
2026-05-30 20:06:25 | risk_manager         | WARNING | LIQUIDATE: Drawdown -25.8% exceeds limit -25.0%
2026-05-30 20:06:25 | risk_manager         | WARNING | LIQUIDATE: Drawdown -25.8% exceeds limit -25.0%
2026-05-30 20:06:25 | risk_manager         | WARNING | LIQUIDATE: Drawdown -25.8% exceeds limit -25.0%
2026-05-30 20:06:25 | risk_manager         | WARNING | LIQUIDATE: Drawdown -25.8% exceeds limit -25.0%
2026-05-30 20:06:25 | risk_manager         | WARNING | LIQUIDATE: Drawdown -25.8% exceeds limit -25.0%
2026-05-30 20:06:25 | risk_manager         | WARNING | LIQUIDATE: Drawdown -25.8% exceeds limit -25.0%
2026-05-30 20:06:25 | risk_manager         | WARNING | LIQUIDATE: Drawdown -25.8% exceeds limit -25.0%
2026-05-30 20:06:25 | risk_manager         | WARNING | LIQUIDATE: Drawdown -25.8% exceeds limit -25.0%
2026-05-30 20:06:25 | risk_manager         | WARNING | LIQUIDATE: Drawdown -25.8% exceeds limit -25.0%
2026-05-30 20:06:25 | risk_manager         | WARNING | LIQUIDATE: Drawdown -25.8% exceeds limit -25.0%
2026-05-30 20:06:25 | risk_manager         | WARNING | LIQUIDATE: Drawdown -25.8% exceeds limit -25.0%
2026-05-30 20:06:25 | risk_manager         | WARNING | LIQUIDATE: Drawdown -25.8% exceeds limit -25.0%
2026-05-30 20:06:25 | risk_manager         | WARNING | LIQUIDATE: Drawdown -25.8% exceeds limit -25.0%
2026-05-30 20:06:25 | risk_manager         | WARNING | LIQUIDATE: Drawdown -25.8% exceeds limit -25.0%
2026-05-30 20:06:25 | risk_manager         | WARNING | LIQUIDATE: Drawdown -25.8% exceeds limit -25.0%
2026-05-30 20:06:25 | risk_manager         | WARNING | LIQUIDATE: Drawdown -25.8% exceeds limit -25.0%
2026-05-30 20:06:25 | risk_manager         | WARNING | LIQUIDATE: Drawdown -25.8% exceeds limit -25.0%
2026-05-30 20:06:25 | risk_manager         | WARNING | LIQUIDATE: Drawdown -25.8% exceeds limit -25.0%
2026-05-30 20:06:25 | risk_manager         | WARNING | LIQUIDATE: Drawdown -25.8% exceeds limit -25.0%
2026-05-30 20:06:25 | risk_manager         | WARNING | LIQUIDATE: Drawdown -25.8% exceeds limit -25.0%
2026-05-30 20:06:25 | risk_manager         | WARNING | LIQUIDATE: Drawdown -25.8% exceeds limit -25.0%
2026-05-30 20:06:25 | risk_manager         | WARNING | LIQUIDATE: Drawdown -25.8% exceeds limit -25.0%
2026-05-30 20:06:25 | risk_manager         | WARNING | LIQUIDATE: Drawdown -25.8% exceeds limit -25.0%
2026-05-30 20:06:25 | risk_manager         | WARNING | LIQUIDATE: Drawdown -25.8% exceeds limit -25.0%
2026-05-30 20:06:25 | risk_manager         | WARNING | LIQUIDATE: Drawdown -25.8% exceeds limit -25.0%
2026-05-30 20:06:25 | risk_manager         | WARNING | LIQUIDATE: Drawdown -25.8% exceeds limit -25.0%
2026-05-30 20:06:25 | risk_manager         | WARNING | LIQUIDATE: Drawdown -25.8% exceeds limit -25.0%
2026-05-30 20:06:25 | risk_manager         | WARNING | LIQUIDATE: Drawdown -25.8% exceeds limit -25.0%
2026-05-30 20:06:25 | risk_manager         | WARNING | LIQUIDATE: Drawdown -25.8% exceeds limit -25.0%
2026-05-30 20:06:25 | risk_manager         | WARNING | LIQUIDATE: Drawdown -25.8% exceeds limit -25.0%
2026-05-30 20:06:25 | risk_manager         | WARNING | LIQUIDATE: Drawdown -25.8% exceeds limit -25.0%
2026-05-30 20:06:25 | risk_manager         | WARNING | LIQUIDATE: Drawdown -25.8% exceeds limit -25.0%
2026-05-30 20:06:25 | risk_manager         | WARNING | LIQUIDATE: Drawdown -25.8% exceeds limit -25.0%
2026-05-30 20:06:25 | risk_manager         | WARNING | LIQUIDATE: Drawdown -25.8% exceeds limit -25.0%
2026-05-30 20:06:25 | risk_manager         | WARNING | LIQUIDATE: Drawdown -25.8% exceeds limit -25.0%
2026-05-30 20:06:25 | risk_manager         | WARNING | LIQUIDATE: Drawdown -25.8% exceeds limit -25.0%
2026-05-30 20:06:25 | risk_manager         | WARNING | LIQUIDATE: Drawdown -25.8% exceeds limit -25.0%
2026-05-30 20:06:25 | risk_manager         | WARNING | LIQUIDATE: Drawdown -25.8% exceeds limit -25.0%
2026-05-30 20:06:25 | risk_manager         | WARNING | LIQUIDATE: Drawdown -25.8% exceeds limit -25.0%
2026-05-30 20:06:25 | risk_manager         | WARNING | LIQUIDATE: Drawdown -25.8% exceeds limit -25.0%
2026-05-30 20:06:25 | risk_manager         | WARNING | LIQUIDATE: Drawdown -25.8% exceeds limit -25.0%
2026-05-30 20:06:25 | risk_manager         | WARNING | LIQUIDATE: Drawdown -25.8% exceeds limit -25.0%
2026-05-30 20:06:25 | risk_manager         | WARNING | LIQUIDATE: Drawdown -25.8% exceeds limit -25.0%
2026-05-30 20:06:25 | risk_manager         | WARNING | LIQUIDATE: Drawdown -25.8% exceeds limit -25.0%
2026-05-30 20:06:25 | risk_manager         | WARNING | LIQUIDATE: Drawdown -25.8% exceeds limit -25.0%
2026-05-30 20:06:25 | risk_manager         | WARNING | LIQUIDATE: Drawdown -25.8% exceeds limit -25.0%
2026-05-30 20:06:25 | risk_manager         | WARNING | LIQUIDATE: Drawdown -25.8% exceeds limit -25.0%
2026-05-30 20:06:25 | risk_manager         | WARNING | LIQUIDATE: Drawdown -25.8% exceeds limit -25.0%
2026-05-30 20:06:25 | risk_manager         | WARNING | LIQUIDATE: Drawdown -25.8% exceeds limit -25.0%
2026-05-30 20:06:25 | risk_manager         | WARNING | LIQUIDATE: Drawdown -25.8% exceeds limit -25.0%
2026-05-30 20:06:25 | risk_manager         | WARNING | LIQUIDATE: Drawdown -25.8% exceeds limit -25.0%
2026-05-30 20:06:25 | risk_manager         | WARNING | LIQUIDATE: Drawdown -25.8% exceeds limit -25.0%
2026-05-30 20:06:25 | risk_manager         | WARNING | LIQUIDATE: Drawdown -25.8% exceeds limit -25.0%
2026-05-30 20:06:25 | risk_manager         | WARNING | LIQUIDATE: Drawdown -25.8% exceeds limit -25.0%
2026-05-30 20:06:25 | risk_manager         | WARNING | LIQUIDATE: Drawdown -25.8% exceeds limit -25.0%
2026-05-30 20:06:25 | risk_manager         | WARNING | LIQUIDATE: Drawdown -25.8% exceeds limit -25.0%
2026-05-30 20:06:25 | risk_manager         | WARNING | LIQUIDATE: Drawdown -25.8% exceeds limit -25.0%
2026-05-30 20:06:25 | risk_manager         | WARNING | LIQUIDATE: Drawdown -25.8% exceeds limit -25.0%
2026-05-30 20:06:25 | risk_manager         | WARNING | LIQUIDATE: Drawdown -25.8% exceeds limit -25.0%
2026-05-30 20:06:25 | risk_manager         | WARNING | LIQUIDATE: Drawdown -25.8% exceeds limit -25.0%
2026-05-30 20:06:25 | risk_manager         | WARNING | LIQUIDATE: Drawdown -25.8% exceeds limit -25.0%
2026-05-30 20:06:25 | risk_manager         | WARNING | LIQUIDATE: Drawdown -25.8% exceeds limit -25.0%
2026-05-30 20:06:25 | risk_manager         | WARNING | LIQUIDATE: Drawdown -25.8% exceeds limit -25.0%
2026-05-30 20:06:25 | risk_manager         | WARNING | LIQUIDATE: Drawdown -25.8% exceeds limit -25.0%
2026-05-30 20:06:25 | risk_manager         | WARNING | LIQUIDATE: Drawdown -25.8% exceeds limit -25.0%
2026-05-30 20:06:25 | risk_manager         | WARNING | LIQUIDATE: Drawdown -25.8% exceeds limit -25.0%
2026-05-30 20:06:25 | risk_manager         | WARNING | LIQUIDATE: Drawdown -25.8% exceeds limit -25.0%
2026-05-30 20:06:25 | risk_manager         | WARNING | LIQUIDATE: Drawdown -25.8% exceeds limit -25.0%
2026-05-30 20:06:25 | risk_manager         | WARNING | LIQUIDATE: Drawdown -25.8% exceeds limit -25.0%
2026-05-30 20:06:25 | risk_manager         | WARNING | LIQUIDATE: Drawdown -25.8% exceeds limit -25.0%
2026-05-30 20:06:25 | risk_manager         | WARNING | LIQUIDATE: Drawdown -25.8% exceeds limit -25.0%
2026-05-30 20:06:25 | risk_manager         | WARNING | LIQUIDATE: Drawdown -25.8% exceeds limit -25.0%
2026-05-30 20:06:25 | risk_manager         | WARNING | LIQUIDATE: Drawdown -25.8% exceeds limit -25.0%
2026-05-30 20:06:25 | risk_manager         | WARNING | LIQUIDATE: Drawdown -25.8% exceeds limit -25.0%
2026-05-30 20:06:25 | risk_manager         | WARNING | LIQUIDATE: Drawdown -25.8% exceeds limit -25.0%
2026-05-30 20:06:25 | risk_manager         | WARNING | LIQUIDATE: Drawdown -25.8% exceeds limit -25.0%
2026-05-30 20:06:25 | risk_manager         | WARNING | LIQUIDATE: Drawdown -25.8% exceeds limit -25.0%
2026-05-30 20:06:25 | risk_manager         | WARNING | LIQUIDATE: Drawdown -25.8% exceeds limit -25.0%
2026-05-30 20:06:25 | risk_manager         | WARNING | LIQUIDATE: Drawdown -25.8% exceeds limit -25.0%
2026-05-30 20:06:25 | risk_manager         | WARNING | LIQUIDATE: Drawdown -25.8% exceeds limit -25.0%
2026-05-30 20:06:25 | risk_manager         | WARNING | LIQUIDATE: Drawdown -25.8% exceeds limit -25.0%
2026-05-30 20:06:25 | risk_manager         | WARNING | LIQUIDATE: Drawdown -25.8% exceeds limit -25.0%
2026-05-30 20:06:25 | risk_manager         | WARNING | LIQUIDATE: Drawdown -25.8% exceeds limit -25.0%
2026-05-30 20:06:25 | risk_manager         | WARNING | LIQUIDATE: Drawdown -25.8% exceeds limit -25.0%
2026-05-30 20:06:25 | risk_manager         | WARNING | LIQUIDATE: Drawdown -25.8% exceeds limit -25.0%
2026-05-30 20:06:25 | risk_manager         | WARNING | LIQUIDATE: Drawdown -25.8% exceeds limit -25.0%
2026-05-30 20:06:25 | risk_manager         | WARNING | LIQUIDATE: Drawdown -25.8% exceeds limit -25.0%
2026-05-30 20:06:25 | risk_manager         | WARNING | LIQUIDATE: Drawdown -25.8% exceeds limit -25.0%
2026-05-30 20:06:25 | risk_manager         | WARNING | LIQUIDATE: Drawdown -25.8% exceeds limit -25.0%
2026-05-30 20:06:25 | risk_manager         | WARNING | LIQUIDATE: Drawdown -25.8% exceeds limit -25.0%
2026-05-30 20:06:25 | risk_manager         | WARNING | LIQUIDATE: Drawdown -25.8% exceeds limit -25.0%
2026-05-30 20:06:25 | risk_manager         | WARNING | LIQUIDATE: Drawdown -25.8% exceeds limit -25.0%
2026-05-30 20:06:25 | risk_manager         | WARNING | LIQUIDATE: Drawdown -25.8% exceeds limit -25.0%
2026-05-30 20:06:25 | risk_manager         | WARNING | LIQUIDATE: Drawdown -25.8% exceeds limit -25.0%
2026-05-30 20:06:25 | risk_manager         | WARNING | LIQUIDATE: Drawdown -25.8% exceeds limit -25.0%
2026-05-30 20:06:25 | risk_manager         | WARNING | LIQUIDATE: Drawdown -25.8% exceeds limit -25.0%
2026-05-30 20:06:25 | risk_manager         | WARNING | LIQUIDATE: Drawdown -25.8% exceeds limit -25.0%
2026-05-30 20:06:25 | risk_manager         | WARNING | LIQUIDATE: Drawdown -25.8% exceeds limit -25.0%
2026-05-30 20:06:25 | risk_manager         | WARNING | LIQUIDATE: Drawdown -25.8% exceeds limit -25.0%
2026-05-30 20:06:25 | risk_manager         | WARNING | LIQUIDATE: Drawdown -25.8% exceeds limit -25.0%
2026-05-30 20:06:25 | risk_manager         | WARNING | LIQUIDATE: Drawdown -25.8% exceeds limit -25.0%
2026-05-30 20:06:25 | risk_manager         | WARNING | LIQUIDATE: Drawdown -25.8% exceeds limit -25.0%
2026-05-30 20:06:25 | risk_manager         | WARNING | LIQUIDATE: Drawdown -25.8% exceeds limit -25.0%
2026-05-30 20:06:25 | risk_manager         | WARNING | LIQUIDATE: Drawdown -25.8% exceeds limit -25.0%
2026-05-30 20:06:25 | risk_manager         | WARNING | LIQUIDATE: Drawdown -25.8% exceeds limit -25.0%
2026-05-30 20:07:56 | risk_manager         | INFO    | TRAILING STOP: TCS @ 390.69 (stop=394.21)
2026-05-30 20:07:58 | risk_manager         | INFO    | TRAILING STOP: ADANIPORTS @ 128.21 (stop=130.35)
2026-05-30 20:08:00 | risk_manager         | INFO    | TRAILING STOP: CIPLA @ 295.36 (stop=303.03)
2026-05-30 20:08:09 | risk_manager         | INFO    | TRAILING STOP: SHREECEM @ 2850.21 (stop=2871.87)
2026-05-30 20:08:13 | risk_manager         | INFO    | TIME STOP: BRITANNIA after 61 days (max=60)
2026-05-30 20:08:14 | risk_manager         | INFO    | TRAILING STOP: POWERGRID @ 34.15 (stop=34.29)
2026-05-30 20:08:15 | risk_manager         | INFO    | TRAILING STOP: MARUTI @ 1064.23 (stop=1084.01)
2026-05-30 20:08:18 | risk_manager         | INFO    | TRAILING STOP: SHREECEM @ 2341.52 (stop=2351.72)
2026-05-30 20:08:21 | risk_manager         | INFO    | TRAILING STOP: DRREDDY @ 282.99 (stop=283.11)
2026-05-30 20:08:24 | risk_manager         | INFO    | TRAILING STOP: APOLLOHOSP @ 582.04 (stop=582.97)
2026-05-30 20:08:30 | risk_manager         | INFO    | TRAILING STOP: SBIN @ 164.26 (stop=170.36)
2026-05-30 20:08:33 | risk_manager         | INFO    | TRAILING STOP: BPCL @ 27.53 (stop=27.61)
2026-05-30 20:08:44 | risk_manager         | INFO    | TRAILING STOP: ITC @ 104.72 (stop=106.54)
2026-05-30 20:08:47 | risk_manager         | INFO    | TRAILING STOP: TECHM @ 166.64 (stop=168.55)
2026-05-30 20:08:59 | risk_manager         | INFO    | TRAILING STOP: ULTRACEMCO @ 1816.87 (stop=1819.89)
2026-05-30 20:09:01 | risk_manager         | INFO    | TRAILING STOP: SHREECEM @ 3878.75 (stop=3901.16)
2026-05-30 20:09:01 | risk_manager         | INFO    | TRAILING STOP: TATACONSUM @ 138.99 (stop=139.63)
2026-05-30 20:09:05 | risk_manager         | INFO    | TRAILING STOP: HCLTECH @ 107.86 (stop=109.69)
2026-05-30 20:09:20 | risk_manager         | INFO    | TIME STOP: SHREECEM after 60 days (max=60)
2026-05-30 20:09:20 | risk_manager         | INFO    | TRAILING STOP: HCLTECH @ 119.15 (stop=120.82)
2026-05-30 20:09:27 | risk_manager         | INFO    | TRAILING STOP: BAJAJFINSV @ 74.91 (stop=77.03)
2026-05-30 20:09:32 | risk_manager         | INFO    | TRAILING STOP: INDUSINDBK @ 383.04 (stop=384.51)
2026-05-30 20:09:43 | risk_manager         | INFO    | TRAILING STOP: TECHM @ 180.61 (stop=180.89)
2026-05-30 20:09:43 | risk_manager         | INFO    | TRAILING STOP: TCS @ 553.07 (stop=554.35)
2026-05-30 20:09:43 | risk_manager         | INFO    | TRAILING STOP: HCLTECH @ 131.33 (stop=132.70)
2026-05-30 20:09:56 | risk_manager         | INFO    | TRAILING STOP: SUNPHARMA @ 425.45 (stop=427.27)
2026-05-30 20:09:56 | risk_manager         | INFO    | TRAILING STOP: ASIANPAINT @ 415.54 (stop=416.31)
2026-05-30 20:09:59 | risk_manager         | WARNING | HALT: Daily loss -3.8% exceeds limit. Halting until 2013-05-18
2026-05-30 20:09:59 | risk_manager         | INFO    | TRAILING STOP: APOLLOHOSP @ 948.29 (stop=958.61)
2026-05-30 20:09:59 | risk_manager         | INFO    | TRAILING STOP: ITC @ 136.74 (stop=137.94)
2026-05-30 20:10:09 | risk_manager         | INFO    | TRAILING STOP: HDFCBANK @ 144.04 (stop=148.16)
2026-05-30 20:10:09 | risk_manager         | INFO    | TRAILING STOP: INDUSINDBK @ 420.28 (stop=434.71)
2026-05-30 20:10:12 | risk_manager         | INFO    | TRAILING STOP: ITC @ 131.91 (stop=133.66)
2026-05-30 20:10:20 | risk_manager         | INFO    | TRAILING STOP: BAJFINANCE @ 13.16 (stop=13.18)
2026-05-30 20:10:26 | risk_manager         | INFO    | TRAILING STOP: EICHERMOT @ 320.87 (stop=326.43)
2026-05-30 20:10:34 | risk_manager         | INFO    | TRAILING STOP: ITC @ 126.23 (stop=128.24)
2026-05-30 20:10:40 | risk_manager         | INFO    | TRAILING STOP: ADANIENT @ 18.95 (stop=19.67)
2026-05-30 20:10:40 | risk_manager         | WARNING | REDUCE: Drawdown -15.2% exceeds soft limit -15.0%
2026-05-30 20:10:40 | risk_manager         | WARNING | REDUCE: Drawdown -15.0% exceeds soft limit -15.0%
2026-05-30 20:10:40 | risk_manager         | WARNING | REDUCE: Drawdown -15.0% exceeds soft limit -15.0%
2026-05-30 20:11:17 | risk_manager         | INFO    | TRAILING STOP: NESTLEIND @ 222.84 (stop=223.05)
2026-05-30 20:11:20 | risk_manager         | INFO    | TRAILING STOP: EICHERMOT @ 437.05 (stop=445.24)
2026-05-30 20:11:27 | risk_manager         | WARNING | REDUCE: Drawdown -15.1% exceeds soft limit -15.0%
2026-05-30 20:11:36 | risk_manager         | INFO    | TRAILING STOP: TATASTEEL @ 26.93 (stop=27.32)
2026-05-30 20:11:40 | risk_manager         | INFO    | TRAILING STOP: TECHM @ 313.64 (stop=316.25)
2026-05-30 20:11:46 | risk_manager         | INFO    | TRAILING STOP: UPL @ 114.78 (stop=119.70)
2026-05-30 20:11:46 | risk_manager         | WARNING | REDUCE: Drawdown -15.6% exceeds soft limit -15.0%
2026-05-30 20:11:46 | risk_manager         | WARNING | REDUCE: Drawdown -15.4% exceeds soft limit -15.0%
2026-05-30 20:11:46 | risk_manager         | INFO    | TRAILING STOP: JSWSTEEL @ 78.77 (stop=79.91)
2026-05-30 20:11:46 | risk_manager         | WARNING | REDUCE: Drawdown -15.7% exceeds soft limit -15.0%
2026-05-30 20:11:46 | risk_manager         | INFO    | TRAILING STOP: HEROMOTOCO @ 1343.89 (stop=1347.09)
2026-05-30 20:11:46 | risk_manager         | WARNING | REDUCE: Drawdown -15.5% exceeds soft limit -15.0%
2026-05-30 20:11:50 | risk_manager         | WARNING | REDUCE: Drawdown -16.3% exceeds soft limit -15.0%
2026-05-30 20:11:50 | risk_manager         | INFO    | TRAILING STOP: JSWSTEEL @ 74.12 (stop=74.15)
2026-05-30 20:11:50 | risk_manager         | WARNING | REDUCE: Drawdown -16.7% exceeds soft limit -15.0%
2026-05-30 20:11:50 | risk_manager         | WARNING | REDUCE: Drawdown -16.8% exceeds soft limit -15.0%
2026-05-30 20:11:50 | risk_manager         | WARNING | REDUCE: Drawdown -16.7% exceeds soft limit -15.0%
2026-05-30 20:11:50 | risk_manager         | WARNING | REDUCE: Drawdown -16.7% exceeds soft limit -15.0%
2026-05-30 20:11:53 | risk_manager         | WARNING | REDUCE: Drawdown -16.5% exceeds soft limit -15.0%
2026-05-30 20:11:53 | risk_manager         | WARNING | REDUCE: Drawdown -16.2% exceeds soft limit -15.0%
2026-05-30 20:11:53 | risk_manager         | WARNING | REDUCE: Drawdown -16.2% exceeds soft limit -15.0%
2026-05-30 20:11:53 | risk_manager         | INFO    | TRAILING STOP: DRREDDY @ 473.42 (stop=474.56)
2026-05-30 20:11:53 | risk_manager         | WARNING | REDUCE: Drawdown -16.6% exceeds soft limit -15.0%
2026-05-30 20:11:53 | risk_manager         | WARNING | REDUCE: Drawdown -16.6% exceeds soft limit -15.0%
2026-05-30 20:11:57 | risk_manager         | WARNING | REDUCE: Drawdown -16.5% exceeds soft limit -15.0%
2026-05-30 20:11:57 | risk_manager         | WARNING | REDUCE: Drawdown -16.4% exceeds soft limit -15.0%
2026-05-30 20:11:57 | risk_manager         | WARNING | REDUCE: Drawdown -16.2% exceeds soft limit -15.0%
2026-05-30 20:11:57 | risk_manager         | WARNING | REDUCE: Drawdown -16.3% exceeds soft limit -15.0%
2026-05-30 20:11:57 | risk_manager         | WARNING | REDUCE: Drawdown -15.9% exceeds soft limit -15.0%
2026-05-30 20:12:00 | risk_manager         | WARNING | REDUCE: Drawdown -16.0% exceeds soft limit -15.0%
2026-05-30 20:12:00 | risk_manager         | WARNING | REDUCE: Drawdown -15.5% exceeds soft limit -15.0%
2026-05-30 20:12:00 | risk_manager         | WARNING | REDUCE: Drawdown -15.0% exceeds soft limit -15.0%
2026-05-30 20:12:03 | risk_manager         | WARNING | REDUCE: Drawdown -16.2% exceeds soft limit -15.0%
2026-05-30 20:12:03 | risk_manager         | INFO    | TRAILING STOP: HCLTECH @ 264.24 (stop=267.35)
2026-05-30 20:12:03 | risk_manager         | WARNING | REDUCE: Drawdown -16.1% exceeds soft limit -15.0%
2026-05-30 20:12:03 | risk_manager         | WARNING | REDUCE: Drawdown -15.6% exceeds soft limit -15.0%
2026-05-30 20:12:03 | risk_manager         | WARNING | REDUCE: Drawdown -15.5% exceeds soft limit -15.0%
2026-05-30 20:12:03 | risk_manager         | INFO    | TRAILING STOP: DRREDDY @ 503.48 (stop=508.81)
2026-05-30 20:12:03 | risk_manager         | WARNING | REDUCE: Drawdown -17.4% exceeds soft limit -15.0%
2026-05-30 20:12:07 | risk_manager         | WARNING | REDUCE: Drawdown -17.9% exceeds soft limit -15.0%
2026-05-30 20:12:07 | risk_manager         | INFO    | TRAILING STOP: TECHM @ 314.78 (stop=316.33)
2026-05-30 20:12:07 | risk_manager         | WARNING | REDUCE: Drawdown -17.9% exceeds soft limit -15.0%
2026-05-30 20:12:07 | risk_manager         | WARNING | REDUCE: Drawdown -17.8% exceeds soft limit -15.0%
2026-05-30 20:12:07 | risk_manager         | WARNING | REDUCE: Drawdown -18.0% exceeds soft limit -15.0%
2026-05-30 20:12:07 | risk_manager         | WARNING | REDUCE: Drawdown -18.1% exceeds soft limit -15.0%
2026-05-30 20:12:10 | risk_manager         | WARNING | REDUCE: Drawdown -18.1% exceeds soft limit -15.0%
2026-05-30 20:12:10 | risk_manager         | WARNING | REDUCE: Drawdown -17.9% exceeds soft limit -15.0%
2026-05-30 20:12:10 | risk_manager         | WARNING | REDUCE: Drawdown -18.1% exceeds soft limit -15.0%
2026-05-30 20:12:10 | risk_manager         | WARNING | REDUCE: Drawdown -18.1% exceeds soft limit -15.0%
2026-05-30 20:12:14 | risk_manager         | WARNING | REDUCE: Drawdown -18.1% exceeds soft limit -15.0%
2026-05-30 20:12:14 | risk_manager         | WARNING | REDUCE: Drawdown -17.7% exceeds soft limit -15.0%
2026-05-30 20:12:14 | risk_manager         | WARNING | REDUCE: Drawdown -18.3% exceeds soft limit -15.0%
2026-05-30 20:12:14 | risk_manager         | WARNING | REDUCE: Drawdown -18.4% exceeds soft limit -15.0%
2026-05-30 20:12:14 | risk_manager         | WARNING | REDUCE: Drawdown -18.3% exceeds soft limit -15.0%
2026-05-30 20:12:17 | risk_manager         | WARNING | REDUCE: Drawdown -18.8% exceeds soft limit -15.0%
2026-05-30 20:12:17 | risk_manager         | WARNING | REDUCE: Drawdown -18.5% exceeds soft limit -15.0%
2026-05-30 20:12:17 | risk_manager         | WARNING | REDUCE: Drawdown -18.5% exceeds soft limit -15.0%
2026-05-30 20:12:17 | risk_manager         | WARNING | REDUCE: Drawdown -18.3% exceeds soft limit -15.0%
2026-05-30 20:12:17 | risk_manager         | WARNING | REDUCE: Drawdown -18.4% exceeds soft limit -15.0%
2026-05-30 20:12:21 | risk_manager         | WARNING | REDUCE: Drawdown -18.6% exceeds soft limit -15.0%
2026-05-30 20:12:21 | risk_manager         | WARNING | REDUCE: Drawdown -18.1% exceeds soft limit -15.0%
2026-05-30 20:12:21 | risk_manager         | WARNING | REDUCE: Drawdown -16.4% exceeds soft limit -15.0%
2026-05-30 20:12:21 | risk_manager         | WARNING | REDUCE: Drawdown -17.5% exceeds soft limit -15.0%
2026-05-30 20:12:25 | risk_manager         | INFO    | TIME STOP: EICHERMOT after 60 days (max=60)
2026-05-30 20:12:25 | risk_manager         | WARNING | REDUCE: Drawdown -17.7% exceeds soft limit -15.0%
2026-05-30 20:12:25 | risk_manager         | WARNING | REDUCE: Drawdown -18.3% exceeds soft limit -15.0%
2026-05-30 20:12:25 | risk_manager         | WARNING | REDUCE: Drawdown -18.2% exceeds soft limit -15.0%
2026-05-30 20:12:28 | risk_manager         | WARNING | REDUCE: Drawdown -17.7% exceeds soft limit -15.0%
2026-05-30 20:12:28 | risk_manager         | WARNING | REDUCE: Drawdown -17.4% exceeds soft limit -15.0%
2026-05-30 20:12:28 | risk_manager         | WARNING | REDUCE: Drawdown -16.6% exceeds soft limit -15.0%
2026-05-30 20:12:28 | risk_manager         | WARNING | REDUCE: Drawdown -16.6% exceeds soft limit -15.0%
2026-05-30 20:12:28 | risk_manager         | WARNING | REDUCE: Drawdown -17.5% exceeds soft limit -15.0%
2026-05-30 20:12:32 | risk_manager         | WARNING | REDUCE: Drawdown -16.4% exceeds soft limit -15.0%
2026-05-30 20:12:32 | risk_manager         | WARNING | REDUCE: Drawdown -16.5% exceeds soft limit -15.0%
2026-05-30 20:12:32 | risk_manager         | INFO    | TRAILING STOP: LT @ 716.46 (stop=717.56)
2026-05-30 20:12:32 | risk_manager         | WARNING | REDUCE: Drawdown -16.5% exceeds soft limit -15.0%
2026-05-30 20:12:32 | risk_manager         | WARNING | REDUCE: Drawdown -16.1% exceeds soft limit -15.0%
2026-05-30 20:12:36 | risk_manager         | WARNING | REDUCE: Drawdown -16.2% exceeds soft limit -15.0%
2026-05-30 20:12:36 | risk_manager         | WARNING | REDUCE: Drawdown -16.4% exceeds soft limit -15.0%
2026-05-30 20:12:36 | risk_manager         | INFO    | TRAILING STOP: TECHM @ 306.78 (stop=307.70)
2026-05-30 20:12:36 | risk_manager         | WARNING | REDUCE: Drawdown -16.6% exceeds soft limit -15.0%
2026-05-30 20:12:36 | risk_manager         | WARNING | REDUCE: Drawdown -16.8% exceeds soft limit -15.0%
2026-05-30 20:12:36 | risk_manager         | WARNING | REDUCE: Drawdown -16.3% exceeds soft limit -15.0%
2026-05-30 20:12:40 | risk_manager         | WARNING | REDUCE: Drawdown -15.9% exceeds soft limit -15.0%
2026-05-30 20:12:40 | risk_manager         | WARNING | REDUCE: Drawdown -15.5% exceeds soft limit -15.0%
2026-05-30 20:12:40 | risk_manager         | WARNING | REDUCE: Drawdown -15.7% exceeds soft limit -15.0%
2026-05-30 20:12:40 | risk_manager         | WARNING | REDUCE: Drawdown -16.1% exceeds soft limit -15.0%
2026-05-30 20:12:40 | risk_manager         | WARNING | REDUCE: Drawdown -15.2% exceeds soft limit -15.0%
2026-05-30 20:12:43 | risk_manager         | WARNING | REDUCE: Drawdown -15.2% exceeds soft limit -15.0%
2026-05-30 20:12:43 | risk_manager         | WARNING | REDUCE: Drawdown -15.1% exceeds soft limit -15.0%
2026-05-30 20:12:47 | risk_manager         | WARNING | REDUCE: Drawdown -15.3% exceeds soft limit -15.0%
2026-05-30 20:12:47 | risk_manager         | WARNING | REDUCE: Drawdown -15.5% exceeds soft limit -15.0%
2026-05-30 20:12:47 | risk_manager         | WARNING | REDUCE: Drawdown -16.0% exceeds soft limit -15.0%
2026-05-30 20:12:47 | risk_manager         | WARNING | REDUCE: Drawdown -16.6% exceeds soft limit -15.0%
2026-05-30 20:12:47 | risk_manager         | INFO    | TRAILING STOP: EICHERMOT @ 616.86 (stop=627.10)
2026-05-30 20:12:47 | risk_manager         | WARNING | REDUCE: Drawdown -17.0% exceeds soft limit -15.0%
2026-05-30 20:12:51 | risk_manager         | WARNING | REDUCE: Drawdown -17.1% exceeds soft limit -15.0%
2026-05-30 20:12:51 | risk_manager         | WARNING | REDUCE: Drawdown -15.8% exceeds soft limit -15.0%
2026-05-30 20:12:51 | risk_manager         | WARNING | REDUCE: Drawdown -16.0% exceeds soft limit -15.0%
2026-05-30 20:12:51 | risk_manager         | WARNING | REDUCE: Drawdown -15.3% exceeds soft limit -15.0%
2026-05-30 20:12:51 | risk_manager         | WARNING | REDUCE: Drawdown -15.2% exceeds soft limit -15.0%
2026-05-30 20:12:55 | risk_manager         | WARNING | REDUCE: Drawdown -15.3% exceeds soft limit -15.0%
2026-05-30 20:12:55 | risk_manager         | WARNING | REDUCE: Drawdown -15.9% exceeds soft limit -15.0%
2026-05-30 20:12:55 | risk_manager         | WARNING | REDUCE: Drawdown -15.8% exceeds soft limit -15.0%
2026-05-30 20:12:55 | risk_manager         | INFO    | TRAILING STOP: TATASTEEL @ 36.80 (stop=37.09)
2026-05-30 20:12:55 | risk_manager         | WARNING | REDUCE: Drawdown -16.9% exceeds soft limit -15.0%
2026-05-30 20:12:58 | risk_manager         | WARNING | REDUCE: Drawdown -17.5% exceeds soft limit -15.0%
2026-05-30 20:12:58 | risk_manager         | WARNING | REDUCE: Drawdown -17.2% exceeds soft limit -15.0%
2026-05-30 20:12:58 | risk_manager         | WARNING | REDUCE: Drawdown -17.8% exceeds soft limit -15.0%
2026-05-30 20:12:58 | risk_manager         | WARNING | REDUCE: Drawdown -17.6% exceeds soft limit -15.0%
2026-05-30 20:12:58 | risk_manager         | INFO    | TRAILING STOP: JSWSTEEL @ 107.26 (stop=108.03)
2026-05-30 20:12:58 | risk_manager         | WARNING | REDUCE: Drawdown -18.0% exceeds soft limit -15.0%
2026-05-30 20:13:02 | risk_manager         | WARNING | REDUCE: Drawdown -18.7% exceeds soft limit -15.0%
2026-05-30 20:13:02 | risk_manager         | WARNING | REDUCE: Drawdown -17.8% exceeds soft limit -15.0%
2026-05-30 20:13:02 | risk_manager         | WARNING | REDUCE: Drawdown -17.9% exceeds soft limit -15.0%
2026-05-30 20:13:02 | risk_manager         | WARNING | REDUCE: Drawdown -17.4% exceeds soft limit -15.0%
2026-05-30 20:13:02 | risk_manager         | WARNING | REDUCE: Drawdown -16.3% exceeds soft limit -15.0%
2026-05-30 20:13:06 | risk_manager         | WARNING | REDUCE: Drawdown -15.8% exceeds soft limit -15.0%
2026-05-30 20:13:06 | risk_manager         | WARNING | REDUCE: Drawdown -16.1% exceeds soft limit -15.0%
2026-05-30 20:13:06 | risk_manager         | WARNING | REDUCE: Drawdown -16.1% exceeds soft limit -15.0%
2026-05-30 20:13:06 | risk_manager         | WARNING | REDUCE: Drawdown -15.5% exceeds soft limit -15.0%
2026-05-30 20:13:06 | risk_manager         | WARNING | REDUCE: Drawdown -15.2% exceeds soft limit -15.0%
2026-05-30 20:13:10 | risk_manager         | WARNING | REDUCE: Drawdown -15.7% exceeds soft limit -15.0%
2026-05-30 20:13:10 | risk_manager         | WARNING | REDUCE: Drawdown -17.4% exceeds soft limit -15.0%
2026-05-30 20:13:10 | risk_manager         | WARNING | REDUCE: Drawdown -17.7% exceeds soft limit -15.0%
2026-05-30 20:13:10 | risk_manager         | WARNING | REDUCE: Drawdown -17.5% exceeds soft limit -15.0%
2026-05-30 20:13:10 | risk_manager         | INFO    | TRAILING STOP: AXISBANK @ 351.71 (stop=354.75)
2026-05-30 20:13:10 | risk_manager         | INFO    | TRAILING STOP: LT @ 871.62 (stop=905.46)
2026-05-30 20:13:10 | risk_manager         | INFO    | TRAILING STOP: ADANIPORTS @ 233.97 (stop=235.55)
2026-05-30 20:13:10 | risk_manager         | WARNING | REDUCE: Drawdown -18.8% exceeds soft limit -15.0%
2026-05-30 20:13:14 | risk_manager         | WARNING | REDUCE: Drawdown -18.5% exceeds soft limit -15.0%
2026-05-30 20:13:14 | risk_manager         | WARNING | REDUCE: Drawdown -17.2% exceeds soft limit -15.0%
2026-05-30 20:13:14 | risk_manager         | WARNING | REDUCE: Drawdown -16.1% exceeds soft limit -15.0%
2026-05-30 20:13:14 | risk_manager         | WARNING | REDUCE: Drawdown -15.5% exceeds soft limit -15.0%
2026-05-30 20:13:22 | risk_manager         | INFO    | TRAILING STOP: HCLTECH @ 271.03 (stop=273.42)
2026-05-30 20:13:22 | risk_manager         | WARNING | REDUCE: Drawdown -15.7% exceeds soft limit -15.0%
2026-05-30 20:13:26 | risk_manager         | WARNING | REDUCE: Drawdown -15.4% exceeds soft limit -15.0%
2026-05-30 20:13:26 | risk_manager         | WARNING | REDUCE: Drawdown -15.2% exceeds soft limit -15.0%
2026-05-30 20:13:26 | risk_manager         | WARNING | REDUCE: Drawdown -15.4% exceeds soft limit -15.0%
2026-05-30 20:13:26 | risk_manager         | WARNING | REDUCE: Drawdown -15.6% exceeds soft limit -15.0%
2026-05-30 20:13:26 | risk_manager         | WARNING | REDUCE: Drawdown -16.7% exceeds soft limit -15.0%
2026-05-30 20:13:30 | risk_manager         | WARNING | REDUCE: Drawdown -16.7% exceeds soft limit -15.0%
2026-05-30 20:13:30 | risk_manager         | WARNING | REDUCE: Drawdown -15.9% exceeds soft limit -15.0%
2026-05-30 20:13:30 | risk_manager         | WARNING | REDUCE: Drawdown -15.2% exceeds soft limit -15.0%
2026-05-30 20:13:30 | risk_manager         | WARNING | REDUCE: Drawdown -15.3% exceeds soft limit -15.0%
2026-05-30 20:13:34 | risk_manager         | WARNING | REDUCE: Drawdown -15.2% exceeds soft limit -15.0%
2026-05-30 20:13:39 | risk_manager         | INFO    | TRAILING STOP: EICHERMOT @ 906.59 (stop=909.40)
2026-05-30 20:13:51 | risk_manager         | WARNING | REDUCE: Drawdown -15.3% exceeds soft limit -15.0%
2026-05-30 20:13:51 | risk_manager         | INFO    | TRAILING STOP: AXISBANK @ 386.39 (stop=386.58)
2026-05-30 20:13:51 | risk_manager         | WARNING | REDUCE: Drawdown -16.9% exceeds soft limit -15.0%
2026-05-30 20:13:51 | risk_manager         | WARNING | REDUCE: Drawdown -17.5% exceeds soft limit -15.0%
2026-05-30 20:13:51 | risk_manager         | WARNING | REDUCE: Drawdown -16.1% exceeds soft limit -15.0%
2026-05-30 20:13:51 | risk_manager         | WARNING | REDUCE: Drawdown -15.2% exceeds soft limit -15.0%
2026-05-30 20:13:56 | risk_manager         | WARNING | REDUCE: Drawdown -15.5% exceeds soft limit -15.0%
2026-05-30 20:13:56 | risk_manager         | WARNING | REDUCE: Drawdown -15.7% exceeds soft limit -15.0%
2026-05-30 20:13:56 | risk_manager         | WARNING | REDUCE: Drawdown -15.8% exceeds soft limit -15.0%
2026-05-30 20:13:56 | risk_manager         | WARNING | REDUCE: Drawdown -16.2% exceeds soft limit -15.0%
2026-05-30 20:13:56 | risk_manager         | WARNING | REDUCE: Drawdown -16.3% exceeds soft limit -15.0%
2026-05-30 20:14:00 | risk_manager         | WARNING | REDUCE: Drawdown -16.0% exceeds soft limit -15.0%
2026-05-30 20:14:00 | risk_manager         | INFO    | TIME STOP: MARUTI after 60 days (max=60)
2026-05-30 20:14:00 | risk_manager         | WARNING | REDUCE: Drawdown -15.7% exceeds soft limit -15.0%
2026-05-30 20:14:00 | risk_manager         | WARNING | REDUCE: Drawdown -15.7% exceeds soft limit -15.0%
2026-05-30 20:14:04 | risk_manager         | WARNING | REDUCE: Drawdown -16.4% exceeds soft limit -15.0%
2026-05-30 20:14:04 | risk_manager         | INFO    | TRAILING STOP: TECHM @ 427.26 (stop=427.67)
2026-05-30 20:14:04 | risk_manager         | WARNING | REDUCE: Drawdown -16.7% exceeds soft limit -15.0%
2026-05-30 20:14:04 | risk_manager         | WARNING | REDUCE: Drawdown -16.5% exceeds soft limit -15.0%
2026-05-30 20:14:04 | risk_manager         | WARNING | REDUCE: Drawdown -17.0% exceeds soft limit -15.0%
2026-05-30 20:14:08 | risk_manager         | WARNING | REDUCE: Drawdown -17.3% exceeds soft limit -15.0%
2026-05-30 20:14:08 | risk_manager         | WARNING | REDUCE: Drawdown -17.2% exceeds soft limit -15.0%
2026-05-30 20:14:08 | risk_manager         | WARNING | REDUCE: Drawdown -17.2% exceeds soft limit -15.0%
2026-05-30 20:14:08 | risk_manager         | WARNING | REDUCE: Drawdown -17.8% exceeds soft limit -15.0%
2026-05-30 20:14:08 | risk_manager         | INFO    | TRAILING STOP: BAJFINANCE @ 24.75 (stop=24.93)
2026-05-30 20:14:08 | risk_manager         | WARNING | REDUCE: Drawdown -18.0% exceeds soft limit -15.0%
2026-05-30 20:14:13 | risk_manager         | WARNING | REDUCE: Drawdown -17.3% exceeds soft limit -15.0%
2026-05-30 20:14:13 | risk_manager         | WARNING | REDUCE: Drawdown -16.7% exceeds soft limit -15.0%
2026-05-30 20:14:13 | risk_manager         | WARNING | REDUCE: Drawdown -16.2% exceeds soft limit -15.0%
2026-05-30 20:14:17 | risk_manager         | WARNING | REDUCE: Drawdown -16.0% exceeds soft limit -15.0%
2026-05-30 20:14:17 | risk_manager         | WARNING | REDUCE: Drawdown -16.1% exceeds soft limit -15.0%
2026-05-30 20:14:17 | risk_manager         | WARNING | REDUCE: Drawdown -15.9% exceeds soft limit -15.0%
2026-05-30 20:14:17 | risk_manager         | WARNING | REDUCE: Drawdown -15.7% exceeds soft limit -15.0%
2026-05-30 20:14:17 | risk_manager         | WARNING | REDUCE: Drawdown -15.4% exceeds soft limit -15.0%
2026-05-30 20:14:21 | risk_manager         | WARNING | REDUCE: Drawdown -16.1% exceeds soft limit -15.0%
2026-05-30 20:14:21 | risk_manager         | INFO    | TRAILING STOP: DIVISLAB @ 788.04 (stop=806.83)
2026-05-30 20:14:21 | risk_manager         | WARNING | REDUCE: Drawdown -16.3% exceeds soft limit -15.0%
2026-05-30 20:14:21 | risk_manager         | WARNING | REDUCE: Drawdown -16.4% exceeds soft limit -15.0%
2026-05-30 20:14:26 | risk_manager         | WARNING | REDUCE: Drawdown -16.0% exceeds soft limit -15.0%
2026-05-30 20:14:26 | risk_manager         | WARNING | REDUCE: Drawdown -15.9% exceeds soft limit -15.0%
2026-05-30 20:14:26 | risk_manager         | WARNING | REDUCE: Drawdown -15.4% exceeds soft limit -15.0%
2026-05-30 20:14:26 | risk_manager         | WARNING | REDUCE: Drawdown -15.9% exceeds soft limit -15.0%
2026-05-30 20:14:26 | risk_manager         | WARNING | REDUCE: Drawdown -15.6% exceeds soft limit -15.0%
2026-05-30 20:14:30 | risk_manager         | WARNING | REDUCE: Drawdown -15.3% exceeds soft limit -15.0%
2026-05-30 20:14:30 | risk_manager         | WARNING | REDUCE: Drawdown -15.1% exceeds soft limit -15.0%
2026-05-30 20:14:30 | risk_manager         | WARNING | REDUCE: Drawdown -15.2% exceeds soft limit -15.0%
2026-05-30 20:14:34 | risk_manager         | WARNING | REDUCE: Drawdown -15.2% exceeds soft limit -15.0%
2026-05-30 20:14:34 | risk_manager         | WARNING | REDUCE: Drawdown -15.8% exceeds soft limit -15.0%
2026-05-30 20:14:34 | risk_manager         | WARNING | REDUCE: Drawdown -16.0% exceeds soft limit -15.0%
2026-05-30 20:14:34 | risk_manager         | WARNING | REDUCE: Drawdown -16.0% exceeds soft limit -15.0%
2026-05-30 20:14:34 | risk_manager         | WARNING | REDUCE: Drawdown -15.3% exceeds soft limit -15.0%
2026-05-30 20:14:39 | risk_manager         | INFO    | TIME STOP: MARUTI after 61 days (max=60)
2026-05-30 20:14:39 | risk_manager         | WARNING | REDUCE: Drawdown -15.5% exceeds soft limit -15.0%
2026-05-30 20:14:39 | risk_manager         | WARNING | REDUCE: Drawdown -15.2% exceeds soft limit -15.0%
2026-05-30 20:14:44 | risk_manager         | WARNING | REDUCE: Drawdown -15.5% exceeds soft limit -15.0%
2026-05-30 20:14:44 | risk_manager         | WARNING | REDUCE: Drawdown -16.6% exceeds soft limit -15.0%
2026-05-30 20:14:44 | risk_manager         | WARNING | REDUCE: Drawdown -16.7% exceeds soft limit -15.0%
2026-05-30 20:14:44 | risk_manager         | INFO    | TRAILING STOP: EICHERMOT @ 1299.40 (stop=1302.00)
2026-05-30 20:14:44 | risk_manager         | WARNING | REDUCE: Drawdown -17.2% exceeds soft limit -15.0%
2026-05-30 20:14:44 | risk_manager         | WARNING | REDUCE: Drawdown -17.6% exceeds soft limit -15.0%
2026-05-30 20:14:48 | risk_manager         | WARNING | REDUCE: Drawdown -17.7% exceeds soft limit -15.0%
2026-05-30 20:14:48 | risk_manager         | WARNING | REDUCE: Drawdown -18.4% exceeds soft limit -15.0%
2026-05-30 20:14:48 | risk_manager         | INFO    | TRAILING STOP: MARUTI @ 2960.52 (stop=2961.89)
2026-05-30 20:14:48 | risk_manager         | WARNING | REDUCE: Drawdown -18.6% exceeds soft limit -15.0%
2026-05-30 20:14:48 | risk_manager         | WARNING | REDUCE: Drawdown -18.0% exceeds soft limit -15.0%
2026-05-30 20:14:48 | risk_manager         | WARNING | REDUCE: Drawdown -18.0% exceeds soft limit -15.0%
2026-05-30 20:14:53 | risk_manager         | WARNING | REDUCE: Drawdown -17.6% exceeds soft limit -15.0%
2026-05-30 20:14:53 | risk_manager         | WARNING | REDUCE: Drawdown -17.3% exceeds soft limit -15.0%
2026-05-30 20:14:53 | risk_manager         | WARNING | REDUCE: Drawdown -17.5% exceeds soft limit -15.0%
2026-05-30 20:14:53 | risk_manager         | WARNING | REDUCE: Drawdown -17.4% exceeds soft limit -15.0%
2026-05-30 20:14:57 | risk_manager         | WARNING | REDUCE: Drawdown -17.4% exceeds soft limit -15.0%
2026-05-30 20:14:57 | risk_manager         | INFO    | TIME STOP: SHREECEM after 60 days (max=60)
2026-05-30 20:14:57 | risk_manager         | WARNING | REDUCE: Drawdown -17.3% exceeds soft limit -15.0%
2026-05-30 20:14:57 | risk_manager         | WARNING | REDUCE: Drawdown -17.4% exceeds soft limit -15.0%
2026-05-30 20:14:57 | risk_manager         | WARNING | REDUCE: Drawdown -17.2% exceeds soft limit -15.0%
2026-05-30 20:14:57 | risk_manager         | WARNING | REDUCE: Drawdown -17.0% exceeds soft limit -15.0%
2026-05-30 20:15:02 | risk_manager         | WARNING | REDUCE: Drawdown -17.2% exceeds soft limit -15.0%
2026-05-30 20:15:02 | risk_manager         | WARNING | REDUCE: Drawdown -17.7% exceeds soft limit -15.0%
2026-05-30 20:15:02 | risk_manager         | WARNING | REDUCE: Drawdown -17.4% exceeds soft limit -15.0%
2026-05-30 20:15:02 | risk_manager         | WARNING | REDUCE: Drawdown -17.1% exceeds soft limit -15.0%
2026-05-30 20:15:02 | risk_manager         | WARNING | REDUCE: Drawdown -17.3% exceeds soft limit -15.0%
2026-05-30 20:15:06 | risk_manager         | WARNING | REDUCE: Drawdown -17.3% exceeds soft limit -15.0%
2026-05-30 20:15:06 | risk_manager         | WARNING | REDUCE: Drawdown -17.3% exceeds soft limit -15.0%
2026-05-30 20:15:06 | risk_manager         | WARNING | REDUCE: Drawdown -17.1% exceeds soft limit -15.0%
2026-05-30 20:15:06 | risk_manager         | WARNING | REDUCE: Drawdown -16.6% exceeds soft limit -15.0%
2026-05-30 20:15:06 | risk_manager         | WARNING | REDUCE: Drawdown -16.6% exceeds soft limit -15.0%
2026-05-30 20:15:11 | risk_manager         | WARNING | REDUCE: Drawdown -16.7% exceeds soft limit -15.0%
2026-05-30 20:15:11 | risk_manager         | INFO    | TRAILING STOP: HEROMOTOCO @ 2001.41 (stop=2003.21)
2026-05-30 20:15:11 | risk_manager         | WARNING | REDUCE: Drawdown -16.4% exceeds soft limit -15.0%
2026-05-30 20:15:11 | risk_manager         | WARNING | REDUCE: Drawdown -16.5% exceeds soft limit -15.0%
2026-05-30 20:15:11 | risk_manager         | WARNING | REDUCE: Drawdown -16.3% exceeds soft limit -15.0%
2026-05-30 20:15:11 | risk_manager         | WARNING | REDUCE: Drawdown -16.3% exceeds soft limit -15.0%
2026-05-30 20:15:15 | risk_manager         | WARNING | REDUCE: Drawdown -15.5% exceeds soft limit -15.0%
2026-05-30 20:15:15 | risk_manager         | WARNING | REDUCE: Drawdown -15.4% exceeds soft limit -15.0%
2026-05-30 20:15:15 | risk_manager         | WARNING | REDUCE: Drawdown -15.1% exceeds soft limit -15.0%
2026-05-30 20:15:15 | risk_manager         | WARNING | REDUCE: Drawdown -15.5% exceeds soft limit -15.0%
2026-05-30 20:15:20 | risk_manager         | INFO    | TRAILING STOP: AXISBANK @ 567.84 (stop=569.83)
2026-05-30 20:15:20 | risk_manager         | WARNING | REDUCE: Drawdown -15.9% exceeds soft limit -15.0%
2026-05-30 20:15:20 | risk_manager         | WARNING | REDUCE: Drawdown -16.2% exceeds soft limit -15.0%
2026-05-30 20:15:20 | risk_manager         | INFO    | TRAILING STOP: ADANIPORTS @ 294.83 (stop=301.77)
2026-05-30 20:15:20 | risk_manager         | WARNING | REDUCE: Drawdown -16.4% exceeds soft limit -15.0%
2026-05-30 20:15:20 | risk_manager         | INFO    | TRAILING STOP: EICHERMOT @ 1440.41 (stop=1444.41)
2026-05-30 20:15:20 | risk_manager         | WARNING | REDUCE: Drawdown -16.8% exceeds soft limit -15.0%
2026-05-30 20:15:25 | risk_manager         | INFO    | TRAILING STOP: INDUSINDBK @ 777.01 (stop=784.67)
2026-05-30 20:15:25 | risk_manager         | WARNING | REDUCE: Drawdown -17.7% exceeds soft limit -15.0%
2026-05-30 20:15:25 | risk_manager         | WARNING | REDUCE: Drawdown -17.2% exceeds soft limit -15.0%
2026-05-30 20:15:25 | risk_manager         | WARNING | REDUCE: Drawdown -16.3% exceeds soft limit -15.0%
2026-05-30 20:15:25 | risk_manager         | WARNING | REDUCE: Drawdown -15.5% exceeds soft limit -15.0%
2026-05-30 20:15:25 | risk_manager         | WARNING | REDUCE: Drawdown -15.2% exceeds soft limit -15.0%
2026-05-30 20:15:29 | risk_manager         | WARNING | REDUCE: Drawdown -15.8% exceeds soft limit -15.0%
2026-05-30 20:15:29 | risk_manager         | WARNING | REDUCE: Drawdown -15.3% exceeds soft limit -15.0%
2026-05-30 20:15:29 | risk_manager         | WARNING | REDUCE: Drawdown -15.4% exceeds soft limit -15.0%
2026-05-30 20:15:29 | risk_manager         | WARNING | REDUCE: Drawdown -15.4% exceeds soft limit -15.0%
2026-05-30 20:15:34 | risk_manager         | WARNING | REDUCE: Drawdown -16.1% exceeds soft limit -15.0%
2026-05-30 20:15:34 | risk_manager         | WARNING | REDUCE: Drawdown -16.2% exceeds soft limit -15.0%
2026-05-30 20:15:34 | risk_manager         | INFO    | TRAILING STOP: EICHERMOT @ 1441.21 (stop=1462.72)
2026-05-30 20:15:34 | risk_manager         | WARNING | REDUCE: Drawdown -16.3% exceeds soft limit -15.0%
2026-05-30 20:15:34 | risk_manager         | WARNING | REDUCE: Drawdown -16.7% exceeds soft limit -15.0%
2026-05-30 20:15:34 | risk_manager         | WARNING | REDUCE: Drawdown -16.0% exceeds soft limit -15.0%
2026-05-30 20:15:39 | risk_manager         | WARNING | REDUCE: Drawdown -15.3% exceeds soft limit -15.0%
2026-05-30 20:15:39 | risk_manager         | WARNING | REDUCE: Drawdown -15.1% exceeds soft limit -15.0%
2026-05-30 20:15:39 | risk_manager         | WARNING | REDUCE: Drawdown -15.6% exceeds soft limit -15.0%
2026-05-30 20:15:39 | risk_manager         | WARNING | REDUCE: Drawdown -15.6% exceeds soft limit -15.0%
2026-05-30 20:15:43 | risk_manager         | WARNING | REDUCE: Drawdown -16.9% exceeds soft limit -15.0%
2026-05-30 20:15:43 | risk_manager         | INFO    | TRAILING STOP: ADANIENT @ 93.64 (stop=94.51)
2026-05-30 20:15:43 | risk_manager         | WARNING | REDUCE: Drawdown -17.4% exceeds soft limit -15.0%
2026-05-30 20:15:43 | risk_manager         | WARNING | REDUCE: Drawdown -17.5% exceeds soft limit -15.0%
2026-05-30 20:15:43 | risk_manager         | WARNING | REDUCE: Drawdown -17.2% exceeds soft limit -15.0%
2026-05-30 20:15:43 | risk_manager         | WARNING | REDUCE: Drawdown -17.4% exceeds soft limit -15.0%
2026-05-30 20:15:48 | risk_manager         | WARNING | REDUCE: Drawdown -17.5% exceeds soft limit -15.0%
2026-05-30 20:15:48 | risk_manager         | WARNING | REDUCE: Drawdown -17.3% exceeds soft limit -15.0%
2026-05-30 20:15:48 | risk_manager         | WARNING | REDUCE: Drawdown -17.1% exceeds soft limit -15.0%
2026-05-30 20:15:48 | risk_manager         | WARNING | REDUCE: Drawdown -17.6% exceeds soft limit -15.0%
2026-05-30 20:15:48 | risk_manager         | WARNING | REDUCE: Drawdown -18.1% exceeds soft limit -15.0%
2026-05-30 20:15:53 | risk_manager         | WARNING | REDUCE: Drawdown -18.7% exceeds soft limit -15.0%
2026-05-30 20:15:53 | risk_manager         | WARNING | REDUCE: Drawdown -18.8% exceeds soft limit -15.0%
2026-05-30 20:15:53 | risk_manager         | WARNING | REDUCE: Drawdown -18.4% exceeds soft limit -15.0%
2026-05-30 20:15:53 | risk_manager         | WARNING | REDUCE: Drawdown -18.5% exceeds soft limit -15.0%
2026-05-30 20:15:53 | risk_manager         | WARNING | REDUCE: Drawdown -18.7% exceeds soft limit -15.0%
2026-05-30 20:15:58 | risk_manager         | WARNING | REDUCE: Drawdown -18.3% exceeds soft limit -15.0%
2026-05-30 20:15:58 | risk_manager         | WARNING | REDUCE: Drawdown -18.2% exceeds soft limit -15.0%
2026-05-30 20:15:58 | risk_manager         | WARNING | REDUCE: Drawdown -18.1% exceeds soft limit -15.0%
2026-05-30 20:16:02 | risk_manager         | WARNING | REDUCE: Drawdown -18.2% exceeds soft limit -15.0%
2026-05-30 20:16:02 | risk_manager         | WARNING | REDUCE: Drawdown -17.8% exceeds soft limit -15.0%
2026-05-30 20:16:02 | risk_manager         | WARNING | REDUCE: Drawdown -17.4% exceeds soft limit -15.0%
2026-05-30 20:16:02 | risk_manager         | WARNING | REDUCE: Drawdown -17.5% exceeds soft limit -15.0%
2026-05-30 20:16:02 | risk_manager         | WARNING | REDUCE: Drawdown -17.4% exceeds soft limit -15.0%
2026-05-30 20:16:07 | risk_manager         | WARNING | REDUCE: Drawdown -17.4% exceeds soft limit -15.0%
2026-05-30 20:16:07 | risk_manager         | WARNING | REDUCE: Drawdown -17.7% exceeds soft limit -15.0%
2026-05-30 20:16:07 | risk_manager         | WARNING | REDUCE: Drawdown -17.8% exceeds soft limit -15.0%
2026-05-30 20:16:07 | risk_manager         | INFO    | TRAILING STOP: UPL @ 256.79 (stop=261.28)
2026-05-30 20:16:07 | risk_manager         | INFO    | TRAILING STOP: INDUSINDBK @ 824.90 (stop=834.94)
2026-05-30 20:16:07 | risk_manager         | WARNING | REDUCE: Drawdown -18.6% exceeds soft limit -15.0%
2026-05-30 20:16:12 | risk_manager         | WARNING | REDUCE: Drawdown -19.7% exceeds soft limit -15.0%
2026-05-30 20:16:12 | risk_manager         | INFO    | TRAILING STOP: CIPLA @ 609.49 (stop=615.90)
2026-05-30 20:16:12 | risk_manager         | WARNING | REDUCE: Drawdown -19.9% exceeds soft limit -15.0%
2026-05-30 20:16:12 | risk_manager         | WARNING | REDUCE: Drawdown -19.7% exceeds soft limit -15.0%
2026-05-30 20:16:12 | risk_manager         | WARNING | REDUCE: Drawdown -19.5% exceeds soft limit -15.0%
2026-05-30 20:16:12 | risk_manager         | WARNING | REDUCE: Drawdown -19.8% exceeds soft limit -15.0%
2026-05-30 20:16:17 | risk_manager         | WARNING | REDUCE: Drawdown -20.7% exceeds soft limit -15.0%
2026-05-30 20:16:17 | risk_manager         | WARNING | REDUCE: Drawdown -20.5% exceeds soft limit -15.0%
2026-05-30 20:16:17 | risk_manager         | WARNING | REDUCE: Drawdown -20.9% exceeds soft limit -15.0%
2026-05-30 20:16:17 | risk_manager         | WARNING | REDUCE: Drawdown -20.7% exceeds soft limit -15.0%
2026-05-30 20:16:22 | risk_manager         | WARNING | REDUCE: Drawdown -20.8% exceeds soft limit -15.0%
2026-05-30 20:16:22 | risk_manager         | WARNING | REDUCE: Drawdown -20.9% exceeds soft limit -15.0%
2026-05-30 20:16:22 | risk_manager         | WARNING | REDUCE: Drawdown -21.1% exceeds soft limit -15.0%
2026-05-30 20:16:22 | risk_manager         | WARNING | REDUCE: Drawdown -21.1% exceeds soft limit -15.0%
2026-05-30 20:16:22 | risk_manager         | WARNING | REDUCE: Drawdown -21.0% exceeds soft limit -15.0%
2026-05-30 20:16:26 | risk_manager         | WARNING | REDUCE: Drawdown -21.0% exceeds soft limit -15.0%
2026-05-30 20:16:26 | risk_manager         | WARNING | REDUCE: Drawdown -21.3% exceeds soft limit -15.0%
2026-05-30 20:16:26 | risk_manager         | WARNING | REDUCE: Drawdown -21.0% exceeds soft limit -15.0%
2026-05-30 20:16:26 | risk_manager         | WARNING | REDUCE: Drawdown -20.9% exceeds soft limit -15.0%
2026-05-30 20:16:26 | risk_manager         | WARNING | REDUCE: Drawdown -20.9% exceeds soft limit -15.0%
2026-05-30 20:16:31 | risk_manager         | WARNING | REDUCE: Drawdown -20.8% exceeds soft limit -15.0%
2026-05-30 20:16:31 | risk_manager         | WARNING | REDUCE: Drawdown -20.8% exceeds soft limit -15.0%
2026-05-30 20:16:31 | risk_manager         | WARNING | REDUCE: Drawdown -20.7% exceeds soft limit -15.0%
2026-05-30 20:16:31 | risk_manager         | WARNING | REDUCE: Drawdown -20.6% exceeds soft limit -15.0%
2026-05-30 20:16:31 | risk_manager         | WARNING | REDUCE: Drawdown -20.6% exceeds soft limit -15.0%
2026-05-30 20:16:36 | risk_manager         | WARNING | REDUCE: Drawdown -20.6% exceeds soft limit -15.0%
2026-05-30 20:16:36 | risk_manager         | WARNING | REDUCE: Drawdown -20.7% exceeds soft limit -15.0%
2026-05-30 20:16:36 | risk_manager         | WARNING | REDUCE: Drawdown -20.7% exceeds soft limit -15.0%
2026-05-30 20:16:36 | risk_manager         | WARNING | REDUCE: Drawdown -20.5% exceeds soft limit -15.0%
2026-05-30 20:16:36 | risk_manager         | WARNING | REDUCE: Drawdown -20.5% exceeds soft limit -15.0%
2026-05-30 20:16:41 | risk_manager         | WARNING | REDUCE: Drawdown -21.2% exceeds soft limit -15.0%
2026-05-30 20:16:41 | risk_manager         | WARNING | REDUCE: Drawdown -21.5% exceeds soft limit -15.0%
2026-05-30 20:16:41 | risk_manager         | INFO    | TRAILING STOP: ADANIENT @ 56.34 (stop=90.78)
2026-05-30 20:16:41 | risk_manager         | WARNING | REDUCE: Drawdown -23.3% exceeds soft limit -15.0%
2026-05-30 20:16:41 | risk_manager         | WARNING | REDUCE: Drawdown -22.9% exceeds soft limit -15.0%
2026-05-30 20:16:41 | risk_manager         | WARNING | REDUCE: Drawdown -22.9% exceeds soft limit -15.0%
2026-05-30 20:16:46 | risk_manager         | WARNING | REDUCE: Drawdown -23.2% exceeds soft limit -15.0%
2026-05-30 20:16:46 | risk_manager         | WARNING | REDUCE: Drawdown -23.2% exceeds soft limit -15.0%
2026-05-30 20:16:46 | risk_manager         | WARNING | REDUCE: Drawdown -23.1% exceeds soft limit -15.0%
2026-05-30 20:16:46 | risk_manager         | WARNING | REDUCE: Drawdown -23.2% exceeds soft limit -15.0%
2026-05-30 20:16:46 | risk_manager         | WARNING | REDUCE: Drawdown -23.3% exceeds soft limit -15.0%
2026-05-30 20:16:50 | risk_manager         | WARNING | REDUCE: Drawdown -23.3% exceeds soft limit -15.0%
2026-05-30 20:16:50 | risk_manager         | WARNING | REDUCE: Drawdown -23.4% exceeds soft limit -15.0%
2026-05-30 20:16:50 | risk_manager         | WARNING | REDUCE: Drawdown -23.3% exceeds soft limit -15.0%
2026-05-30 20:16:50 | risk_manager         | WARNING | REDUCE: Drawdown -23.2% exceeds soft limit -15.0%
2026-05-30 20:16:50 | risk_manager         | WARNING | REDUCE: Drawdown -23.3% exceeds soft limit -15.0%
2026-05-30 20:16:55 | risk_manager         | WARNING | REDUCE: Drawdown -23.3% exceeds soft limit -15.0%
2026-05-30 20:16:55 | risk_manager         | WARNING | REDUCE: Drawdown -23.2% exceeds soft limit -15.0%
2026-05-30 20:16:55 | risk_manager         | WARNING | REDUCE: Drawdown -23.3% exceeds soft limit -15.0%
2026-05-30 20:16:55 | risk_manager         | WARNING | REDUCE: Drawdown -23.2% exceeds soft limit -15.0%
2026-05-30 20:16:55 | risk_manager         | WARNING | REDUCE: Drawdown -23.3% exceeds soft limit -15.0%
2026-05-30 20:17:00 | risk_manager         | WARNING | REDUCE: Drawdown -24.0% exceeds soft limit -15.0%
2026-05-30 20:17:00 | risk_manager         | WARNING | REDUCE: Drawdown -23.8% exceeds soft limit -15.0%
2026-05-30 20:17:00 | risk_manager         | WARNING | REDUCE: Drawdown -23.5% exceeds soft limit -15.0%
2026-05-30 20:17:00 | risk_manager         | WARNING | REDUCE: Drawdown -23.3% exceeds soft limit -15.0%
2026-05-30 20:17:00 | risk_manager         | WARNING | REDUCE: Drawdown -23.4% exceeds soft limit -15.0%
2026-05-30 20:17:05 | risk_manager         | WARNING | REDUCE: Drawdown -23.4% exceeds soft limit -15.0%
2026-05-30 20:17:05 | risk_manager         | WARNING | REDUCE: Drawdown -23.5% exceeds soft limit -15.0%
2026-05-30 20:17:05 | risk_manager         | WARNING | REDUCE: Drawdown -24.0% exceeds soft limit -15.0%
2026-05-30 20:17:05 | risk_manager         | INFO    | TRAILING STOP: BAJFINANCE @ 48.60 (stop=49.22)
2026-05-30 20:17:05 | risk_manager         | INFO    | TRAILING STOP: BPCL @ 74.71 (stop=75.95)
2026-05-30 20:17:05 | risk_manager         | WARNING | REDUCE: Drawdown -24.4% exceeds soft limit -15.0%
2026-05-30 20:17:05 | risk_manager         | WARNING | REDUCE: Drawdown -24.5% exceeds soft limit -15.0%
2026-05-30 20:17:10 | risk_manager         | WARNING | REDUCE: Drawdown -24.6% exceeds soft limit -15.0%
2026-05-30 20:17:10 | risk_manager         | WARNING | REDUCE: Drawdown -24.7% exceeds soft limit -15.0%
2026-05-30 20:17:10 | risk_manager         | WARNING | REDUCE: Drawdown -24.6% exceeds soft limit -15.0%
2026-05-30 20:17:10 | risk_manager         | WARNING | REDUCE: Drawdown -24.4% exceeds soft limit -15.0%
2026-05-30 20:17:10 | risk_manager         | WARNING | REDUCE: Drawdown -24.5% exceeds soft limit -15.0%
2026-05-30 20:17:15 | risk_manager         | WARNING | REDUCE: Drawdown -24.7% exceeds soft limit -15.0%
2026-05-30 20:17:15 | risk_manager         | WARNING | REDUCE: Drawdown -24.8% exceeds soft limit -15.0%
2026-05-30 20:17:15 | risk_manager         | WARNING | REDUCE: Drawdown -24.7% exceeds soft limit -15.0%
2026-05-30 20:17:15 | risk_manager         | WARNING | REDUCE: Drawdown -24.9% exceeds soft limit -15.0%
2026-05-30 20:17:15 | risk_manager         | INFO    | TRAILING STOP: EICHERMOT @ 1864.50 (stop=1870.60)
2026-05-30 20:17:15 | risk_manager         | WARNING | REDUCE: Drawdown -24.8% exceeds soft limit -15.0%
2026-05-30 20:17:20 | risk_manager         | WARNING | LIQUIDATE: Drawdown -25.4% exceeds limit -25.0%
2026-05-30 20:17:30 | risk_manager         | INFO    | TRAILING STOP: COALINDIA @ 157.32 (stop=163.31)
2026-05-30 20:17:30 | risk_manager         | INFO    | TRAILING STOP: APOLLOHOSP @ 1291.11 (stop=1308.18)
2026-05-30 20:17:36 | risk_manager         | INFO    | TRAILING STOP: BRITANNIA @ 1397.56 (stop=1400.68)
2026-05-30 20:17:36 | risk_manager         | INFO    | TRAILING STOP: INDUSINDBK @ 856.04 (stop=867.74)
2026-05-30 20:17:41 | risk_manager         | INFO    | TRAILING STOP: LT @ 908.16 (stop=911.29)
2026-05-30 20:18:24 | risk_manager         | INFO    | TIME STOP: APOLLOHOSP after 60 days (max=60)
2026-05-30 20:18:29 | risk_manager         | INFO    | TIME STOP: ASIANPAINT after 60 days (max=60)
2026-05-30 20:18:29 | risk_manager         | INFO    | TRAILING STOP: AXISBANK @ 457.60 (stop=465.41)
2026-05-30 20:18:29 | risk_manager         | INFO    | TRAILING STOP: APOLLOHOSP @ 1274.02 (stop=1278.09)
2026-05-30 20:18:40 | risk_manager         | INFO    | TRAILING STOP: APOLLOHOSP @ 1206.36 (stop=1227.82)
2026-05-30 20:18:40 | risk_manager         | INFO    | TRAILING STOP: BRITANNIA @ 1271.77 (stop=1286.19)
2026-05-30 20:18:46 | risk_manager         | INFO    | TRAILING STOP: INFY @ 389.30 (stop=396.68)
2026-05-30 20:18:57 | risk_manager         | INFO    | TRAILING STOP: ADANIPORTS @ 242.10 (stop=243.29)
2026-05-30 20:19:03 | risk_manager         | INFO    | TRAILING STOP: ADANIENT @ 38.48 (stop=39.25)
2026-05-30 20:19:26 | risk_manager         | INFO    | TRAILING STOP: AXISBANK @ 420.28 (stop=424.27)
2026-05-30 20:19:26 | risk_manager         | INFO    | TRAILING STOP: ADANIPORTS @ 232.10 (stop=235.91)
2026-05-30 20:19:26 | risk_manager         | INFO    | TRAILING STOP: ADANIENT @ 42.23 (stop=43.04)
2026-05-30 20:19:32 | risk_manager         | INFO    | TRAILING STOP: APOLLOHOSP @ 1314.39 (stop=1321.43)
2026-05-30 20:19:32 | risk_manager         | INFO    | TRAILING STOP: AXISBANK @ 381.15 (stop=382.44)
2026-05-30 20:19:32 | risk_manager         | INFO    | TRAILING STOP: ADANIPORTS @ 206.76 (stop=212.47)
2026-05-30 20:19:38 | risk_manager         | INFO    | TRAILING STOP: DIVISLAB @ 987.32 (stop=992.28)
2026-05-30 20:19:38 | risk_manager         | INFO    | TRAILING STOP: MARUTI @ 3553.23 (stop=3703.35)
2026-05-30 20:19:38 | risk_manager         | INFO    | TRAILING STOP: BRITANNIA @ 1144.35 (stop=1170.47)
2026-05-30 20:19:49 | risk_manager         | INFO    | TRAILING STOP: AXISBANK @ 371.34 (stop=372.72)
2026-05-30 20:20:01 | risk_manager         | INFO    | TRAILING STOP: ADANIENT @ 33.30 (stop=33.58)
2026-05-30 20:20:01 | risk_manager         | INFO    | TRAILING STOP: ASIANPAINT @ 770.06 (stop=771.26)
2026-05-30 20:20:13 | risk_manager         | INFO    | TRAILING STOP: AXISBANK @ 366.66 (stop=368.59)
2026-05-30 20:20:20 | risk_manager         | INFO    | TRAILING STOP: APOLLOHOSP @ 1346.51 (stop=1349.36)
2026-05-30 20:20:44 | risk_manager         | INFO    | TRAILING STOP: ADANIPORTS @ 206.32 (stop=208.21)
2026-05-30 20:20:57 | risk_manager         | INFO    | TIME STOP: ASIANPAINT after 61 days (max=60)
2026-05-30 20:20:57 | risk_manager         | INFO    | TIME STOP: ADANIENT after 61 days (max=60)
2026-05-30 20:21:03 | risk_manager         | INFO    | TRAILING STOP: RELIANCE @ 215.33 (stop=217.03)
2026-05-30 20:21:41 | risk_manager         | INFO    | TRAILING STOP: INFY @ 457.73 (stop=462.07)
2026-05-30 20:21:41 | risk_manager         | WARNING | REDUCE: Drawdown -15.3% exceeds soft limit -15.0%
2026-05-30 20:21:41 | risk_manager         | WARNING | REDUCE: Drawdown -15.9% exceeds soft limit -15.0%
2026-05-30 20:21:47 | risk_manager         | WARNING | REDUCE: Drawdown -16.6% exceeds soft limit -15.0%
2026-05-30 20:21:47 | risk_manager         | WARNING | REDUCE: Drawdown -16.6% exceeds soft limit -15.0%
2026-05-30 20:21:47 | risk_manager         | WARNING | REDUCE: Drawdown -16.4% exceeds soft limit -15.0%
2026-05-30 20:21:47 | risk_manager         | WARNING | REDUCE: Drawdown -16.7% exceeds soft limit -15.0%
2026-05-30 20:21:47 | risk_manager         | WARNING | REDUCE: Drawdown -16.6% exceeds soft limit -15.0%
2026-05-30 20:21:54 | risk_manager         | WARNING | REDUCE: Drawdown -16.9% exceeds soft limit -15.0%
2026-05-30 20:21:54 | risk_manager         | WARNING | REDUCE: Drawdown -17.1% exceeds soft limit -15.0%
2026-05-30 20:21:54 | risk_manager         | WARNING | REDUCE: Drawdown -17.1% exceeds soft limit -15.0%
2026-05-30 20:21:54 | risk_manager         | WARNING | REDUCE: Drawdown -16.9% exceeds soft limit -15.0%
2026-05-30 20:21:54 | risk_manager         | WARNING | REDUCE: Drawdown -17.2% exceeds soft limit -15.0%
2026-05-30 20:22:00 | risk_manager         | WARNING | REDUCE: Drawdown -17.3% exceeds soft limit -15.0%
2026-05-30 20:22:00 | risk_manager         | WARNING | REDUCE: Drawdown -17.1% exceeds soft limit -15.0%
2026-05-30 20:22:00 | risk_manager         | WARNING | REDUCE: Drawdown -16.8% exceeds soft limit -15.0%
2026-05-30 20:22:00 | risk_manager         | WARNING | REDUCE: Drawdown -16.3% exceeds soft limit -15.0%
2026-05-30 20:22:00 | risk_manager         | WARNING | REDUCE: Drawdown -16.1% exceeds soft limit -15.0%
2026-05-30 20:22:07 | risk_manager         | WARNING | REDUCE: Drawdown -16.6% exceeds soft limit -15.0%
2026-05-30 20:22:07 | risk_manager         | WARNING | REDUCE: Drawdown -16.8% exceeds soft limit -15.0%
2026-05-30 20:22:07 | risk_manager         | WARNING | REDUCE: Drawdown -16.8% exceeds soft limit -15.0%
2026-05-30 20:22:07 | risk_manager         | WARNING | REDUCE: Drawdown -16.5% exceeds soft limit -15.0%
2026-05-30 20:22:14 | risk_manager         | WARNING | REDUCE: Drawdown -16.2% exceeds soft limit -15.0%
2026-05-30 20:22:14 | risk_manager         | WARNING | REDUCE: Drawdown -16.1% exceeds soft limit -15.0%
2026-05-30 20:22:14 | risk_manager         | WARNING | REDUCE: Drawdown -16.1% exceeds soft limit -15.0%
2026-05-30 20:22:14 | risk_manager         | WARNING | REDUCE: Drawdown -15.9% exceeds soft limit -15.0%
2026-05-30 20:22:14 | risk_manager         | WARNING | REDUCE: Drawdown -15.4% exceeds soft limit -15.0%
2026-05-30 20:22:21 | risk_manager         | WARNING | REDUCE: Drawdown -15.9% exceeds soft limit -15.0%
2026-05-30 20:22:21 | risk_manager         | WARNING | REDUCE: Drawdown -16.0% exceeds soft limit -15.0%
2026-05-30 20:22:21 | risk_manager         | WARNING | REDUCE: Drawdown -15.8% exceeds soft limit -15.0%
2026-05-30 20:22:21 | risk_manager         | WARNING | REDUCE: Drawdown -15.8% exceeds soft limit -15.0%
2026-05-30 20:22:21 | risk_manager         | WARNING | REDUCE: Drawdown -15.7% exceeds soft limit -15.0%
2026-05-30 20:22:27 | risk_manager         | WARNING | REDUCE: Drawdown -15.6% exceeds soft limit -15.0%
2026-05-30 20:22:34 | risk_manager         | INFO    | TRAILING STOP: BAJFINANCE @ 97.20 (stop=104.26)
2026-05-30 20:22:40 | risk_manager         | INFO    | TRAILING STOP: GRASIM @ 705.82 (stop=738.05)
2026-05-30 20:22:40 | risk_manager         | WARNING | REDUCE: Drawdown -15.9% exceeds soft limit -15.0%
2026-05-30 20:22:40 | risk_manager         | WARNING | REDUCE: Drawdown -16.4% exceeds soft limit -15.0%
2026-05-30 20:22:40 | risk_manager         | WARNING | REDUCE: Drawdown -15.8% exceeds soft limit -15.0%
2026-05-30 20:22:47 | risk_manager         | WARNING | REDUCE: Drawdown -15.7% exceeds soft limit -15.0%
2026-05-30 20:22:47 | risk_manager         | WARNING | REDUCE: Drawdown -15.5% exceeds soft limit -15.0%
2026-05-30 20:22:54 | risk_manager         | WARNING | REDUCE: Drawdown -15.9% exceeds soft limit -15.0%
2026-05-30 20:22:54 | risk_manager         | INFO    | TRAILING STOP: NTPC @ 91.88 (stop=91.89)
2026-05-30 20:22:54 | risk_manager         | WARNING | REDUCE: Drawdown -16.7% exceeds soft limit -15.0%
2026-05-30 20:22:54 | risk_manager         | WARNING | REDUCE: Drawdown -16.8% exceeds soft limit -15.0%
2026-05-30 20:22:54 | risk_manager         | WARNING | REDUCE: Drawdown -17.5% exceeds soft limit -15.0%
2026-05-30 20:22:54 | risk_manager         | WARNING | REDUCE: Drawdown -17.5% exceeds soft limit -15.0%
2026-05-30 20:23:01 | risk_manager         | WARNING | REDUCE: Drawdown -17.6% exceeds soft limit -15.0%
2026-05-30 20:23:01 | risk_manager         | WARNING | REDUCE: Drawdown -17.3% exceeds soft limit -15.0%
2026-05-30 20:23:01 | risk_manager         | WARNING | REDUCE: Drawdown -17.6% exceeds soft limit -15.0%
2026-05-30 20:23:01 | risk_manager         | WARNING | REDUCE: Drawdown -17.5% exceeds soft limit -15.0%
2026-05-30 20:23:01 | risk_manager         | WARNING | REDUCE: Drawdown -17.5% exceeds soft limit -15.0%
2026-05-30 20:23:08 | risk_manager         | WARNING | REDUCE: Drawdown -17.2% exceeds soft limit -15.0%
2026-05-30 20:23:08 | risk_manager         | WARNING | REDUCE: Drawdown -17.5% exceeds soft limit -15.0%
2026-05-30 20:23:08 | risk_manager         | WARNING | REDUCE: Drawdown -17.4% exceeds soft limit -15.0%
2026-05-30 20:23:08 | risk_manager         | WARNING | REDUCE: Drawdown -17.6% exceeds soft limit -15.0%
2026-05-30 20:23:14 | risk_manager         | INFO    | TRAILING STOP: JSWSTEEL @ 157.51 (stop=158.41)
2026-05-30 20:23:14 | risk_manager         | WARNING | REDUCE: Drawdown -19.2% exceeds soft limit -15.0%
2026-05-30 20:23:14 | risk_manager         | WARNING | REDUCE: Drawdown -19.2% exceeds soft limit -15.0%
2026-05-30 20:23:14 | risk_manager         | INFO    | TRAILING STOP: TATASTEEL @ 27.56 (stop=27.65)
2026-05-30 20:23:14 | risk_manager         | WARNING | REDUCE: Drawdown -19.4% exceeds soft limit -15.0%
2026-05-30 20:23:14 | risk_manager         | WARNING | REDUCE: Drawdown -19.6% exceeds soft limit -15.0%
2026-05-30 20:23:21 | risk_manager         | WARNING | REDUCE: Drawdown -19.6% exceeds soft limit -15.0%
2026-05-30 20:23:21 | risk_manager         | WARNING | REDUCE: Drawdown -19.6% exceeds soft limit -15.0%
2026-05-30 20:23:21 | risk_manager         | WARNING | REDUCE: Drawdown -19.5% exceeds soft limit -15.0%
2026-05-30 20:23:21 | risk_manager         | WARNING | REDUCE: Drawdown -19.2% exceeds soft limit -15.0%
2026-05-30 20:23:21 | risk_manager         | WARNING | REDUCE: Drawdown -19.3% exceeds soft limit -15.0%
2026-05-30 20:23:28 | risk_manager         | WARNING | REDUCE: Drawdown -19.8% exceeds soft limit -15.0%
2026-05-30 20:23:28 | risk_manager         | WARNING | REDUCE: Drawdown -20.1% exceeds soft limit -15.0%
2026-05-30 20:23:28 | risk_manager         | WARNING | REDUCE: Drawdown -19.8% exceeds soft limit -15.0%
2026-05-30 20:23:28 | risk_manager         | WARNING | REDUCE: Drawdown -20.8% exceeds soft limit -15.0%
2026-05-30 20:23:28 | risk_manager         | WARNING | REDUCE: Drawdown -20.7% exceeds soft limit -15.0%
2026-05-30 20:23:35 | risk_manager         | WARNING | REDUCE: Drawdown -20.9% exceeds soft limit -15.0%
2026-05-30 20:23:35 | risk_manager         | WARNING | REDUCE: Drawdown -20.9% exceeds soft limit -15.0%
2026-05-30 20:23:35 | risk_manager         | WARNING | REDUCE: Drawdown -20.8% exceeds soft limit -15.0%
2026-05-30 20:23:35 | risk_manager         | WARNING | REDUCE: Drawdown -20.9% exceeds soft limit -15.0%
2026-05-30 20:23:35 | risk_manager         | WARNING | REDUCE: Drawdown -20.9% exceeds soft limit -15.0%
2026-05-30 20:23:42 | risk_manager         | WARNING | REDUCE: Drawdown -21.2% exceeds soft limit -15.0%
2026-05-30 20:23:42 | risk_manager         | WARNING | REDUCE: Drawdown -21.6% exceeds soft limit -15.0%
2026-05-30 20:23:42 | risk_manager         | WARNING | REDUCE: Drawdown -21.7% exceeds soft limit -15.0%
2026-05-30 20:23:49 | risk_manager         | WARNING | REDUCE: Drawdown -22.2% exceeds soft limit -15.0%
2026-05-30 20:23:49 | risk_manager         | WARNING | REDUCE: Drawdown -21.9% exceeds soft limit -15.0%
2026-05-30 20:23:49 | risk_manager         | WARNING | REDUCE: Drawdown -21.9% exceeds soft limit -15.0%
2026-05-30 20:23:49 | risk_manager         | WARNING | REDUCE: Drawdown -22.0% exceeds soft limit -15.0%
2026-05-30 20:23:49 | risk_manager         | WARNING | REDUCE: Drawdown -22.0% exceeds soft limit -15.0%
2026-05-30 20:23:56 | risk_manager         | INFO    | TRAILING STOP: ASIANPAINT @ 1045.05 (stop=1057.68)
2026-05-30 20:23:56 | risk_manager         | WARNING | REDUCE: Drawdown -22.5% exceeds soft limit -15.0%
2026-05-30 20:23:56 | risk_manager         | WARNING | REDUCE: Drawdown -22.5% exceeds soft limit -15.0%
2026-05-30 20:23:56 | risk_manager         | WARNING | REDUCE: Drawdown -22.6% exceeds soft limit -15.0%
2026-05-30 20:23:56 | risk_manager         | WARNING | REDUCE: Drawdown -22.8% exceeds soft limit -15.0%
2026-05-30 20:23:56 | risk_manager         | WARNING | REDUCE: Drawdown -22.9% exceeds soft limit -15.0%
2026-05-30 20:24:03 | risk_manager         | INFO    | TRAILING STOP: BAJFINANCE @ 103.05 (stop=103.63)
2026-05-30 20:24:03 | risk_manager         | WARNING | REDUCE: Drawdown -22.7% exceeds soft limit -15.0%
2026-05-30 20:24:03 | risk_manager         | WARNING | REDUCE: Drawdown -23.1% exceeds soft limit -15.0%
2026-05-30 20:24:03 | risk_manager         | WARNING | REDUCE: Drawdown -23.3% exceeds soft limit -15.0%
2026-05-30 20:24:03 | risk_manager         | WARNING | REDUCE: Drawdown -23.7% exceeds soft limit -15.0%
2026-05-30 20:24:10 | risk_manager         | INFO    | TRAILING STOP: BAJAJFINSV @ 312.94 (stop=315.06)
2026-05-30 20:24:10 | risk_manager         | WARNING | REDUCE: Drawdown -23.5% exceeds soft limit -15.0%
2026-05-30 20:24:10 | risk_manager         | WARNING | REDUCE: Drawdown -23.7% exceeds soft limit -15.0%
2026-05-30 20:24:10 | risk_manager         | INFO    | TRAILING STOP: MARUTI @ 4958.15 (stop=5030.74)
2026-05-30 20:24:10 | risk_manager         | WARNING | REDUCE: Drawdown -24.6% exceeds soft limit -15.0%
2026-05-30 20:24:10 | risk_manager         | WARNING | REDUCE: Drawdown -24.1% exceeds soft limit -15.0%
2026-05-30 20:24:10 | risk_manager         | INFO    | TRAILING STOP: BAJFINANCE @ 83.36 (stop=87.22)
2026-05-30 20:24:10 | risk_manager         | WARNING | REDUCE: Drawdown -24.9% exceeds soft limit -15.0%
2026-05-30 20:24:17 | risk_manager         | WARNING | LIQUIDATE: Drawdown -26.7% exceeds limit -25.0%
2026-05-30 20:24:53 | risk_manager         | INFO    | TRAILING STOP: HINDALCO @ 152.28 (stop=156.18)
2026-05-30 20:25:51 | risk_manager         | INFO    | TRAILING STOP: MARUTI @ 5390.03 (stop=5411.93)
2026-05-30 20:25:51 | risk_manager         | INFO    | TRAILING STOP: BPCL @ 122.49 (stop=122.91)
2026-05-30 20:26:06 | risk_manager         | INFO    | TRAILING STOP: BPCL @ 119.52 (stop=123.02)
2026-05-30 20:26:13 | risk_manager         | INFO    | TRAILING STOP: TATASTEEL @ 35.53 (stop=35.61)
2026-05-30 20:26:34 | risk_manager         | INFO    | TRAILING STOP: MARUTI @ 5464.91 (stop=5470.07)
2026-05-30 20:26:49 | risk_manager         | INFO    | TIME STOP: INDUSINDBK after 60 days (max=60)
2026-05-30 20:26:49 | risk_manager         | INFO    | TRAILING STOP: MARUTI @ 5587.93 (stop=5624.12)
2026-05-30 20:26:56 | risk_manager         | INFO    | TRAILING STOP: BAJAJFINSV @ 432.34 (stop=434.34)
2026-05-30 20:27:34 | risk_manager         | INFO    | TRAILING STOP: SBIN @ 259.46 (stop=264.16)
2026-05-30 20:28:13 | risk_manager         | INFO    | TRAILING STOP: MARUTI @ 6604.21 (stop=6622.89)
2026-05-30 20:28:45 | risk_manager         | INFO    | TIME STOP: BAJFINANCE after 60 days (max=60)
2026-05-30 20:29:01 | risk_manager         | INFO    | TRAILING STOP: ADANIPORTS @ 368.21 (stop=378.35)
2026-05-30 20:29:01 | risk_manager         | INFO    | TRAILING STOP: MARUTI @ 6856.16 (stop=6960.38)
2026-05-30 20:29:50 | risk_manager         | INFO    | TRAILING STOP: BAJAJFINSV @ 521.38 (stop=532.90)
2026-05-30 20:30:31 | risk_manager         | INFO    | TRAILING STOP: BAJFINANCE @ 168.13 (stop=177.60)
2026-05-30 20:30:31 | risk_manager         | INFO    | TRAILING STOP: HDFCBANK @ 418.83 (stop=422.07)
2026-05-30 20:30:48 | risk_manager         | INFO    | TRAILING STOP: RELIANCE @ 392.17 (stop=395.25)
2026-05-30 20:31:21 | risk_manager         | INFO    | TRAILING STOP: TATASTEEL @ 51.10 (stop=51.42)
2026-05-30 20:31:21 | risk_manager         | INFO    | TRAILING STOP: HINDALCO @ 220.19 (stop=220.47)
2026-05-30 20:31:30 | risk_manager         | INFO    | TRAILING STOP: TCS @ 1028.86 (stop=1029.61)
2026-05-30 20:32:31 | risk_manager         | INFO    | TRAILING STOP: HDFCBANK @ 454.50 (stop=456.15)
2026-05-30 20:32:31 | risk_manager         | INFO    | TRAILING STOP: RELIANCE @ 399.48 (stop=406.37)
2026-05-30 20:32:31 | risk_manager         | INFO    | TRAILING STOP: DIVISLAB @ 972.13 (stop=980.15)
2026-05-30 20:32:39 | risk_manager         | INFO    | TRAILING STOP: HINDUNILVR @ 1167.37 (stop=1181.97)
2026-05-30 20:33:14 | risk_manager         | INFO    | TRAILING STOP: RELIANCE @ 393.03 (stop=397.57)
2026-05-30 20:34:54 | risk_manager         | WARNING | REDUCE: Drawdown -15.2% exceeds soft limit -15.0%
2026-05-30 20:35:12 | risk_manager         | WARNING | REDUCE: Drawdown -15.1% exceeds soft limit -15.0%
2026-05-30 20:35:31 | risk_manager         | WARNING | REDUCE: Drawdown -15.1% exceeds soft limit -15.0%
2026-05-30 20:35:40 | risk_manager         | WARNING | REDUCE: Drawdown -15.0% exceeds soft limit -15.0%
2026-05-30 20:35:40 | risk_manager         | INFO    | TRAILING STOP: LT @ 1083.07 (stop=1090.94)
2026-05-30 20:35:40 | risk_manager         | WARNING | REDUCE: Drawdown -15.8% exceeds soft limit -15.0%
2026-05-30 20:35:40 | risk_manager         | INFO    | TRAILING STOP: BAJAJFINSV @ 582.80 (stop=583.15)
2026-05-30 20:35:40 | risk_manager         | WARNING | REDUCE: Drawdown -16.7% exceeds soft limit -15.0%
2026-05-30 20:35:40 | risk_manager         | WARNING | REDUCE: Drawdown -16.4% exceeds soft limit -15.0%
2026-05-30 20:35:49 | risk_manager         | WARNING | REDUCE: Drawdown -16.8% exceeds soft limit -15.0%
2026-05-30 20:35:49 | risk_manager         | WARNING | REDUCE: Drawdown -16.6% exceeds soft limit -15.0%
2026-05-30 20:35:49 | risk_manager         | WARNING | REDUCE: Drawdown -16.4% exceeds soft limit -15.0%
2026-05-30 20:35:49 | risk_manager         | WARNING | REDUCE: Drawdown -16.4% exceeds soft limit -15.0%
2026-05-30 20:35:49 | risk_manager         | WARNING | REDUCE: Drawdown -16.4% exceeds soft limit -15.0%
2026-05-30 20:35:59 | risk_manager         | WARNING | REDUCE: Drawdown -16.4% exceeds soft limit -15.0%
2026-05-30 20:35:59 | risk_manager         | WARNING | REDUCE: Drawdown -16.4% exceeds soft limit -15.0%
2026-05-30 20:35:59 | risk_manager         | WARNING | REDUCE: Drawdown -16.0% exceeds soft limit -15.0%
2026-05-30 20:35:59 | risk_manager         | WARNING | REDUCE: Drawdown -16.0% exceeds soft limit -15.0%
2026-05-30 20:35:59 | risk_manager         | WARNING | REDUCE: Drawdown -16.0% exceeds soft limit -15.0%
2026-05-30 20:36:08 | risk_manager         | WARNING | REDUCE: Drawdown -16.3% exceeds soft limit -15.0%
2026-05-30 20:36:08 | risk_manager         | WARNING | REDUCE: Drawdown -16.6% exceeds soft limit -15.0%
2026-05-30 20:36:08 | risk_manager         | INFO    | TRAILING STOP: HINDUNILVR @ 1458.74 (stop=1477.52)
2026-05-30 20:36:08 | risk_manager         | WARNING | REDUCE: Drawdown -16.7% exceeds soft limit -15.0%
2026-05-30 20:36:08 | risk_manager         | INFO    | TRAILING STOP: KOTAKBANK @ 268.21 (stop=268.80)
2026-05-30 20:36:08 | risk_manager         | WARNING | REDUCE: Drawdown -16.9% exceeds soft limit -15.0%
2026-05-30 20:36:08 | risk_manager         | WARNING | REDUCE: Drawdown -16.5% exceeds soft limit -15.0%
2026-05-30 20:36:17 | risk_manager         | WARNING | REDUCE: Drawdown -16.6% exceeds soft limit -15.0%
2026-05-30 20:36:17 | risk_manager         | WARNING | REDUCE: Drawdown -16.7% exceeds soft limit -15.0%
2026-05-30 20:36:17 | risk_manager         | WARNING | REDUCE: Drawdown -16.8% exceeds soft limit -15.0%
2026-05-30 20:36:17 | risk_manager         | WARNING | REDUCE: Drawdown -17.0% exceeds soft limit -15.0%
2026-05-30 20:36:17 | risk_manager         | WARNING | REDUCE: Drawdown -17.0% exceeds soft limit -15.0%
2026-05-30 20:36:27 | risk_manager         | WARNING | REDUCE: Drawdown -17.5% exceeds soft limit -15.0%
2026-05-30 20:36:27 | risk_manager         | WARNING | REDUCE: Drawdown -16.8% exceeds soft limit -15.0%
2026-05-30 20:36:27 | risk_manager         | WARNING | REDUCE: Drawdown -16.5% exceeds soft limit -15.0%
2026-05-30 20:36:27 | risk_manager         | WARNING | REDUCE: Drawdown -17.0% exceeds soft limit -15.0%
2026-05-30 20:36:27 | risk_manager         | INFO    | TRAILING STOP: NESTLEIND @ 467.15 (stop=467.61)
2026-05-30 20:36:27 | risk_manager         | INFO    | TRAILING STOP: HDFCBANK @ 498.18 (stop=499.73)
2026-05-30 20:36:27 | risk_manager         | WARNING | REDUCE: Drawdown -17.2% exceeds soft limit -15.0%
2026-05-30 20:36:36 | risk_manager         | WARNING | REDUCE: Drawdown -18.1% exceeds soft limit -15.0%
2026-05-30 20:36:36 | risk_manager         | INFO    | TRAILING STOP: BRITANNIA @ 2753.77 (stop=2778.01)
2026-05-30 20:36:36 | risk_manager         | WARNING | REDUCE: Drawdown -18.3% exceeds soft limit -15.0%
2026-05-30 20:36:36 | risk_manager         | WARNING | REDUCE: Drawdown -18.1% exceeds soft limit -15.0%
2026-05-30 20:36:36 | risk_manager         | WARNING | REDUCE: Drawdown -18.3% exceeds soft limit -15.0%
2026-05-30 20:36:36 | risk_manager         | WARNING | REDUCE: Drawdown -18.3% exceeds soft limit -15.0%
2026-05-30 20:36:46 | risk_manager         | WARNING | REDUCE: Drawdown -18.5% exceeds soft limit -15.0%
2026-05-30 20:36:46 | risk_manager         | WARNING | REDUCE: Drawdown -18.4% exceeds soft limit -15.0%
2026-05-30 20:36:46 | risk_manager         | WARNING | REDUCE: Drawdown -18.4% exceeds soft limit -15.0%
2026-05-30 20:36:46 | risk_manager         | WARNING | REDUCE: Drawdown -17.9% exceeds soft limit -15.0%
2026-05-30 20:36:56 | risk_manager         | WARNING | REDUCE: Drawdown -17.9% exceeds soft limit -15.0%
2026-05-30 20:36:56 | risk_manager         | WARNING | REDUCE: Drawdown -17.8% exceeds soft limit -15.0%
2026-05-30 20:36:56 | risk_manager         | WARNING | REDUCE: Drawdown -17.0% exceeds soft limit -15.0%
2026-05-30 20:36:56 | risk_manager         | WARNING | REDUCE: Drawdown -17.1% exceeds soft limit -15.0%
2026-05-30 20:37:05 | risk_manager         | WARNING | REDUCE: Drawdown -16.9% exceeds soft limit -15.0%
2026-05-30 20:37:05 | risk_manager         | WARNING | REDUCE: Drawdown -16.8% exceeds soft limit -15.0%
2026-05-30 20:37:05 | risk_manager         | WARNING | REDUCE: Drawdown -17.0% exceeds soft limit -15.0%
2026-05-30 20:37:05 | risk_manager         | WARNING | REDUCE: Drawdown -17.1% exceeds soft limit -15.0%
2026-05-30 20:37:05 | risk_manager         | INFO    | TRAILING STOP: RELIANCE @ 552.14 (stop=560.48)
2026-05-30 20:37:05 | risk_manager         | WARNING | REDUCE: Drawdown -17.4% exceeds soft limit -15.0%
2026-05-30 20:37:15 | risk_manager         | INFO    | TRAILING STOP: HINDUNILVR @ 1507.86 (stop=1510.27)
2026-05-30 20:37:15 | risk_manager         | WARNING | REDUCE: Drawdown -18.7% exceeds soft limit -15.0%
2026-05-30 20:37:15 | risk_manager         | INFO    | TRAILING STOP: NESTLEIND @ 491.43 (stop=495.45)
2026-05-30 20:37:15 | risk_manager         | WARNING | REDUCE: Drawdown -18.5% exceeds soft limit -15.0%
2026-05-30 20:37:15 | risk_manager         | WARNING | REDUCE: Drawdown -18.8% exceeds soft limit -15.0%
2026-05-30 20:37:15 | risk_manager         | WARNING | REDUCE: Drawdown -18.7% exceeds soft limit -15.0%
2026-05-30 20:37:15 | risk_manager         | WARNING | REDUCE: Drawdown -18.7% exceeds soft limit -15.0%
2026-05-30 20:37:24 | risk_manager         | WARNING | REDUCE: Drawdown -19.5% exceeds soft limit -15.0%
2026-05-30 20:37:24 | risk_manager         | WARNING | REDUCE: Drawdown -19.8% exceeds soft limit -15.0%
2026-05-30 20:37:24 | risk_manager         | WARNING | REDUCE: Drawdown -19.5% exceeds soft limit -15.0%
2026-05-30 20:37:24 | risk_manager         | WARNING | REDUCE: Drawdown -19.2% exceeds soft limit -15.0%
2026-05-30 20:37:34 | risk_manager         | WARNING | REDUCE: Drawdown -19.3% exceeds soft limit -15.0%
2026-05-30 20:37:34 | risk_manager         | INFO    | TIME STOP: TCS after 60 days (max=60)
2026-05-30 20:37:34 | risk_manager         | WARNING | REDUCE: Drawdown -19.3% exceeds soft limit -15.0%
2026-05-30 20:37:34 | risk_manager         | WARNING | REDUCE: Drawdown -19.4% exceeds soft limit -15.0%
2026-05-30 20:37:34 | risk_manager         | INFO    | TRAILING STOP: INFY @ 580.62 (stop=583.09)
2026-05-30 20:37:34 | risk_manager         | WARNING | REDUCE: Drawdown -19.7% exceeds soft limit -15.0%
2026-05-30 20:37:43 | risk_manager         | INFO    | TRAILING STOP: M&M @ 839.47 (stop=859.47)
2026-05-30 20:37:43 | risk_manager         | INFO    | TRAILING STOP: BRITANNIA @ 2488.00 (stop=2525.98)
2026-05-30 20:37:43 | risk_manager         | WARNING | REDUCE: Drawdown -20.4% exceeds soft limit -15.0%
2026-05-30 20:37:43 | risk_manager         | WARNING | REDUCE: Drawdown -20.4% exceeds soft limit -15.0%
2026-05-30 20:37:43 | risk_manager         | WARNING | REDUCE: Drawdown -20.7% exceeds soft limit -15.0%
2026-05-30 20:37:43 | risk_manager         | WARNING | REDUCE: Drawdown -20.5% exceeds soft limit -15.0%
2026-05-30 20:37:43 | risk_manager         | WARNING | REDUCE: Drawdown -20.6% exceeds soft limit -15.0%
2026-05-30 20:37:53 | risk_manager         | WARNING | REDUCE: Drawdown -20.6% exceeds soft limit -15.0%
2026-05-30 20:37:53 | risk_manager         | INFO    | TRAILING STOP: TCS @ 1770.61 (stop=1781.69)
2026-05-30 20:37:53 | risk_manager         | WARNING | REDUCE: Drawdown -21.4% exceeds soft limit -15.0%
2026-05-30 20:37:53 | risk_manager         | INFO    | TRAILING STOP: RELIANCE @ 499.05 (stop=523.96)
2026-05-30 20:37:53 | risk_manager         | WARNING | REDUCE: Drawdown -22.5% exceeds soft limit -15.0%
2026-05-30 20:37:53 | risk_manager         | WARNING | REDUCE: Drawdown -22.6% exceeds soft limit -15.0%
2026-05-30 20:38:03 | risk_manager         | WARNING | REDUCE: Drawdown -23.0% exceeds soft limit -15.0%
2026-05-30 20:38:03 | risk_manager         | WARNING | REDUCE: Drawdown -23.0% exceeds soft limit -15.0%
2026-05-30 20:38:03 | risk_manager         | WARNING | REDUCE: Drawdown -22.9% exceeds soft limit -15.0%
2026-05-30 20:38:03 | risk_manager         | WARNING | REDUCE: Drawdown -23.1% exceeds soft limit -15.0%
2026-05-30 20:38:03 | risk_manager         | WARNING | REDUCE: Drawdown -22.9% exceeds soft limit -15.0%
2026-05-30 20:38:12 | risk_manager         | WARNING | REDUCE: Drawdown -23.2% exceeds soft limit -15.0%
2026-05-30 20:38:12 | risk_manager         | WARNING | REDUCE: Drawdown -23.2% exceeds soft limit -15.0%
2026-05-30 20:38:12 | risk_manager         | WARNING | REDUCE: Drawdown -23.1% exceeds soft limit -15.0%
2026-05-30 20:38:12 | risk_manager         | WARNING | REDUCE: Drawdown -23.4% exceeds soft limit -15.0%
2026-05-30 20:38:22 | risk_manager         | WARNING | REDUCE: Drawdown -23.9% exceeds soft limit -15.0%
2026-05-30 20:38:22 | risk_manager         | WARNING | REDUCE: Drawdown -24.0% exceeds soft limit -15.0%
2026-05-30 20:38:22 | risk_manager         | WARNING | REDUCE: Drawdown -23.9% exceeds soft limit -15.0%
2026-05-30 20:38:22 | risk_manager         | WARNING | REDUCE: Drawdown -24.0% exceeds soft limit -15.0%
2026-05-30 20:38:22 | risk_manager         | WARNING | REDUCE: Drawdown -24.2% exceeds soft limit -15.0%
2026-05-30 20:38:32 | risk_manager         | WARNING | REDUCE: Drawdown -24.4% exceeds soft limit -15.0%
2026-05-30 20:38:32 | risk_manager         | WARNING | REDUCE: Drawdown -24.4% exceeds soft limit -15.0%
2026-05-30 20:38:32 | risk_manager         | WARNING | REDUCE: Drawdown -24.1% exceeds soft limit -15.0%
2026-05-30 20:38:32 | risk_manager         | WARNING | REDUCE: Drawdown -24.3% exceeds soft limit -15.0%
2026-05-30 20:38:32 | risk_manager         | WARNING | REDUCE: Drawdown -24.3% exceeds soft limit -15.0%
2026-05-30 20:38:41 | risk_manager         | WARNING | REDUCE: Drawdown -24.9% exceeds soft limit -15.0%
2026-05-30 20:38:41 | risk_manager         | WARNING | LIQUIDATE: Drawdown -25.1% exceeds limit -25.0%
2026-05-30 20:39:31 | risk_manager         | INFO    | TRAILING STOP: ADANIENT @ 141.38 (stop=145.62)
2026-05-30 20:40:21 | risk_manager         | INFO    | TRAILING STOP: LT @ 1172.67 (stop=1174.60)
2026-05-30 20:40:31 | risk_manager         | INFO    | TRAILING STOP: ADANIENT @ 135.65 (stop=136.82)
2026-05-30 20:40:41 | risk_manager         | INFO    | TRAILING STOP: ADANIPORTS @ 312.93 (stop=337.67)
2026-05-30 20:40:51 | risk_manager         | INFO    | TRAILING STOP: BRITANNIA @ 2762.47 (stop=2763.08)
2026-05-30 20:41:01 | risk_manager         | INFO    | TRAILING STOP: NESTLEIND @ 493.86 (stop=508.80)
2026-05-30 20:41:01 | risk_manager         | INFO    | TRAILING STOP: APOLLOHOSP @ 1099.20 (stop=1142.12)
2026-05-30 20:41:01 | risk_manager         | WARNING | HALT: Daily loss -3.5% exceeds limit. Halting until 2019-02-16
2026-05-30 20:41:01 | risk_manager         | INFO    | TRAILING STOP: DIVISLAB @ 1500.34 (stop=1512.93)
2026-05-30 20:41:01 | risk_manager         | INFO    | TRAILING STOP: HINDUNILVR @ 1551.14 (stop=1561.87)
2026-05-30 20:41:11 | risk_manager         | WARNING | REDUCE: Drawdown -15.0% exceeds soft limit -15.0%
2026-05-30 20:41:21 | risk_manager         | WARNING | REDUCE: Drawdown -15.2% exceeds soft limit -15.0%
2026-05-30 20:41:21 | risk_manager         | WARNING | REDUCE: Drawdown -15.0% exceeds soft limit -15.0%
2026-05-30 20:41:21 | risk_manager         | WARNING | REDUCE: Drawdown -15.6% exceeds soft limit -15.0%
2026-05-30 20:41:21 | risk_manager         | WARNING | REDUCE: Drawdown -15.8% exceeds soft limit -15.0%
2026-05-30 20:41:31 | risk_manager         | WARNING | REDUCE: Drawdown -16.4% exceeds soft limit -15.0%
2026-05-30 20:41:31 | risk_manager         | WARNING | REDUCE: Drawdown -16.2% exceeds soft limit -15.0%
2026-05-30 20:41:31 | risk_manager         | WARNING | REDUCE: Drawdown -16.2% exceeds soft limit -15.0%
2026-05-30 20:41:31 | risk_manager         | WARNING | REDUCE: Drawdown -16.3% exceeds soft limit -15.0%
2026-05-30 20:41:31 | risk_manager         | WARNING | REDUCE: Drawdown -16.1% exceeds soft limit -15.0%
2026-05-30 20:41:42 | risk_manager         | WARNING | REDUCE: Drawdown -16.7% exceeds soft limit -15.0%
2026-05-30 20:41:42 | risk_manager         | WARNING | REDUCE: Drawdown -16.5% exceeds soft limit -15.0%
2026-05-30 20:41:42 | risk_manager         | WARNING | REDUCE: Drawdown -16.9% exceeds soft limit -15.0%
2026-05-30 20:41:42 | risk_manager         | WARNING | REDUCE: Drawdown -17.0% exceeds soft limit -15.0%
2026-05-30 20:41:52 | risk_manager         | WARNING | REDUCE: Drawdown -17.9% exceeds soft limit -15.0%
2026-05-30 20:41:52 | risk_manager         | WARNING | REDUCE: Drawdown -17.3% exceeds soft limit -15.0%
2026-05-30 20:41:52 | risk_manager         | WARNING | REDUCE: Drawdown -17.4% exceeds soft limit -15.0%
2026-05-30 20:41:52 | risk_manager         | WARNING | REDUCE: Drawdown -16.8% exceeds soft limit -15.0%
2026-05-30 20:42:02 | risk_manager         | WARNING | REDUCE: Drawdown -16.5% exceeds soft limit -15.0%
2026-05-30 20:42:02 | risk_manager         | WARNING | REDUCE: Drawdown -16.4% exceeds soft limit -15.0%
2026-05-30 20:42:02 | risk_manager         | WARNING | REDUCE: Drawdown -16.5% exceeds soft limit -15.0%
2026-05-30 20:42:02 | risk_manager         | WARNING | REDUCE: Drawdown -16.8% exceeds soft limit -15.0%
2026-05-30 20:42:02 | risk_manager         | WARNING | REDUCE: Drawdown -16.5% exceeds soft limit -15.0%
2026-05-30 20:42:12 | risk_manager         | WARNING | REDUCE: Drawdown -17.2% exceeds soft limit -15.0%
2026-05-30 20:42:12 | risk_manager         | INFO    | TRAILING STOP: ASIANPAINT @ 1364.22 (stop=1365.83)
2026-05-30 20:42:12 | risk_manager         | WARNING | REDUCE: Drawdown -17.4% exceeds soft limit -15.0%
2026-05-30 20:42:12 | risk_manager         | WARNING | REDUCE: Drawdown -17.8% exceeds soft limit -15.0%
2026-05-30 20:42:12 | risk_manager         | WARNING | REDUCE: Drawdown -17.8% exceeds soft limit -15.0%
2026-05-30 20:42:12 | risk_manager         | WARNING | REDUCE: Drawdown -17.9% exceeds soft limit -15.0%
2026-05-30 20:42:23 | risk_manager         | INFO    | TRAILING STOP: INFY @ 608.75 (stop=612.38)
2026-05-30 20:42:23 | risk_manager         | WARNING | REDUCE: Drawdown -18.2% exceeds soft limit -15.0%
2026-05-30 20:42:23 | risk_manager         | WARNING | REDUCE: Drawdown -18.2% exceeds soft limit -15.0%
2026-05-30 20:42:23 | risk_manager         | WARNING | REDUCE: Drawdown -18.1% exceeds soft limit -15.0%
2026-05-30 20:42:33 | risk_manager         | WARNING | REDUCE: Drawdown -18.9% exceeds soft limit -15.0%
2026-05-30 20:42:33 | risk_manager         | WARNING | REDUCE: Drawdown -18.7% exceeds soft limit -15.0%
2026-05-30 20:42:33 | risk_manager         | WARNING | REDUCE: Drawdown -18.2% exceeds soft limit -15.0%
2026-05-30 20:42:33 | risk_manager         | WARNING | REDUCE: Drawdown -18.3% exceeds soft limit -15.0%
2026-05-30 20:42:33 | risk_manager         | WARNING | REDUCE: Drawdown -17.8% exceeds soft limit -15.0%
2026-05-30 20:42:44 | risk_manager         | WARNING | REDUCE: Drawdown -18.6% exceeds soft limit -15.0%
2026-05-30 20:42:44 | risk_manager         | WARNING | REDUCE: Drawdown -18.5% exceeds soft limit -15.0%
2026-05-30 20:42:44 | risk_manager         | WARNING | REDUCE: Drawdown -18.4% exceeds soft limit -15.0%
2026-05-30 20:42:54 | risk_manager         | WARNING | REDUCE: Drawdown -19.3% exceeds soft limit -15.0%
2026-05-30 20:42:54 | risk_manager         | WARNING | REDUCE: Drawdown -19.8% exceeds soft limit -15.0%
2026-05-30 20:42:54 | risk_manager         | INFO    | TRAILING STOP: RELIANCE @ 577.84 (stop=595.44)
2026-05-30 20:42:54 | risk_manager         | INFO    | TRAILING STOP: BAJFINANCE @ 285.00 (stop=290.95)
2026-05-30 20:42:54 | risk_manager         | WARNING | REDUCE: Drawdown -20.3% exceeds soft limit -15.0%
2026-05-30 20:42:54 | risk_manager         | WARNING | REDUCE: Drawdown -20.7% exceeds soft limit -15.0%
2026-05-30 20:42:54 | risk_manager         | WARNING | REDUCE: Drawdown -20.5% exceeds soft limit -15.0%
2026-05-30 20:43:04 | risk_manager         | WARNING | REDUCE: Drawdown -21.1% exceeds soft limit -15.0%
2026-05-30 20:43:04 | risk_manager         | WARNING | REDUCE: Drawdown -21.2% exceeds soft limit -15.0%
2026-05-30 20:43:04 | risk_manager         | WARNING | REDUCE: Drawdown -20.7% exceeds soft limit -15.0%
2026-05-30 20:43:04 | risk_manager         | WARNING | REDUCE: Drawdown -20.1% exceeds soft limit -15.0%
2026-05-30 20:43:04 | risk_manager         | WARNING | REDUCE: Drawdown -19.1% exceeds soft limit -15.0%
2026-05-30 20:43:15 | risk_manager         | WARNING | REDUCE: Drawdown -18.8% exceeds soft limit -15.0%
2026-05-30 20:43:15 | risk_manager         | WARNING | REDUCE: Drawdown -18.8% exceeds soft limit -15.0%
2026-05-30 20:43:15 | risk_manager         | WARNING | REDUCE: Drawdown -18.6% exceeds soft limit -15.0%
2026-05-30 20:43:15 | risk_manager         | WARNING | REDUCE: Drawdown -19.0% exceeds soft limit -15.0%
2026-05-30 20:43:15 | risk_manager         | WARNING | REDUCE: Drawdown -18.4% exceeds soft limit -15.0%
2026-05-30 20:43:26 | risk_manager         | WARNING | REDUCE: Drawdown -18.5% exceeds soft limit -15.0%
2026-05-30 20:43:26 | risk_manager         | WARNING | REDUCE: Drawdown -18.7% exceeds soft limit -15.0%
2026-05-30 20:43:26 | risk_manager         | WARNING | REDUCE: Drawdown -18.9% exceeds soft limit -15.0%
2026-05-30 20:43:26 | risk_manager         | WARNING | REDUCE: Drawdown -18.6% exceeds soft limit -15.0%
2026-05-30 20:43:26 | risk_manager         | WARNING | REDUCE: Drawdown -18.7% exceeds soft limit -15.0%
2026-05-30 20:43:36 | risk_manager         | WARNING | REDUCE: Drawdown -18.6% exceeds soft limit -15.0%
2026-05-30 20:43:36 | risk_manager         | WARNING | REDUCE: Drawdown -18.5% exceeds soft limit -15.0%
2026-05-30 20:43:36 | risk_manager         | WARNING | REDUCE: Drawdown -18.9% exceeds soft limit -15.0%
2026-05-30 20:43:36 | risk_manager         | WARNING | REDUCE: Drawdown -18.7% exceeds soft limit -15.0%
2026-05-30 20:43:47 | risk_manager         | WARNING | REDUCE: Drawdown -19.0% exceeds soft limit -15.0%
2026-05-30 20:43:47 | risk_manager         | WARNING | REDUCE: Drawdown -18.8% exceeds soft limit -15.0%
2026-05-30 20:43:47 | risk_manager         | WARNING | REDUCE: Drawdown -19.0% exceeds soft limit -15.0%
2026-05-30 20:43:47 | risk_manager         | WARNING | REDUCE: Drawdown -19.0% exceeds soft limit -15.0%
2026-05-30 20:43:47 | risk_manager         | WARNING | REDUCE: Drawdown -19.1% exceeds soft limit -15.0%
2026-05-30 20:43:58 | risk_manager         | WARNING | REDUCE: Drawdown -19.8% exceeds soft limit -15.0%
2026-05-30 20:43:58 | risk_manager         | WARNING | REDUCE: Drawdown -19.6% exceeds soft limit -15.0%
2026-05-30 20:43:58 | risk_manager         | INFO    | TRAILING STOP: UPL @ 594.90 (stop=607.92)
2026-05-30 20:43:58 | risk_manager         | WARNING | REDUCE: Drawdown -20.0% exceeds soft limit -15.0%
2026-05-30 20:43:58 | risk_manager         | INFO    | TRAILING STOP: WIPRO @ 131.73 (stop=131.93)
2026-05-30 20:43:58 | risk_manager         | WARNING | REDUCE: Drawdown -19.9% exceeds soft limit -15.0%
2026-05-30 20:43:58 | risk_manager         | WARNING | REDUCE: Drawdown -20.1% exceeds soft limit -15.0%
2026-05-30 20:44:08 | risk_manager         | WARNING | REDUCE: Drawdown -20.5% exceeds soft limit -15.0%
2026-05-30 20:44:08 | risk_manager         | WARNING | REDUCE: Drawdown -20.2% exceeds soft limit -15.0%
2026-05-30 20:44:08 | risk_manager         | WARNING | REDUCE: Drawdown -20.0% exceeds soft limit -15.0%
2026-05-30 20:44:08 | risk_manager         | WARNING | REDUCE: Drawdown -19.8% exceeds soft limit -15.0%
2026-05-30 20:44:08 | risk_manager         | WARNING | REDUCE: Drawdown -19.7% exceeds soft limit -15.0%
2026-05-30 20:44:19 | risk_manager         | WARNING | REDUCE: Drawdown -20.0% exceeds soft limit -15.0%
2026-05-30 20:44:19 | risk_manager         | WARNING | REDUCE: Drawdown -20.0% exceeds soft limit -15.0%
2026-05-30 20:44:19 | risk_manager         | WARNING | REDUCE: Drawdown -20.0% exceeds soft limit -15.0%
2026-05-30 20:44:19 | risk_manager         | WARNING | REDUCE: Drawdown -20.0% exceeds soft limit -15.0%
2026-05-30 20:44:19 | risk_manager         | WARNING | REDUCE: Drawdown -20.1% exceeds soft limit -15.0%
2026-05-30 20:44:29 | risk_manager         | INFO    | TRAILING STOP: TITAN @ 1222.99 (stop=1241.74)
2026-05-30 20:44:29 | risk_manager         | WARNING | REDUCE: Drawdown -21.0% exceeds soft limit -15.0%
2026-05-30 20:44:29 | risk_manager         | WARNING | REDUCE: Drawdown -21.2% exceeds soft limit -15.0%
2026-05-30 20:44:29 | risk_manager         | WARNING | REDUCE: Drawdown -21.2% exceeds soft limit -15.0%
2026-05-30 20:44:29 | risk_manager         | WARNING | REDUCE: Drawdown -21.0% exceeds soft limit -15.0%
2026-05-30 20:44:29 | risk_manager         | INFO    | TRAILING STOP: WIPRO @ 118.87 (stop=118.89)
2026-05-30 20:44:29 | risk_manager         | WARNING | REDUCE: Drawdown -21.2% exceeds soft limit -15.0%
2026-05-30 20:44:41 | risk_manager         | WARNING | REDUCE: Drawdown -22.2% exceeds soft limit -15.0%
2026-05-30 20:44:41 | risk_manager         | WARNING | REDUCE: Drawdown -21.7% exceeds soft limit -15.0%
2026-05-30 20:44:41 | risk_manager         | WARNING | REDUCE: Drawdown -21.7% exceeds soft limit -15.0%
2026-05-30 20:44:41 | risk_manager         | WARNING | REDUCE: Drawdown -22.2% exceeds soft limit -15.0%
2026-05-30 20:44:41 | risk_manager         | WARNING | REDUCE: Drawdown -22.7% exceeds soft limit -15.0%
2026-05-30 20:44:52 | risk_manager         | INFO    | TRAILING STOP: SBIN @ 318.00 (stop=319.73)
2026-05-30 20:44:52 | risk_manager         | WARNING | REDUCE: Drawdown -23.3% exceeds soft limit -15.0%
2026-05-30 20:44:52 | risk_manager         | WARNING | REDUCE: Drawdown -23.2% exceeds soft limit -15.0%
2026-05-30 20:44:52 | risk_manager         | WARNING | REDUCE: Drawdown -23.6% exceeds soft limit -15.0%
2026-05-30 20:44:52 | risk_manager         | INFO    | TRAILING STOP: BAJFINANCE @ 297.74 (stop=297.78)
2026-05-30 20:44:52 | risk_manager         | WARNING | REDUCE: Drawdown -23.8% exceeds soft limit -15.0%
2026-05-30 20:44:52 | risk_manager         | WARNING | REDUCE: Drawdown -23.6% exceeds soft limit -15.0%
2026-05-30 20:45:02 | risk_manager         | WARNING | REDUCE: Drawdown -23.4% exceeds soft limit -15.0%
2026-05-30 20:45:02 | risk_manager         | WARNING | REDUCE: Drawdown -23.7% exceeds soft limit -15.0%
2026-05-30 20:45:02 | risk_manager         | WARNING | REDUCE: Drawdown -23.6% exceeds soft limit -15.0%
2026-05-30 20:45:02 | risk_manager         | WARNING | REDUCE: Drawdown -23.9% exceeds soft limit -15.0%
2026-05-30 20:45:02 | risk_manager         | WARNING | REDUCE: Drawdown -24.2% exceeds soft limit -15.0%
2026-05-30 20:45:14 | risk_manager         | WARNING | REDUCE: Drawdown -24.9% exceeds soft limit -15.0%
2026-05-30 20:45:14 | risk_manager         | WARNING | REDUCE: Drawdown -24.9% exceeds soft limit -15.0%
2026-05-30 20:45:14 | risk_manager         | WARNING | LIQUIDATE: Drawdown -25.0% exceeds limit -25.0%
2026-05-30 20:45:35 | risk_manager         | INFO    | TRAILING STOP: ADANIPORTS @ 331.28 (stop=334.20)
2026-05-30 20:46:19 | risk_manager         | INFO    | TRAILING STOP: TCS @ 1715.81 (stop=1731.16)
2026-05-30 20:46:30 | risk_manager         | INFO    | TRAILING STOP: INFY @ 648.62 (stop=649.49)
2026-05-30 20:47:38 | risk_manager         | INFO    | TRAILING STOP: HINDUNILVR @ 1885.34 (stop=1885.71)
2026-05-30 20:47:50 | risk_manager         | INFO    | TRAILING STOP: NESTLEIND @ 656.70 (stop=660.43)
2026-05-30 20:48:23 | risk_manager         | INFO    | TRAILING STOP: BAJFINANCE @ 386.08 (stop=386.58)
2026-05-30 20:48:57 | risk_manager         | INFO    | TRAILING STOP: RELIANCE @ 677.92 (stop=684.66)
2026-05-30 20:49:31 | risk_manager         | INFO    | TIME STOP: BAJAJFINSV after 60 days (max=60)
2026-05-30 20:49:54 | risk_manager         | INFO    | TRAILING STOP: BHARTIARTL @ 469.59 (stop=469.61)
2026-05-30 20:49:54 | risk_manager         | INFO    | TRAILING STOP: BAJAJFINSV @ 941.49 (stop=949.03)
2026-05-30 20:50:41 | risk_manager         | INFO    | TRAILING STOP: ICICIBANK @ 498.44 (stop=501.99)
2026-05-30 20:50:41 | risk_manager         | INFO    | TRAILING STOP: ADANIENT @ 231.94 (stop=235.26)
2026-05-30 20:50:41 | risk_manager         | INFO    | TRAILING STOP: BAJAJFINSV @ 902.54 (stop=920.38)
2026-05-30 20:50:41 | risk_manager         | INFO    | TRAILING STOP: BAJFINANCE @ 436.46 (stop=456.28)
2026-05-30 20:50:41 | risk_manager         | WARNING | REDUCE: Drawdown -16.7% exceeds soft limit -15.0%
2026-05-30 20:50:52 | risk_manager         | WARNING | REDUCE: Drawdown -17.4% exceeds soft limit -15.0%
2026-05-30 20:50:52 | risk_manager         | WARNING | REDUCE: Drawdown -17.0% exceeds soft limit -15.0%
2026-05-30 20:50:52 | risk_manager         | WARNING | REDUCE: Drawdown -17.0% exceeds soft limit -15.0%
2026-05-30 20:50:52 | risk_manager         | WARNING | REDUCE: Drawdown -17.0% exceeds soft limit -15.0%
2026-05-30 20:50:52 | risk_manager         | WARNING | REDUCE: Drawdown -17.3% exceeds soft limit -15.0%
2026-05-30 20:51:04 | risk_manager         | INFO    | TRAILING STOP: ICICIBANK @ 442.73 (stop=468.27)
2026-05-30 20:51:04 | risk_manager         | INFO    | TRAILING STOP: TECHM @ 564.90 (stop=574.93)
2026-05-30 20:51:04 | risk_manager         | INFO    | TRAILING STOP: ADANIENT @ 197.81 (stop=200.06)
2026-05-30 20:51:04 | risk_manager         | WARNING | REDUCE: Drawdown -18.3% exceeds soft limit -15.0%
2026-05-30 20:51:04 | risk_manager         | WARNING | REDUCE: Drawdown -18.5% exceeds soft limit -15.0%
2026-05-30 20:51:04 | risk_manager         | INFO    | TRAILING STOP: BAJAJFINSV @ 742.14 (stop=781.57)
2026-05-30 20:51:04 | risk_manager         | INFO    | TRAILING STOP: BAJFINANCE @ 365.80 (stop=374.06)
2026-05-30 20:51:16 | risk_manager         | WARNING | REDUCE: Drawdown -19.8% exceeds soft limit -15.0%
2026-05-30 20:51:16 | risk_manager         | WARNING | REDUCE: Drawdown -20.1% exceeds soft limit -15.0%
2026-05-30 20:51:16 | risk_manager         | INFO    | TRAILING STOP: APOLLOHOSP @ 1264.08 (stop=1303.49)
2026-05-30 20:51:16 | risk_manager         | INFO    | TRAILING STOP: BAJFINANCE @ 299.88 (stop=326.33)
2026-05-30 20:51:16 | risk_manager         | WARNING | REDUCE: Drawdown -21.2% exceeds soft limit -15.0%
2026-05-30 20:51:16 | risk_manager         | INFO    | TRAILING STOP: NESTLEIND @ 613.07 (stop=629.91)
2026-05-30 20:51:27 | risk_manager         | WARNING | LIQUIDATE: Drawdown -25.7% exceeds limit -25.0%
2026-05-30 20:52:52 | risk_manager         | INFO    | TRAILING STOP: AXISBANK @ 353.03 (stop=354.66)
2026-05-30 20:53:04 | risk_manager         | INFO    | TIME STOP: ADANIPORTS after 60 days (max=60)
2026-05-30 20:53:41 | risk_manager         | INFO    | TIME STOP: ADANIENT after 60 days (max=60)
2026-05-30 20:53:53 | risk_manager         | INFO    | TIME STOP: APOLLOHOSP after 60 days (max=60)
2026-05-30 20:54:29 | risk_manager         | INFO    | TRAILING STOP: ADANIPORTS @ 311.02 (stop=318.10)
2026-05-30 20:54:29 | risk_manager         | INFO    | TRAILING STOP: ADANIENT @ 147.39 (stop=148.56)
2026-05-30 20:55:19 | risk_manager         | INFO    | TRAILING STOP: EICHERMOT @ 1920.55 (stop=1944.31)
2026-05-30 20:55:57 | risk_manager         | WARNING | HALT: Daily loss -3.3% exceeds limit. Halting until 2020-09-05
2026-05-30 20:55:57 | risk_manager         | INFO    | TRAILING STOP: TATACONSUM @ 513.57 (stop=514.79)
2026-05-30 20:56:21 | risk_manager         | WARNING | HALT: Daily loss -3.1% exceeds limit. Halting until 2020-09-26
2026-05-30 20:56:21 | risk_manager         | INFO    | TRAILING STOP: TATASTEEL @ 29.61 (stop=31.01)
2026-05-30 20:56:21 | risk_manager         | INFO    | TRAILING STOP: CIPLA @ 706.46 (stop=708.70)
2026-05-30 20:56:59 | risk_manager         | INFO    | TRAILING STOP: HEROMOTOCO @ 2543.23 (stop=2589.79)
2026-05-30 20:57:11 | risk_manager         | INFO    | TRAILING STOP: INFY @ 933.67 (stop=942.94)
2026-05-30 20:58:53 | risk_manager         | WARNING | HALT: Daily loss -3.5% exceeds limit. Halting until 2020-12-26
2026-05-30 20:59:06 | risk_manager         | INFO    | TIME STOP: DIVISLAB after 60 days (max=60)
2026-05-30 20:59:19 | risk_manager         | INFO    | TRAILING STOP: ASIANPAINT @ 2587.90 (stop=2593.13)
2026-05-30 20:59:19 | risk_manager         | INFO    | TRAILING STOP: WIPRO @ 202.13 (stop=203.59)
2026-05-30 20:59:19 | risk_manager         | INFO    | TRAILING STOP: DIVISLAB @ 3535.59 (stop=3542.00)
2026-05-30 20:59:32 | risk_manager         | INFO    | TRAILING STOP: INFY @ 1155.02 (stop=1160.39)
2026-05-30 20:59:45 | risk_manager         | INFO    | TRAILING STOP: DIVISLAB @ 3268.88 (stop=3324.76)
2026-05-30 20:59:45 | risk_manager         | INFO    | TRAILING STOP: INFY @ 1090.76 (stop=1109.66)
2026-05-30 20:59:45 | risk_manager         | INFO    | TRAILING STOP: DRREDDY @ 892.06 (stop=933.25)
2026-05-30 21:02:10 | risk_manager         | INFO    | TRAILING STOP: ADANIENT @ 1071.80 (stop=1090.11)
2026-05-30 21:02:10 | risk_manager         | WARNING | HALT: Daily loss -6.7% exceeds limit. Halting until 2021-04-17
2026-05-30 21:02:10 | risk_manager         | INFO    | TRAILING STOP: GRASIM @ 1310.49 (stop=1320.05)
2026-05-30 21:02:10 | risk_manager         | INFO    | TRAILING STOP: ADANIPORTS @ 699.84 (stop=703.86)
2026-05-30 21:02:50 | risk_manager         | INFO    | TRAILING STOP: JSWSTEEL @ 670.11 (stop=683.33)
2026-05-30 21:02:50 | risk_manager         | INFO    | TRAILING STOP: HINDALCO @ 369.43 (stop=376.71)
2026-05-30 21:02:50 | risk_manager         | INFO    | TRAILING STOP: TATASTEEL @ 97.46 (stop=98.36)
2026-05-30 21:05:19 | risk_manager         | INFO    | TRAILING STOP: CIPLA @ 879.50 (stop=880.43)
2026-05-30 21:05:33 | risk_manager         | INFO    | TRAILING STOP: SBIN @ 398.51 (stop=399.52)
2026-05-30 21:06:00 | risk_manager         | INFO    | TRAILING STOP: TATASTEEL @ 121.07 (stop=123.21)
2026-05-30 21:07:09 | risk_manager         | INFO    | TRAILING STOP: TATASTEEL @ 110.29 (stop=112.53)
2026-05-30 21:07:23 | risk_manager         | INFO    | TRAILING STOP: INFY @ 1501.22 (stop=1502.57)
2026-05-30 21:07:23 | risk_manager         | INFO    | TRAILING STOP: WIPRO @ 295.46 (stop=296.51)
2026-05-30 21:07:23 | risk_manager         | INFO    | TRAILING STOP: ICICIBANK @ 671.59 (stop=674.51)
2026-05-30 21:07:23 | risk_manager         | INFO    | TRAILING STOP: DMART @ 4235.60 (stop=4246.32)
2026-05-30 21:07:23 | risk_manager         | INFO    | TRAILING STOP: BAJAJFINSV @ 1714.34 (stop=1720.74)
2026-05-30 21:08:32 | risk_manager         | INFO    | TRAILING STOP: BAJAJFINSV @ 1753.05 (stop=1775.85)
2026-05-30 21:09:00 | risk_manager         | INFO    | TRAILING STOP: SBIN @ 452.89 (stop=458.24)
2026-05-30 21:09:14 | risk_manager         | INFO    | TRAILING STOP: GRASIM @ 1651.44 (stop=1702.74)
2026-05-30 21:09:43 | risk_manager         | WARNING | HALT: Daily loss -3.1% exceeds limit. Halting until 2021-12-11
2026-05-30 21:09:43 | risk_manager         | INFO    | TRAILING STOP: BAJAJFINSV @ 1617.17 (stop=1628.41)
2026-05-30 21:10:54 | risk_manager         | INFO    | TRAILING STOP: GRASIM @ 1751.11 (stop=1756.88)
2026-05-30 21:10:54 | risk_manager         | INFO    | TRAILING STOP: UPL @ 756.23 (stop=765.69)
2026-05-30 21:10:54 | risk_manager         | INFO    | TRAILING STOP: LT @ 1859.03 (stop=1876.91)
2026-05-30 21:10:54 | risk_manager         | INFO    | TRAILING STOP: BAJAJFINSV @ 1630.25 (stop=1722.07)
2026-05-30 21:11:08 | risk_manager         | WARNING | HALT: Daily loss -4.6% exceeds limit. Halting until 2022-01-29
2026-05-30 21:11:08 | risk_manager         | INFO    | TIME STOP: ADANIENT after 60 days (max=60)
2026-05-30 21:11:08 | risk_manager         | INFO    | TRAILING STOP: TITAN @ 2345.72 (stop=2352.79)
2026-05-30 21:11:08 | risk_manager         | INFO    | TRAILING STOP: TECHM @ 1258.30 (stop=1278.86)
2026-05-30 21:11:08 | risk_manager         | WARNING | REDUCE: Drawdown -15.1% exceeds soft limit -15.0%
2026-05-30 21:11:08 | risk_manager         | WARNING | REDUCE: Drawdown -15.3% exceeds soft limit -15.0%
2026-05-30 21:11:08 | risk_manager         | WARNING | REDUCE: Drawdown -15.5% exceeds soft limit -15.0%
2026-05-30 21:11:23 | risk_manager         | WARNING | REDUCE: Drawdown -16.2% exceeds soft limit -15.0%
2026-05-30 21:11:23 | risk_manager         | WARNING | REDUCE: Drawdown -16.2% exceeds soft limit -15.0%
2026-05-30 21:11:23 | risk_manager         | WARNING | REDUCE: Drawdown -15.8% exceeds soft limit -15.0%
2026-05-30 21:11:23 | risk_manager         | WARNING | REDUCE: Drawdown -15.2% exceeds soft limit -15.0%
2026-05-30 21:11:23 | risk_manager         | WARNING | REDUCE: Drawdown -15.5% exceeds soft limit -15.0%
2026-05-30 21:11:37 | risk_manager         | WARNING | REDUCE: Drawdown -17.1% exceeds soft limit -15.0%
2026-05-30 21:11:37 | risk_manager         | WARNING | REDUCE: Drawdown -16.4% exceeds soft limit -15.0%
2026-05-30 21:11:37 | risk_manager         | WARNING | REDUCE: Drawdown -16.3% exceeds soft limit -15.0%
2026-05-30 21:11:37 | risk_manager         | WARNING | REDUCE: Drawdown -16.1% exceeds soft limit -15.0%
2026-05-30 21:11:37 | risk_manager         | WARNING | REDUCE: Drawdown -16.4% exceeds soft limit -15.0%
2026-05-30 21:11:52 | risk_manager         | INFO    | TRAILING STOP: HINDALCO @ 497.53 (stop=500.98)
2026-05-30 21:11:52 | risk_manager         | WARNING | REDUCE: Drawdown -17.5% exceeds soft limit -15.0%
2026-05-30 21:11:52 | risk_manager         | WARNING | REDUCE: Drawdown -17.6% exceeds soft limit -15.0%
2026-05-30 21:11:52 | risk_manager         | WARNING | REDUCE: Drawdown -17.8% exceeds soft limit -15.0%
2026-05-30 21:11:52 | risk_manager         | INFO    | TRAILING STOP: ONGC @ 122.03 (stop=122.98)
2026-05-30 21:11:52 | risk_manager         | WARNING | REDUCE: Drawdown -18.5% exceeds soft limit -15.0%
2026-05-30 21:11:52 | risk_manager         | WARNING | REDUCE: Drawdown -18.3% exceeds soft limit -15.0%
2026-05-30 21:12:06 | risk_manager         | WARNING | REDUCE: Drawdown -18.9% exceeds soft limit -15.0%
2026-05-30 21:12:06 | risk_manager         | WARNING | REDUCE: Drawdown -18.9% exceeds soft limit -15.0%
2026-05-30 21:12:06 | risk_manager         | WARNING | REDUCE: Drawdown -18.9% exceeds soft limit -15.0%
2026-05-30 21:12:06 | risk_manager         | WARNING | REDUCE: Drawdown -19.0% exceeds soft limit -15.0%
2026-05-30 21:12:21 | risk_manager         | WARNING | REDUCE: Drawdown -19.3% exceeds soft limit -15.0%
2026-05-30 21:12:21 | risk_manager         | WARNING | REDUCE: Drawdown -19.3% exceeds soft limit -15.0%
2026-05-30 21:12:21 | risk_manager         | WARNING | REDUCE: Drawdown -19.2% exceeds soft limit -15.0%
2026-05-30 21:12:21 | risk_manager         | WARNING | REDUCE: Drawdown -19.1% exceeds soft limit -15.0%
2026-05-30 21:12:21 | risk_manager         | WARNING | REDUCE: Drawdown -19.1% exceeds soft limit -15.0%
2026-05-30 21:12:35 | risk_manager         | WARNING | REDUCE: Drawdown -19.2% exceeds soft limit -15.0%
2026-05-30 21:12:35 | risk_manager         | WARNING | REDUCE: Drawdown -19.3% exceeds soft limit -15.0%
2026-05-30 21:12:35 | risk_manager         | WARNING | REDUCE: Drawdown -19.2% exceeds soft limit -15.0%
2026-05-30 21:12:35 | risk_manager         | WARNING | REDUCE: Drawdown -19.1% exceeds soft limit -15.0%
2026-05-30 21:12:49 | risk_manager         | WARNING | REDUCE: Drawdown -20.0% exceeds soft limit -15.0%
2026-05-30 21:12:49 | risk_manager         | WARNING | REDUCE: Drawdown -19.7% exceeds soft limit -15.0%
2026-05-30 21:12:49 | risk_manager         | WARNING | REDUCE: Drawdown -20.0% exceeds soft limit -15.0%
2026-05-30 21:12:49 | risk_manager         | WARNING | REDUCE: Drawdown -20.0% exceeds soft limit -15.0%
2026-05-30 21:12:49 | risk_manager         | WARNING | REDUCE: Drawdown -20.3% exceeds soft limit -15.0%
2026-05-30 21:13:04 | risk_manager         | WARNING | REDUCE: Drawdown -20.8% exceeds soft limit -15.0%
2026-05-30 21:13:04 | risk_manager         | WARNING | REDUCE: Drawdown -20.5% exceeds soft limit -15.0%
2026-05-30 21:13:04 | risk_manager         | WARNING | REDUCE: Drawdown -21.1% exceeds soft limit -15.0%
2026-05-30 21:13:04 | risk_manager         | INFO    | TRAILING STOP: HINDALCO @ 553.41 (stop=564.28)
2026-05-30 21:13:04 | risk_manager         | WARNING | REDUCE: Drawdown -21.2% exceeds soft limit -15.0%
2026-05-30 21:13:04 | risk_manager         | WARNING | REDUCE: Drawdown -21.2% exceeds soft limit -15.0%
2026-05-30 21:13:18 | risk_manager         | WARNING | REDUCE: Drawdown -21.3% exceeds soft limit -15.0%
2026-05-30 21:13:18 | risk_manager         | WARNING | REDUCE: Drawdown -21.1% exceeds soft limit -15.0%
2026-05-30 21:13:18 | risk_manager         | WARNING | REDUCE: Drawdown -20.6% exceeds soft limit -15.0%
2026-05-30 21:13:18 | risk_manager         | WARNING | REDUCE: Drawdown -20.9% exceeds soft limit -15.0%
2026-05-30 21:13:18 | risk_manager         | WARNING | REDUCE: Drawdown -20.7% exceeds soft limit -15.0%
2026-05-30 21:13:33 | risk_manager         | WARNING | REDUCE: Drawdown -21.6% exceeds soft limit -15.0%
2026-05-30 21:13:33 | risk_manager         | WARNING | REDUCE: Drawdown -22.2% exceeds soft limit -15.0%
2026-05-30 21:13:33 | risk_manager         | WARNING | REDUCE: Drawdown -22.1% exceeds soft limit -15.0%
2026-05-30 21:13:47 | risk_manager         | INFO    | TRAILING STOP: INFY @ 1455.54 (stop=1546.55)
2026-05-30 21:13:47 | risk_manager         | WARNING | REDUCE: Drawdown -22.7% exceeds soft limit -15.0%
2026-05-30 21:13:47 | risk_manager         | WARNING | REDUCE: Drawdown -23.0% exceeds soft limit -15.0%
2026-05-30 21:13:47 | risk_manager         | WARNING | REDUCE: Drawdown -23.0% exceeds soft limit -15.0%
2026-05-30 21:13:47 | risk_manager         | WARNING | REDUCE: Drawdown -22.8% exceeds soft limit -15.0%
2026-05-30 21:13:47 | risk_manager         | WARNING | REDUCE: Drawdown -23.2% exceeds soft limit -15.0%
2026-05-30 21:14:02 | risk_manager         | INFO    | TRAILING STOP: HINDALCO @ 481.50 (stop=483.93)
2026-05-30 21:14:02 | risk_manager         | WARNING | REDUCE: Drawdown -23.9% exceeds soft limit -15.0%
2026-05-30 21:14:02 | risk_manager         | WARNING | REDUCE: Drawdown -23.9% exceeds soft limit -15.0%
2026-05-30 21:14:02 | risk_manager         | WARNING | REDUCE: Drawdown -23.9% exceeds soft limit -15.0%
2026-05-30 21:14:02 | risk_manager         | WARNING | REDUCE: Drawdown -23.9% exceeds soft limit -15.0%
2026-05-30 21:14:02 | risk_manager         | WARNING | REDUCE: Drawdown -23.9% exceeds soft limit -15.0%
2026-05-30 21:14:16 | risk_manager         | WARNING | REDUCE: Drawdown -24.3% exceeds soft limit -15.0%
2026-05-30 21:14:16 | risk_manager         | WARNING | REDUCE: Drawdown -24.3% exceeds soft limit -15.0%
2026-05-30 21:14:16 | risk_manager         | WARNING | REDUCE: Drawdown -24.3% exceeds soft limit -15.0%
2026-05-30 21:14:16 | risk_manager         | WARNING | REDUCE: Drawdown -24.3% exceeds soft limit -15.0%
2026-05-30 21:14:31 | risk_manager         | WARNING | REDUCE: Drawdown -24.6% exceeds soft limit -15.0%
2026-05-30 21:14:31 | risk_manager         | WARNING | REDUCE: Drawdown -24.6% exceeds soft limit -15.0%
2026-05-30 21:14:31 | risk_manager         | WARNING | REDUCE: Drawdown -24.6% exceeds soft limit -15.0%
2026-05-30 21:14:31 | risk_manager         | WARNING | REDUCE: Drawdown -24.6% exceeds soft limit -15.0%
2026-05-30 21:14:31 | risk_manager         | WARNING | REDUCE: Drawdown -24.7% exceeds soft limit -15.0%
2026-05-30 21:14:47 | risk_manager         | WARNING | REDUCE: Drawdown -25.0% exceeds soft limit -15.0%
2026-05-30 21:14:47 | risk_manager         | WARNING | REDUCE: Drawdown -24.6% exceeds soft limit -15.0%
2026-05-30 21:14:47 | risk_manager         | WARNING | REDUCE: Drawdown -24.5% exceeds soft limit -15.0%
2026-05-30 21:14:47 | risk_manager         | WARNING | REDUCE: Drawdown -24.7% exceeds soft limit -15.0%
2026-05-30 21:14:47 | risk_manager         | WARNING | REDUCE: Drawdown -24.5% exceeds soft limit -15.0%
2026-05-30 21:15:01 | risk_manager         | WARNING | LIQUIDATE: Drawdown -25.0% exceeds limit -25.0%
2026-05-30 21:15:45 | risk_manager         | INFO    | TRAILING STOP: AXISBANK @ 632.26 (stop=641.13)
2026-05-30 21:19:29 | risk_manager         | INFO    | TRAILING STOP: ICICIBANK @ 840.25 (stop=854.15)
2026-05-30 21:19:29 | risk_manager         | WARNING | HALT: Daily loss -3.1% exceeds limit. Halting until 2022-10-01
2026-05-30 21:19:29 | risk_manager         | INFO    | TRAILING STOP: JSWSTEEL @ 607.51 (stop=623.67)
2026-05-30 21:21:00 | risk_manager         | INFO    | TRAILING STOP: M&M @ 1245.69 (stop=1249.18)
2026-05-30 21:21:00 | risk_manager         | INFO    | TRAILING STOP: ITC @ 283.88 (stop=284.10)
2026-05-30 21:21:46 | risk_manager         | INFO    | TRAILING STOP: SUNPHARMA @ 946.47 (stop=968.97)
2026-05-30 21:22:17 | risk_manager         | INFO    | TRAILING STOP: ITC @ 269.84 (stop=270.68)
2026-05-30 21:22:17 | risk_manager         | INFO    | TRAILING STOP: RELIANCE @ 1142.25 (stop=1144.12)
2026-05-30 21:22:17 | risk_manager         | INFO    | TRAILING STOP: COALINDIA @ 171.45 (stop=172.68)
2026-05-30 21:23:20 | risk_manager         | INFO    | TRAILING STOP: AXISBANK @ 910.74 (stop=919.36)
2026-05-30 21:23:20 | risk_manager         | WARNING | REDUCE: Drawdown -15.0% exceeds soft limit -15.0%
2026-05-30 21:23:20 | risk_manager         | WARNING | REDUCE: Drawdown -15.1% exceeds soft limit -15.0%
2026-05-30 21:23:35 | risk_manager         | WARNING | REDUCE: Drawdown -15.9% exceeds soft limit -15.0%
2026-05-30 21:23:35 | risk_manager         | WARNING | REDUCE: Drawdown -16.1% exceeds soft limit -15.0%
2026-05-30 21:23:35 | risk_manager         | INFO    | TRAILING STOP: INDUSINDBK @ 1131.05 (stop=1133.68)
2026-05-30 21:23:35 | risk_manager         | WARNING | REDUCE: Drawdown -16.6% exceeds soft limit -15.0%
2026-05-30 21:23:35 | risk_manager         | INFO    | TRAILING STOP: AXISBANK @ 871.44 (stop=886.30)
2026-05-30 21:23:35 | risk_manager         | INFO    | TRAILING STOP: HDFCBANK @ 777.47 (stop=780.81)
2026-05-30 21:23:35 | risk_manager         | WARNING | REDUCE: Drawdown -17.1% exceeds soft limit -15.0%
2026-05-30 21:23:51 | risk_manager         | WARNING | REDUCE: Drawdown -17.7% exceeds soft limit -15.0%
2026-05-30 21:23:51 | risk_manager         | WARNING | REDUCE: Drawdown -17.4% exceeds soft limit -15.0%
2026-05-30 21:23:51 | risk_manager         | WARNING | REDUCE: Drawdown -17.6% exceeds soft limit -15.0%
2026-05-30 21:23:51 | risk_manager         | INFO    | TRAILING STOP: SUNPHARMA @ 972.33 (stop=974.46)
2026-05-30 21:23:51 | risk_manager         | WARNING | REDUCE: Drawdown -17.1% exceeds soft limit -15.0%
2026-05-30 21:23:51 | risk_manager         | WARNING | REDUCE: Drawdown -16.9% exceeds soft limit -15.0%
2026-05-30 21:24:06 | risk_manager         | WARNING | REDUCE: Drawdown -17.5% exceeds soft limit -15.0%
2026-05-30 21:24:06 | risk_manager         | INFO    | TRAILING STOP: TATASTEEL @ 103.38 (stop=103.76)
2026-05-30 21:24:06 | risk_manager         | WARNING | REDUCE: Drawdown -18.1% exceeds soft limit -15.0%
2026-05-30 21:24:06 | risk_manager         | WARNING | REDUCE: Drawdown -18.2% exceeds soft limit -15.0%
2026-05-30 21:24:06 | risk_manager         | WARNING | REDUCE: Drawdown -18.2% exceeds soft limit -15.0%
2026-05-30 21:24:06 | risk_manager         | WARNING | REDUCE: Drawdown -18.3% exceeds soft limit -15.0%
2026-05-30 21:24:21 | risk_manager         | WARNING | REDUCE: Drawdown -18.6% exceeds soft limit -15.0%
2026-05-30 21:24:21 | risk_manager         | WARNING | REDUCE: Drawdown -18.5% exceeds soft limit -15.0%
2026-05-30 21:24:21 | risk_manager         | WARNING | REDUCE: Drawdown -18.4% exceeds soft limit -15.0%
2026-05-30 21:24:21 | risk_manager         | WARNING | REDUCE: Drawdown -18.4% exceeds soft limit -15.0%
2026-05-30 21:24:21 | risk_manager         | WARNING | REDUCE: Drawdown -18.3% exceeds soft limit -15.0%
2026-05-30 21:24:37 | risk_manager         | WARNING | REDUCE: Drawdown -18.7% exceeds soft limit -15.0%
2026-05-30 21:24:37 | risk_manager         | WARNING | REDUCE: Drawdown -18.8% exceeds soft limit -15.0%
2026-05-30 21:24:37 | risk_manager         | WARNING | REDUCE: Drawdown -18.9% exceeds soft limit -15.0%
2026-05-30 21:24:37 | risk_manager         | WARNING | REDUCE: Drawdown -18.7% exceeds soft limit -15.0%
2026-05-30 21:24:37 | risk_manager         | WARNING | REDUCE: Drawdown -18.8% exceeds soft limit -15.0%
2026-05-30 21:24:52 | risk_manager         | WARNING | REDUCE: Drawdown -19.3% exceeds soft limit -15.0%
2026-05-30 21:24:52 | risk_manager         | WARNING | REDUCE: Drawdown -19.4% exceeds soft limit -15.0%
2026-05-30 21:24:52 | risk_manager         | WARNING | REDUCE: Drawdown -19.4% exceeds soft limit -15.0%
2026-05-30 21:24:52 | risk_manager         | WARNING | REDUCE: Drawdown -19.4% exceeds soft limit -15.0%
2026-05-30 21:24:52 | risk_manager         | WARNING | REDUCE: Drawdown -19.3% exceeds soft limit -15.0%
2026-05-30 21:25:08 | risk_manager         | WARNING | REDUCE: Drawdown -19.8% exceeds soft limit -15.0%
2026-05-30 21:25:08 | risk_manager         | WARNING | REDUCE: Drawdown -19.6% exceeds soft limit -15.0%
2026-05-30 21:25:08 | risk_manager         | WARNING | REDUCE: Drawdown -19.7% exceeds soft limit -15.0%
2026-05-30 21:25:08 | risk_manager         | WARNING | REDUCE: Drawdown -19.6% exceeds soft limit -15.0%
2026-05-30 21:25:39 | risk_manager         | WARNING | REDUCE: Drawdown -20.3% exceeds soft limit -15.0%
2026-05-30 21:25:39 | risk_manager         | WARNING | REDUCE: Drawdown -20.3% exceeds soft limit -15.0%
2026-05-30 21:25:39 | risk_manager         | WARNING | REDUCE: Drawdown -20.3% exceeds soft limit -15.0%
2026-05-30 21:25:39 | risk_manager         | WARNING | REDUCE: Drawdown -20.2% exceeds soft limit -15.0%
2026-05-30 21:25:39 | risk_manager         | WARNING | REDUCE: Drawdown -20.3% exceeds soft limit -15.0%
2026-05-30 21:25:55 | risk_manager         | WARNING | REDUCE: Drawdown -20.9% exceeds soft limit -15.0%
2026-05-30 21:25:55 | risk_manager         | WARNING | REDUCE: Drawdown -20.9% exceeds soft limit -15.0%
2026-05-30 21:25:55 | risk_manager         | WARNING | REDUCE: Drawdown -20.8% exceeds soft limit -15.0%
2026-05-30 21:25:55 | risk_manager         | WARNING | REDUCE: Drawdown -20.7% exceeds soft limit -15.0%
2026-05-30 21:26:26 | risk_manager         | WARNING | REDUCE: Drawdown -21.4% exceeds soft limit -15.0%
2026-05-30 21:26:26 | risk_manager         | WARNING | REDUCE: Drawdown -20.8% exceeds soft limit -15.0%
2026-05-30 21:26:26 | risk_manager         | WARNING | REDUCE: Drawdown -20.2% exceeds soft limit -15.0%
2026-05-30 21:26:26 | risk_manager         | WARNING | REDUCE: Drawdown -20.3% exceeds soft limit -15.0%
2026-05-30 21:26:42 | risk_manager         | WARNING | REDUCE: Drawdown -21.1% exceeds soft limit -15.0%
2026-05-30 21:26:42 | risk_manager         | WARNING | REDUCE: Drawdown -21.0% exceeds soft limit -15.0%
2026-05-30 21:26:42 | risk_manager         | WARNING | REDUCE: Drawdown -21.1% exceeds soft limit -15.0%
2026-05-30 21:26:42 | risk_manager         | WARNING | REDUCE: Drawdown -21.1% exceeds soft limit -15.0%
2026-05-30 21:26:42 | risk_manager         | WARNING | REDUCE: Drawdown -21.0% exceeds soft limit -15.0%
2026-05-30 21:26:58 | risk_manager         | WARNING | REDUCE: Drawdown -21.3% exceeds soft limit -15.0%
2026-05-30 21:26:58 | risk_manager         | WARNING | REDUCE: Drawdown -21.3% exceeds soft limit -15.0%
2026-05-30 21:26:58 | risk_manager         | WARNING | REDUCE: Drawdown -21.3% exceeds soft limit -15.0%
2026-05-30 21:26:58 | risk_manager         | WARNING | REDUCE: Drawdown -21.1% exceeds soft limit -15.0%
2026-05-30 21:26:58 | risk_manager         | WARNING | REDUCE: Drawdown -20.9% exceeds soft limit -15.0%
2026-05-30 21:27:14 | risk_manager         | WARNING | REDUCE: Drawdown -21.3% exceeds soft limit -15.0%
2026-05-30 21:27:14 | risk_manager         | WARNING | REDUCE: Drawdown -21.3% exceeds soft limit -15.0%
2026-05-30 21:27:14 | risk_manager         | WARNING | REDUCE: Drawdown -21.3% exceeds soft limit -15.0%
2026-05-30 21:27:14 | risk_manager         | WARNING | REDUCE: Drawdown -21.2% exceeds soft limit -15.0%
2026-05-30 21:27:30 | risk_manager         | WARNING | REDUCE: Drawdown -21.7% exceeds soft limit -15.0%
2026-05-30 21:27:30 | risk_manager         | WARNING | REDUCE: Drawdown -21.7% exceeds soft limit -15.0%
2026-05-30 21:27:30 | risk_manager         | WARNING | REDUCE: Drawdown -21.7% exceeds soft limit -15.0%
2026-05-30 21:27:30 | risk_manager         | INFO    | TRAILING STOP: DRREDDY @ 888.44 (stop=936.39)
2026-05-30 21:27:30 | risk_manager         | WARNING | REDUCE: Drawdown -22.0% exceeds soft limit -15.0%
2026-05-30 21:27:30 | risk_manager         | WARNING | REDUCE: Drawdown -22.2% exceeds soft limit -15.0%
2026-05-30 21:27:46 | risk_manager         | WARNING | REDUCE: Drawdown -22.7% exceeds soft limit -15.0%
2026-05-30 21:27:46 | risk_manager         | WARNING | REDUCE: Drawdown -22.6% exceeds soft limit -15.0%
2026-05-30 21:27:46 | risk_manager         | WARNING | REDUCE: Drawdown -22.7% exceeds soft limit -15.0%
2026-05-30 21:27:46 | risk_manager         | WARNING | REDUCE: Drawdown -22.8% exceeds soft limit -15.0%
2026-05-30 21:27:46 | risk_manager         | WARNING | REDUCE: Drawdown -22.8% exceeds soft limit -15.0%
2026-05-30 21:28:02 | risk_manager         | WARNING | REDUCE: Drawdown -23.3% exceeds soft limit -15.0%
2026-05-30 21:28:02 | risk_manager         | WARNING | REDUCE: Drawdown -23.3% exceeds soft limit -15.0%
2026-05-30 21:28:02 | risk_manager         | WARNING | REDUCE: Drawdown -23.3% exceeds soft limit -15.0%
2026-05-30 21:28:02 | risk_manager         | WARNING | REDUCE: Drawdown -23.3% exceeds soft limit -15.0%
2026-05-30 21:28:02 | risk_manager         | WARNING | REDUCE: Drawdown -23.3% exceeds soft limit -15.0%
2026-05-30 21:28:18 | risk_manager         | WARNING | REDUCE: Drawdown -23.5% exceeds soft limit -15.0%
2026-05-30 21:28:18 | risk_manager         | WARNING | REDUCE: Drawdown -23.3% exceeds soft limit -15.0%
2026-05-30 21:28:18 | risk_manager         | WARNING | REDUCE: Drawdown -23.6% exceeds soft limit -15.0%
2026-05-30 21:28:18 | risk_manager         | INFO    | TRAILING STOP: COALINDIA @ 188.14 (stop=192.99)
2026-05-30 21:28:18 | risk_manager         | WARNING | REDUCE: Drawdown -23.9% exceeds soft limit -15.0%
2026-05-30 21:28:18 | risk_manager         | WARNING | REDUCE: Drawdown -24.0% exceeds soft limit -15.0%
2026-05-30 21:28:34 | risk_manager         | WARNING | REDUCE: Drawdown -24.8% exceeds soft limit -15.0%
2026-05-30 21:28:34 | risk_manager         | WARNING | REDUCE: Drawdown -24.9% exceeds soft limit -15.0%
2026-05-30 21:28:34 | risk_manager         | WARNING | REDUCE: Drawdown -24.6% exceeds soft limit -15.0%
2026-05-30 21:28:34 | risk_manager         | WARNING | REDUCE: Drawdown -24.8% exceeds soft limit -15.0%
2026-05-30 21:28:34 | risk_manager         | WARNING | REDUCE: Drawdown -24.9% exceeds soft limit -15.0%
2026-05-30 21:28:51 | risk_manager         | WARNING | LIQUIDATE: Drawdown -25.5% exceeds limit -25.0%
2026-05-30 21:29:07 | risk_manager         | INFO    | TRAILING STOP: BAJFINANCE @ 692.26 (stop=701.27)
2026-05-30 21:30:29 | risk_manager         | INFO    | TRAILING STOP: ITC @ 404.59 (stop=407.22)
2026-05-30 21:31:51 | risk_manager         | INFO    | TRAILING STOP: DRREDDY @ 1116.22 (stop=1122.79)
2026-05-30 21:33:13 | risk_manager         | INFO    | TRAILING STOP: ONGC @ 157.54 (stop=158.62)
2026-05-30 21:33:13 | risk_manager         | INFO    | TRAILING STOP: AXISBANK @ 993.93 (stop=994.95)
2026-05-30 21:33:13 | risk_manager         | WARNING | REDUCE: Drawdown -15.4% exceeds soft limit -15.0%
2026-05-30 21:33:13 | risk_manager         | WARNING | REDUCE: Drawdown -15.6% exceeds soft limit -15.0%
2026-05-30 21:33:13 | risk_manager         | WARNING | REDUCE: Drawdown -15.5% exceeds soft limit -15.0%
2026-05-30 21:33:29 | risk_manager         | WARNING | REDUCE: Drawdown -16.4% exceeds soft limit -15.0%
2026-05-30 21:33:29 | risk_manager         | WARNING | REDUCE: Drawdown -16.2% exceeds soft limit -15.0%
2026-05-30 21:33:29 | risk_manager         | WARNING | REDUCE: Drawdown -16.3% exceeds soft limit -15.0%
2026-05-30 21:33:29 | risk_manager         | WARNING | REDUCE: Drawdown -16.2% exceeds soft limit -15.0%
2026-05-30 21:33:29 | risk_manager         | WARNING | REDUCE: Drawdown -16.1% exceeds soft limit -15.0%
2026-05-30 21:33:46 | risk_manager         | WARNING | REDUCE: Drawdown -16.5% exceeds soft limit -15.0%
2026-05-30 21:33:46 | risk_manager         | WARNING | REDUCE: Drawdown -16.5% exceeds soft limit -15.0%
2026-05-30 21:33:46 | risk_manager         | WARNING | REDUCE: Drawdown -16.5% exceeds soft limit -15.0%
2026-05-30 21:33:46 | risk_manager         | WARNING | REDUCE: Drawdown -16.6% exceeds soft limit -15.0%
2026-05-30 21:33:46 | risk_manager         | WARNING | REDUCE: Drawdown -16.6% exceeds soft limit -15.0%
2026-05-30 21:34:02 | risk_manager         | WARNING | REDUCE: Drawdown -17.7% exceeds soft limit -15.0%
2026-05-30 21:34:02 | risk_manager         | WARNING | REDUCE: Drawdown -17.7% exceeds soft limit -15.0%
2026-05-30 21:34:02 | risk_manager         | WARNING | REDUCE: Drawdown -17.7% exceeds soft limit -15.0%
2026-05-30 21:34:02 | risk_manager         | WARNING | REDUCE: Drawdown -17.5% exceeds soft limit -15.0%
2026-05-30 21:34:19 | risk_manager         | WARNING | REDUCE: Drawdown -18.5% exceeds soft limit -15.0%
2026-05-30 21:34:19 | risk_manager         | WARNING | REDUCE: Drawdown -18.5% exceeds soft limit -15.0%
2026-05-30 21:34:19 | risk_manager         | WARNING | REDUCE: Drawdown -18.7% exceeds soft limit -15.0%
2026-05-30 21:34:19 | risk_manager         | WARNING | REDUCE: Drawdown -18.6% exceeds soft limit -15.0%
2026-05-30 21:34:19 | risk_manager         | WARNING | REDUCE: Drawdown -18.4% exceeds soft limit -15.0%
2026-05-30 21:36:24 | risk_manager         | WARNING | HALT: Daily loss -3.4% exceeds limit. Halting until 2013-05-18
2026-05-30 21:36:44 | risk_manager         | WARNING | REDUCE: Drawdown -15.0% exceeds soft limit -15.0%
2026-05-30 21:36:44 | risk_manager         | WARNING | REDUCE: Drawdown -15.2% exceeds soft limit -15.0%
2026-05-30 21:36:44 | risk_manager         | WARNING | REDUCE: Drawdown -15.5% exceeds soft limit -15.0%
2026-05-30 21:36:44 | risk_manager         | WARNING | REDUCE: Drawdown -15.3% exceeds soft limit -15.0%
2026-05-30 21:36:44 | risk_manager         | WARNING | REDUCE: Drawdown -15.2% exceeds soft limit -15.0%
2026-05-30 21:36:44 | risk_manager         | WARNING | REDUCE: Drawdown -15.4% exceeds soft limit -15.0%
2026-05-30 21:36:44 | risk_manager         | WARNING | REDUCE: Drawdown -15.8% exceeds soft limit -15.0%
2026-05-30 21:36:44 | risk_manager         | WARNING | REDUCE: Drawdown -16.0% exceeds soft limit -15.0%
2026-05-30 21:36:44 | risk_manager         | WARNING | REDUCE: Drawdown -15.7% exceeds soft limit -15.0%
2026-05-30 21:36:44 | risk_manager         | WARNING | REDUCE: Drawdown -15.4% exceeds soft limit -15.0%
2026-05-30 21:36:47 | risk_manager         | WARNING | REDUCE: Drawdown -15.6% exceeds soft limit -15.0%
2026-05-30 21:36:47 | risk_manager         | WARNING | REDUCE: Drawdown -16.1% exceeds soft limit -15.0%
2026-05-30 21:36:47 | risk_manager         | WARNING | REDUCE: Drawdown -16.0% exceeds soft limit -15.0%
2026-05-30 21:36:47 | risk_manager         | WARNING | REDUCE: Drawdown -16.0% exceeds soft limit -15.0%
2026-05-30 21:36:47 | risk_manager         | WARNING | REDUCE: Drawdown -15.7% exceeds soft limit -15.0%
2026-05-30 21:36:47 | risk_manager         | WARNING | REDUCE: Drawdown -15.4% exceeds soft limit -15.0%
2026-05-30 21:36:47 | risk_manager         | WARNING | REDUCE: Drawdown -15.5% exceeds soft limit -15.0%
2026-05-30 21:36:47 | risk_manager         | WARNING | REDUCE: Drawdown -15.6% exceeds soft limit -15.0%
2026-05-30 21:36:47 | risk_manager         | WARNING | REDUCE: Drawdown -15.3% exceeds soft limit -15.0%
2026-05-30 21:36:51 | risk_manager         | WARNING | REDUCE: Drawdown -16.3% exceeds soft limit -15.0%
2026-05-30 21:36:51 | risk_manager         | WARNING | REDUCE: Drawdown -15.6% exceeds soft limit -15.0%
2026-05-30 21:36:51 | risk_manager         | WARNING | REDUCE: Drawdown -15.5% exceeds soft limit -15.0%
2026-05-30 21:36:51 | risk_manager         | WARNING | REDUCE: Drawdown -15.6% exceeds soft limit -15.0%
2026-05-30 21:36:51 | risk_manager         | WARNING | REDUCE: Drawdown -15.3% exceeds soft limit -15.0%
2026-05-30 21:36:51 | risk_manager         | WARNING | REDUCE: Drawdown -15.1% exceeds soft limit -15.0%
2026-05-30 21:36:51 | risk_manager         | WARNING | REDUCE: Drawdown -15.0% exceeds soft limit -15.0%
2026-05-30 21:36:51 | risk_manager         | WARNING | REDUCE: Drawdown -15.1% exceeds soft limit -15.0%
2026-05-30 21:36:55 | risk_manager         | WARNING | REDUCE: Drawdown -15.9% exceeds soft limit -15.0%
2026-05-30 21:36:55 | risk_manager         | WARNING | REDUCE: Drawdown -15.9% exceeds soft limit -15.0%
2026-05-30 21:36:55 | risk_manager         | WARNING | REDUCE: Drawdown -15.1% exceeds soft limit -15.0%
2026-05-30 21:36:55 | risk_manager         | WARNING | REDUCE: Drawdown -15.3% exceeds soft limit -15.0%
2026-05-30 21:36:55 | risk_manager         | WARNING | REDUCE: Drawdown -15.5% exceeds soft limit -15.0%
2026-05-30 21:36:55 | risk_manager         | WARNING | REDUCE: Drawdown -15.5% exceeds soft limit -15.0%
2026-05-30 21:36:55 | risk_manager         | WARNING | REDUCE: Drawdown -15.1% exceeds soft limit -15.0%
2026-05-30 21:36:55 | risk_manager         | WARNING | REDUCE: Drawdown -15.0% exceeds soft limit -15.0%
2026-05-30 21:37:00 | risk_manager         | WARNING | REDUCE: Drawdown -15.7% exceeds soft limit -15.0%
2026-05-30 21:37:00 | risk_manager         | WARNING | REDUCE: Drawdown -15.3% exceeds soft limit -15.0%
2026-05-30 21:37:00 | risk_manager         | WARNING | REDUCE: Drawdown -15.4% exceeds soft limit -15.0%
2026-05-30 21:37:00 | risk_manager         | WARNING | REDUCE: Drawdown -16.6% exceeds soft limit -15.0%
2026-05-30 21:37:00 | risk_manager         | WARNING | REDUCE: Drawdown -16.6% exceeds soft limit -15.0%
2026-05-30 21:37:04 | risk_manager         | WARNING | REDUCE: Drawdown -17.0% exceeds soft limit -15.0%
2026-05-30 21:37:04 | risk_manager         | WARNING | REDUCE: Drawdown -16.7% exceeds soft limit -15.0%
2026-05-30 21:37:04 | risk_manager         | WARNING | REDUCE: Drawdown -16.2% exceeds soft limit -15.0%
2026-05-30 21:37:04 | risk_manager         | WARNING | REDUCE: Drawdown -16.4% exceeds soft limit -15.0%
2026-05-30 21:37:04 | risk_manager         | WARNING | REDUCE: Drawdown -16.6% exceeds soft limit -15.0%
2026-05-30 21:37:04 | risk_manager         | WARNING | REDUCE: Drawdown -16.8% exceeds soft limit -15.0%
2026-05-30 21:37:04 | risk_manager         | WARNING | REDUCE: Drawdown -16.6% exceeds soft limit -15.0%
2026-05-30 21:37:04 | risk_manager         | WARNING | REDUCE: Drawdown -16.5% exceeds soft limit -15.0%
2026-05-30 21:37:04 | risk_manager         | WARNING | REDUCE: Drawdown -16.2% exceeds soft limit -15.0%
2026-05-30 21:37:08 | risk_manager         | WARNING | REDUCE: Drawdown -16.4% exceeds soft limit -15.0%
2026-05-30 21:37:08 | risk_manager         | WARNING | REDUCE: Drawdown -16.6% exceeds soft limit -15.0%
2026-05-30 21:37:08 | risk_manager         | WARNING | REDUCE: Drawdown -16.8% exceeds soft limit -15.0%
2026-05-30 21:37:08 | risk_manager         | WARNING | REDUCE: Drawdown -16.6% exceeds soft limit -15.0%
2026-05-30 21:37:08 | risk_manager         | WARNING | REDUCE: Drawdown -15.9% exceeds soft limit -15.0%
2026-05-30 21:37:08 | risk_manager         | WARNING | REDUCE: Drawdown -15.9% exceeds soft limit -15.0%
2026-05-30 21:37:08 | risk_manager         | WARNING | REDUCE: Drawdown -16.4% exceeds soft limit -15.0%
2026-05-30 21:37:08 | risk_manager         | WARNING | REDUCE: Drawdown -16.8% exceeds soft limit -15.0%
2026-05-30 21:37:08 | risk_manager         | WARNING | REDUCE: Drawdown -16.8% exceeds soft limit -15.0%
2026-05-30 21:37:12 | risk_manager         | WARNING | REDUCE: Drawdown -17.0% exceeds soft limit -15.0%
2026-05-30 21:37:12 | risk_manager         | WARNING | REDUCE: Drawdown -17.2% exceeds soft limit -15.0%
2026-05-30 21:37:12 | risk_manager         | WARNING | REDUCE: Drawdown -17.2% exceeds soft limit -15.0%
2026-05-30 21:37:12 | risk_manager         | WARNING | REDUCE: Drawdown -17.4% exceeds soft limit -15.0%
2026-05-30 21:37:12 | risk_manager         | WARNING | REDUCE: Drawdown -17.4% exceeds soft limit -15.0%
2026-05-30 21:37:12 | risk_manager         | WARNING | REDUCE: Drawdown -16.8% exceeds soft limit -15.0%
2026-05-30 21:37:12 | risk_manager         | WARNING | REDUCE: Drawdown -16.8% exceeds soft limit -15.0%
2026-05-30 21:37:12 | risk_manager         | WARNING | REDUCE: Drawdown -17.0% exceeds soft limit -15.0%
2026-05-30 21:37:12 | risk_manager         | WARNING | REDUCE: Drawdown -17.2% exceeds soft limit -15.0%
2026-05-30 21:37:12 | risk_manager         | WARNING | REDUCE: Drawdown -17.2% exceeds soft limit -15.0%
2026-05-30 21:37:17 | risk_manager         | WARNING | REDUCE: Drawdown -17.1% exceeds soft limit -15.0%
2026-05-30 21:37:17 | risk_manager         | WARNING | REDUCE: Drawdown -17.0% exceeds soft limit -15.0%
2026-05-30 21:37:17 | risk_manager         | WARNING | REDUCE: Drawdown -17.0% exceeds soft limit -15.0%
2026-05-30 21:37:17 | risk_manager         | WARNING | REDUCE: Drawdown -17.4% exceeds soft limit -15.0%
2026-05-30 21:37:17 | risk_manager         | WARNING | REDUCE: Drawdown -18.0% exceeds soft limit -15.0%
2026-05-30 21:37:17 | risk_manager         | WARNING | REDUCE: Drawdown -17.5% exceeds soft limit -15.0%
2026-05-30 21:37:17 | risk_manager         | WARNING | REDUCE: Drawdown -17.3% exceeds soft limit -15.0%
2026-05-30 21:37:17 | risk_manager         | WARNING | REDUCE: Drawdown -17.0% exceeds soft limit -15.0%
2026-05-30 21:37:17 | risk_manager         | WARNING | REDUCE: Drawdown -16.4% exceeds soft limit -15.0%
2026-05-30 21:37:17 | risk_manager         | WARNING | REDUCE: Drawdown -15.9% exceeds soft limit -15.0%
2026-05-30 21:37:20 | risk_manager         | WARNING | REDUCE: Drawdown -16.1% exceeds soft limit -15.0%
2026-05-30 21:37:20 | risk_manager         | WARNING | REDUCE: Drawdown -16.1% exceeds soft limit -15.0%
2026-05-30 21:37:20 | risk_manager         | WARNING | REDUCE: Drawdown -15.9% exceeds soft limit -15.0%
2026-05-30 21:37:20 | risk_manager         | WARNING | REDUCE: Drawdown -15.6% exceeds soft limit -15.0%
2026-05-30 21:37:20 | risk_manager         | WARNING | REDUCE: Drawdown -15.6% exceeds soft limit -15.0%
2026-05-30 21:37:20 | risk_manager         | WARNING | REDUCE: Drawdown -15.5% exceeds soft limit -15.0%
2026-05-30 21:37:20 | risk_manager         | WARNING | REDUCE: Drawdown -15.6% exceeds soft limit -15.0%
2026-05-30 21:37:20 | risk_manager         | WARNING | REDUCE: Drawdown -15.8% exceeds soft limit -15.0%
2026-05-30 21:37:20 | risk_manager         | WARNING | REDUCE: Drawdown -15.5% exceeds soft limit -15.0%
2026-05-30 21:37:25 | risk_manager         | WARNING | REDUCE: Drawdown -16.0% exceeds soft limit -15.0%
2026-05-30 21:37:25 | risk_manager         | WARNING | REDUCE: Drawdown -16.4% exceeds soft limit -15.0%
2026-05-30 21:37:25 | risk_manager         | WARNING | REDUCE: Drawdown -16.3% exceeds soft limit -15.0%
2026-05-30 21:37:25 | risk_manager         | WARNING | REDUCE: Drawdown -16.6% exceeds soft limit -15.0%
2026-05-30 21:37:25 | risk_manager         | WARNING | REDUCE: Drawdown -16.8% exceeds soft limit -15.0%
2026-05-30 21:37:25 | risk_manager         | WARNING | REDUCE: Drawdown -16.5% exceeds soft limit -15.0%
2026-05-30 21:37:25 | risk_manager         | WARNING | REDUCE: Drawdown -16.4% exceeds soft limit -15.0%
2026-05-30 21:37:25 | risk_manager         | WARNING | REDUCE: Drawdown -16.0% exceeds soft limit -15.0%
2026-05-30 21:37:25 | risk_manager         | WARNING | REDUCE: Drawdown -16.1% exceeds soft limit -15.0%
2026-05-30 21:37:25 | risk_manager         | WARNING | REDUCE: Drawdown -16.1% exceeds soft limit -15.0%
2026-05-30 21:37:29 | risk_manager         | WARNING | REDUCE: Drawdown -16.0% exceeds soft limit -15.0%
2026-05-30 21:37:29 | risk_manager         | WARNING | REDUCE: Drawdown -15.9% exceeds soft limit -15.0%
2026-05-30 21:37:29 | risk_manager         | WARNING | REDUCE: Drawdown -15.6% exceeds soft limit -15.0%
2026-05-30 21:37:29 | risk_manager         | WARNING | REDUCE: Drawdown -16.0% exceeds soft limit -15.0%
2026-05-30 21:37:29 | risk_manager         | WARNING | REDUCE: Drawdown -16.4% exceeds soft limit -15.0%
2026-05-30 21:37:29 | risk_manager         | WARNING | REDUCE: Drawdown -17.1% exceeds soft limit -15.0%
2026-05-30 21:37:29 | risk_manager         | WARNING | REDUCE: Drawdown -17.4% exceeds soft limit -15.0%
2026-05-30 21:37:29 | risk_manager         | WARNING | REDUCE: Drawdown -17.3% exceeds soft limit -15.0%
2026-05-30 21:37:29 | risk_manager         | WARNING | REDUCE: Drawdown -17.3% exceeds soft limit -15.0%
2026-05-30 21:37:29 | risk_manager         | WARNING | REDUCE: Drawdown -17.3% exceeds soft limit -15.0%
2026-05-30 21:37:33 | risk_manager         | WARNING | REDUCE: Drawdown -17.9% exceeds soft limit -15.0%
2026-05-30 21:37:33 | risk_manager         | WARNING | REDUCE: Drawdown -18.2% exceeds soft limit -15.0%
2026-05-30 21:37:33 | risk_manager         | WARNING | REDUCE: Drawdown -18.3% exceeds soft limit -15.0%
2026-05-30 21:37:33 | risk_manager         | WARNING | REDUCE: Drawdown -18.3% exceeds soft limit -15.0%
2026-05-30 21:37:33 | risk_manager         | WARNING | REDUCE: Drawdown -18.3% exceeds soft limit -15.0%
2026-05-30 21:37:33 | risk_manager         | WARNING | REDUCE: Drawdown -18.1% exceeds soft limit -15.0%
2026-05-30 21:37:33 | risk_manager         | WARNING | REDUCE: Drawdown -18.0% exceeds soft limit -15.0%
2026-05-30 21:37:33 | risk_manager         | WARNING | REDUCE: Drawdown -18.0% exceeds soft limit -15.0%
2026-05-30 21:37:33 | risk_manager         | WARNING | REDUCE: Drawdown -17.8% exceeds soft limit -15.0%
2026-05-30 21:37:33 | risk_manager         | WARNING | REDUCE: Drawdown -17.9% exceeds soft limit -15.0%
2026-05-30 21:37:37 | risk_manager         | WARNING | REDUCE: Drawdown -17.8% exceeds soft limit -15.0%
2026-05-30 21:37:37 | risk_manager         | WARNING | REDUCE: Drawdown -17.7% exceeds soft limit -15.0%
2026-05-30 21:37:37 | risk_manager         | WARNING | REDUCE: Drawdown -17.6% exceeds soft limit -15.0%
2026-05-30 21:37:37 | risk_manager         | WARNING | REDUCE: Drawdown -17.6% exceeds soft limit -15.0%
2026-05-30 21:37:37 | risk_manager         | WARNING | REDUCE: Drawdown -17.3% exceeds soft limit -15.0%
2026-05-30 21:37:37 | risk_manager         | WARNING | REDUCE: Drawdown -17.3% exceeds soft limit -15.0%
2026-05-30 21:37:37 | risk_manager         | WARNING | REDUCE: Drawdown -17.1% exceeds soft limit -15.0%
2026-05-30 21:37:37 | risk_manager         | WARNING | REDUCE: Drawdown -16.8% exceeds soft limit -15.0%
2026-05-30 21:37:37 | risk_manager         | WARNING | REDUCE: Drawdown -16.2% exceeds soft limit -15.0%
2026-05-30 21:37:41 | risk_manager         | WARNING | REDUCE: Drawdown -17.0% exceeds soft limit -15.0%
2026-05-30 21:37:41 | risk_manager         | WARNING | REDUCE: Drawdown -16.9% exceeds soft limit -15.0%
2026-05-30 21:37:41 | risk_manager         | WARNING | REDUCE: Drawdown -16.7% exceeds soft limit -15.0%
2026-05-30 21:37:41 | risk_manager         | WARNING | REDUCE: Drawdown -16.7% exceeds soft limit -15.0%
2026-05-30 21:37:41 | risk_manager         | WARNING | REDUCE: Drawdown -17.6% exceeds soft limit -15.0%
2026-05-30 21:37:41 | risk_manager         | WARNING | REDUCE: Drawdown -17.8% exceeds soft limit -15.0%
2026-05-30 21:37:41 | risk_manager         | WARNING | REDUCE: Drawdown -18.0% exceeds soft limit -15.0%
2026-05-30 21:37:41 | risk_manager         | WARNING | REDUCE: Drawdown -18.0% exceeds soft limit -15.0%
2026-05-30 21:37:41 | risk_manager         | WARNING | REDUCE: Drawdown -18.0% exceeds soft limit -15.0%
2026-05-30 21:37:41 | risk_manager         | WARNING | REDUCE: Drawdown -17.9% exceeds soft limit -15.0%
2026-05-30 21:37:45 | risk_manager         | WARNING | REDUCE: Drawdown -17.8% exceeds soft limit -15.0%
2026-05-30 21:37:45 | risk_manager         | WARNING | REDUCE: Drawdown -17.6% exceeds soft limit -15.0%
2026-05-30 21:37:45 | risk_manager         | WARNING | REDUCE: Drawdown -17.8% exceeds soft limit -15.0%
2026-05-30 21:37:45 | risk_manager         | WARNING | REDUCE: Drawdown -17.8% exceeds soft limit -15.0%
2026-05-30 21:37:45 | risk_manager         | WARNING | REDUCE: Drawdown -17.6% exceeds soft limit -15.0%
2026-05-30 21:37:45 | risk_manager         | WARNING | REDUCE: Drawdown -17.2% exceeds soft limit -15.0%
2026-05-30 21:37:45 | risk_manager         | WARNING | REDUCE: Drawdown -17.7% exceeds soft limit -15.0%
2026-05-30 21:37:45 | risk_manager         | WARNING | REDUCE: Drawdown -17.7% exceeds soft limit -15.0%
2026-05-30 21:37:45 | risk_manager         | WARNING | REDUCE: Drawdown -17.6% exceeds soft limit -15.0%
2026-05-30 21:37:50 | risk_manager         | WARNING | REDUCE: Drawdown -18.1% exceeds soft limit -15.0%
2026-05-30 21:37:50 | risk_manager         | WARNING | REDUCE: Drawdown -17.9% exceeds soft limit -15.0%
2026-05-30 21:37:50 | risk_manager         | WARNING | REDUCE: Drawdown -18.1% exceeds soft limit -15.0%
2026-05-30 21:37:50 | risk_manager         | WARNING | REDUCE: Drawdown -17.9% exceeds soft limit -15.0%
2026-05-30 21:37:50 | risk_manager         | WARNING | REDUCE: Drawdown -17.9% exceeds soft limit -15.0%
2026-05-30 21:37:50 | risk_manager         | WARNING | REDUCE: Drawdown -18.1% exceeds soft limit -15.0%
2026-05-30 21:37:50 | risk_manager         | WARNING | REDUCE: Drawdown -18.2% exceeds soft limit -15.0%
2026-05-30 21:37:50 | risk_manager         | WARNING | REDUCE: Drawdown -18.3% exceeds soft limit -15.0%
2026-05-30 21:37:50 | risk_manager         | WARNING | REDUCE: Drawdown -18.5% exceeds soft limit -15.0%
2026-05-30 21:37:54 | risk_manager         | WARNING | REDUCE: Drawdown -18.7% exceeds soft limit -15.0%
2026-05-30 21:37:54 | risk_manager         | WARNING | REDUCE: Drawdown -19.3% exceeds soft limit -15.0%
2026-05-30 21:37:54 | risk_manager         | WARNING | REDUCE: Drawdown -19.4% exceeds soft limit -15.0%
2026-05-30 21:37:54 | risk_manager         | WARNING | REDUCE: Drawdown -19.0% exceeds soft limit -15.0%
2026-05-30 21:37:54 | risk_manager         | WARNING | REDUCE: Drawdown -18.7% exceeds soft limit -15.0%
2026-05-30 21:37:54 | risk_manager         | WARNING | REDUCE: Drawdown -18.3% exceeds soft limit -15.0%
2026-05-30 21:37:54 | risk_manager         | WARNING | REDUCE: Drawdown -18.3% exceeds soft limit -15.0%
2026-05-30 21:37:54 | risk_manager         | WARNING | REDUCE: Drawdown -18.5% exceeds soft limit -15.0%
2026-05-30 21:37:58 | risk_manager         | WARNING | REDUCE: Drawdown -17.3% exceeds soft limit -15.0%
2026-05-30 21:37:58 | risk_manager         | WARNING | REDUCE: Drawdown -17.5% exceeds soft limit -15.0%
2026-05-30 21:37:58 | risk_manager         | WARNING | REDUCE: Drawdown -17.5% exceeds soft limit -15.0%
2026-05-30 21:37:58 | risk_manager         | WARNING | REDUCE: Drawdown -17.1% exceeds soft limit -15.0%
2026-05-30 21:37:58 | risk_manager         | WARNING | REDUCE: Drawdown -16.8% exceeds soft limit -15.0%
2026-05-30 21:37:58 | risk_manager         | WARNING | REDUCE: Drawdown -17.0% exceeds soft limit -15.0%
2026-05-30 21:37:58 | risk_manager         | WARNING | REDUCE: Drawdown -16.9% exceeds soft limit -15.0%
2026-05-30 21:37:58 | risk_manager         | WARNING | REDUCE: Drawdown -17.3% exceeds soft limit -15.0%
2026-05-30 21:37:58 | risk_manager         | WARNING | REDUCE: Drawdown -16.7% exceeds soft limit -15.0%
2026-05-30 21:38:02 | risk_manager         | WARNING | REDUCE: Drawdown -16.3% exceeds soft limit -15.0%
2026-05-30 21:38:02 | risk_manager         | WARNING | REDUCE: Drawdown -15.9% exceeds soft limit -15.0%
2026-05-30 21:38:02 | risk_manager         | WARNING | REDUCE: Drawdown -16.1% exceeds soft limit -15.0%
2026-05-30 21:38:02 | risk_manager         | WARNING | REDUCE: Drawdown -16.5% exceeds soft limit -15.0%
2026-05-30 21:38:02 | risk_manager         | WARNING | REDUCE: Drawdown -15.6% exceeds soft limit -15.0%
2026-05-30 21:38:20 | risk_manager         | WARNING | HALT: Daily loss -3.9% exceeds limit. Halting until 2014-07-13
2026-05-30 21:39:06 | risk_manager         | WARNING | REDUCE: Drawdown -15.5% exceeds soft limit -15.0%
2026-05-30 21:39:06 | risk_manager         | WARNING | REDUCE: Drawdown -15.9% exceeds soft limit -15.0%
2026-05-30 21:48:33 | risk_manager         | WARNING | REDUCE: Drawdown -15.2% exceeds soft limit -15.0%
2026-05-30 21:48:33 | risk_manager         | WARNING | REDUCE: Drawdown -15.1% exceeds soft limit -15.0%
2026-05-30 21:48:33 | risk_manager         | WARNING | REDUCE: Drawdown -15.4% exceeds soft limit -15.0%
2026-05-30 21:48:33 | risk_manager         | WARNING | REDUCE: Drawdown -15.6% exceeds soft limit -15.0%
2026-05-30 21:48:33 | risk_manager         | WARNING | REDUCE: Drawdown -15.3% exceeds soft limit -15.0%
2026-05-30 21:48:33 | risk_manager         | WARNING | REDUCE: Drawdown -15.0% exceeds soft limit -15.0%
2026-05-30 21:48:52 | risk_manager         | WARNING | REDUCE: Drawdown -15.3% exceeds soft limit -15.0%
2026-05-30 21:48:52 | risk_manager         | WARNING | REDUCE: Drawdown -15.5% exceeds soft limit -15.0%
2026-05-30 21:48:52 | risk_manager         | WARNING | REDUCE: Drawdown -15.4% exceeds soft limit -15.0%
2026-05-30 21:48:52 | risk_manager         | WARNING | REDUCE: Drawdown -15.0% exceeds soft limit -15.0%
2026-05-30 21:48:52 | risk_manager         | WARNING | REDUCE: Drawdown -15.1% exceeds soft limit -15.0%
2026-05-30 21:48:52 | risk_manager         | WARNING | REDUCE: Drawdown -15.5% exceeds soft limit -15.0%
2026-05-30 21:48:52 | risk_manager         | WARNING | REDUCE: Drawdown -16.6% exceeds soft limit -15.0%
2026-05-30 21:48:52 | risk_manager         | WARNING | REDUCE: Drawdown -16.7% exceeds soft limit -15.0%
2026-05-30 21:49:12 | risk_manager         | WARNING | REDUCE: Drawdown -16.6% exceeds soft limit -15.0%
2026-05-30 21:49:12 | risk_manager         | WARNING | REDUCE: Drawdown -16.8% exceeds soft limit -15.0%
2026-05-30 21:49:12 | risk_manager         | WARNING | REDUCE: Drawdown -16.9% exceeds soft limit -15.0%
2026-05-30 21:49:12 | risk_manager         | WARNING | REDUCE: Drawdown -16.8% exceeds soft limit -15.0%
2026-05-30 21:49:12 | risk_manager         | WARNING | REDUCE: Drawdown -16.8% exceeds soft limit -15.0%
2026-05-30 21:49:12 | risk_manager         | WARNING | REDUCE: Drawdown -16.8% exceeds soft limit -15.0%
2026-05-30 21:49:12 | risk_manager         | WARNING | REDUCE: Drawdown -16.9% exceeds soft limit -15.0%
2026-05-30 21:49:12 | risk_manager         | WARNING | REDUCE: Drawdown -16.9% exceeds soft limit -15.0%
2026-05-30 21:49:12 | risk_manager         | WARNING | REDUCE: Drawdown -17.0% exceeds soft limit -15.0%
2026-05-30 21:49:12 | risk_manager         | WARNING | REDUCE: Drawdown -17.0% exceeds soft limit -15.0%
2026-05-30 21:49:34 | risk_manager         | WARNING | REDUCE: Drawdown -17.2% exceeds soft limit -15.0%
2026-05-30 21:49:34 | risk_manager         | WARNING | REDUCE: Drawdown -16.9% exceeds soft limit -15.0%
2026-05-30 21:49:34 | risk_manager         | WARNING | REDUCE: Drawdown -16.8% exceeds soft limit -15.0%
2026-05-30 21:49:34 | risk_manager         | WARNING | REDUCE: Drawdown -16.8% exceeds soft limit -15.0%
2026-05-30 21:49:34 | risk_manager         | WARNING | REDUCE: Drawdown -16.8% exceeds soft limit -15.0%
2026-05-30 21:49:34 | risk_manager         | WARNING | REDUCE: Drawdown -16.8% exceeds soft limit -15.0%
2026-05-30 21:49:34 | risk_manager         | WARNING | REDUCE: Drawdown -16.7% exceeds soft limit -15.0%
2026-05-30 21:49:34 | risk_manager         | WARNING | REDUCE: Drawdown -16.8% exceeds soft limit -15.0%
2026-05-30 21:49:34 | risk_manager         | WARNING | REDUCE: Drawdown -16.7% exceeds soft limit -15.0%
2026-05-30 21:49:54 | risk_manager         | WARNING | REDUCE: Drawdown -16.7% exceeds soft limit -15.0%
2026-05-30 21:49:54 | risk_manager         | WARNING | REDUCE: Drawdown -16.9% exceeds soft limit -15.0%
2026-05-30 21:49:54 | risk_manager         | WARNING | REDUCE: Drawdown -16.9% exceeds soft limit -15.0%
2026-05-30 21:49:54 | risk_manager         | WARNING | REDUCE: Drawdown -16.7% exceeds soft limit -15.0%
2026-05-30 21:49:54 | risk_manager         | WARNING | REDUCE: Drawdown -16.5% exceeds soft limit -15.0%
2026-05-30 21:49:54 | risk_manager         | WARNING | REDUCE: Drawdown -16.5% exceeds soft limit -15.0%
2026-05-30 21:49:54 | risk_manager         | WARNING | REDUCE: Drawdown -16.6% exceeds soft limit -15.0%
2026-05-30 21:49:54 | risk_manager         | WARNING | REDUCE: Drawdown -16.5% exceeds soft limit -15.0%
2026-05-30 21:50:15 | risk_manager         | WARNING | REDUCE: Drawdown -16.8% exceeds soft limit -15.0%
2026-05-30 21:50:15 | risk_manager         | WARNING | REDUCE: Drawdown -16.8% exceeds soft limit -15.0%
2026-05-30 21:50:15 | risk_manager         | WARNING | REDUCE: Drawdown -16.4% exceeds soft limit -15.0%
2026-05-30 21:50:15 | risk_manager         | WARNING | REDUCE: Drawdown -16.4% exceeds soft limit -15.0%
2026-05-30 21:50:15 | risk_manager         | WARNING | REDUCE: Drawdown -16.3% exceeds soft limit -15.0%
2026-05-30 21:50:15 | risk_manager         | WARNING | REDUCE: Drawdown -16.1% exceeds soft limit -15.0%
2026-05-30 21:50:15 | risk_manager         | WARNING | REDUCE: Drawdown -16.6% exceeds soft limit -15.0%
2026-05-30 21:50:15 | risk_manager         | WARNING | REDUCE: Drawdown -16.6% exceeds soft limit -15.0%
2026-05-30 21:50:15 | risk_manager         | WARNING | REDUCE: Drawdown -16.7% exceeds soft limit -15.0%
2026-05-30 21:50:15 | risk_manager         | WARNING | REDUCE: Drawdown -16.7% exceeds soft limit -15.0%
2026-05-30 21:50:41 | risk_manager         | WARNING | REDUCE: Drawdown -16.7% exceeds soft limit -15.0%
2026-05-30 21:50:41 | risk_manager         | WARNING | REDUCE: Drawdown -16.7% exceeds soft limit -15.0%
2026-05-30 21:50:41 | risk_manager         | WARNING | REDUCE: Drawdown -16.7% exceeds soft limit -15.0%
2026-05-30 21:50:41 | risk_manager         | WARNING | REDUCE: Drawdown -16.5% exceeds soft limit -15.0%
2026-05-30 21:50:41 | risk_manager         | WARNING | REDUCE: Drawdown -16.4% exceeds soft limit -15.0%
2026-05-30 21:50:41 | risk_manager         | WARNING | REDUCE: Drawdown -16.5% exceeds soft limit -15.0%
2026-05-30 21:50:41 | risk_manager         | WARNING | REDUCE: Drawdown -16.6% exceeds soft limit -15.0%
2026-05-30 21:51:00 | risk_manager         | WARNING | REDUCE: Drawdown -17.2% exceeds soft limit -15.0%
2026-05-30 21:51:00 | risk_manager         | WARNING | REDUCE: Drawdown -16.8% exceeds soft limit -15.0%
2026-05-30 21:51:00 | risk_manager         | WARNING | REDUCE: Drawdown -16.8% exceeds soft limit -15.0%
2026-05-30 21:51:00 | risk_manager         | WARNING | REDUCE: Drawdown -17.0% exceeds soft limit -15.0%
2026-05-30 21:51:00 | risk_manager         | WARNING | REDUCE: Drawdown -17.0% exceeds soft limit -15.0%
2026-05-30 21:51:00 | risk_manager         | WARNING | REDUCE: Drawdown -17.3% exceeds soft limit -15.0%
2026-05-30 21:51:00 | risk_manager         | WARNING | REDUCE: Drawdown -17.2% exceeds soft limit -15.0%
2026-05-30 21:51:00 | risk_manager         | WARNING | REDUCE: Drawdown -17.6% exceeds soft limit -15.0%
2026-05-30 21:51:00 | risk_manager         | WARNING | REDUCE: Drawdown -17.6% exceeds soft limit -15.0%
2026-05-30 21:51:00 | risk_manager         | WARNING | REDUCE: Drawdown -17.5% exceeds soft limit -15.0%
2026-05-30 21:51:19 | risk_manager         | WARNING | REDUCE: Drawdown -17.7% exceeds soft limit -15.0%
2026-05-30 21:51:19 | risk_manager         | WARNING | REDUCE: Drawdown -17.8% exceeds soft limit -15.0%
2026-05-30 21:51:19 | risk_manager         | WARNING | REDUCE: Drawdown -17.9% exceeds soft limit -15.0%
2026-05-30 21:51:19 | risk_manager         | WARNING | REDUCE: Drawdown -17.8% exceeds soft limit -15.0%
2026-05-30 21:51:19 | risk_manager         | WARNING | REDUCE: Drawdown -18.0% exceeds soft limit -15.0%
2026-05-30 21:51:19 | risk_manager         | WARNING | REDUCE: Drawdown -17.9% exceeds soft limit -15.0%
2026-05-30 21:51:19 | risk_manager         | WARNING | REDUCE: Drawdown -17.9% exceeds soft limit -15.0%
2026-05-30 21:51:19 | risk_manager         | WARNING | REDUCE: Drawdown -17.9% exceeds soft limit -15.0%
2026-05-30 21:51:19 | risk_manager         | WARNING | REDUCE: Drawdown -18.0% exceeds soft limit -15.0%
2026-05-30 21:51:19 | risk_manager         | WARNING | REDUCE: Drawdown -18.2% exceeds soft limit -15.0%
2026-05-30 21:51:38 | risk_manager         | WARNING | REDUCE: Drawdown -18.4% exceeds soft limit -15.0%
2026-05-30 21:51:38 | risk_manager         | WARNING | REDUCE: Drawdown -18.3% exceeds soft limit -15.0%
2026-05-30 21:51:38 | risk_manager         | WARNING | REDUCE: Drawdown -18.2% exceeds soft limit -15.0%
2026-05-30 21:51:38 | risk_manager         | WARNING | REDUCE: Drawdown -17.9% exceeds soft limit -15.0%
2026-05-30 21:51:38 | risk_manager         | WARNING | REDUCE: Drawdown -18.0% exceeds soft limit -15.0%
2026-05-30 21:51:38 | risk_manager         | WARNING | REDUCE: Drawdown -17.9% exceeds soft limit -15.0%
2026-05-30 21:51:38 | risk_manager         | WARNING | REDUCE: Drawdown -18.0% exceeds soft limit -15.0%
2026-05-30 21:51:38 | risk_manager         | WARNING | REDUCE: Drawdown -17.7% exceeds soft limit -15.0%
2026-05-30 21:51:38 | risk_manager         | WARNING | REDUCE: Drawdown -17.7% exceeds soft limit -15.0%
2026-05-30 21:51:38 | risk_manager         | WARNING | REDUCE: Drawdown -17.7% exceeds soft limit -15.0%
2026-05-30 21:51:58 | risk_manager         | WARNING | REDUCE: Drawdown -18.1% exceeds soft limit -15.0%
2026-05-30 21:51:58 | risk_manager         | WARNING | REDUCE: Drawdown -18.5% exceeds soft limit -15.0%
2026-05-30 21:51:58 | risk_manager         | WARNING | REDUCE: Drawdown -18.5% exceeds soft limit -15.0%
2026-05-30 21:51:58 | risk_manager         | WARNING | REDUCE: Drawdown -18.8% exceeds soft limit -15.0%
2026-05-30 21:51:58 | risk_manager         | WARNING | REDUCE: Drawdown -19.1% exceeds soft limit -15.0%
2026-05-30 21:51:58 | risk_manager         | WARNING | REDUCE: Drawdown -18.9% exceeds soft limit -15.0%
2026-05-30 21:51:58 | risk_manager         | WARNING | REDUCE: Drawdown -19.1% exceeds soft limit -15.0%
2026-05-30 21:51:58 | risk_manager         | WARNING | REDUCE: Drawdown -18.8% exceeds soft limit -15.0%
2026-05-30 21:51:58 | risk_manager         | WARNING | REDUCE: Drawdown -19.1% exceeds soft limit -15.0%
2026-05-30 21:51:58 | risk_manager         | WARNING | REDUCE: Drawdown -19.1% exceeds soft limit -15.0%
2026-05-30 21:52:20 | risk_manager         | WARNING | REDUCE: Drawdown -19.2% exceeds soft limit -15.0%
2026-05-30 21:52:20 | risk_manager         | WARNING | REDUCE: Drawdown -19.4% exceeds soft limit -15.0%
2026-05-30 21:52:20 | risk_manager         | WARNING | REDUCE: Drawdown -19.5% exceeds soft limit -15.0%
2026-05-30 21:52:20 | risk_manager         | WARNING | REDUCE: Drawdown -19.2% exceeds soft limit -15.0%
2026-05-30 21:52:20 | risk_manager         | WARNING | REDUCE: Drawdown -19.4% exceeds soft limit -15.0%
2026-05-30 21:52:20 | risk_manager         | WARNING | REDUCE: Drawdown -19.3% exceeds soft limit -15.0%
2026-05-30 21:52:20 | risk_manager         | WARNING | REDUCE: Drawdown -19.1% exceeds soft limit -15.0%
2026-05-30 21:52:20 | risk_manager         | WARNING | REDUCE: Drawdown -18.9% exceeds soft limit -15.0%
2026-05-30 21:52:20 | risk_manager         | WARNING | REDUCE: Drawdown -18.4% exceeds soft limit -15.0%
2026-05-30 21:52:20 | risk_manager         | WARNING | REDUCE: Drawdown -18.3% exceeds soft limit -15.0%
2026-05-30 21:52:40 | risk_manager         | WARNING | REDUCE: Drawdown -18.7% exceeds soft limit -15.0%
2026-05-30 21:52:40 | risk_manager         | WARNING | REDUCE: Drawdown -18.8% exceeds soft limit -15.0%
2026-05-30 21:52:40 | risk_manager         | WARNING | REDUCE: Drawdown -18.9% exceeds soft limit -15.0%
2026-05-30 21:52:40 | risk_manager         | WARNING | REDUCE: Drawdown -18.5% exceeds soft limit -15.0%
2026-05-30 21:52:40 | risk_manager         | WARNING | REDUCE: Drawdown -18.2% exceeds soft limit -15.0%
2026-05-30 21:52:40 | risk_manager         | WARNING | REDUCE: Drawdown -18.1% exceeds soft limit -15.0%
2026-05-30 21:52:40 | risk_manager         | WARNING | REDUCE: Drawdown -18.3% exceeds soft limit -15.0%
2026-05-30 21:52:40 | risk_manager         | WARNING | REDUCE: Drawdown -18.0% exceeds soft limit -15.0%
2026-05-30 21:52:40 | risk_manager         | WARNING | REDUCE: Drawdown -17.8% exceeds soft limit -15.0%
2026-05-30 21:52:58 | risk_manager         | WARNING | REDUCE: Drawdown -18.1% exceeds soft limit -15.0%
2026-05-30 21:52:58 | risk_manager         | WARNING | REDUCE: Drawdown -18.2% exceeds soft limit -15.0%
2026-05-30 21:52:58 | risk_manager         | WARNING | REDUCE: Drawdown -18.0% exceeds soft limit -15.0%
2026-05-30 21:52:58 | risk_manager         | WARNING | REDUCE: Drawdown -18.0% exceeds soft limit -15.0%
2026-05-30 21:52:58 | risk_manager         | WARNING | REDUCE: Drawdown -17.9% exceeds soft limit -15.0%
2026-05-30 21:52:58 | risk_manager         | WARNING | REDUCE: Drawdown -17.8% exceeds soft limit -15.0%
2026-05-30 21:52:58 | risk_manager         | WARNING | REDUCE: Drawdown -17.2% exceeds soft limit -15.0%
2026-05-30 21:52:58 | risk_manager         | WARNING | REDUCE: Drawdown -16.9% exceeds soft limit -15.0%
2026-05-30 21:52:58 | risk_manager         | WARNING | REDUCE: Drawdown -16.9% exceeds soft limit -15.0%
2026-05-30 21:52:58 | risk_manager         | WARNING | REDUCE: Drawdown -16.8% exceeds soft limit -15.0%
2026-05-30 21:53:17 | risk_manager         | WARNING | REDUCE: Drawdown -16.0% exceeds soft limit -15.0%
2026-05-30 21:53:17 | risk_manager         | WARNING | REDUCE: Drawdown -16.3% exceeds soft limit -15.0%
2026-05-30 21:53:17 | risk_manager         | WARNING | REDUCE: Drawdown -17.2% exceeds soft limit -15.0%
2026-05-30 21:53:17 | risk_manager         | WARNING | REDUCE: Drawdown -17.2% exceeds soft limit -15.0%
2026-05-30 21:53:17 | risk_manager         | WARNING | REDUCE: Drawdown -17.2% exceeds soft limit -15.0%
2026-05-30 21:53:17 | risk_manager         | WARNING | REDUCE: Drawdown -17.1% exceeds soft limit -15.0%
2026-05-30 21:53:17 | risk_manager         | WARNING | REDUCE: Drawdown -17.3% exceeds soft limit -15.0%
2026-05-30 21:53:17 | risk_manager         | WARNING | REDUCE: Drawdown -17.3% exceeds soft limit -15.0%
2026-05-30 21:53:17 | risk_manager         | WARNING | REDUCE: Drawdown -17.1% exceeds soft limit -15.0%
2026-05-30 21:53:17 | risk_manager         | WARNING | REDUCE: Drawdown -16.9% exceeds soft limit -15.0%
2026-05-30 21:53:41 | risk_manager         | WARNING | REDUCE: Drawdown -16.8% exceeds soft limit -15.0%
2026-05-30 21:53:41 | risk_manager         | WARNING | REDUCE: Drawdown -16.6% exceeds soft limit -15.0%
2026-05-30 21:53:41 | risk_manager         | WARNING | REDUCE: Drawdown -16.1% exceeds soft limit -15.0%
2026-05-30 21:53:41 | risk_manager         | WARNING | REDUCE: Drawdown -15.9% exceeds soft limit -15.0%
2026-05-30 21:53:41 | risk_manager         | WARNING | REDUCE: Drawdown -16.5% exceeds soft limit -15.0%
2026-05-30 21:53:41 | risk_manager         | WARNING | REDUCE: Drawdown -16.8% exceeds soft limit -15.0%
2026-05-30 21:53:41 | risk_manager         | WARNING | REDUCE: Drawdown -16.7% exceeds soft limit -15.0%
2026-05-30 21:53:41 | risk_manager         | WARNING | REDUCE: Drawdown -17.0% exceeds soft limit -15.0%
2026-05-30 21:53:41 | risk_manager         | WARNING | REDUCE: Drawdown -16.8% exceeds soft limit -15.0%
2026-05-30 21:54:01 | risk_manager         | WARNING | REDUCE: Drawdown -16.8% exceeds soft limit -15.0%
2026-05-30 21:54:01 | risk_manager         | WARNING | REDUCE: Drawdown -16.5% exceeds soft limit -15.0%
2026-05-30 21:54:01 | risk_manager         | WARNING | REDUCE: Drawdown -16.8% exceeds soft limit -15.0%
2026-05-30 21:54:01 | risk_manager         | WARNING | REDUCE: Drawdown -16.7% exceeds soft limit -15.0%
2026-05-30 21:54:01 | risk_manager         | WARNING | REDUCE: Drawdown -16.7% exceeds soft limit -15.0%
2026-05-30 21:54:01 | risk_manager         | WARNING | REDUCE: Drawdown -16.1% exceeds soft limit -15.0%
2026-05-30 21:54:01 | risk_manager         | WARNING | REDUCE: Drawdown -16.1% exceeds soft limit -15.0%
2026-05-30 21:54:01 | risk_manager         | WARNING | REDUCE: Drawdown -15.8% exceeds soft limit -15.0%
2026-05-30 21:54:01 | risk_manager         | WARNING | REDUCE: Drawdown -16.3% exceeds soft limit -15.0%
2026-05-30 21:54:23 | risk_manager         | WARNING | REDUCE: Drawdown -17.8% exceeds soft limit -15.0%
2026-05-30 21:54:23 | risk_manager         | WARNING | REDUCE: Drawdown -17.9% exceeds soft limit -15.0%
2026-05-30 21:54:23 | risk_manager         | WARNING | REDUCE: Drawdown -18.0% exceeds soft limit -15.0%
2026-05-30 21:54:23 | risk_manager         | WARNING | REDUCE: Drawdown -18.1% exceeds soft limit -15.0%
2026-05-30 21:54:23 | risk_manager         | WARNING | REDUCE: Drawdown -17.9% exceeds soft limit -15.0%
2026-05-30 21:54:23 | risk_manager         | WARNING | REDUCE: Drawdown -18.1% exceeds soft limit -15.0%
2026-05-30 21:54:23 | risk_manager         | WARNING | REDUCE: Drawdown -18.1% exceeds soft limit -15.0%
2026-05-30 21:54:23 | risk_manager         | WARNING | REDUCE: Drawdown -17.5% exceeds soft limit -15.0%
2026-05-30 21:54:23 | risk_manager         | WARNING | REDUCE: Drawdown -17.5% exceeds soft limit -15.0%
2026-05-30 21:54:49 | risk_manager         | WARNING | REDUCE: Drawdown -17.9% exceeds soft limit -15.0%
2026-05-30 21:54:49 | risk_manager         | WARNING | REDUCE: Drawdown -18.2% exceeds soft limit -15.0%
2026-05-30 21:54:49 | risk_manager         | WARNING | REDUCE: Drawdown -17.9% exceeds soft limit -15.0%
2026-05-30 21:54:49 | risk_manager         | WARNING | REDUCE: Drawdown -18.9% exceeds soft limit -15.0%
2026-05-30 21:54:49 | risk_manager         | WARNING | REDUCE: Drawdown -18.9% exceeds soft limit -15.0%
2026-05-30 21:54:49 | risk_manager         | WARNING | REDUCE: Drawdown -18.4% exceeds soft limit -15.0%
2026-05-30 21:54:49 | risk_manager         | WARNING | REDUCE: Drawdown -18.5% exceeds soft limit -15.0%
2026-05-30 21:54:49 | risk_manager         | WARNING | REDUCE: Drawdown -18.5% exceeds soft limit -15.0%
2026-05-30 21:54:49 | risk_manager         | WARNING | REDUCE: Drawdown -18.5% exceeds soft limit -15.0%
2026-05-30 21:54:49 | risk_manager         | WARNING | REDUCE: Drawdown -18.6% exceeds soft limit -15.0%
2026-05-30 21:55:14 | risk_manager         | WARNING | REDUCE: Drawdown -18.6% exceeds soft limit -15.0%
2026-05-30 21:55:14 | risk_manager         | WARNING | REDUCE: Drawdown -19.1% exceeds soft limit -15.0%
2026-05-30 21:55:14 | risk_manager         | WARNING | REDUCE: Drawdown -19.1% exceeds soft limit -15.0%
2026-05-30 21:55:14 | risk_manager         | WARNING | REDUCE: Drawdown -19.3% exceeds soft limit -15.0%
2026-05-30 21:55:14 | risk_manager         | WARNING | REDUCE: Drawdown -18.5% exceeds soft limit -15.0%
2026-05-30 21:55:14 | risk_manager         | WARNING | REDUCE: Drawdown -18.7% exceeds soft limit -15.0%
2026-05-30 21:55:14 | risk_manager         | WARNING | REDUCE: Drawdown -18.6% exceeds soft limit -15.0%
2026-05-30 21:55:14 | risk_manager         | WARNING | REDUCE: Drawdown -18.8% exceeds soft limit -15.0%
2026-05-30 21:55:38 | risk_manager         | WARNING | REDUCE: Drawdown -19.2% exceeds soft limit -15.0%
2026-05-30 21:55:38 | risk_manager         | WARNING | REDUCE: Drawdown -19.1% exceeds soft limit -15.0%
2026-05-30 21:55:38 | risk_manager         | WARNING | REDUCE: Drawdown -19.1% exceeds soft limit -15.0%
2026-05-30 21:55:38 | risk_manager         | WARNING | REDUCE: Drawdown -19.5% exceeds soft limit -15.0%
2026-05-30 21:55:38 | risk_manager         | WARNING | REDUCE: Drawdown -19.7% exceeds soft limit -15.0%
2026-05-30 21:55:38 | risk_manager         | WARNING | REDUCE: Drawdown -19.7% exceeds soft limit -15.0%
2026-05-30 21:55:38 | risk_manager         | WARNING | REDUCE: Drawdown -20.0% exceeds soft limit -15.0%
2026-05-30 21:55:38 | risk_manager         | WARNING | REDUCE: Drawdown -20.0% exceeds soft limit -15.0%
2026-05-30 21:55:38 | risk_manager         | WARNING | REDUCE: Drawdown -20.3% exceeds soft limit -15.0%
2026-05-30 21:55:59 | risk_manager         | WARNING | REDUCE: Drawdown -20.0% exceeds soft limit -15.0%
2026-05-30 21:55:59 | risk_manager         | WARNING | REDUCE: Drawdown -20.3% exceeds soft limit -15.0%
2026-05-30 21:55:59 | risk_manager         | WARNING | REDUCE: Drawdown -21.2% exceeds soft limit -15.0%
2026-05-30 21:55:59 | risk_manager         | WARNING | REDUCE: Drawdown -20.5% exceeds soft limit -15.0%
2026-05-30 21:55:59 | risk_manager         | WARNING | REDUCE: Drawdown -21.6% exceeds soft limit -15.0%
2026-05-30 21:55:59 | risk_manager         | WARNING | REDUCE: Drawdown -22.4% exceeds soft limit -15.0%
2026-05-30 21:55:59 | risk_manager         | WARNING | REDUCE: Drawdown -22.7% exceeds soft limit -15.0%
2026-05-30 21:55:59 | risk_manager         | WARNING | REDUCE: Drawdown -22.5% exceeds soft limit -15.0%
2026-05-30 21:55:59 | risk_manager         | WARNING | REDUCE: Drawdown -22.5% exceeds soft limit -15.0%
2026-05-30 21:56:18 | risk_manager         | WARNING | REDUCE: Drawdown -22.9% exceeds soft limit -15.0%
2026-05-30 21:56:18 | risk_manager         | WARNING | REDUCE: Drawdown -22.9% exceeds soft limit -15.0%
2026-05-30 21:56:18 | risk_manager         | WARNING | REDUCE: Drawdown -22.8% exceeds soft limit -15.0%
2026-05-30 21:56:18 | risk_manager         | WARNING | REDUCE: Drawdown -23.0% exceeds soft limit -15.0%
2026-05-30 21:56:18 | risk_manager         | WARNING | REDUCE: Drawdown -22.8% exceeds soft limit -15.0%
2026-05-30 21:56:18 | risk_manager         | WARNING | REDUCE: Drawdown -22.8% exceeds soft limit -15.0%
2026-05-30 21:56:18 | risk_manager         | WARNING | REDUCE: Drawdown -22.8% exceeds soft limit -15.0%
2026-05-30 21:56:18 | risk_manager         | WARNING | REDUCE: Drawdown -22.7% exceeds soft limit -15.0%
2026-05-30 21:56:18 | risk_manager         | WARNING | REDUCE: Drawdown -22.7% exceeds soft limit -15.0%
2026-05-30 21:56:18 | risk_manager         | WARNING | REDUCE: Drawdown -22.8% exceeds soft limit -15.0%
2026-05-30 21:56:37 | risk_manager         | WARNING | REDUCE: Drawdown -23.0% exceeds soft limit -15.0%
2026-05-30 21:56:37 | risk_manager         | WARNING | REDUCE: Drawdown -23.0% exceeds soft limit -15.0%
2026-05-30 21:56:37 | risk_manager         | WARNING | REDUCE: Drawdown -22.9% exceeds soft limit -15.0%
2026-05-30 21:56:37 | risk_manager         | WARNING | REDUCE: Drawdown -22.8% exceeds soft limit -15.0%
2026-05-30 21:56:37 | risk_manager         | WARNING | REDUCE: Drawdown -22.8% exceeds soft limit -15.0%
2026-05-30 21:56:37 | risk_manager         | WARNING | REDUCE: Drawdown -23.0% exceeds soft limit -15.0%
2026-05-30 21:56:37 | risk_manager         | WARNING | REDUCE: Drawdown -22.9% exceeds soft limit -15.0%
2026-05-30 21:56:37 | risk_manager         | WARNING | REDUCE: Drawdown -22.9% exceeds soft limit -15.0%
2026-05-30 21:56:37 | risk_manager         | WARNING | REDUCE: Drawdown -22.9% exceeds soft limit -15.0%
2026-05-30 21:56:37 | risk_manager         | WARNING | REDUCE: Drawdown -22.9% exceeds soft limit -15.0%
2026-05-30 21:56:57 | risk_manager         | WARNING | REDUCE: Drawdown -23.2% exceeds soft limit -15.0%
2026-05-30 21:56:57 | risk_manager         | WARNING | REDUCE: Drawdown -23.2% exceeds soft limit -15.0%
2026-05-30 21:56:57 | risk_manager         | WARNING | REDUCE: Drawdown -23.2% exceeds soft limit -15.0%
2026-05-30 21:56:57 | risk_manager         | WARNING | REDUCE: Drawdown -23.4% exceeds soft limit -15.0%
2026-05-30 21:56:57 | risk_manager         | WARNING | REDUCE: Drawdown -23.4% exceeds soft limit -15.0%
2026-05-30 21:56:57 | risk_manager         | WARNING | REDUCE: Drawdown -23.6% exceeds soft limit -15.0%
2026-05-30 21:56:57 | risk_manager         | WARNING | REDUCE: Drawdown -23.5% exceeds soft limit -15.0%
2026-05-30 21:56:57 | risk_manager         | WARNING | REDUCE: Drawdown -23.5% exceeds soft limit -15.0%
2026-05-30 21:56:57 | risk_manager         | WARNING | REDUCE: Drawdown -23.4% exceeds soft limit -15.0%
2026-05-30 21:56:57 | risk_manager         | WARNING | REDUCE: Drawdown -23.2% exceeds soft limit -15.0%
2026-05-30 21:57:18 | risk_manager         | WARNING | REDUCE: Drawdown -23.3% exceeds soft limit -15.0%
2026-05-30 21:57:18 | risk_manager         | WARNING | REDUCE: Drawdown -23.3% exceeds soft limit -15.0%
2026-05-30 21:57:18 | risk_manager         | WARNING | REDUCE: Drawdown -23.2% exceeds soft limit -15.0%
2026-05-30 21:57:18 | risk_manager         | WARNING | REDUCE: Drawdown -23.1% exceeds soft limit -15.0%
2026-05-30 21:57:18 | risk_manager         | WARNING | REDUCE: Drawdown -23.1% exceeds soft limit -15.0%
2026-05-30 21:57:18 | risk_manager         | WARNING | REDUCE: Drawdown -23.2% exceeds soft limit -15.0%
2026-05-30 21:57:18 | risk_manager         | WARNING | REDUCE: Drawdown -23.1% exceeds soft limit -15.0%
2026-05-30 21:57:18 | risk_manager         | WARNING | REDUCE: Drawdown -22.9% exceeds soft limit -15.0%
2026-05-30 21:57:18 | risk_manager         | WARNING | REDUCE: Drawdown -22.9% exceeds soft limit -15.0%
2026-05-30 21:57:18 | risk_manager         | WARNING | REDUCE: Drawdown -22.9% exceeds soft limit -15.0%
2026-05-30 21:57:39 | risk_manager         | WARNING | REDUCE: Drawdown -23.1% exceeds soft limit -15.0%
2026-05-30 21:57:39 | risk_manager         | WARNING | REDUCE: Drawdown -22.9% exceeds soft limit -15.0%
2026-05-30 21:57:39 | risk_manager         | WARNING | REDUCE: Drawdown -22.8% exceeds soft limit -15.0%
2026-05-30 21:57:39 | risk_manager         | WARNING | REDUCE: Drawdown -22.5% exceeds soft limit -15.0%
2026-05-30 21:57:39 | risk_manager         | WARNING | REDUCE: Drawdown -23.0% exceeds soft limit -15.0%
2026-05-30 21:57:39 | risk_manager         | WARNING | REDUCE: Drawdown -22.9% exceeds soft limit -15.0%
2026-05-30 21:57:39 | risk_manager         | WARNING | REDUCE: Drawdown -22.6% exceeds soft limit -15.0%
2026-05-30 21:57:39 | risk_manager         | WARNING | REDUCE: Drawdown -22.4% exceeds soft limit -15.0%
2026-05-30 21:57:39 | risk_manager         | WARNING | REDUCE: Drawdown -22.3% exceeds soft limit -15.0%
2026-05-30 21:57:59 | risk_manager         | WARNING | REDUCE: Drawdown -22.6% exceeds soft limit -15.0%
2026-05-30 21:57:59 | risk_manager         | WARNING | REDUCE: Drawdown -22.7% exceeds soft limit -15.0%
2026-05-30 21:57:59 | risk_manager         | WARNING | REDUCE: Drawdown -22.2% exceeds soft limit -15.0%
2026-05-30 21:57:59 | risk_manager         | WARNING | REDUCE: Drawdown -22.3% exceeds soft limit -15.0%
2026-05-30 21:57:59 | risk_manager         | WARNING | REDUCE: Drawdown -22.5% exceeds soft limit -15.0%
2026-05-30 21:57:59 | risk_manager         | WARNING | REDUCE: Drawdown -22.5% exceeds soft limit -15.0%
2026-05-30 21:57:59 | risk_manager         | WARNING | REDUCE: Drawdown -22.6% exceeds soft limit -15.0%
2026-05-30 21:57:59 | risk_manager         | WARNING | REDUCE: Drawdown -22.5% exceeds soft limit -15.0%
2026-05-30 21:57:59 | risk_manager         | WARNING | REDUCE: Drawdown -22.9% exceeds soft limit -15.0%
2026-05-30 21:57:59 | risk_manager         | WARNING | REDUCE: Drawdown -23.0% exceeds soft limit -15.0%
2026-05-30 21:58:20 | risk_manager         | WARNING | REDUCE: Drawdown -23.2% exceeds soft limit -15.0%
2026-05-30 21:58:20 | risk_manager         | WARNING | REDUCE: Drawdown -23.5% exceeds soft limit -15.0%
2026-05-30 21:58:20 | risk_manager         | WARNING | REDUCE: Drawdown -23.9% exceeds soft limit -15.0%
2026-05-30 21:58:20 | risk_manager         | WARNING | REDUCE: Drawdown -23.8% exceeds soft limit -15.0%
2026-05-30 21:58:20 | risk_manager         | WARNING | REDUCE: Drawdown -23.8% exceeds soft limit -15.0%
2026-05-30 21:58:20 | risk_manager         | WARNING | REDUCE: Drawdown -23.6% exceeds soft limit -15.0%
2026-05-30 21:58:20 | risk_manager         | WARNING | REDUCE: Drawdown -23.6% exceeds soft limit -15.0%
2026-05-30 21:58:20 | risk_manager         | WARNING | REDUCE: Drawdown -23.7% exceeds soft limit -15.0%
2026-05-30 21:58:20 | risk_manager         | WARNING | REDUCE: Drawdown -23.6% exceeds soft limit -15.0%
2026-05-30 21:58:42 | risk_manager         | WARNING | REDUCE: Drawdown -24.1% exceeds soft limit -15.0%
2026-05-30 21:58:42 | risk_manager         | WARNING | REDUCE: Drawdown -24.2% exceeds soft limit -15.0%
2026-05-30 21:58:42 | risk_manager         | WARNING | REDUCE: Drawdown -23.9% exceeds soft limit -15.0%
2026-05-30 21:58:42 | risk_manager         | WARNING | REDUCE: Drawdown -24.7% exceeds soft limit -15.0%
2026-05-30 21:58:42 | risk_manager         | WARNING | LIQUIDATE: Drawdown -25.1% exceeds limit -25.0%
2026-05-30 22:15:44 | risk_manager         | WARNING | REDUCE: Drawdown -15.5% exceeds soft limit -15.0%
2026-05-30 22:15:44 | risk_manager         | WARNING | REDUCE: Drawdown -15.0% exceeds soft limit -15.0%
2026-05-30 22:15:44 | risk_manager         | WARNING | REDUCE: Drawdown -15.1% exceeds soft limit -15.0%
2026-05-30 22:15:51 | risk_manager         | WARNING | REDUCE: Drawdown -15.2% exceeds soft limit -15.0%
2026-05-30 22:16:00 | risk_manager         | WARNING | REDUCE: Drawdown -15.0% exceeds soft limit -15.0%
2026-05-30 22:19:33 | risk_manager         | WARNING | REDUCE: Drawdown -17.3% exceeds soft limit -15.0%
2026-05-30 22:19:33 | risk_manager         | WARNING | REDUCE: Drawdown -15.0% exceeds soft limit -15.0%
2026-05-30 22:19:48 | risk_manager         | WARNING | REDUCE: Drawdown -16.3% exceeds soft limit -15.0%
2026-05-30 22:19:48 | risk_manager         | WARNING | REDUCE: Drawdown -15.8% exceeds soft limit -15.0%
2026-05-30 22:19:48 | risk_manager         | WARNING | REDUCE: Drawdown -15.3% exceeds soft limit -15.0%
2026-05-30 22:20:02 | risk_manager         | WARNING | REDUCE: Drawdown -15.5% exceeds soft limit -15.0%
2026-05-30 22:20:16 | risk_manager         | WARNING | REDUCE: Drawdown -15.1% exceeds soft limit -15.0%
2026-05-30 22:27:31 | risk_manager         | WARNING | REDUCE: Drawdown -15.3% exceeds soft limit -15.0%
2026-05-30 22:31:56 | risk_manager         | WARNING | LIQUIDATE: Drawdown -25.2% exceeds limit -25.0%
2026-05-30 22:34:31 | risk_manager         | WARNING | HALT: Daily loss -5.0% exceeds limit. Halting until 2019-07-13
2026-05-30 22:46:16 | risk_manager         | WARNING | HALT: Daily loss -5.7% exceeds limit. Halting until 2021-04-17
2026-05-30 22:54:16 | risk_manager         | WARNING | REDUCE: Drawdown -15.2% exceeds soft limit -15.0%
2026-05-30 22:56:10 | risk_manager         | WARNING | REDUCE: Drawdown -15.0% exceeds soft limit -15.0%
2026-05-30 22:58:49 | risk_manager         | WARNING | REDUCE: Drawdown -15.3% exceeds soft limit -15.0%
2026-05-30 23:08:31 | risk_manager         | WARNING | HALT: Daily loss -3.2% exceeds limit. Halting until 2024-02-17
2026-05-30 23:11:32 | risk_manager         | WARNING | HALT: Daily loss -5.3% exceeds limit. Halting until 2024-06-09
2026-05-30 23:12:56 | risk_manager         | WARNING | REDUCE: Drawdown -15.2% exceeds soft limit -15.0%
2026-05-30 23:12:56 | risk_manager         | WARNING | REDUCE: Drawdown -15.4% exceeds soft limit -15.0%
2026-05-30 23:17:15 | risk_manager         | WARNING | LIQUIDATE: Drawdown -25.1% exceeds limit -25.0%
2026-05-30 23:20:28 | risk_manager         | WARNING | HALT: Daily loss -10.7% exceeds limit. Halting until 2026-06-02
2026-05-30 23:22:51 | risk_manager         | WARNING | REDUCE: Drawdown -17.3% exceeds soft limit -15.0%
2026-05-30 23:22:57 | risk_manager         | WARNING | REDUCE: Drawdown -16.8% exceeds soft limit -15.0%
2026-05-30 23:22:57 | risk_manager         | WARNING | REDUCE: Drawdown -15.2% exceeds soft limit -15.0%
2026-05-30 23:23:03 | risk_manager         | WARNING | REDUCE: Drawdown -15.0% exceeds soft limit -15.0%
2026-05-30 23:23:09 | risk_manager         | WARNING | REDUCE: Drawdown -15.1% exceeds soft limit -15.0%
2026-05-30 23:23:09 | risk_manager         | WARNING | REDUCE: Drawdown -15.0% exceeds soft limit -15.0%
2026-05-30 23:23:09 | risk_manager         | WARNING | REDUCE: Drawdown -15.3% exceeds soft limit -15.0%
2026-05-30 23:25:03 | risk_manager         | WARNING | LIQUIDATE: Drawdown -25.6% exceeds limit -25.0%
2026-05-30 23:30:09 | risk_manager         | WARNING | REDUCE: Drawdown -15.4% exceeds soft limit -15.0%
2026-05-30 23:33:07 | risk_manager         | WARNING | REDUCE: Drawdown -15.7% exceeds soft limit -15.0%
2026-05-30 23:33:21 | risk_manager         | WARNING | REDUCE: Drawdown -15.3% exceeds soft limit -15.0%
2026-05-30 23:33:21 | risk_manager         | WARNING | REDUCE: Drawdown -15.0% exceeds soft limit -15.0%
2026-05-30 23:34:46 | risk_manager         | WARNING | HALT: Daily loss -3.9% exceeds limit. Halting until 2021-04-17
2026-05-30 23:37:18 | risk_manager         | WARNING | HALT: Daily loss -3.4% exceeds limit. Halting until 2022-02-19
2026-05-30 23:38:06 | risk_manager         | WARNING | REDUCE: Drawdown -15.2% exceeds soft limit -15.0%
2026-05-30 23:40:03 | risk_manager         | WARNING | REDUCE: Drawdown -15.4% exceeds soft limit -15.0%
2026-05-30 23:47:11 | risk_manager         | WARNING | LIQUIDATE: Drawdown -26.2% exceeds limit -25.0%
2026-05-30 23:53:31 | risk_manager         | WARNING | HALT: Daily loss -3.5% exceeds limit. Halting until 2026-06-02
2026-05-30 23:54:21 | risk_manager         | WARNING | REDUCE: Drawdown -15.3% exceeds soft limit -15.0%
2026-05-30 23:55:53 | risk_manager         | WARNING | REDUCE: Drawdown -15.2% exceeds soft limit -15.0%
2026-05-30 23:57:25 | risk_manager         | WARNING | LIQUIDATE: Drawdown -25.0% exceeds limit -25.0%
2026-05-30 23:58:38 | risk_manager         | WARNING | REDUCE: Drawdown -15.4% exceeds soft limit -15.0%
2026-05-31 00:00:30 | risk_manager         | WARNING | REDUCE: Drawdown -15.8% exceeds soft limit -15.0%
2026-05-31 00:00:50 | risk_manager         | WARNING | REDUCE: Drawdown -15.1% exceeds soft limit -15.0%
2026-05-31 00:00:50 | risk_manager         | WARNING | REDUCE: Drawdown -15.1% exceeds soft limit -15.0%
2026-05-31 00:00:50 | risk_manager         | WARNING | REDUCE: Drawdown -15.2% exceeds soft limit -15.0%
2026-05-31 00:00:50 | risk_manager         | WARNING | REDUCE: Drawdown -15.0% exceeds soft limit -15.0%
2026-05-31 00:00:50 | risk_manager         | WARNING | REDUCE: Drawdown -15.2% exceeds soft limit -15.0%
2026-05-31 00:01:00 | risk_manager         | WARNING | REDUCE: Drawdown -15.2% exceeds soft limit -15.0%
2026-05-31 00:01:31 | risk_manager         | WARNING | REDUCE: Drawdown -15.1% exceeds soft limit -15.0%
2026-05-31 00:01:42 | risk_manager         | WARNING | REDUCE: Drawdown -16.8% exceeds soft limit -15.0%
2026-05-31 00:03:26 | risk_manager         | WARNING | LIQUIDATE: Drawdown -25.1% exceeds limit -25.0%
2026-05-31 00:08:15 | risk_manager         | WARNING | HALT: Daily loss -3.7% exceeds limit. Halting until 2021-04-17
2026-05-31 00:10:50 | risk_manager         | WARNING | HALT: Daily loss -3.2% exceeds limit. Halting until 2022-02-19
2026-05-31 00:11:56 | risk_manager         | WARNING | REDUCE: Drawdown -15.2% exceeds soft limit -15.0%
2026-05-31 00:12:45 | risk_manager         | WARNING | REDUCE: Drawdown -15.0% exceeds soft limit -15.0%
2026-05-31 00:19:10 | risk_manager         | WARNING | LIQUIDATE: Drawdown -25.6% exceeds limit -25.0%
2026-05-31 00:24:02 | risk_manager         | WARNING | REDUCE: Drawdown -15.0% exceeds soft limit -15.0%
2026-05-31 00:24:02 | risk_manager         | WARNING | REDUCE: Drawdown -15.0% exceeds soft limit -15.0%
2026-05-31 00:24:02 | risk_manager         | WARNING | REDUCE: Drawdown -15.1% exceeds soft limit -15.0%
2026-05-31 00:28:13 | risk_manager         | WARNING | REDUCE: Drawdown -15.6% exceeds soft limit -15.0%
2026-05-31 00:28:16 | risk_manager         | WARNING | REDUCE: Drawdown -15.9% exceeds soft limit -15.0%
2026-05-31 00:28:16 | risk_manager         | WARNING | REDUCE: Drawdown -15.2% exceeds soft limit -15.0%
2026-05-31 00:29:57 | risk_manager         | WARNING | LIQUIDATE: Drawdown -25.2% exceeds limit -25.0%
2026-05-31 00:31:13 | risk_manager         | WARNING | REDUCE: Drawdown -15.2% exceeds soft limit -15.0%
2026-05-31 00:31:20 | risk_manager         | WARNING | REDUCE: Drawdown -15.0% exceeds soft limit -15.0%
2026-05-31 00:31:20 | risk_manager         | WARNING | REDUCE: Drawdown -15.2% exceeds soft limit -15.0%
2026-05-31 00:31:20 | risk_manager         | WARNING | REDUCE: Drawdown -15.2% exceeds soft limit -15.0%
2026-05-31 00:31:57 | risk_manager         | WARNING | REDUCE: Drawdown -15.2% exceeds soft limit -15.0%
2026-05-31 00:34:05 | risk_manager         | WARNING | LIQUIDATE: Drawdown -25.3% exceeds limit -25.0%
2026-05-31 00:35:22 | risk_manager         | WARNING | HALT: Daily loss -3.0% exceeds limit. Halting until 2018-10-08
2026-05-31 00:36:14 | risk_manager         | WARNING | REDUCE: Drawdown -15.1% exceeds soft limit -15.0%
2026-05-31 00:36:14 | risk_manager         | WARNING | REDUCE: Drawdown -15.1% exceeds soft limit -15.0%
2026-05-31 00:36:36 | risk_manager         | WARNING | REDUCE: Drawdown -15.0% exceeds soft limit -15.0%
2026-05-31 00:38:33 | risk_manager         | WARNING | LIQUIDATE: Drawdown -25.1% exceeds limit -25.0%
2026-05-31 00:41:32 | risk_manager         | WARNING | HALT: Daily loss -3.1% exceeds limit. Halting until 2021-04-17
2026-05-31 00:43:58 | risk_manager         | WARNING | REDUCE: Drawdown -15.3% exceeds soft limit -15.0%
2026-05-31 00:48:18 | risk_manager         | WARNING | LIQUIDATE: Drawdown -25.1% exceeds limit -25.0%
2026-05-31 00:51:52 | risk_manager         | WARNING | HALT: Daily loss -4.0% exceeds limit. Halting until 2024-06-09
2026-05-31 00:53:08 | risk_manager         | WARNING | REDUCE: Drawdown -15.2% exceeds soft limit -15.0%
2026-05-31 00:59:04 | risk_manager         | WARNING | LIQUIDATE: Drawdown -25.1% exceeds limit -25.0%
2026-05-31 17:12:29 | risk_manager         | WARNING | HALT: Daily loss -7.2% exceeds limit. Halting until 2015-06-06
